{
"type": "FeatureCollection",
"name": "wijken-heemskerk",
"crs": { "type": "name", "properties": { "name": "urn:ogc:def:crs:EPSG::28992" } },
"features": [
{ "type": "Feature", "properties": { "fid": 1152, "jrstatcode": "2026WK039601", "wk_code": "WK039601", "wk_naam": "Wijk 01 Heemskerk-Dorp", "gm_code": "GM0396", "gm_naam": "Heemskerk", "water": "NEE", "jaar": "2026" }, "geometry": { "type": "MultiPolygon", "coordinates": [ [ [ [ 106451.117899999022484, 503108.66710003465414, 0.0 ], [ 106512.46339999884367, 503005.339600000530481, 0.0 ], [ 106518.108600001782179, 503008.709600012749434, 0.0 ], [ 106548.015299998223782, 503026.564300015568733, 0.0 ], [ 106548.064100004732609, 503026.593500018119812, 0.0 ], [ 106548.112100001424551, 503026.623800009489059, 0.0 ], [ 106548.207100000232458, 503026.686600018292665, 0.0 ], [ 106548.302000004798174, 503026.7493000254035, 0.0 ], [ 106548.349500000476837, 503026.780700016766787, 0.0 ], [ 106547.507500004023314, 503028.532400004565716, 0.0 ], [ 106595.608300004154444, 503057.528900031000376, 0.0 ], [ 106612.516600009053946, 503067.512299995869398, 0.0 ], [ 106640.988400008529425, 503019.768399998545647, 0.0 ], [ 106643.160900004208088, 503016.180200010538101, 0.0 ], [ 106678.318200003355742, 503037.248399995267391, 0.0 ], [ 106689.048799999058247, 503043.678700022399426, 0.0 ], [ 106708.170800004154444, 503055.137700010091066, 0.0 ], [ 106729.073100004345179, 503067.659400008618832, 0.0 ], [ 106738.588500004261732, 503073.367900006473064, 0.0 ], [ 106755.459600001573563, 503083.479200005531311, 0.0 ], [ 106776.772399999201298, 503096.252700015902519, 0.0 ], [ 106800.751400005072355, 503103.130800008773804, 0.0 ], [ 106802.715399999171495, 503099.856300015002489, 0.0 ], [ 106803.459300003945827, 503098.514500007033348, 0.0 ], [ 106818.017900001257658, 503074.27700001001358, 0.0 ], [ 106819.859900001436472, 503071.127100024372339, 0.0 ], [ 106823.205700002610683, 503065.435500003397465, 0.0 ], [ 106826.826400004327297, 503067.564000006765127, 0.0 ], [ 106827.738600000739098, 503066.012200027704239, 0.0 ], [ 106831.581900008022785, 503068.271499998867512, 0.0 ], [ 106833.129900004714727, 503065.680100001394749, 0.0 ], [ 106830.079900000244379, 503063.870100006461143, 0.0 ], [ 106838.599900003522635, 503049.560099996626377, 0.0 ], [ 106838.989900000393391, 503049.790100019425154, 0.0 ], [ 106845.464900001883507, 503038.898700010031462, 0.0 ], [ 106844.493900004774332, 503038.300100009888411, 0.0 ], [ 106846.776099998503923, 503034.49720000103116, 0.0 ], [ 106845.521299999207258, 503033.645600017160177, 0.0 ], [ 106865.719400003552437, 503000.3631999976933, 0.0 ], [ 106842.843900002539158, 502986.81360000744462, 0.0 ], [ 106841.354800004512072, 502989.316400017589331, 0.0 ], [ 106806.466500002890825, 502968.648100011050701, 0.0 ], [ 106800.034600004553795, 502965.432700004428625, 0.0 ], [ 106795.699400000274181, 502962.837100014090538, 0.0 ], [ 106780.957900002598763, 502954.042400021106005, 0.0 ], [ 106773.7212999984622, 502949.725099999457598, 0.0 ], [ 106755.954500000923872, 502939.125399995595217, 0.0 ], [ 106754.483200006186962, 502937.479600008577108, 0.0 ], [ 106749.938000001013279, 502934.871500011533499, 0.0 ], [ 106744.261700004339218, 502932.10190000385046, 0.0 ], [ 106708.948899999260902, 502911.002100020647049, 0.0 ], [ 106695.309900004416704, 502902.855100005865097, 0.0 ], [ 106662.709899999201298, 502883.462100014090538, 0.0 ], [ 106639.79390000551939, 502870.504100002348423, 0.0 ], [ 106636.585799999535084, 502868.704299997538328, 0.0 ], [ 106590.798500001430511, 502841.142700020223856, 0.0 ], [ 106589.177999999374151, 502839.383399996906519, 0.0 ], [ 106589.752300005406141, 502836.798600010573864, 0.0 ], [ 106621.279899999499321, 502784.596600010991096, 0.0 ], [ 106622.869899999350309, 502781.897599998861551, 0.0 ], [ 106644.038800001144409, 502746.363900002092123, 0.0 ], [ 106645.723000001162291, 502743.488600015640259, 0.0 ], [ 106648.737300008535385, 502738.42160002887249, 0.0 ], [ 106650.359100002795458, 502735.705699998885393, 0.0 ], [ 106671.67170000448823, 502699.988000016659498, 0.0 ], [ 106673.278799999505281, 502697.280100002884865, 0.0 ], [ 106676.345300003886223, 502692.134799998253584, 0.0 ], [ 106677.957600008696318, 502689.436400014907122, 0.0 ], [ 106686.901200011372566, 502674.437100008130074, 0.0 ], [ 106706.037099998444319, 502642.436600033193827, 0.0 ], [ 106695.083800006657839, 502635.751200009137392, 0.0 ], [ 106695.021200004965067, 502635.71390001103282, 0.0 ], [ 106694.967100001871586, 502635.681600000709295, 0.0 ], [ 106694.855900008231401, 502635.603900019079447, 0.0 ], [ 106694.744600005447865, 502635.526200000196695, 0.0 ], [ 106694.63340001180768, 502635.448500007390976, 0.0 ], [ 106694.578400004655123, 502635.409200001507998, 0.0 ], [ 106694.528099998831749, 502635.364100001752377, 0.0 ], [ 106694.22520000115037, 502635.091900009661913, 0.0 ], [ 106694.175900001078844, 502635.045900002121925, 0.0 ], [ 106694.131700001657009, 502634.994800020009279, 0.0 ], [ 106694.04280000180006, 502634.892100002616644, 0.0 ], [ 106693.954000003635883, 502634.789400026202202, 0.0 ], [ 106693.865300003439188, 502634.687000002712011, 0.0 ], [ 106693.790600001811981, 502634.573900002986193, 0.0 ], [ 106693.715700004249811, 502634.46059999987483, 0.0 ], [ 106693.640900000929832, 502634.34739999845624, 0.0 ], [ 106693.604400001466274, 502634.290499996393919, 0.0 ], [ 106693.574400003999472, 502634.229900013655424, 0.0 ], [ 106693.394100002944469, 502633.864900015294552, 0.0 ], [ 106693.36540000885725, 502633.803900022059679, 0.0 ], [ 106693.343299999833107, 502633.7398999966681, 0.0 ], [ 106693.254399999976158, 502633.483399994671345, 0.0 ], [ 106693.210100013762712, 502633.355400025844574, 0.0 ], [ 106693.178100001066923, 502633.22350000590086, 0.0 ], [ 106693.146900001913309, 502633.09510001167655, 0.0 ], [ 106694.302400000393391, 502630.783900000154972, 0.0 ], [ 106704.597899999469519, 502613.687500018626451, 0.0 ], [ 106703.725400004535913, 502613.155700005590916, 0.0 ], [ 106727.182799998670816, 502573.778299994766712, 0.0 ], [ 106698.479900002479553, 502554.960100010037422, 0.0 ], [ 106673.814899999648333, 502540.148399997502565, 0.0 ], [ 106667.359400015324354, 502539.763100020587444, 0.0 ], [ 106663.792000003159046, 502538.130500014871359, 0.0 ], [ 106641.140600003302097, 502523.944100018590689, 0.0 ], [ 106628.477000009268522, 502518.02760000154376, 0.0 ], [ 106621.879800003021955, 502516.02250000461936, 0.0 ], [ 106616.302700001746416, 502512.538999997079372, 0.0 ], [ 106610.738099999725819, 502508.478700004518032, 0.0 ], [ 106604.563299998641014, 502505.443199995905161, 0.0 ], [ 106592.991400003433228, 502500.866300016641617, 0.0 ], [ 106590.997300002723932, 502500.000100012868643, 0.0 ], [ 106577.287900015711784, 502494.04500000923872, 0.0 ], [ 106555.765900004655123, 502482.757400028407574, 0.0 ], [ 106553.353799998760223, 502481.994400016963482, 0.0 ], [ 106549.860400006175041, 502480.004699997603893, 0.0 ], [ 106548.074200000613928, 502478.399500008672476, 0.0 ], [ 106546.695500001311302, 502480.874200027436018, 0.0 ], [ 106531.328000001609325, 502472.312400005757809, 0.0 ], [ 106466.977899998426437, 502434.361000023782253, 0.0 ], [ 106444.53380000218749, 502415.11030000820756, 0.0 ], [ 106444.204100005328655, 502414.770700003951788, 0.0 ], [ 106443.886000003665686, 502414.420100003480911, 0.0 ], [ 106443.579800009727478, 502414.05910000577569, 0.0 ], [ 106443.28600000217557, 502413.68800000846386, 0.0 ], [ 106433.636100001633167, 502426.551200017333031, 0.0 ], [ 106433.235200002789497, 502426.306200008839369, 0.0 ], [ 106432.8260000012815, 502426.075000010430813, 0.0 ], [ 106432.409200001507998, 502425.858000006526709, 0.0 ], [ 106431.985199999064207, 502425.655500028282404, 0.0 ], [ 106431.554400004446507, 502425.46780001744628, 0.0 ], [ 106431.117400009185076, 502425.295000016689301, 0.0 ], [ 106430.674699999392033, 502425.137300003319979, 0.0 ], [ 106430.22690000012517, 502424.995000012218952, 0.0 ], [ 106429.774399999529123, 502424.868200019001961, 0.0 ], [ 106429.317800004035234, 502424.757100000977516, 0.0 ], [ 106428.857599999755621, 502424.661800000816584, 0.0 ], [ 106428.394500005990267, 502424.582400009036064, 0.0 ], [ 106427.928800005465746, 502424.518999997526407, 0.0 ], [ 106427.461300000548363, 502424.471600010991096, 0.0 ], [ 106426.992400001734495, 502424.440399996936321, 0.0 ], [ 106426.522800002247095, 502424.425400026142597, 0.0 ], [ 106426.05290000513196, 502424.426600027829409, 0.0 ], [ 106425.583299998193979, 502424.443900015205145, 0.0 ], [ 106425.114500001072884, 502424.477500021457672, 0.0 ], [ 106424.647300004959106, 502424.527100019156933, 0.0 ], [ 106424.182000000029802, 502424.59280001744628, 0.0 ], [ 106423.719200000166893, 502424.67450001463294, 0.0 ], [ 106423.259500008076429, 502424.772100016474724, 0.0 ], [ 106422.80350000038743, 502424.885400004684925, 0.0 ], [ 106422.351600002497435, 502425.014400023967028, 0.0 ], [ 106421.904500003904104, 502425.158900000154972, 0.0 ], [ 106421.462700001895428, 502425.318799998611212, 0.0 ], [ 106421.026600003242493, 502425.493699997663498, 0.0 ], [ 106420.596700005233288, 502425.683600023388863, 0.0 ], [ 106417.4222999997437, 502427.371000003069639, 0.0 ], [ 106381.024600010365248, 502446.90870001539588, 0.0 ], [ 106380.172200005501509, 502447.382000017911196, 0.0 ], [ 106365.901399999856949, 502454.777000021189451, 0.0 ], [ 106330.018900003284216, 502473.992800008505583, 0.0 ], [ 106326.416999999433756, 502476.034000001847744, 0.0 ], [ 106311.679999999701977, 502486.610100001096725, 0.0 ], [ 106317.487399999052286, 502500.000100012868643, 0.0 ], [ 106318.651900004595518, 502502.685000021010637, 0.0 ], [ 106317.966000001877546, 502504.882100000977516, 0.0 ], [ 106321.148800000548363, 502514.258500028401613, 0.0 ], [ 106324.064400002360344, 502523.721400007605553, 0.0 ], [ 106326.71050001308322, 502533.263000030070543, 0.0 ], [ 106329.08500000089407, 502542.876000013202429, 0.0 ], [ 106332.265300001949072, 502558.253700006753206, 0.0 ], [ 106332.513999998569489, 502559.456000011414289, 0.0 ], [ 106332.108899999409914, 502561.589000001549721, 0.0 ], [ 106331.273800000548363, 502561.912000022828579, 0.0 ], [ 106330.450300004333258, 502562.264100022614002, 0.0 ], [ 106329.639699999243021, 502562.64460001885891, 0.0 ], [ 106328.842800006270409, 502563.053300034254789, 0.0 ], [ 106328.060700003057718, 502563.489500015974045, 0.0 ], [ 106327.294300001114607, 502563.952800020575523, 0.0 ], [ 106326.54450000077486, 502564.442500002682209, 0.0 ], [ 106325.812400002032518, 502564.958200007677078, 0.0 ], [ 106325.098600003868341, 502565.499100014567375, 0.0 ], [ 106324.404200002551079, 502566.064600013196468, 0.0 ], [ 106323.730000000447035, 502566.654000017791986, 0.0 ], [ 106320.385000001639128, 502569.504999998956919, 0.0 ], [ 106318.544000003486872, 502572.105999998748302, 0.0 ], [ 106317.537800002843142, 502572.933800004422665, 0.0 ], [ 106316.560600005090237, 502573.795700013637543, 0.0 ], [ 106315.613699998706579, 502574.690600007772446, 0.0 ], [ 106314.698100000619888, 502575.617700014263391, 0.0 ], [ 106313.815000005066395, 502576.575599998235703, 0.0 ], [ 106312.965300004929304, 502577.563400004059076, 0.0 ], [ 106312.150100000202656, 502578.579800013452768, 0.0 ], [ 106311.370299998670816, 502579.623599998652935, 0.0 ], [ 106310.626899998635054, 502580.69370000064373, 0.0 ], [ 106295.1739999987185, 502601.899000015109777, 0.0 ], [ 106289.590999998152256, 502612.30900002643466, 0.0 ], [ 106270.662999998778105, 502652.82200001552701, 0.0 ], [ 106263.543900012969971, 502668.128999996930361, 0.0 ], [ 106261.910900004208088, 502669.353100016713142, 0.0 ], [ 106260.332899998873472, 502669.397100016474724, 0.0 ], [ 106257.826999999582767, 502668.581000011414289, 0.0 ], [ 106256.881000000983477, 502670.328000020235777, 0.0 ], [ 106253.872000001370907, 502675.518000014126301, 0.0 ], [ 106253.519400004297495, 502676.304500017315149, 0.0 ], [ 106249.890700004994869, 502682.710800003260374, 0.0 ], [ 106241.296000003814697, 502697.884400006383657, 0.0 ], [ 106239.947300001978874, 502697.154600013047457, 0.0 ], [ 106233.264500007033348, 502709.501300025731325, 0.0 ], [ 106215.414300002157688, 502731.752600010484457, 0.0 ], [ 106195.674899999052286, 502720.492100011557341, 0.0 ], [ 106185.2516999989748, 502714.545999996364117, 0.0 ], [ 106183.458400007337332, 502717.710200004279613, 0.0 ], [ 106182.542399998754263, 502719.315300017595291, 0.0 ], [ 106179.012099999934435, 502716.946200005710125, 0.0 ], [ 106148.122700002044439, 502771.265900030732155, 0.0 ], [ 106144.934600003063679, 502776.87210002169013, 0.0 ], [ 106126.137200001627207, 502765.414800006896257, 0.0 ], [ 106085.133200004696846, 502837.885700006037951, 0.0 ], [ 106077.535500001162291, 502833.56970002874732, 0.0 ], [ 106075.559700012207031, 502837.527499996125698, 0.0 ], [ 106081.88120000436902, 502848.840499997138977, 0.0 ], [ 106091.137400005012751, 502865.47850002348423, 0.0 ], [ 106099.259900003671646, 502880.04050000756979, 0.0 ], [ 106106.787900004535913, 502893.510000001639128, 0.0 ], [ 106113.005500014871359, 502904.635000012814999, 0.0 ], [ 106119.972800001502037, 502916.429100017994642, 0.0 ], [ 106124.896700002253056, 502924.226500004529953, 0.0 ], [ 106131.989600002765656, 502934.805300001055002, 0.0 ], [ 106135.560600001364946, 502939.940400000661612, 0.0 ], [ 106136.782000005245209, 502941.622000005096197, 0.0 ], [ 106139.085600003600121, 502944.787800025194883, 0.0 ], [ 106144.313700001686811, 502952.004600014537573, 0.0 ], [ 106157.165600005537271, 502966.791799999773502, 0.0 ], [ 106170.731600001454353, 502981.418800007551908, 0.0 ], [ 106182.856600005179644, 502994.49820002913475, 0.0 ], [ 106188.021800003945827, 503000.000100031495094, 0.0 ], [ 106196.183499999344349, 503008.857099995017052, 0.0 ], [ 106202.460799999535084, 503000.634800001978874, 0.0 ], [ 106204.019900005310774, 503001.825100012123585, 0.0 ], [ 106206.822800002992153, 503003.767299998551607, 0.0 ], [ 106211.495900005102158, 503006.744100015610456, 0.0 ], [ 106212.620900005102158, 503007.542100001126528, 0.0 ], [ 106215.310100004076958, 503009.248700030148029, 0.0 ], [ 106215.982700001448393, 503009.762400016188622, 0.0 ], [ 106220.024500004947186, 503012.824199996888638, 0.0 ], [ 106215.756099998950958, 503018.459000006318092, 0.0 ], [ 106216.325000002980232, 503030.902100004255772, 0.0 ], [ 106239.060499999672174, 503055.308000016957521, 0.0 ], [ 106241.063900008797646, 503057.46610002219677, 0.0 ], [ 106243.746200002729893, 503060.463300034403801, 0.0 ], [ 106246.47520000487566, 503063.406700026243925, 0.0 ], [ 106249.305599998682737, 503066.252800010144711, 0.0 ], [ 106252.233900003135204, 503068.998100008815527, 0.0 ], [ 106255.256599999964237, 503071.639100033789873, 0.0 ], [ 106257.653599999845028, 503073.605700016021729, 0.0 ], [ 106260.102900002151728, 503075.506800018250942, 0.0 ], [ 106263.138900004327297, 503077.926399998366833, 0.0 ], [ 106272.232400000095367, 503084.436000019311905, 0.0 ], [ 106302.895899999886751, 503102.555100008845329, 0.0 ], [ 106312.075899999588728, 503108.205100007355213, 0.0 ], [ 106336.881900016218424, 503122.915100026875734, 0.0 ], [ 106341.581900000572205, 503125.672100014984608, 0.0 ], [ 106350.641900006681681, 503131.099100008606911, 0.0 ], [ 106353.429900001734495, 503132.678100012242794, 0.0 ], [ 106388.09740000218153, 503153.404400020837784, 0.0 ], [ 106390.758200000971556, 503154.995200011879206, 0.0 ], [ 106400.606699999421835, 503160.883199997246265, 0.0 ], [ 106413.265900000929832, 503139.6041000187397, 0.0 ], [ 106438.457899998873472, 503129.989999994635582, 0.0 ], [ 106451.117899999022484, 503108.66710003465414, 0.0 ] ] ] ] } },
{ "type": "Feature", "properties": { "fid": 1153, "jrstatcode": "2026WK039602", "wk_code": "WK039602", "wk_naam": "Wijk 02 Commandeurs en Marquette", "gm_code": "GM0396", "gm_naam": "Heemskerk", "water": "NEE", "jaar": "2026" }, "geometry": { "type": "MultiPolygon", "coordinates": [ [ [ [ 105999.999900002032518, 504271.782100033015013, 0.0 ], [ 106034.535900015383959, 504240.363099996000528, 0.0 ], [ 106044.158900000154972, 504244.684100013226271, 0.0 ], [ 106046.595900002866983, 504247.121100023388863, 0.0 ], [ 106050.048900000751019, 504251.589100010693073, 0.0 ], [ 106060.405900001525879, 504266.009099997580051, 0.0 ], [ 106066.019900001585484, 504272.692100003361702, 0.0 ], [ 106071.096900004893541, 504276.573100000619888, 0.0 ], [ 106080.118900001049042, 504281.413100033998489, 0.0 ], [ 106091.121899999678135, 504285.504100017249584, 0.0 ], [ 106099.541900001466274, 504288.04610001668334, 0.0 ], [ 106110.505900006741285, 504290.938100032508373, 0.0 ], [ 106118.312900003045797, 504295.748100001364946, 0.0 ], [ 106130.832900002598763, 504305.202100034803152, 0.0 ], [ 106141.11090000346303, 504313.976100012660027, 0.0 ], [ 106147.464899998158216, 504317.437100000679493, 0.0 ], [ 106150.874899998307228, 504319.54610001668334, 0.0 ], [ 106153.514899998903275, 504322.592100024223328, 0.0 ], [ 106164.210900004953146, 504334.079100001603365, 0.0 ], [ 106166.993900001049042, 504331.17510000616312, 0.0 ], [ 106170.866900000721216, 504330.570099998265505, 0.0 ], [ 106175.706900000572205, 504330.690100029110909, 0.0 ], [ 106183.814900003373623, 504330.812100000679493, 0.0 ], [ 106191.923000004142523, 504330.690000016242266, 0.0 ], [ 106195.674000009894371, 504329.602000024169683, 0.0 ], [ 106199.667900007218122, 504327.302100013941526, 0.0 ], [ 106202.934900000691414, 504324.156100001186132, 0.0 ], [ 106205.354899998754263, 504319.557100016623735, 0.0 ], [ 106209.348900005221367, 504310.723100002855062, 0.0 ], [ 106212.495000001043081, 504302.253100015223026, 0.0 ], [ 106216.488000001758337, 504289.546100009232759, 0.0 ], [ 106219.072000004351139, 504282.359099999070168, 0.0 ], [ 106221.597899999469519, 504284.399100031703711, 0.0 ], [ 106226.136900000274181, 504288.066100001335144, 0.0 ], [ 106242.162900008261204, 504299.850100018084049, 0.0 ], [ 106257.71790000423789, 504311.634100008755922, 0.0 ], [ 106280.905900005251169, 504328.044100005179644, 0.0 ], [ 106288.356899999082088, 504333.317100010812283, 0.0 ], [ 106293.483899999409914, 504324.033100005239248, 0.0 ], [ 106297.557900000363588, 504317.490100014954805, 0.0 ], [ 106301.755899999290705, 504311.316100027412176, 0.0 ], [ 106304.348900001496077, 504307.118100006133318, 0.0 ], [ 106307.558899998664856, 504301.80910000577569, 0.0 ], [ 106310.521900005638599, 504295.389100015163422, 0.0 ], [ 106313.237900003790855, 504289.339100003242493, 0.0 ], [ 106316.324900005012751, 504282.548100028187037, 0.0 ], [ 106321.140000004321337, 504269.461099997162819, 0.0 ], [ 106325.381900001317263, 504262.091099996119738, 0.0 ], [ 106326.862900000065565, 504259.622100006788969, 0.0 ], [ 106328.714900001883507, 504258.387100007385015, 0.0 ], [ 106330.444000001996756, 504257.89299999922514, 0.0 ], [ 106332.419900000095367, 504258.881099998950958, 0.0 ], [ 106335.505900003015995, 504262.091099996119738, 0.0 ], [ 106338.345900002866983, 504265.178099997341633, 0.0 ], [ 106341.061900001019239, 504267.647100012749434, 0.0 ], [ 106342.790899999439716, 504267.647100012749434, 0.0 ], [ 106344.271899998188019, 504266.042100001126528, 0.0 ], [ 106348.963900003582239, 504262.091099996119738, 0.0 ], [ 106354.272900003939867, 504257.523100003600121, 0.0 ], [ 106358.841899998486042, 504253.078100007027388, 0.0 ], [ 106362.792900003492832, 504249.127100002020597, 0.0 ], [ 106369.212900005280972, 504244.312100023031235, 0.0 ], [ 106375.509900003671646, 504240.60810000449419, 0.0 ], [ 106383.658900000154972, 504236.286100003868341, 0.0 ], [ 106392.91890000551939, 504232.088000010699034, 0.0 ], [ 106401.312899999320507, 504227.924999997019768, 0.0 ], [ 106410.548900004476309, 504222.427100025117397, 0.0 ], [ 106416.706900004297495, 504217.369100015610456, 0.0 ], [ 106421.54390000551939, 504212.532100014388561, 0.0 ], [ 106429.240900002419949, 504204.395100008696318, 0.0 ], [ 106432.759899999946356, 504197.3581000007689, 0.0 ], [ 106437.377900000661612, 504192.30010000616312, 0.0 ], [ 106445.073900002986193, 504190.981100022792816, 0.0 ], [ 106451.671000000089407, 504188.342000003904104, 0.0 ], [ 106459.148000001907349, 504176.687000006437302, 0.0 ], [ 106463.295900002121925, 504171.417100008577108, 0.0 ], [ 106467.283900000154972, 504166.352100022137165, 0.0 ], [ 106472.178400002419949, 504164.281200021505356, 0.0 ], [ 106448.956599999219179, 504131.862900011241436, 0.0 ], [ 106479.459900002926588, 504121.516000002622604, 0.0 ], [ 106499.999899998307228, 504114.49600001424551, 0.0 ], [ 106510.675900001078844, 504110.848000004887581, 0.0 ], [ 106527.959900006651878, 504105.424000013619661, 0.0 ], [ 106530.897000003606081, 504104.195999994874001, 0.0 ], [ 106534.644000004976988, 504101.466000001877546, 0.0 ], [ 106540.492900002747774, 504095.528099995106459, 0.0 ], [ 106550.880900003015995, 504085.375099997967482, 0.0 ], [ 106568.348900005221367, 504068.324099998921156, 0.0 ], [ 106590.523899998515844, 504045.379100017249584, 0.0 ], [ 106611.068900000303984, 504025.219099998474121, 0.0 ], [ 106624.749900002032518, 504010.971100032329559, 0.0 ], [ 106635.971900001168251, 504000.000100012868643, 0.0 ], [ 106640.397900007665157, 503995.673099998384714, 0.0 ], [ 106657.659499999135733, 503978.392700005322695, 0.0 ], [ 106646.663899999111891, 503967.082100007683039, 0.0 ], [ 106630.894900009036064, 503951.31410002335906, 0.0 ], [ 106617.973900005221367, 503937.5861000046134, 0.0 ], [ 106607.403299998492002, 503926.720300011336803, 0.0 ], [ 106607.015900008380413, 503926.322100002318621, 0.0 ], [ 106602.542900003492832, 503922.278099998831749, 0.0 ], [ 106593.151900004595518, 503903.632100000977516, 0.0 ], [ 106587.738900002092123, 503898.170100033283234, 0.0 ], [ 106584.102900005877018, 503895.021100029349327, 0.0 ], [ 106578.82490000128746, 503890.070100009441376, 0.0 ], [ 106575.813900005072355, 503886.5061000213027, 0.0 ], [ 106573.30290000513196, 503882.115099996328354, 0.0 ], [ 106570.0929000005126, 503874.847100008279085, 0.0 ], [ 106567.011900003999472, 503868.508100021630526, 0.0 ], [ 106564.473900005221367, 503863.565100014209747, 0.0 ], [ 106563.955899998545647, 503862.736100021749735, 0.0 ], [ 106562.974900007247925, 503861.164099998772144, 0.0 ], [ 106562.079900003969669, 503859.731100022792816, 0.0 ], [ 106558.054900001734495, 503852.80510001629591, 0.0 ], [ 106555.252900004386902, 503847.221100009977818, 0.0 ], [ 106552.861000001430511, 503841.717000007629395, 0.0 ], [ 106550.765999998897314, 503835.219999998807907, 0.0 ], [ 106547.185000006109476, 503822.210100013762712, 0.0 ], [ 106543.737000003457069, 503811.208099998533726, 0.0 ], [ 106540.917900003492832, 503804.993100017309189, 0.0 ], [ 106533.750900000333786, 503791.737100023776293, 0.0 ], [ 106522.750900000333786, 503773.47010001540184, 0.0 ], [ 106515.124900005757809, 503760.248100019991398, 0.0 ], [ 106511.861900001764297, 503754.901100017130375, 0.0 ], [ 106503.236000001430511, 503741.999800018966198, 0.0 ], [ 106498.434700004756451, 503740.100100006908178, 0.0 ], [ 106477.15990000218153, 503735.700100034475327, 0.0 ], [ 106448.899900004267693, 503726.170099996030331, 0.0 ], [ 106439.929900001734495, 503720.730099994689226, 0.0 ], [ 106432.979900002479553, 503714.280100002884865, 0.0 ], [ 106428.959899999201298, 503709.43010002374649, 0.0 ], [ 106417.239900000393391, 503695.040100034326315, 0.0 ], [ 106412.209900002926588, 503689.280100002884865, 0.0 ], [ 106402.649900000542402, 503679.340100012719631, 0.0 ], [ 106394.129900004714727, 503672.210100002586842, 0.0 ], [ 106385.229899998754263, 503665.810100007802248, 0.0 ], [ 106362.539900004863739, 503651.230100005865097, 0.0 ], [ 106320.599900003522635, 503621.740100000053644, 0.0 ], [ 106319.222300004214048, 503620.69920003041625, 0.0 ], [ 106308.60700000077486, 503613.405400011688471, 0.0 ], [ 106291.22350000590086, 503602.401000019162893, 0.0 ], [ 106287.389000002294779, 503596.860800035297871, 0.0 ], [ 106284.401900004595518, 503593.881100013852119, 0.0 ], [ 106277.8243000023067, 503590.809500008821487, 0.0 ], [ 106271.470400001853704, 503588.32600000873208, 0.0 ], [ 106221.8136, 503569.089399997144938, 0.0 ], [ 106216.916500002145767, 503567.06580001115799, 0.0 ], [ 106211.607300002127886, 503563.685300018638372, 0.0 ], [ 106207.570000000298023, 503560.424100007861853, 0.0 ], [ 106204.682199999690056, 503556.725400011986494, 0.0 ], [ 106202.591100003570318, 503553.38120000436902, 0.0 ], [ 106171.768899999558926, 503500.000100009143353, 0.0 ], [ 106154.875500004738569, 503470.742300011217594, 0.0 ], [ 106144.999800000339746, 503452.672100014984608, 0.0 ], [ 106144.020199999213219, 503435.747900009155273, 0.0 ], [ 106162.3530000038445, 503412.377800017595291, 0.0 ], [ 106088.635899998247623, 503356.307100035250187, 0.0 ], [ 106038.767900016158819, 503318.37610000371933, 0.0 ], [ 106011.5422000028193, 503297.789500005543232, 0.0 ], [ 106006.156300000846386, 503293.696600005030632, 0.0 ], [ 106000.00000000372529, 503301.79950001090765, 0.0 ], [ 105993.86600000038743, 503309.872999999672174, 0.0 ], [ 105940.560900002717972, 503269.838100008666515, 0.0 ], [ 105962.855900004506111, 503240.359099999070168, 0.0 ], [ 105999.627300001680851, 503268.218300003558397, 0.0 ], [ 105999.874699998646975, 503267.894500002264977, 0.0 ], [ 106000.631900001317263, 503268.486099995672703, 0.0 ], [ 106017.637600004673004, 503245.201500009745359, 0.0 ], [ 105999.999900002032518, 503232.788100015372038, 0.0 ], [ 105970.497900001704693, 503212.024099998176098, 0.0 ], [ 105927.746900003403425, 503188.540100015699863, 0.0 ], [ 105885.197900004684925, 503165.166100010275841, 0.0 ], [ 105877.134900007396936, 503160.759100016206503, 0.0 ], [ 105831.59290000423789, 503130.183100014925003, 0.0 ], [ 105781.255499999970198, 503082.489700015634298, 0.0 ], [ 105776.815500002354383, 503086.004700012505054, 0.0 ], [ 105772.49040000140667, 503089.660300020128489, 0.0 ], [ 105768.284700002521276, 503093.4527000002563, 0.0 ], [ 105764.202800005674362, 503097.378000017255545, 0.0 ], [ 105760.2489, 503101.432100009173155, 0.0 ], [ 105756.427000008523464, 503105.611000012606382, 0.0 ], [ 105726.388199999928474, 503140.785100005567074, 0.0 ], [ 105714.488899998366833, 503130.623100034892559, 0.0 ], [ 105701.732900001108646, 503123.080099999904633, 0.0 ], [ 105696.325900003314018, 503119.806100033223629, 0.0 ], [ 105704.289799999445677, 503106.653800003230572, 0.0 ], [ 105707.850499998778105, 503100.773300006985664, 0.0 ], [ 105715.442900002002716, 503085.913000006228685, 0.0 ], [ 105713.450000002980232, 503080.595100019127131, 0.0 ], [ 105711.853900004178286, 503077.7820999994874, 0.0 ], [ 105709.749900002032518, 503076.112100020051003, 0.0 ], [ 105696.561900001019239, 503068.529100015759468, 0.0 ], [ 105609.884200002998114, 503019.451600033789873, 0.0 ], [ 105611.670900002121925, 503016.113100029528141, 0.0 ], [ 105603.066900003701448, 503011.293100006878376, 0.0 ], [ 105594.456300001591444, 503006.469400003552437, 0.0 ], [ 105598.08050000295043, 503000.000100031495094, 0.0 ], [ 105616.970899999141693, 502966.804100017994642, 0.0 ], [ 105634.556099999696016, 502935.863900020718575, 0.0 ], [ 105627.098900005221367, 502930.676100015640259, 0.0 ], [ 105625.097899999469519, 502929.535100009292364, 0.0 ], [ 105624.358899999409914, 502929.228100024163723, 0.0 ], [ 105618.905900001525879, 502926.089100033044815, 0.0 ], [ 105613.838500000536442, 502923.170900017023087, 0.0 ], [ 105617.146899998188019, 502917.455100003629923, 0.0 ], [ 105616.654500003904104, 502917.182299997657537, 0.0 ], [ 105621.783900000154972, 502908.142100010067225, 0.0 ], [ 105622.257900007069111, 502907.469100002199411, 0.0 ], [ 105623.820900000631809, 502904.728100012987852, 0.0 ], [ 105624.746900003403425, 502902.917100019752979, 0.0 ], [ 105629.528900001198053, 502894.534099996089935, 0.0 ], [ 105630.069899998605251, 502893.881100013852119, 0.0 ], [ 105631.424900002777576, 502891.408100008964539, 0.0 ], [ 105631.720000002533197, 502890.641100019216537, 0.0 ], [ 105636.508900005370378, 502882.246100001037121, 0.0 ], [ 105643.703900001943111, 502871.550100028514862, 0.0 ], [ 105647.142900008708239, 502865.486100018024445, 0.0 ], [ 105641.365899998694658, 502862.253100004047155, 0.0 ], [ 105635.838900003582239, 502859.16210001707077, 0.0 ], [ 105631.139900002628565, 502856.535500001162291, 0.0 ], [ 105629.827899999916553, 502855.802100002765656, 0.0 ], [ 105616.833900008350611, 502848.409099996089935, 0.0 ], [ 105615.677900012582541, 502850.434900023043156, 0.0 ], [ 105601.327200002968311, 502842.253599997609854, 0.0 ], [ 105640.749900002032518, 502772.880100011825562, 0.0 ], [ 105658.867900002747774, 502750.391100019216537, 0.0 ], [ 105673.816399998962879, 502723.989200010895729, 0.0 ], [ 105673.8851000033319, 502723.868400000035763, 0.0 ], [ 105673.949800003319979, 502723.745100013911724, 0.0 ], [ 105674.079199999570847, 502723.498700022697449, 0.0 ], [ 105674.140800006687641, 502723.376300014555454, 0.0 ], [ 105674.198300004005432, 502723.247500002384186, 0.0 ], [ 105674.311599999666214, 502722.993299998342991, 0.0 ], [ 105674.365200001746416, 502722.866300012916327, 0.0 ], [ 105674.413400001823902, 502722.7347999997437, 0.0 ], [ 105674.509100005030632, 502722.473400000482798, 0.0 ], [ 105674.553800001740456, 502722.343300007283688, 0.0 ], [ 105674.59290000423789, 502722.208500009030104, 0.0 ], [ 105674.670400004833937, 502721.941200014203787, 0.0 ], [ 105674.706399999558926, 502721.807000003755093, 0.0 ], [ 105674.735800001770258, 502721.671100005507469, 0.0 ], [ 105674.794700004160404, 502721.399000015109777, 0.0 ], [ 105674.821199998259544, 502721.263300009071827, 0.0 ], [ 105674.841299999505281, 502721.125100009143353, 0.0 ], [ 105674.881300002336502, 502720.849700007587671, 0.0 ], [ 105674.898500002920628, 502720.712000019848347, 0.0 ], [ 105674.909000005573034, 502720.573200006037951, 0.0 ], [ 105674.929900005459785, 502720.295700006186962, 0.0 ], [ 105674.937600009143353, 502720.157100010663271, 0.0 ], [ 105674.938499998301268, 502720.01800000295043, 0.0 ], [ 105674.940200004726648, 502719.739700011909008, 0.0 ], [ 105674.938300006091595, 502719.600800022482872, 0.0 ], [ 105674.929600011557341, 502719.461900018155575, 0.0 ], [ 105674.912200003862381, 502719.184099998325109, 0.0 ], [ 105674.900700006633997, 502719.045699995011091, 0.0 ], [ 105674.882500004023314, 502718.907900031656027, 0.0 ], [ 105674.846000004559755, 502718.631900001317263, 0.0 ], [ 105674.825000002980232, 502718.494600024074316, 0.0 ], [ 105673.9459000043571, 502715.28310003131628, 0.0 ], [ 105673.876600001007318, 502715.049800008535385, 0.0 ], [ 105673.843899998813868, 502714.935400005429983, 0.0 ], [ 105673.814900003373623, 502714.81470001116395, 0.0 ], [ 105673.758099999278784, 502714.57820001989603, 0.0 ], [ 105673.732100002467632, 502714.460600033402443, 0.0 ], [ 105673.711400002241135, 502714.339799996465445, 0.0 ], [ 105673.670300003141165, 502714.100000005215406, 0.0 ], [ 105673.652199998497963, 502713.980999998748302, 0.0 ], [ 105673.63960000872612, 502713.859100002795458, 0.0 ], [ 105673.614700000733137, 502713.617000009864569, 0.0 ], [ 105673.6047000028193, 502713.496700026094913, 0.0 ], [ 105673.600400004535913, 502713.374599996954203, 0.0 ], [ 105673.59180000051856, 502713.131400022655725, 0.0 ], [ 105673.589900001883507, 502713.010400004684925, 0.0 ], [ 105673.593900002539158, 502712.88850000873208, 0.0 ], [ 105673.601799998432398, 502712.645400006324053, 0.0 ], [ 105673.60810000449419, 502712.52419999986887, 0.0 ], [ 105673.618700008839369, 502712.403000019490719, 0.0 ], [ 105673.639499999582767, 502712.1649000197649, 0.0 ], [ 105673.676300000399351, 502711.920099999755621, 0.0 ], [ 105673.695500001311302, 502711.801899999380112, 0.0 ], [ 105673.720400001853704, 502711.681100029498339, 0.0 ], [ 105673.769499998539686, 502711.442800007760525, 0.0 ], [ 105673.796200003474951, 502711.324400015175343, 0.0 ], [ 105673.828500002622604, 502711.20719999819994, 0.0 ], [ 105673.893300000578165, 502710.972599998116493, 0.0 ], [ 105673.927600000053644, 502710.85690001770854, 0.0 ], [ 105673.968000005930662, 502710.74150001630187, 0.0 ], [ 105674.048300001770258, 502710.511900003999472, 0.0 ], [ 105674.090599998831749, 502710.39809999987483, 0.0 ], [ 105674.138400003314018, 502710.286300033330917, 0.0 ], [ 105674.234099999070168, 502710.062600027769804, 0.0 ], [ 105674.283900003880262, 502709.952099997550249, 0.0 ], [ 105682.836900003254414, 502694.900099996477365, 0.0 ], [ 105682.930800002068281, 502694.712800022214651, 0.0 ], [ 105682.97859999909997, 502694.620000001043081, 0.0 ], [ 105683.030600003898144, 502694.529100026935339, 0.0 ], [ 105683.134500000625849, 502694.347299996763468, 0.0 ], [ 105683.188100002706051, 502694.257599998265505, 0.0 ], [ 105683.246100004762411, 502694.170400004833937, 0.0 ], [ 105683.362100001424551, 502693.996200013905764, 0.0 ], [ 105683.421600002795458, 502693.910500001162291, 0.0 ], [ 105683.485500000417233, 502693.82760001718998, 0.0 ], [ 105683.613400004804134, 502693.661699995398521, 0.0 ], [ 105683.678800009191036, 502693.580300007015467, 0.0 ], [ 105683.7483000010252, 502693.502100016921759, 0.0 ], [ 105683.88740000128746, 502693.345600005239248, 0.0 ], [ 105683.958299998193979, 502693.268900010734797, 0.0 ], [ 105684.033000003546476, 502693.195700019598007, 0.0 ], [ 105684.182700004428625, 502693.049299996346235, 0.0 ], [ 105684.258799999952316, 502692.977700017392635, 0.0 ], [ 105684.338500000536442, 502692.909899994730949, 0.0 ], [ 105684.498000003397465, 502692.774300031363964, 0.0 ], [ 105684.578899998217821, 502692.708199996501207, 0.0 ], [ 105684.663100004196167, 502692.646100006997585, 0.0 ], [ 105684.831600002944469, 502692.521900005638599, 0.0 ], [ 105684.916900005191565, 502692.461500000208616, 0.0 ], [ 105685.005200002342463, 502692.405499994754791, 0.0 ], [ 105685.182100001722574, 502692.293400019407272, 0.0 ], [ 105685.271300002932549, 502692.239100016653538, 0.0 ], [ 105685.363300003111362, 502692.189300011843443, 0.0 ], [ 105685.547500003129244, 502692.089699998497963, 0.0 ], [ 105685.640399999916553, 502692.041799999773502, 0.0 ], [ 105685.735599998384714, 502691.998600006103516, 0.0 ], [ 105685.926300000399351, 502691.91210001707077, 0.0 ], [ 105686.022199999541044, 502691.870700012892485, 0.0 ], [ 105686.120300002396107, 502691.834300022572279, 0.0 ], [ 105686.316500000655651, 502691.761300008744001, 0.0 ], [ 105686.415100000798702, 502691.726700007915497, 0.0 ], [ 105686.515399999916553, 502691.697200022637844, 0.0 ], [ 105686.71620000526309, 502691.638000022619963, 0.0 ], [ 105686.81700000166893, 502691.610399998724461, 0.0 ], [ 105686.9189000017941, 502691.586500000208616, 0.0 ], [ 105687.122600000351667, 502691.538700003176928, 0.0 ], [ 105687.329200003296137, 502691.504200018942356, 0.0 ], [ 105687.432500001043081, 502691.488100007176399, 0.0 ], [ 105709.026600003242493, 502685.787000011652708, 0.0 ], [ 105709.208000004291534, 502685.738999996334314, 0.0 ], [ 105709.494500003755093, 502685.663799997419119, 0.0 ], [ 105709.778100002557039, 502685.578700002282858, 0.0 ], [ 105710.058600001037121, 502685.483799997717142, 0.0 ], [ 105710.335700009018183, 502685.379300031810999, 0.0 ], [ 105710.609000001102686, 502685.265200007706881, 0.0 ], [ 105710.878200002014637, 502685.141699999570847, 0.0 ], [ 105711.142900001257658, 502685.00890002399683, 0.0 ], [ 105711.498399998992682, 502684.771600015461445, 0.0 ], [ 105711.592000000178814, 502684.673700030893087, 0.0 ], [ 105711.776400003582239, 502684.480600010603666, 0.0 ], [ 105711.953899998217821, 502684.272100009024143, 0.0 ], [ 105712.038300003856421, 502684.170400016009808, 0.0 ], [ 105712.12330000475049, 502684.061500024050474, 0.0 ], [ 105712.288200002163649, 502683.850100006908178, 0.0 ], [ 105712.442300003021955, 502683.625199999660254, 0.0 ], [ 105712.515900008380413, 502683.514900013804436, 0.0 ], [ 105712.588800005614758, 502683.398200009018183, 0.0 ], [ 105712.731499999761581, 502683.169700007885695, 0.0 ], [ 105712.860700011253357, 502682.931000031530857, 0.0 ], [ 105712.923200000077486, 502682.81249999627471, 0.0 ], [ 105712.982900001108646, 502682.690000001341105, 0.0 ], [ 105713.101400002837181, 502682.44700001180172, 0.0 ], [ 105713.204799998551607, 502682.197000004351139, 0.0 ], [ 105713.254400003701448, 502682.073000010102987, 0.0 ], [ 105713.299600005149841, 502681.944000020623207, 0.0 ], [ 105713.388999998569489, 502681.688800022006035, 0.0 ], [ 105713.431200001388788, 502681.56070002168417, 0.0 ], [ 105713.467200014740229, 502681.430400010198355, 0.0 ], [ 105713.539200004190207, 502681.169800002127886, 0.0 ], [ 105713.572300001978874, 502681.039900001138449, 0.0 ], [ 105713.599399998784065, 502680.906599998474121, 0.0 ], [ 105713.653200004249811, 502680.641500003635883, 0.0 ], [ 105713.677300002425909, 502680.508800014853477, 0.0 ], [ 105713.695000004023314, 502680.374800022691488, 0.0 ], [ 105713.730200000107288, 502680.106700021773577, 0.0 ], [ 105713.745100002735853, 502679.972600013017654, 0.0 ], [ 105713.753400001674891, 502679.837700013071299, 0.0 ], [ 105713.769999999552965, 502679.567800022661686, 0.0 ], [ 105713.775600001215935, 502679.433000013232231, 0.0 ], [ 105713.774500001221895, 502679.297900032252073, 0.0 ], [ 105713.772300001233816, 502679.027400013059378, 0.0 ], [ 105713.768500003963709, 502678.892600014805794, 0.0 ], [ 105713.758000005036592, 502678.75780001655221, 0.0 ], [ 105713.737000003457069, 502678.488200020045042, 0.0 ], [ 105713.723900008946657, 502678.353900007903576, 0.0 ], [ 105713.704100001603365, 502678.22019999474287, 0.0 ], [ 105713.66440000012517, 502677.952700022608042, 0.0 ], [ 105713.642000004649162, 502677.819599997252226, 0.0 ], [ 105713.614700004458427, 502677.687200017273426, 0.0 ], [ 105713.560100004076958, 502677.422500018030405, 0.0 ], [ 105713.488600000739098, 502677.161600016057491, 0.0 ], [ 105713.451300002634525, 502677.031800016760826, 0.0 ], [ 105713.408400002866983, 502676.90370000526309, 0.0 ], [ 105713.322700005024672, 502676.647200029343367, 0.0 ], [ 105713.277400001883507, 502676.519999999552965, 0.0 ], [ 105713.227600004523993, 502676.394400008022785, 0.0 ], [ 105713.127900004386902, 502676.143100008368492, 0.0 ], [ 105712.892100002616644, 502675.810300007462502, 0.0 ], [ 105712.644799999892712, 502675.485900022089481, 0.0 ], [ 105712.386300001293421, 502675.170200012624264, 0.0 ], [ 105712.11710000783205, 502674.863800019025803, 0.0 ], [ 105711.837400004267693, 502674.5669000223279, 0.0 ], [ 105711.547400005161762, 502674.279900006949902, 0.0 ], [ 105711.247700002044439, 502674.003200013190508, 0.0 ], [ 105710.9386, 502673.737100023776293, 0.0 ], [ 105710.620299998670816, 502673.481899995356798, 0.0 ], [ 105710.293400004506111, 502673.238000012934208, 0.0 ], [ 105709.958200003951788, 502673.005500011146069, 0.0 ], [ 105709.615100003778934, 502672.784900013357401, 0.0 ], [ 105709.264500003308058, 502672.576299995183945, 0.0 ], [ 105708.906899999827147, 502672.380100008100271, 0.0 ], [ 105699.312399998307228, 502666.90870001912117, 0.0 ], [ 105763.25789999961853, 502554.456000030040741, 0.0 ], [ 105763.323300004005432, 502554.332900021225214, 0.0 ], [ 105763.381599999964237, 502554.2060999982059, 0.0 ], [ 105763.498500004410744, 502553.952200002968311, 0.0 ], [ 105763.55350000038743, 502553.825800009071827, 0.0 ], [ 105763.605000004172325, 502553.694200031459332, 0.0 ], [ 105763.706999998539686, 502553.434000018984079, 0.0 ], [ 105763.791900001466274, 502553.167600005865097, 0.0 ], [ 105763.832699999213219, 502553.034100025892258, 0.0 ], [ 105763.867700003087521, 502552.898900017142296, 0.0 ], [ 105763.937900003045797, 502552.628299996256828, 0.0 ], [ 105763.970300003886223, 502552.4926000200212, 0.0 ], [ 105763.997900005429983, 502552.355600032955408, 0.0 ], [ 105764.053200006484985, 502552.081800002604723, 0.0 ], [ 105764.090800005942583, 502551.804700013250113, 0.0 ], [ 105764.107999999076128, 502551.666200019419193, 0.0 ], [ 105764.119199998676777, 502551.52690002322197, 0.0 ], [ 105764.141499999910593, 502551.24830000847578, 0.0 ], [ 105764.150000002235174, 502551.109100013971329, 0.0 ], [ 105764.151799999177456, 502550.969300013035536, 0.0 ], [ 105764.155200000852346, 502550.689800020307302, 0.0 ], [ 105764.154200002551079, 502550.550300002098083, 0.0 ], [ 105764.148100003600121, 502550.410700023174286, 0.0 ], [ 105764.135899998247623, 502550.131600014865398, 0.0 ], [ 105764.105799999088049, 502549.853600014001131, 0.0 ], [ 105764.089200001209974, 502549.715100023895502, 0.0 ], [ 105764.066500004380941, 502549.577200017869473, 0.0 ], [ 105764.021200001239777, 502549.301400016993284, 0.0 ], [ 105763.995999999344349, 502549.164200000464916, 0.0 ], [ 105763.964100003242493, 502549.028200000524521, 0.0 ], [ 105763.900200005620718, 502548.756100010126829, 0.0 ], [ 105763.865600004792213, 502548.620900016278028, 0.0 ], [ 105763.824400000274181, 502548.487399995326996, 0.0 ], [ 105763.741900000721216, 502548.220300018787384, 0.0 ], [ 105763.698100004345179, 502548.087999999523163, 0.0 ], [ 105763.649300005286932, 502547.957000002264977, 0.0 ], [ 105763.551899999380112, 502547.695100013166666, 0.0 ], [ 105763.437899999320507, 502547.439800012856722, 0.0 ], [ 105763.37950000166893, 502547.313100021332502, 0.0 ], [ 105763.325500003993511, 502547.1841000020504, 0.0 ], [ 105763.211800005286932, 502546.912599999457598, 0.0 ], [ 105763.108399998396635, 502546.626300003379583, 0.0 ], [ 105763.016700003296137, 502546.341300025582314, 0.0 ], [ 105762.934800002723932, 502546.053300000727177, 0.0 ], [ 105762.862800002098083, 502545.762600023299456, 0.0 ], [ 105762.800900001078844, 502545.469600010663271, 0.0 ], [ 105762.749000005424023, 502545.174700021743774, 0.0 ], [ 105762.707400009036064, 502544.878199994564056, 0.0 ], [ 105762.675900015980005, 502544.580400019884109, 0.0 ], [ 105762.654700003564358, 502544.281700003892183, 0.0 ], [ 105762.643800001591444, 502543.98250000551343, 0.0 ], [ 105762.643200006335974, 502543.683100029826164, 0.0 ], [ 105762.652800004929304, 502543.383800018578768, 0.0 ], [ 105762.672699999064207, 502543.08500000089407, 0.0 ], [ 105762.702900003641844, 502542.787100020796061, 0.0 ], [ 105762.743300002068281, 502542.49040000140667, 0.0 ], [ 105762.79390000551939, 502542.195300009101629, 0.0 ], [ 105762.854600004851818, 502541.902000021189451, 0.0 ], [ 105762.925300002098083, 502541.611100021749735, 0.0 ], [ 105763.006000000983477, 502541.322700012475252, 0.0 ], [ 105763.096500005573034, 502541.037299998104572, 0.0 ], [ 105763.196800004690886, 502540.755100019276142, 0.0 ], [ 105763.306700002402067, 502540.476600009948015, 0.0 ], [ 105763.426100004464388, 502540.201999999582767, 0.0 ], [ 105763.554800003767014, 502539.931700013577938, 0.0 ], [ 105763.692800004035234, 502539.665900014340878, 0.0 ], [ 105763.839899998158216, 502539.405100017786026, 0.0 ], [ 105784.217500008642673, 502503.488900013267994, 0.0 ], [ 105784.265900000929832, 502503.397100020200014, 0.0 ], [ 105784.316600006073713, 502503.30350000411272, 0.0 ], [ 105784.416800003498793, 502503.118300016969442, 0.0 ], [ 105784.468100003898144, 502503.026600006967783, 0.0 ], [ 105784.523400001227856, 502502.937000010162592, 0.0 ], [ 105784.634100008755922, 502502.758000023663044, 0.0 ], [ 105784.691000003367662, 502502.669700015336275, 0.0 ], [ 105784.75110000371933, 502502.583200015127659, 0.0 ], [ 105784.871200002729893, 502502.410500027239323, 0.0 ], [ 105785.002100002020597, 502502.245500013232231, 0.0 ], [ 105785.068300005048513, 502502.163900010287762, 0.0 ], [ 105785.138100001960993, 502502.085100002586842, 0.0 ], [ 105785.277600005269051, 502501.927400019019842, 0.0 ], [ 105785.348600003868341, 502501.850000031292439, 0.0 ], [ 105785.423500001430511, 502501.776000034064054, 0.0 ], [ 105785.573200009763241, 502501.627899996936321, 0.0 ], [ 105785.64920000359416, 502501.555500011891127, 0.0 ], [ 105785.728799998760223, 502501.486800007522106, 0.0 ], [ 105785.888199999928474, 502501.349199995398521, 0.0 ], [ 105785.969000000506639, 502501.282100018113852, 0.0 ], [ 105786.052400000393391, 502501.217799998819828, 0.0 ], [ 105786.219000000506639, 502501.089300021529198, 0.0 ], [ 105786.393500007688999, 502500.971400011330843, 0.0 ], [ 105786.48140000551939, 502500.913500025868416, 0.0 ], [ 105786.571600008755922, 502500.859500013291836, 0.0 ], [ 105786.752200003713369, 502500.751300014555454, 0.0 ], [ 105786.843300003558397, 502500.698900025337934, 0.0 ], [ 105786.93690000846982, 502500.651000011712313, 0.0 ], [ 105787.124299999326468, 502500.554999995976686, 0.0 ], [ 105787.218699999153614, 502500.508900012820959, 0.0 ], [ 105787.315400004386902, 502500.467300031334162, 0.0 ], [ 105787.508900001645088, 502500.384300004690886, 0.0 ], [ 105787.606200002133846, 502500.344600029289722, 0.0 ], [ 105787.705400001257658, 502500.309799995273352, 0.0 ], [ 105787.904100000858307, 502500.240100022405386, 0.0 ], [ 105788.003900002688169, 502500.207199994474649, 0.0 ], [ 105788.10530000180006, 502500.179200004786253, 0.0 ], [ 105788.308200009167194, 502500.12320002540946, 0.0 ], [ 105788.410000000149012, 502500.097100000828505, 0.0 ], [ 105788.51070000231266, 502500.066800009459257, 0.0 ], [ 105812.430200003087521, 502492.859699998050928, 0.0 ], [ 105812.7972999997437, 502492.749100018292665, 0.0 ], [ 105812.966500014066696, 502492.730800021439791, 0.0 ], [ 105813.046200007200241, 502492.721100002527237, 0.0 ], [ 105813.134700004011393, 502492.706600029021502, 0.0 ], [ 105813.302600014954805, 502492.67900000885129, 0.0 ], [ 105813.381500001996756, 502492.664400018751621, 0.0 ], [ 105813.393100000917912, 502492.662200033664703, 0.0 ], [ 105813.469200000166893, 502492.645300015807152, 0.0 ], [ 105813.626299999654293, 502492.610400021076202, 0.0 ], [ 105813.798600003123283, 502492.560700017958879, 0.0 ], [ 105813.874100007116795, 502492.537800002843142, 0.0 ], [ 105813.883900001645088, 502492.534800011664629, 0.0 ], [ 105813.960200000554323, 502492.507999997586012, 0.0 ], [ 105814.120800003409386, 502492.451500006020069, 0.0 ], [ 105814.196600005030632, 502492.423100005835295, 0.0 ], [ 105814.278299998492002, 502492.388000022619963, 0.0 ], [ 105814.43470000103116, 502492.320900000631809, 0.0 ], [ 105814.509300004690886, 502492.28700003027916, 0.0 ], [ 105814.587500002235174, 502492.246700026094913, 0.0 ], [ 105814.738899998366833, 502492.168900031596422, 0.0 ], [ 105814.810500003397465, 502492.130100023001432, 0.0 ], [ 105814.8868000023067, 502492.085200015455484, 0.0 ], [ 105815.028000000864267, 502492.002200029790401, 0.0 ], [ 105815.174100004136562, 502491.903200007975101, 0.0 ], [ 105815.240100007504225, 502491.857099998742342, 0.0 ], [ 105815.311299998313189, 502491.80290000885725, 0.0 ], [ 105815.446600001305342, 502491.699700005352497, 0.0 ], [ 105815.510900001972914, 502491.648599997162819, 0.0 ], [ 105815.576900005340576, 502491.590700011700392, 0.0 ], [ 105815.70490000769496, 502491.47850002348423, 0.0 ], [ 105815.765900000929832, 502491.42280000820756, 0.0 ], [ 105815.828200004994869, 502491.361599996685982, 0.0 ], [ 105815.947100002318621, 502491.244900017976761, 0.0 ], [ 105816.062899999320507, 502491.115400016307831, 0.0 ], [ 105816.117800001055002, 502491.052500002086163, 0.0 ], [ 105816.172699999064207, 502490.985600002110004, 0.0 ], [ 105816.279100000858307, 502490.855900004506111, 0.0 ], [ 105816.380100008100271, 502490.715900018811226, 0.0 ], [ 105816.427700001746416, 502490.648100007325411, 0.0 ], [ 105816.474700000137091, 502490.574799999594688, 0.0 ], [ 105816.566500000655651, 502490.431499999016523, 0.0 ], [ 105816.610200006514788, 502490.360500022768974, 0.0 ], [ 105816.651800002902746, 502490.284600004553795, 0.0 ], [ 105816.733500003814697, 502490.135400008410215, 0.0 ], [ 105816.772799998521805, 502490.060100022703409, 0.0 ], [ 105816.808499999344349, 502489.982800010591745, 0.0 ], [ 105816.879599999636412, 502489.828300006687641, 0.0 ], [ 105816.913600005209446, 502489.75050001218915, 0.0 ], [ 105816.94370000064373, 502489.671000003814697, 0.0 ], [ 105817.004000000655651, 502489.511799994856119, 0.0 ], [ 105817.032200004905462, 502489.432600010186434, 0.0 ], [ 105817.056900002062321, 502489.350400000810623, 0.0 ], [ 105817.105900000780821, 502489.187399994581938, 0.0 ], [ 105817.128400005400181, 502489.106700010597706, 0.0 ], [ 105817.147399999201298, 502489.022800002247095, 0.0 ], [ 105817.184999998658895, 502488.856700003147125, 0.0 ], [ 105817.201999999582767, 502488.773700006306171, 0.0 ], [ 105817.214900001883507, 502488.68960003182292, 0.0 ], [ 105817.240800000727177, 502488.521400034427643, 0.0 ], [ 105817.251899998635054, 502488.437600016593933, 0.0 ], [ 105817.2601000033319, 502488.352500006556511, 0.0 ], [ 105817.276399999856949, 502488.183200009167194, 0.0 ], [ 105817.281700000166893, 502488.013000003993511, 0.0 ], [ 105817.283300004899502, 502487.928200002759695, 0.0 ], [ 105817.290699999779463, 502487.843500003218651, 0.0 ], [ 105817.309500005096197, 502487.630700018256903, 0.0 ], [ 105817.310899998992682, 502487.612800016999245, 0.0 ], [ 105817.320000007748604, 502487.49820002168417, 0.0 ], [ 105817.325100004673004, 502487.381700024008751, 0.0 ], [ 105817.335200000554323, 502487.150200001895428, 0.0 ], [ 105817.338200002908707, 502487.034699998795986, 0.0 ], [ 105817.335600014775991, 502486.9189000017941, 0.0 ], [ 105817.330600008368492, 502486.687300007790327, 0.0 ], [ 105817.325699999928474, 502486.571800004690886, 0.0 ], [ 105817.315200001001358, 502486.456500019878149, 0.0 ], [ 105817.294100001454353, 502486.225800007581711, 0.0 ], [ 105817.281300015747547, 502486.111000020056963, 0.0 ], [ 105817.262800000607967, 502485.996700022369623, 0.0 ], [ 105817.225699998438358, 502485.768000014126301, 0.0 ], [ 105817.20490000769496, 502485.65430000051856, 0.0 ], [ 105817.178400002419949, 502485.54160001128912, 0.0 ], [ 105817.125399999320507, 502485.316000014543533, 0.0 ], [ 105817.096800003200769, 502485.204100016504526, 0.0 ], [ 105817.064000003039837, 502485.092999998480082, 0.0 ], [ 105816.99830000475049, 502484.871000021696091, 0.0 ], [ 105816.918500002473593, 502484.653400015085936, 0.0 ], [ 105816.877399999648333, 502484.545400004833937, 0.0 ], [ 105816.832900002598763, 502484.438400004059076, 0.0 ], [ 105816.74380000308156, 502484.22460000962019, 0.0 ], [ 105816.64180001616478, 502484.016600020229816, 0.0 ], [ 105816.589600000530481, 502483.913400031626225, 0.0 ], [ 105816.532900005578995, 502483.812400002032518, 0.0 ], [ 105816.419500004500151, 502483.61030001938343, 0.0 ], [ 105816.361000005155802, 502483.510700009763241, 0.0 ], [ 105816.297600001096725, 502483.41380001232028, 0.0 ], [ 105816.170699998736382, 502483.219900026917458, 0.0 ], [ 105816.105500005185604, 502483.124500010162592, 0.0 ], [ 105816.035500004887581, 502483.032300017774105, 0.0 ], [ 105815.895500008016825, 502482.847700014710426, 0.0 ], [ 105815.823800001293421, 502482.757000021636486, 0.0 ], [ 105815.747600004076958, 502482.670000016689301, 0.0 ], [ 105815.594999998807907, 502482.495600018650293, 0.0 ], [ 105815.517200004309416, 502482.410100013017654, 0.0 ], [ 105815.435100000351667, 502482.328500006347895, 0.0 ], [ 105815.27080000191927, 502482.165200006216764, 0.0 ], [ 105815.187200002372265, 502482.085300002247095, 0.0 ], [ 105815.100600004196167, 502482.008500020951033, 0.0 ], [ 105814.927200015634298, 502481.854800034314394, 0.0 ], [ 105814.744400002062321, 502481.712600018829107, 0.0 ], [ 105814.652300000190735, 502481.642600011080503, 0.0 ], [ 105814.557100001722574, 502481.576699994504452, 0.0 ], [ 105814.366600003093481, 502481.444800011813641, 0.0 ], [ 105814.270400002598763, 502481.380700014531612, 0.0 ], [ 105814.171100001782179, 502481.321400009095669, 0.0 ], [ 105813.972100000828505, 502481.202799994498491, 0.0 ], [ 105813.8716000020504, 502481.145399995148182, 0.0 ], [ 105813.77140000462532, 502481.087400007992983, 0.0 ], [ 105797.557600002735853, 502471.695500023663044, 0.0 ], [ 105797.45380000397563, 502471.632300015538931, 0.0 ], [ 105797.342200007289648, 502471.565699994564056, 0.0 ], [ 105797.126000002026558, 502471.436800017952919, 0.0 ], [ 105796.90370000526309, 502471.318799994885921, 0.0 ], [ 105796.791999999433756, 502471.261000014841557, 0.0 ], [ 105796.67790000140667, 502471.208200015127659, 0.0 ], [ 105796.449499998241663, 502471.102400004863739, 0.0 ], [ 105796.334499999880791, 502471.05170001834631, 0.0 ], [ 105796.217199999839067, 502471.006500016897917, 0.0 ], [ 105795.982300005853176, 502470.916200019419193, 0.0 ], [ 105795.864100005477667, 502470.873200014233589, 0.0 ], [ 105795.744500003755093, 502470.834599997848272, 0.0 ], [ 105795.504900004714727, 502470.75730000063777, 0.0 ], [ 105795.261100005358458, 502470.69539999961853, 0.0 ], [ 105795.138799998909235, 502470.665699996054173, 0.0 ], [ 105795.015800002962351, 502470.639900006353855, 0.0 ], [ 105794.769400015473366, 502470.588100019842386, 0.0 ], [ 105794.520500000566244, 502470.551399994641542, 0.0 ], [ 105794.395899999886751, 502470.534500017762184, 0.0 ], [ 105794.27080000191927, 502470.52139999717474, 0.0 ], [ 105794.020400002598763, 502470.495099995285273, 0.0 ], [ 105793.769099999219179, 502470.484099999070168, 0.0 ], [ 105793.643300000578165, 502470.479900021106005, 0.0 ], [ 105793.517599999904633, 502470.479599997401237, 0.0 ], [ 105793.265800002962351, 502470.47910001501441, 0.0 ], [ 105793.014800004661083, 502470.495500031858683, 0.0 ], [ 105792.889300003647804, 502470.503700014203787, 0.0 ], [ 105792.764299999922514, 502470.516399998217821, 0.0 ], [ 105792.514400001615286, 502470.546600013971329, 0.0 ], [ 105792.389600001275539, 502470.561599999666214, 0.0 ], [ 105792.265700004994869, 502470.582900002598763, 0.0 ], [ 105792.018500003963709, 502470.629999995231628, 0.0 ], [ 105791.895000007003546, 502470.653599999845028, 0.0 ], [ 105791.772900000214577, 502470.683200001716614, 0.0 ], [ 105791.529500003904104, 502470.747100010514259, 0.0 ], [ 105791.407900001853704, 502470.779100015759468, 0.0 ], [ 105791.288100000470877, 502470.816899999976158, 0.0 ], [ 105791.049600001424551, 502470.897400006651878, 0.0 ], [ 105790.930400010198355, 502470.937500022351742, 0.0 ], [ 105790.813500002026558, 502470.983400024473667, 0.0 ], [ 105790.58110000193119, 502471.080000001937151, 0.0 ], [ 105790.465000003576279, 502471.12830001115799, 0.0 ], [ 105790.351399999111891, 502471.182100031524897, 0.0 ], [ 105790.12610000744462, 502471.294200006872416, 0.0 ], [ 105790.0135000012815, 502471.350300028920174, 0.0 ], [ 105789.903900004923344, 502471.411700017750263, 0.0 ], [ 105789.686700008809566, 502471.538800004869699, 0.0 ], [ 105789.578200001269579, 502471.602300018072128, 0.0 ], [ 105789.472800005227327, 502471.670900005847216, 0.0 ], [ 105789.264200001955032, 502471.811600010842085, 0.0 ], [ 105789.15989999845624, 502471.882000029087067, 0.0 ], [ 105788.793200001120567, 502472.070200011134148, 0.0 ], [ 105803.046900007873774, 502448.795100025832653, 0.0 ], [ 105809.806600004434586, 502437.756899997591972, 0.0 ], [ 105809.556200005114079, 502437.873100005090237, 0.0 ], [ 105809.3834000043571, 502438.033600021153688, 0.0 ], [ 105809.296999998390675, 502438.113800004124641, 0.0 ], [ 105809.207899998873472, 502438.190700016915798, 0.0 ], [ 105809.026400003582239, 502438.341400008648634, 0.0 ], [ 105808.935699999332428, 502438.416700024157763, 0.0 ], [ 105808.841600008308887, 502438.487399995326996, 0.0 ], [ 105808.650400001555681, 502438.62550000846386, 0.0 ], [ 105808.557900007814169, 502438.692300003021955, 0.0 ], [ 105808.456300005316734, 502438.759200017899275, 0.0 ], [ 105808.257800001651049, 502438.886599998921156, 0.0 ], [ 105808.051699999719858, 502439.001200020313263, 0.0 ], [ 105807.952400002628565, 502439.056300021708012, 0.0 ], [ 105807.843600001186132, 502439.111700024455786, 0.0 ], [ 105807.631499998271465, 502439.214900013059378, 0.0 ], [ 105807.525500003248453, 502439.266500007361174, 0.0 ], [ 105807.417400002479553, 502439.313399996608496, 0.0 ], [ 105807.199900012463331, 502439.40480001270771, 0.0 ], [ 105806.977100003510714, 502439.482100006192923, 0.0 ], [ 105806.870400004088879, 502439.51910001039505, 0.0 ], [ 105806.753100004047155, 502439.555000003427267, 0.0 ], [ 105806.526299998164177, 502439.619899995625019, 0.0 ], [ 105806.41720000654459, 502439.651099994778633, 0.0 ], [ 105806.298300001770258, 502439.678700029850006, 0.0 ], [ 105806.067600004374981, 502439.727800004184246, 0.0 ], [ 105805.955699998885393, 502439.751600027084351, 0.0 ], [ 105805.8361000046134, 502439.770900022238493, 0.0 ], [ 105805.602500002831221, 502439.804200004786253, 0.0 ], [ 105805.489000000059605, 502439.820500008761883, 0.0 ], [ 105805.368599999696016, 502439.832300011068583, 0.0 ], [ 105805.1435999982059, 502439.852000001817942, 0.0 ], [ 105805.133600004017353, 502439.852800007909536, 0.0 ], [ 105805.123400006443262, 502439.853100001811981, 0.0 ], [ 105804.897800009697676, 502439.859800018370152, 0.0 ], [ 105804.785100001841784, 502439.86310001462698, 0.0 ], [ 105804.662099998444319, 502439.863800004124641, 0.0 ], [ 105804.426399998366833, 502439.854500021785498, 0.0 ], [ 105804.312200006097555, 502439.848600000143051, 0.0 ], [ 105804.191400002688169, 502439.837200008332729, 0.0 ], [ 105803.956500004976988, 502439.815000023692846, 0.0 ], [ 105803.844400007277727, 502439.802199997007847, 0.0 ], [ 105803.831800006330013, 502439.800700001418591, 0.0 ], [ 105803.722900003194809, 502439.784399997442961, 0.0 ], [ 105803.500900004059076, 502439.750800020992756, 0.0 ], [ 105803.489700008183718, 502439.749100007116795, 0.0 ], [ 105803.478500001132488, 502439.746800005435944, 0.0 ], [ 105803.259100005030632, 502439.699400003999472, 0.0 ], [ 105803.151400003582239, 502439.674699999392033, 0.0 ], [ 105803.137200001627207, 502439.671500019729137, 0.0 ], [ 105803.030099999159575, 502439.643500000238419, 0.0 ], [ 105802.813100002706051, 502439.586700014770031, 0.0 ], [ 105802.802000004798174, 502439.583799999207258, 0.0 ], [ 105802.790800001472235, 502439.580300021916628, 0.0 ], [ 105802.577799998223782, 502439.510600008070469, 0.0 ], [ 105802.473600000143051, 502439.47510002553463, 0.0 ], [ 105802.45890000090003, 502439.470000009983778, 0.0 ], [ 105802.355800002813339, 502439.431400019675493, 0.0 ], [ 105802.145899999886751, 502439.352400023490191, 0.0 ], [ 105802.135000005364418, 502439.348300021141768, 0.0 ], [ 105802.124500002712011, 502439.343700014054775, 0.0 ], [ 105801.919599998742342, 502439.25220001488924, 0.0 ], [ 105801.817800004035234, 502439.205200023949146, 0.0 ], [ 105801.807200003415346, 502439.200299996882677, 0.0 ], [ 105801.706999998539686, 502439.150400016456842, 0.0 ], [ 105801.506600011140108, 502439.050299994647503, 0.0 ], [ 105801.495999999344349, 502439.045000001788139, 0.0 ], [ 105789.158900015056133, 502431.905100025236607, 0.0 ], [ 105788.609300006181002, 502431.546400003135204, 0.0 ], [ 105788.072299998253584, 502431.169300008565187, 0.0 ], [ 105787.548300009220839, 502430.774299997836351, 0.0 ], [ 105787.038000002503395, 502430.361600004136562, 0.0 ], [ 105786.542000014334917, 502429.931900020688772, 0.0 ], [ 105786.06080000847578, 502429.485699996352196, 0.0 ], [ 105785.595100000500679, 502429.023299999535084, 0.0 ], [ 105785.145300000905991, 502428.545499995350838, 0.0 ], [ 105784.712000001221895, 502428.052700005471706, 0.0 ], [ 105784.29560000449419, 502427.545400016009808, 0.0 ], [ 105783.896700002253056, 502427.024300001561642, 0.0 ], [ 105783.515600003302097, 502426.490000005811453, 0.0 ], [ 105783.152899999171495, 502425.94310000166297, 0.0 ], [ 105782.809000000357628, 502425.384300019592047, 0.0 ], [ 105782.484200000762939, 502424.814000003039837, 0.0 ], [ 105782.178900003433228, 502424.233100011944771, 0.0 ], [ 105781.913899999111891, 502423.743400029838085, 0.0 ], [ 105781.633000005036592, 502423.262699995189905, 0.0 ], [ 105781.336400002241135, 502422.791500002145767, 0.0 ], [ 105781.024500004947186, 502422.330200005322695, 0.0 ], [ 105780.697599999606609, 502421.879500024020672, 0.0 ], [ 105780.355999998748302, 502421.439800024032593, 0.0 ], [ 105780.000199999660254, 502421.011600006371737, 0.0 ], [ 105779.630400005728006, 502420.595200017094612, 0.0 ], [ 105779.247200004756451, 502420.191300008445978, 0.0 ], [ 105778.850900005549192, 502419.800200000405312, 0.0 ], [ 105778.44200000166893, 502419.42229999601841, 0.0 ], [ 105778.020899999886751, 502419.058000028133392, 0.0 ], [ 105777.588000003248453, 502418.707899998873472, 0.0 ], [ 105777.143899999558926, 502418.37210001796484, 0.0 ], [ 105776.688900001347065, 502418.051100004464388, 0.0 ], [ 105759.712900001555681, 502408.357100017368793, 0.0 ], [ 105759.169599998742342, 502408.09560002759099, 0.0 ], [ 105758.617800008505583, 502407.852300006896257, 0.0 ], [ 105758.058400005102158, 502407.627500001341105, 0.0 ], [ 105757.491700001060963, 502407.421300001442432, 0.0 ], [ 105756.918500002473593, 502407.234100002795458, 0.0 ], [ 105756.339400000870228, 502407.066099997609854, 0.0 ], [ 105755.755100000649691, 502406.917299997061491, 0.0 ], [ 105755.16610000282526, 502406.788100026547909, 0.0 ], [ 105754.57319999858737, 502406.678400002419949, 0.0 ], [ 105753.977000001817942, 502406.588600013405085, 0.0 ], [ 105753.378100000321865, 502406.518500030040741, 0.0 ], [ 105752.777199998497963, 502406.468400031328201, 0.0 ], [ 105752.174900002777576, 502406.438300017267466, 0.0 ], [ 105751.572000004351139, 502406.428200002759695, 0.0 ], [ 105750.969100005924702, 502406.438200015574694, 0.0 ], [ 105750.366900000721216, 502406.468099996447563, 0.0 ], [ 105749.693399999290705, 502406.479300014674664, 0.0 ], [ 105749.019900001585484, 502406.467999994754791, 0.0 ], [ 105748.347100004553795, 502406.434300001710653, 0.0 ], [ 105747.675800003111362, 502406.378100004047155, 0.0 ], [ 105747.006799999624491, 502406.299500003457069, 0.0 ], [ 105746.340799998492002, 502406.198700021952391, 0.0 ], [ 105745.67850000038743, 502406.075600020587444, 0.0 ], [ 105745.020700015127659, 502405.930600021034479, 0.0 ], [ 105744.368100002408028, 502405.763599995523691, 0.0 ], [ 105743.721400003880262, 502405.575000017881393, 0.0 ], [ 105743.081399999558926, 502405.364900004118681, 0.0 ], [ 105742.448800005018711, 502405.133500028401613, 0.0 ], [ 105741.824200000613928, 502404.881200008094311, 0.0 ], [ 105741.208400003612041, 502404.60810000449419, 0.0 ], [ 105740.602100003510714, 502404.314600009471178, 0.0 ], [ 105740.005899999290705, 502404.001100029796362, 0.0 ], [ 105665.941900007426739, 502362.241100005805492, 0.0 ], [ 105658.577300008386374, 502360.587700009346008, 0.0 ], [ 105651.16270000115037, 502359.175400011241436, 0.0 ], [ 105643.706000003963709, 502358.005800016224384, 0.0 ], [ 105636.214999999850988, 502357.080000024288893, 0.0 ], [ 105628.697900000959635, 502356.39910002797842, 0.0 ], [ 105624.686200004070997, 502356.377800025045872, 0.0 ], [ 105620.676000002771616, 502356.486100029200315, 0.0 ], [ 105616.671300005167723, 502356.723799996078014, 0.0 ], [ 105612.676399998366833, 502357.090700000524521, 0.0 ], [ 105608.695400003343821, 502357.586400005966425, 0.0 ], [ 105604.73250000551343, 502358.210400015115738, 0.0 ], [ 105600.791799999773502, 502358.962000023573637, 0.0 ], [ 105596.877399999648333, 502359.840500000864267, 0.0 ], [ 105592.993400003761053, 502360.844800014048815, 0.0 ], [ 105589.143899999558926, 502361.974000003188848, 0.0 ], [ 105585.332899998873472, 502363.227000020444393, 0.0 ], [ 105543.941900003701448, 502376.705000020563602, 0.0 ], [ 105476.256999999284744, 502398.652000002563, 0.0 ], [ 105401.17000000551343, 502422.78710001707077, 0.0 ], [ 105400.412399999797344, 502422.924400009214878, 0.0 ], [ 105399.650699999183416, 502423.036100000143051, 0.0 ], [ 105398.88570000231266, 502423.122300010174513, 0.0 ], [ 105398.118300002068281, 502423.182800017297268, 0.0 ], [ 105397.349200002849102, 502423.217500023543835, 0.0 ], [ 105396.5793999992311, 502423.226500023156404, 0.0 ], [ 105395.809800006449223, 502423.209700006991625, 0.0 ], [ 105395.04110000282526, 502423.167100001126528, 0.0 ], [ 105394.274300005286932, 502423.098700005561113, 0.0 ], [ 105393.510299999266863, 502423.004700023680925, 0.0 ], [ 105392.749800000339746, 502422.885200031101704, 0.0 ], [ 105391.993700016289949, 502422.740300003439188, 0.0 ], [ 105391.242900013923645, 502422.570099998265505, 0.0 ], [ 105390.63060000538826, 502422.449000008404255, 0.0 ], [ 105390.014600001275539, 502422.348400015383959, 0.0 ], [ 105389.395599998533726, 502422.268200002610683, 0.0 ], [ 105388.774300001561642, 502422.208600003272295, 0.0 ], [ 105388.151299998164177, 502422.169700022786856, 0.0 ], [ 105387.527399998158216, 502422.15149999782443, 0.0 ], [ 105386.903299998492002, 502422.154000017791986, 0.0 ], [ 105386.279500007629395, 502422.177300028502941, 0.0 ], [ 105385.656899999827147, 502422.221200011670589, 0.0 ], [ 105385.036100000143051, 502422.285800009965897, 0.0 ], [ 105384.41780000180006, 502422.370900020003319, 0.0 ], [ 105383.802600003778934, 502422.476600002497435, 0.0 ], [ 105383.191300004720688, 502422.602600019425154, 0.0 ], [ 105382.584500003606081, 502422.748700018972158, 0.0 ], [ 105381.982900008559227, 502422.915000010281801, 0.0 ], [ 105360.295000001788139, 502429.885999999940395, 0.0 ], [ 105359.619200002402067, 502430.170000020414591, 0.0 ], [ 105358.953500002622604, 502430.476900029927492, 0.0 ], [ 105358.298700008541346, 502430.806400019675493, 0.0 ], [ 105357.655500002205372, 502431.157900001853704, 0.0 ], [ 105357.024600006639957, 502431.531300015747547, 0.0 ], [ 105356.406900003552437, 502431.925900015980005, 0.0 ], [ 105355.803000014275312, 502432.341400023549795, 0.0 ], [ 105355.213600005954504, 502432.777300011366606, 0.0 ], [ 105354.639400009065866, 502433.233000010251999, 0.0 ], [ 105354.0810999982059, 502433.708000011742115, 0.0 ], [ 105353.53940000012517, 502434.201800014823675, 0.0 ], [ 105353.014800008386374, 502434.713899996131659, 0.0 ], [ 105352.508000005036592, 502435.243500016629696, 0.0 ], [ 105352.019499998539686, 502435.790099997073412, 0.0 ], [ 105351.555200003087521, 502436.357300020754337, 0.0 ], [ 105351.485399998724461, 502436.442600008100271, 0.0 ], [ 105351.421000000089407, 502436.531900011003017, 0.0 ], [ 105351.289900001138449, 502436.709400020539761, 0.0 ], [ 105351.148400004953146, 502436.878600012511015, 0.0 ], [ 105351.08049999922514, 502436.959800008684397, 0.0 ], [ 105351.004300002008677, 502437.045400016009808, 0.0 ], [ 105350.855800002813339, 502437.208600014448166, 0.0 ], [ 105350.697399999946356, 502437.362100020051003, 0.0 ], [ 105350.618100002408028, 502437.438900019973516, 0.0 ], [ 105350.536400001496077, 502437.512600023299456, 0.0 ], [ 105350.369899999350309, 502437.657500006258488, 0.0 ], [ 105350.286700002849102, 502437.729900006204844, 0.0 ], [ 105350.200600001960993, 502437.798500020056963, 0.0 ], [ 105350.026599999517202, 502437.934100024402142, 0.0 ], [ 105349.844399999827147, 502438.05850001424551, 0.0 ], [ 105349.753299999982119, 502438.120700009167194, 0.0 ], [ 105349.660300001502037, 502438.17960000410676, 0.0 ], [ 105349.471700008958578, 502438.294100023806095, 0.0 ], [ 105349.377399999648333, 502438.351300004869699, 0.0 ], [ 105349.280900005251169, 502438.404500011354685, 0.0 ], [ 105349.086399998515844, 502438.508600022643805, 0.0 ], [ 105348.886000003665686, 502438.600800015032291, 0.0 ], [ 105348.790100004523993, 502438.645000021904707, 0.0 ], [ 105348.684300005435944, 502438.689800024032593, 0.0 ], [ 105348.480200003832579, 502438.773700017482042, 0.0 ], [ 105348.27140000090003, 502438.844600006937981, 0.0 ], [ 105348.173599999397993, 502438.877800028771162, 0.0 ], [ 105348.162399999797344, 502438.881100013852119, 0.0 ], [ 105348.061400003731251, 502438.911400005221367, 0.0 ], [ 105347.848800003528595, 502438.970500033348799, 0.0 ], [ 105347.746899999678135, 502438.998900018632412, 0.0 ], [ 105347.6351000033319, 502439.024099994450808, 0.0 ], [ 105347.419100008904934, 502439.068900000303984, 0.0 ], [ 105347.315600000321865, 502439.090300004929304, 0.0 ], [ 105347.202300008386374, 502439.10810000449419, 0.0 ], [ 105346.983800001442432, 502439.138600014150143, 0.0 ], [ 105346.879300002008677, 502439.153300005942583, 0.0 ], [ 105346.861700002104044, 502439.155000019818544, 0.0 ], [ 105346.764899998903275, 502439.164800014346838, 0.0 ], [ 105329.338100001215935, 502440.793800000101328, 0.0 ], [ 105327.719000000506639, 502440.945000004023314, 0.0 ], [ 105326.921999998390675, 502448.594999998807907, 0.0 ], [ 105319.983000002801418, 502448.332999996840954, 0.0 ], [ 105317.356900006532669, 502448.17110001668334, 0.0 ], [ 105313.893900003284216, 502447.81010003387928, 0.0 ], [ 105309.537900004535913, 502447.190100014209747, 0.0 ], [ 105306.841899998486042, 502446.673100031912327, 0.0 ], [ 105303.632900003343821, 502445.911100015044212, 0.0 ], [ 105299.455899998545647, 502444.784100025892258, 0.0 ], [ 105298.237900000065565, 502444.409099999815226, 0.0 ], [ 105294.102899998426437, 502443.003100030124187, 0.0 ], [ 105285.126900002360344, 502439.891100004315376, 0.0 ], [ 105281.630900003015995, 502438.659099996089935, 0.0 ], [ 105265.0709000043571, 502432.896100014448166, 0.0 ], [ 105264.876600001007318, 502432.828500010073185, 0.0 ], [ 105255.901999998837709, 502429.698200013488531, 0.0 ], [ 105255.807700008153915, 502429.665300026535988, 0.0 ], [ 105255.760900001972914, 502429.648400008678436, 0.0 ], [ 105255.716000001877546, 502429.626900017261505, 0.0 ], [ 105255.626000002026558, 502429.583799995481968, 0.0 ], [ 105255.535799998790026, 502429.540700018405914, 0.0 ], [ 105255.445799998939037, 502429.497700016945601, 0.0 ], [ 105255.361400004476309, 502429.444500010460615, 0.0 ], [ 105255.276900004595518, 502429.391200002282858, 0.0 ], [ 105255.192499998956919, 502429.337999995797873, 0.0 ], [ 105255.114100001752377, 502429.276300013065338, 0.0 ], [ 105255.035500001162291, 502429.214500017464161, 0.0 ], [ 105254.957100000232458, 502429.152800004929304, 0.0 ], [ 105254.886400006711483, 502429.082500003278255, 0.0 ], [ 105254.815499998629093, 502429.012100026011467, 0.0 ], [ 105254.744700003415346, 502428.941700007766485, 0.0 ], [ 105254.709899999201298, 502428.906300000846386, 0.0 ], [ 105254.678700000047684, 502428.867400016635656, 0.0 ], [ 105254.616300005465746, 502428.78940000385046, 0.0 ], [ 105254.553800016641617, 502428.711400032043457, 0.0 ], [ 105254.491500001400709, 502428.633599996566772, 0.0 ], [ 105254.438000001013279, 502428.549200020730495, 0.0 ], [ 105254.384500000625849, 502428.464800011366606, 0.0 ], [ 105254.345199998468161, 502428.401300013065338, 0.0 ], [ 105249.865000002086163, 502436.832000017166138, 0.0 ], [ 105248.909000001847744, 502440.675999995321035, 0.0 ], [ 105247.32600000500679, 502447.561000034213066, 0.0 ], [ 105245.739000003784895, 502453.951000016182661, 0.0 ], [ 105245.560000006109476, 502454.68400002270937, 0.0 ], [ 105244.320999998599291, 502459.544000014662743, 0.0 ], [ 105244.0253000035882, 502460.658300019800663, 0.0 ], [ 105243.691200003027916, 502461.761599998921156, 0.0 ], [ 105243.318999998271465, 502462.852700009942055, 0.0 ], [ 105242.90930001065135, 502463.930200014263391, 0.0 ], [ 105242.462400000542402, 502464.992899999022484, 0.0 ], [ 105241.978900004178286, 502466.039400022476912, 0.0 ], [ 105241.459499999880791, 502467.068600032478571, 0.0 ], [ 105240.904699999839067, 502468.079199995845556, 0.0 ], [ 105240.315200008451939, 502469.069900032132864, 0.0 ], [ 105239.691700000315905, 502470.039500001817942, 0.0 ], [ 105239.035000000149012, 502470.987000003457069, 0.0 ], [ 105238.518100000917912, 502471.698500014841557, 0.0 ], [ 105238.02589999884367, 502472.427200019359589, 0.0 ], [ 105237.558800004422665, 502473.172300018370152, 0.0 ], [ 105237.117400005459785, 502473.93290001526475, 0.0 ], [ 105236.702200010418892, 502474.708200003951788, 0.0 ], [ 105236.313700009137392, 502475.497100010514259, 0.0 ], [ 105235.952399998903275, 502476.29890002310276, 0.0 ], [ 105235.618599999696016, 502477.112500004470348, 0.0 ], [ 105235.312899999320507, 502477.937100015580654, 0.0 ], [ 105235.035399999469519, 502478.771600004285574, 0.0 ], [ 105234.78660000115633, 502479.614999994635582, 0.0 ], [ 105234.566700000315905, 502480.466500006616116, 0.0 ], [ 105234.375999998301268, 502481.324999999254942, 0.0 ], [ 105232.559000000357628, 502489.820000022649765, 0.0 ], [ 105232.363200005143881, 502490.692799996584654, 0.0 ], [ 105232.136900003999472, 502491.558100018650293, 0.0 ], [ 105231.880300004035234, 502492.41499999910593, 0.0 ], [ 105231.593899998813868, 502493.262400005012751, 0.0 ], [ 105231.278000000864267, 502494.099199999123812, 0.0 ], [ 105230.932800002396107, 502494.924400024116039, 0.0 ], [ 105230.534800000488758, 502495.735700003802776, 0.0 ], [ 105230.50560000166297, 502495.795100025832653, 0.0 ], [ 105230.203500002622604, 502496.478399999439716, 0.0 ], [ 105229.985500000417233, 502497.050799999386072, 0.0 ], [ 105229.785700004547834, 502497.629799999296665, 0.0 ], [ 105229.604200009256601, 502498.214800007641315, 0.0 ], [ 105229.441200003027916, 502498.80519999936223, 0.0 ], [ 105229.297000013291836, 502499.400500018149614, 0.0 ], [ 105229.171700015664101, 502500.000000011175871, 0.0 ], [ 105228.125600002706051, 502506.348400011658669, 0.0 ], [ 105227.608200009912252, 502506.293700009584427, 0.0 ], [ 105226.247400000691414, 502518.762099999934435, 0.0 ], [ 105226.880399998277426, 502520.078400012105703, 0.0 ], [ 105229.556200001388788, 502521.786400035023689, 0.0 ], [ 105228.82600000500679, 502525.176000021398067, 0.0 ], [ 105229.693999998271465, 502529.774999994784594, 0.0 ], [ 105228.218900002539158, 502544.150000013411045, 0.0 ], [ 105226.122999999672174, 502545.993000011891127, 0.0 ], [ 105224.537000000476837, 502561.038000006228685, 0.0 ], [ 105223.212000001221895, 502573.49100000038743, 0.0 ], [ 105223.037000000476837, 502575.172000020742416, 0.0 ], [ 105220.878000002354383, 502595.554000001400709, 0.0 ], [ 105220.325100000947714, 502599.892999995499849, 0.0 ], [ 105219.617499999701977, 502604.209600027650595, 0.0 ], [ 105218.756000000983477, 502608.498000010848045, 0.0 ], [ 105216.120000004768372, 502620.160000015050173, 0.0 ], [ 105214.623000003397465, 502636.105000007897615, 0.0 ], [ 105210.802000001072884, 502670.962000001221895, 0.0 ], [ 105210.355000000447035, 502675.230000004172325, 0.0 ], [ 105208.24600001052022, 502694.649000015109777, 0.0 ], [ 105207.593900002539158, 502710.328000016510487, 0.0 ], [ 105209.072000000625849, 502711.10300001129508, 0.0 ], [ 105208.568000007420778, 502718.95100000873208, 0.0 ], [ 105207.243999999016523, 502718.214000016450882, 0.0 ], [ 105206.921000003814697, 502722.890300016850233, 0.0 ], [ 105206.235500004142523, 502730.543500017374754, 0.0 ], [ 105206.180000003427267, 502732.828000005334616, 0.0 ], [ 105204.148000001907349, 502752.26799999922514, 0.0 ], [ 105186.81700000539422, 502914.583999995142221, 0.0 ], [ 105183.410999998450279, 502940.779000010341406, 0.0 ], [ 105182.256000000983477, 502948.244000032544136, 0.0 ], [ 105181.818999998271465, 502950.721000012010336, 0.0 ], [ 105175.486000005155802, 502988.872000012546778, 0.0 ], [ 105173.532000005245209, 503000.087000016123056, 0.0 ], [ 105176.229200005531311, 503000.73649999499321, 0.0 ], [ 105171.367000002413988, 503029.431000009179115, 0.0 ], [ 105167.217000003904104, 503052.399000011384487, 0.0 ], [ 105166.942999999970198, 503053.661000028252602, 0.0 ], [ 105166.26799999922514, 503057.626000020653009, 0.0 ], [ 105162.243599999696016, 503081.265600007027388, 0.0 ], [ 105161.751000005751848, 503084.159000001847744, 0.0 ], [ 105161.727700002491474, 503084.296200018376112, 0.0 ], [ 105161.704500000923872, 503084.433100000023842, 0.0 ], [ 105160.572000000625849, 503091.127000000327826, 0.0 ], [ 105159.0760000012815, 503100.103999994695187, 0.0 ], [ 105157.633000001311302, 503108.172100007534027, 0.0 ], [ 105156.785000000149012, 503112.917000003159046, 0.0 ], [ 105154.127999998629093, 503128.138000007718801, 0.0 ], [ 105153.138000000268221, 503133.564000006765127, 0.0 ], [ 105152.687899999320507, 503135.973200004547834, 0.0 ], [ 105152.040100000798702, 503139.553800001740456, 0.0 ], [ 105148.60700000077486, 503157.816000018268824, 0.0 ], [ 105146.620000001043081, 503169.740000013262033, 0.0 ], [ 105143.324000000953674, 503189.643000014126301, 0.0 ], [ 105141.489999998360872, 503202.050000015646219, 0.0 ], [ 105140.238200001418591, 503211.270800016820431, 0.0 ], [ 105139.25, 503218.55000001937151, 0.0 ], [ 105139.110000003129244, 503219.704000014811754, 0.0 ], [ 105136.820000004023314, 503238.576000019907951, 0.0 ], [ 105133.832900006324053, 503263.200100027024746, 0.0 ], [ 105132.530000008642673, 503263.085099995136261, 0.0 ], [ 105127.729000002145767, 503308.176000013947487, 0.0 ], [ 105124.61600000038743, 503339.669000007212162, 0.0 ], [ 105121.567999999970198, 503362.307000003755093, 0.0 ], [ 105121.804000005125999, 503367.402000032365322, 0.0 ], [ 105120.497999999672174, 503380.340000003576279, 0.0 ], [ 105118.622000005096197, 503396.29500000923872, 0.0 ], [ 105116.24100000038743, 503417.665000002831221, 0.0 ], [ 105113.5760000012815, 503435.941000029444695, 0.0 ], [ 105113.005000002682209, 503439.329000018537045, 0.0 ], [ 105110.640000000596046, 503453.375000007450581, 0.0 ], [ 105107.823900006711483, 503468.354900013655424, 0.0 ], [ 105106.303000014275312, 503476.44700001180172, 0.0 ], [ 105105.25900000333786, 503479.756000019609928, 0.0 ], [ 105104.14750000089407, 503483.279800001531839, 0.0 ], [ 105102.967200007289648, 503487.021400023251772, 0.0 ], [ 105101.274999998509884, 503492.386000007390976, 0.0 ], [ 105099.511999998241663, 503500.000000022351742, 0.0 ], [ 105095.412000015377998, 503516.348999999463558, 0.0 ], [ 105090.74100000038743, 503532.528000000864267, 0.0 ], [ 105087.147000014781952, 503544.078000005334616, 0.0 ], [ 105083.588000003248453, 503556.673100017011166, 0.0 ], [ 105091.758900005370378, 503560.931100003421307, 0.0 ], [ 105100.713899999856949, 503565.57810003310442, 0.0 ], [ 105211.29390000924468, 503623.947100013494492, 0.0 ], [ 105246.075900003314018, 503642.115100029855967, 0.0 ], [ 105248.23589999973774, 503640.285100035369396, 0.0 ], [ 105256.020900003612041, 503635.392100013792515, 0.0 ], [ 105267.890900004655123, 503627.661100015044212, 0.0 ], [ 105272.690900001674891, 503624.966100033372641, 0.0 ], [ 105278.669900003820658, 503619.466099996119738, 0.0 ], [ 105288.210900004953146, 503611.471100028604269, 0.0 ], [ 105295.091900002211332, 503605.949099998921156, 0.0 ], [ 105303.274900000542402, 503597.913099996745586, 0.0 ], [ 105314.888900008052588, 503586.38910000026226, 0.0 ], [ 105324.925900004804134, 503576.44810002297163, 0.0 ], [ 105337.046900015324354, 503564.984099995344877, 0.0 ], [ 105346.853900000452995, 503555.311100002378225, 0.0 ], [ 105358.045900002121925, 503543.521100029349327, 0.0 ], [ 105367.866900000721216, 503533.396099995821714, 0.0 ], [ 105377.3429000005126, 503523.349100016057491, 0.0 ], [ 105386.380900014191866, 503514.090100035071373, 0.0 ], [ 105395.768900003284216, 503504.201100010424852, 0.0 ], [ 105399.789900001138449, 503500.000100009143353, 0.0 ], [ 105422.470900006592274, 503476.307099997997284, 0.0 ], [ 105427.761900003999472, 503479.69410002976656, 0.0 ], [ 105464.901900004595518, 503500.000100009143353, 0.0 ], [ 105681.660900000482798, 503618.510100018233061, 0.0 ], [ 105685.729900002479553, 503620.726100020110607, 0.0 ], [ 105691.340200003236532, 503623.782499995082617, 0.0 ], [ 105691.754900004714727, 503623.434100020676851, 0.0 ], [ 105702.792899999767542, 503614.577100019901991, 0.0 ], [ 105710.086900003254414, 503608.662099998444319, 0.0 ], [ 105710.881999999284744, 503608.218100018799305, 0.0 ], [ 105710.272900000214577, 503607.398100011050701, 0.0 ], [ 105719.251900002360344, 503600.241099998354912, 0.0 ], [ 105727.099899999797344, 503593.916100025177002, 0.0 ], [ 105735.760900001972914, 503586.880100000649691, 0.0 ], [ 105737.121900003403425, 503585.856100011616945, 0.0 ], [ 105743.010899998247623, 503581.181100003421307, 0.0 ], [ 105754.913900002837181, 503568.896099999547005, 0.0 ], [ 105763.509900003671646, 503561.547100007534027, 0.0 ], [ 105767.144900001585484, 503558.892099995166063, 0.0 ], [ 105771.042900003492832, 503554.664100017398596, 0.0 ], [ 105783.786900002509356, 503544.131099995225668, 0.0 ], [ 105786.638900000602007, 503543.164000019431114, 0.0 ], [ 105791.020900003612041, 503539.451100006699562, 0.0 ], [ 105798.962900001555681, 503532.723100017756224, 0.0 ], [ 105802.331900004297495, 503529.868100017309189, 0.0 ], [ 105817.875, 503544.687000002712011, 0.0 ], [ 105817.906199999153614, 503544.717900007963181, 0.0 ], [ 105831.115600004792213, 503557.70600001886487, 0.0 ], [ 105852.53090000897646, 503578.438100032508373, 0.0 ], [ 105876.382900003343821, 503601.54610002040863, 0.0 ], [ 105927.477900005877018, 503651.409100022166967, 0.0 ], [ 105872.403400003910065, 503710.766200002282858, 0.0 ], [ 105879.67790000140667, 503723.935100007802248, 0.0 ], [ 105883.279900003224611, 503731.271100006997585, 0.0 ], [ 105886.492000002413988, 503736.883000027388334, 0.0 ], [ 105887.839000001549721, 503741.140000019222498, 0.0 ], [ 105893.19590001553297, 503750.944100014865398, 0.0 ], [ 105896.55290000885725, 503758.350100010633469, 0.0 ], [ 105897.837900005280972, 503762.461100030690432, 0.0 ], [ 105889.074000008404255, 503767.031000018119812, 0.0 ], [ 105875.140000008046627, 503774.678000018000603, 0.0 ], [ 105863.014000002294779, 503781.727000005543232, 0.0 ], [ 105853.721999999135733, 503786.591000013053417, 0.0 ], [ 105851.16499999910593, 503795.32700002938509, 0.0 ], [ 105849.682000000029802, 503799.963000021874905, 0.0 ], [ 105848.03200001642108, 503805.013000026345253, 0.0 ], [ 105845.556000001728535, 503808.524999994784594, 0.0 ], [ 105841.868000000715256, 503811.33100002259016, 0.0 ], [ 105837.205000001937151, 503813.864000022411346, 0.0 ], [ 105828.179000001400709, 503818.90700001642108, 0.0 ], [ 105813.540000002831221, 503825.908000003546476, 0.0 ], [ 105808.301000002771616, 503837.470000002533197, 0.0 ], [ 105804.276000000536442, 503845.421999994665384, 0.0 ], [ 105800.55799999833107, 503853.449000008404255, 0.0 ], [ 105797.523000001907349, 503860.618000000715256, 0.0 ], [ 105796.414000000804663, 503865.524000026285648, 0.0 ], [ 105796.081999998539686, 503873.228000018745661, 0.0 ], [ 105794.71000000089407, 503879.861000001430511, 0.0 ], [ 105793.792899999767542, 503884.0500000230968, 0.0 ], [ 105782.954999998211861, 503890.895000021904707, 0.0 ], [ 105779.646000012755394, 503893.420000016689301, 0.0 ], [ 105777.334000006318092, 503897.720000024884939, 0.0 ], [ 105775.481000002473593, 503902.736999999731779, 0.0 ], [ 105773.053900003433228, 503909.354999996721745, 0.0 ], [ 105765.614999998360872, 503915.424000006169081, 0.0 ], [ 105759.188000004738569, 503920.959999997168779, 0.0 ], [ 105754.098000016063452, 503924.49999999627471, 0.0 ], [ 105752.820999998599291, 503925.388000000268221, 0.0 ], [ 105748.86600000411272, 503927.361999999731779, 0.0 ], [ 105744.16100000217557, 503930.000000022351742, 0.0 ], [ 105739.989000003784895, 503932.39300000295043, 0.0 ], [ 105738.203000001609325, 503933.892000012099743, 0.0 ], [ 105737.91100000217557, 503934.160000011324883, 0.0 ], [ 105736.625000007450581, 503935.475000005215406, 0.0 ], [ 105736.151000000536442, 503937.068099997937679, 0.0 ], [ 105736.791000001132488, 503938.77300001308322, 0.0 ], [ 105737.664000004529953, 503941.511999994516373, 0.0 ], [ 105755.013999998569489, 503976.165000002831221, 0.0 ], [ 105753.425999999046326, 503978.604000020772219, 0.0 ], [ 105732.506000004708767, 503993.911100003868341, 0.0 ], [ 105731.529000002890825, 503996.097000006586313, 0.0 ], [ 105731.078000001609325, 503998.592000007629395, 0.0 ], [ 105731.686900001019239, 504000.000100012868643, 0.0 ], [ 105733.175000004470348, 504003.440999999642372, 0.0 ], [ 105733.929900009185076, 504008.448000002652407, 0.0 ], [ 105745.704900003969669, 504030.027100015431643, 0.0 ], [ 105772.894900005310774, 504080.971100009977818, 0.0 ], [ 105801.085900001227856, 504133.13909999653697, 0.0 ], [ 105807.448900002986193, 504144.217100001871586, 0.0 ], [ 105822.568900004029274, 504179.275100018829107, 0.0 ], [ 105824.132900003343821, 504183.113099999725819, 0.0 ], [ 105829.017900004982948, 504193.908100008964539, 0.0 ], [ 105832.410900000482798, 504201.650100003927946, 0.0 ], [ 105833.857900004833937, 504204.953099999576807, 0.0 ], [ 105834.305900003761053, 504205.975099995732307, 0.0 ], [ 105839.953000005334616, 504217.512099996209145, 0.0 ], [ 105844.889000002294779, 504232.669100016355515, 0.0 ], [ 105851.153000004589558, 504249.374100018292665, 0.0 ], [ 105856.374000005424023, 504264.959099996834993, 0.0 ], [ 105861.896999999880791, 504279.316099997609854, 0.0 ], [ 105866.732999999076128, 504294.481100022792816, 0.0 ], [ 105870.949999999254942, 504306.332999996840954, 0.0 ], [ 105876.203000001609325, 504328.539000019431114, 0.0 ], [ 105877.035000011324883, 504338.858999997377396, 0.0 ], [ 105877.605000007897615, 504357.127000018954277, 0.0 ], [ 105880.238900002092123, 504368.004100032150745, 0.0 ], [ 105885.437899999320507, 504376.101100012660027, 0.0 ], [ 105899.231900002807379, 504363.11310001835227, 0.0 ], [ 105922.061900001019239, 504342.722100019454956, 0.0 ], [ 105954.155900005251169, 504313.488100003451109, 0.0 ], [ 105999.999900002032518, 504271.782100033015013, 0.0 ] ] ] ] } },
{ "type": "Feature", "properties": { "fid": 1154, "jrstatcode": "2026WK039603", "wk_code": "WK039603", "wk_naam": "Wijk 03 Hofland, Oosterwijk en Zuidbroek", "gm_code": "GM0396", "gm_naam": "Heemskerk", "water": "NEE", "jaar": "2026" }, "geometry": { "type": "MultiPolygon", "coordinates": [ [ [ [ 107581.044200010597706, 502616.267700001597404, 0.0 ], [ 107597.410399999469519, 502588.951000019907951, 0.0 ], [ 107597.730200003832579, 502589.074599999934435, 0.0 ], [ 107598.054000005125999, 502589.186999998986721, 0.0 ], [ 107598.381499998271465, 502589.28820001706481, 0.0 ], [ 107598.712300006300211, 502589.378000006079674, 0.0 ], [ 107599.046100005507469, 502589.456300012767315, 0.0 ], [ 107599.38230000436306, 502589.522999994456768, 0.0 ], [ 107599.720600008964539, 502589.578100007027388, 0.0 ], [ 107600.060699999332428, 502589.621500004082918, 0.0 ], [ 107600.401999998837709, 502589.65310001373291, 0.0 ], [ 107600.744199998676777, 502589.672900021076202, 0.0 ], [ 107601.086900003254414, 502589.680900026112795, 0.0 ], [ 107601.429699998348951, 502589.677100017666817, 0.0 ], [ 107601.772100005298853, 502589.661400012671947, 0.0 ], [ 107602.113800011575222, 502589.633900035172701, 0.0 ], [ 107602.454300004988909, 502589.594600014388561, 0.0 ], [ 107602.793300002813339, 502589.543500032275915, 0.0 ], [ 107603.130300004035234, 502589.480799999088049, 0.0 ], [ 107603.464999999850988, 502589.40650000795722, 0.0 ], [ 107603.796900000423193, 502589.320600032806396, 0.0 ], [ 107604.125600002706051, 502589.223400000482798, 0.0 ], [ 107604.450699999928474, 502589.114800002425909, 0.0 ], [ 107604.771899998188019, 502588.995100021362305, 0.0 ], [ 107605.088800005614758, 502588.864400014281273, 0.0 ], [ 107605.401000015437603, 502588.722899999469519, 0.0 ], [ 107605.708100002259016, 502588.570599995553493, 0.0 ], [ 107606.009800001978874, 502588.407900024205446, 0.0 ], [ 107606.305700000375509, 502588.234800018370152, 0.0 ], [ 107606.595400005578995, 502588.051600005477667, 0.0 ], [ 107606.878600012511015, 502587.858400013297796, 0.0 ], [ 107607.155000004917383, 502587.655700027942657, 0.0 ], [ 107607.422200005501509, 502587.440700016915798, 0.0 ], [ 107607.484700001776218, 502587.388300016522408, 0.0 ], [ 107607.55180000513792, 502587.334100000560284, 0.0 ], [ 107607.6824000030756, 502587.22859999537468, 0.0 ], [ 107607.748400002717972, 502587.176899999380112, 0.0 ], [ 107607.816200010478497, 502587.127300012856722, 0.0 ], [ 107607.951600003987551, 502587.028099998831749, 0.0 ], [ 107608.093000005930662, 502586.937300000339746, 0.0 ], [ 107608.164100002497435, 502586.892800029367208, 0.0 ], [ 107608.236600007861853, 502586.850500017404556, 0.0 ], [ 107608.381500001996756, 502586.765800017863512, 0.0 ], [ 107608.53150000423193, 502586.690000031143427, 0.0 ], [ 107608.606700003147125, 502586.652900010347366, 0.0 ], [ 107608.683600008487701, 502586.619100000709295, 0.0 ], [ 107608.83729999884963, 502586.551600012928247, 0.0 ], [ 107608.914600003510714, 502586.519199997186661, 0.0 ], [ 107608.993500016629696, 502586.490600023418665, 0.0 ], [ 107609.151500005275011, 502586.433299995958805, 0.0 ], [ 107609.230700004845858, 502586.406200014054775, 0.0 ], [ 107609.311300005763769, 502586.383000019937754, 0.0 ], [ 107609.472700007259846, 502586.336600001901388, 0.0 ], [ 107609.553700000047684, 502586.314900003373623, 0.0 ], [ 107609.635800004005432, 502586.29729999601841, 0.0 ], [ 107609.800000004470348, 502586.261900015175343, 0.0 ], [ 107609.882199998944998, 502586.245800003409386, 0.0 ], [ 107609.965200003236532, 502586.232700023800135, 0.0 ], [ 107610.130900003015995, 502586.206500023603439, 0.0 ], [ 107614.685699999332428, 502586.188100010156631, 0.0 ], [ 107614.728800002485514, 502586.184199996292591, 0.0 ], [ 107621.786699999123812, 502585.529000017791986, 0.0 ], [ 107621.904699999839067, 502585.495299994945526, 0.0 ], [ 107622.139299999922514, 502585.428200002759695, 0.0 ], [ 107622.251400001347065, 502585.393999997526407, 0.0 ], [ 107622.262600004673004, 502585.390600010752678, 0.0 ], [ 107622.371300004422665, 502585.353399999439716, 0.0 ], [ 107622.59400001168251, 502585.277100004255772, 0.0 ], [ 107622.827600002288818, 502585.181000009179115, 0.0 ], [ 107622.935500003397465, 502585.135000001639128, 0.0 ], [ 107623.049700006842613, 502585.080699995160103, 0.0 ], [ 107623.270100001245737, 502584.975800033658743, 0.0 ], [ 107623.375800002366304, 502584.922900021076202, 0.0 ], [ 107623.486200004816055, 502584.863000001758337, 0.0 ], [ 107623.694500006735325, 502584.749800026416779, 0.0 ], [ 107623.9070999994874, 502584.616499997675419, 0.0 ], [ 107624.007100000977516, 502584.552200019359589, 0.0 ], [ 107624.10920000821352, 502584.480200029909611, 0.0 ], [ 107624.308700002729893, 502584.339700002223253, 0.0 ], [ 107624.403800003230572, 502584.269899997860193, 0.0 ], [ 107624.501600004732609, 502584.190800026059151, 0.0 ], [ 107624.691399998962879, 502584.037399996072054, 0.0 ], [ 107624.781800001859665, 502583.961300015449524, 0.0 ], [ 107624.875100005418062, 502583.87710002809763, 0.0 ], [ 107625.053000003099442, 502583.716400023549795, 0.0 ], [ 107625.228300001472235, 502583.540900010615587, 0.0 ], [ 107634.411899998784065, 502571.856100007891655, 0.0 ], [ 107640.590900000184774, 502563.799099996685982, 0.0 ], [ 107649.408900011330843, 502554.439100012183189, 0.0 ], [ 107651.925500005483627, 502552.10910002887249, 0.0 ], [ 107654.518200002610683, 502549.864099998027086, 0.0 ], [ 107657.184000004082918, 502547.706500019878149, 0.0 ], [ 107659.920100003480911, 502545.638600002974272, 0.0 ], [ 107662.723400004208088, 502543.662900015711784, 0.0 ], [ 107665.590799998492002, 502541.781399998813868, 0.0 ], [ 107668.519200004637241, 502539.996300011873245, 0.0 ], [ 107671.505300004035234, 502538.309500019997358, 0.0 ], [ 107674.545800000429153, 502536.72290002182126, 0.0 ], [ 107677.637400005012751, 502535.238100029528141, 0.0 ], [ 107680.705100003629923, 502534.01740001142025, 0.0 ], [ 107680.731200002133846, 502534.00720002129674, 0.0 ], [ 107680.757700007408857, 502533.997400026768446, 0.0 ], [ 107690.923900000751019, 502530.204100035130978, 0.0 ], [ 107709.760900001972914, 502523.321000002324581, 0.0 ], [ 107723.090900003910065, 502519.268000010401011, 0.0 ], [ 107751.039600003510714, 502508.557100012898445, 0.0 ], [ 107751.127000000327826, 502508.522399995476007, 0.0 ], [ 107751.225600000470877, 502508.483700003474951, 0.0 ], [ 107772.838300000876188, 502500.000100012868643, 0.0 ], [ 107780.850900001823902, 502496.855000022798777, 0.0 ], [ 107805.032900005578995, 502486.681000020354986, 0.0 ], [ 107805.338599998503923, 502486.540600005537271, 0.0 ], [ 107805.639100007712841, 502486.38960000500083, 0.0 ], [ 107805.934200007468462, 502486.228300016373396, 0.0 ], [ 107806.22350000217557, 502486.056600011885166, 0.0 ], [ 107806.506500001996756, 502485.875000014901161, 0.0 ], [ 107806.783100005239248, 502485.683600008487701, 0.0 ], [ 107807.052800003439188, 502485.482599999755621, 0.0 ], [ 107807.31530000269413, 502485.272300008684397, 0.0 ], [ 107807.570300005376339, 502485.052900012582541, 0.0 ], [ 107807.817499998956919, 502484.824799995869398, 0.0 ], [ 107808.056500002741814, 502484.588100012391806, 0.0 ], [ 107808.287100005894899, 502484.343299996107817, 0.0 ], [ 107808.50900000333786, 502484.090500000864267, 0.0 ], [ 107808.721999999135733, 502483.830100011080503, 0.0 ], [ 107808.925600003451109, 502483.56249999627471, 0.0 ], [ 107809.1199000030756, 502483.287900026887655, 0.0 ], [ 107809.304400004446507, 502483.006600003689528, 0.0 ], [ 107809.478900000452995, 502482.719100032001734, 0.0 ], [ 107812.25789999961853, 502476.078100018203259, 0.0 ], [ 107812.430300008505583, 502475.672400005161762, 0.0 ], [ 107812.616400003433228, 502475.272700015455484, 0.0 ], [ 107812.816000003367662, 502474.879600010812283, 0.0 ], [ 107813.02870000526309, 502474.493400011211634, 0.0 ], [ 107813.25450000166893, 502474.114800021052361, 0.0 ], [ 107813.493000000715256, 502473.744000002741814, 0.0 ], [ 107813.743900004774332, 502473.381500009447336, 0.0 ], [ 107814.006900001317263, 502473.027699999511242, 0.0 ], [ 107814.281800005584955, 502472.683000005781651, 0.0 ], [ 107814.568300012499094, 502472.34790001809597, 0.0 ], [ 107814.866000007838011, 502472.022700008004904, 0.0 ], [ 107815.174500003457069, 502471.707800008356571, 0.0 ], [ 107815.493500001728535, 502471.403499994426966, 0.0 ], [ 107815.82260000705719, 502471.110200017690659, 0.0 ], [ 107816.16160000488162, 502470.828200004994869, 0.0 ], [ 107816.509900003671646, 502470.558000020682812, 0.0 ], [ 107816.86710000410676, 502470.299599997699261, 0.0 ], [ 107817.232900001108646, 502470.053600005805492, 0.0 ], [ 107817.606900002807379, 502469.820100005716085, 0.0 ], [ 107819.770900007337332, 502468.560100007802248, 0.0 ], [ 107832.676400002092123, 502462.32769999653101, 0.0 ], [ 107836.677600000053644, 502461.487299997359514, 0.0 ], [ 107839.31529999896884, 502461.313600014895201, 0.0 ], [ 107839.717700000852346, 502461.3597999997437, 0.0 ], [ 107840.118299998342991, 502461.419399999082088, 0.0 ], [ 107840.516700003296137, 502461.492299996316433, 0.0 ], [ 107840.912500005215406, 502461.578500032424927, 0.0 ], [ 107841.30519999936223, 502461.677900023758411, 0.0 ], [ 107841.694300003349781, 502461.790399994701147, 0.0 ], [ 107842.07940000295639, 502461.915800008922815, 0.0 ], [ 107842.460200000554323, 502462.05400000885129, 0.0 ], [ 107842.8361000046134, 502462.204800002276897, 0.0 ], [ 107843.206800013780594, 502462.368200019001961, 0.0 ], [ 107843.571800000965595, 502462.543800033628941, 0.0 ], [ 107843.930700000375509, 502462.731500003486872, 0.0 ], [ 107844.28319999948144, 502462.931100018322468, 0.0 ], [ 107844.628800000995398, 502463.14230003207922, 0.0 ], [ 107844.967100001871586, 502463.365000013262033, 0.0 ], [ 107845.297800000756979, 502463.598900008946657, 0.0 ], [ 107845.620500005781651, 502463.843699999153614, 0.0 ], [ 107845.934900000691414, 502464.099100016057491, 0.0 ], [ 107846.285700000822544, 502464.293399997055531, 0.0 ], [ 107846.643100004643202, 502464.475400004535913, 0.0 ], [ 107847.006499998271465, 502464.645099997520447, 0.0 ], [ 107847.375600002706051, 502464.802000004798174, 0.0 ], [ 107847.749800007790327, 502464.946100026369095, 0.0 ], [ 107848.128800008445978, 502465.077200002968311, 0.0 ], [ 107848.512200001627207, 502465.195200026035309, 0.0 ], [ 107848.899300009012222, 502465.299800008535385, 0.0 ], [ 107849.289900001138449, 502465.391000002622604, 0.0 ], [ 107849.683299999684095, 502465.468699995428324, 0.0 ], [ 107850.079200010746717, 502465.532700009644032, 0.0 ], [ 107850.477100003510714, 502465.583099998533726, 0.0 ], [ 107850.876499999314547, 502465.619600005447865, 0.0 ], [ 107851.276900004595518, 502465.642400003969669, 0.0 ], [ 107851.677800003439188, 502465.651300020515919, 0.0 ], [ 107852.07880000397563, 502465.64630001783371, 0.0 ], [ 107852.479500003159046, 502465.627500008791685, 0.0 ], [ 107852.879200000315905, 502465.594900000840425, 0.0 ], [ 107853.277500007301569, 502465.548499997705221, 0.0 ], [ 107853.674000013619661, 502465.488400027155876, 0.0 ], [ 107854.068199999630451, 502465.414600007236004, 0.0 ], [ 107854.459699999541044, 502465.327200010418892, 0.0 ], [ 107854.847899999469519, 502465.226300023496151, 0.0 ], [ 107855.232400003820658, 502465.112099997699261, 0.0 ], [ 107855.61260000616312, 502464.984800018370152, 0.0 ], [ 107855.988200005143881, 502464.844300020486116, 0.0 ], [ 107856.358800005167723, 502464.691000003367662, 0.0 ], [ 107856.723900001496077, 502464.525000032037497, 0.0 ], [ 107878.578899998217821, 502454.71900000423193, 0.0 ], [ 107914.365900002419949, 502438.752000018954277, 0.0 ], [ 107962.337900009006262, 502416.981000017374754, 0.0 ], [ 107962.805500004440546, 502416.774700000882149, 0.0 ], [ 107963.265500001609325, 502416.55230001360178, 0.0 ], [ 107963.717599999159575, 502416.314000006765127, 0.0 ], [ 107964.160999998450279, 502416.060100011527538, 0.0 ], [ 107964.595400005578995, 502415.790800008922815, 0.0 ], [ 107965.020000003278255, 502415.506499994546175, 0.0 ], [ 107965.434500001370907, 502415.207600016146898, 0.0 ], [ 107965.83840000256896, 502414.894400030374527, 0.0 ], [ 107966.231000002473593, 502414.567300017923117, 0.0 ], [ 107966.612000003457069, 502414.226800031960011, 0.0 ], [ 107966.980900004506111, 502413.873100023716688, 0.0 ], [ 107977.888900008052588, 502401.951100014150143, 0.0 ], [ 107980.953899998217821, 502398.530100006610155, 0.0 ], [ 107995.6199000030756, 502378.457100015133619, 0.0 ], [ 107999.999899998307228, 502372.099500007927418, 0.0 ], [ 108009.783900000154972, 502357.89809999614954, 0.0 ], [ 108014.647900000214577, 502351.026100002229214, 0.0 ], [ 108023.849900003522635, 502340.857100009918213, 0.0 ], [ 108038.887899998575449, 502327.002100005745888, 0.0 ], [ 108058.963899999856949, 502308.825100004673004, 0.0 ], [ 108063.960900004953146, 502304.127100005745888, 0.0 ], [ 108064.654100000858307, 502303.393100004643202, 0.0 ], [ 108065.32260000705719, 502302.636499997228384, 0.0 ], [ 108065.965700000524521, 502301.8581000007689, 0.0 ], [ 108066.582500003278255, 502301.058800011873245, 0.0 ], [ 108067.172499999403954, 502300.239499997347593, 0.0 ], [ 108067.735000003129244, 502299.401100005954504, 0.0 ], [ 108068.269400000572205, 502298.54440001770854, 0.0 ], [ 108068.774999998509884, 502297.670600019395351, 0.0 ], [ 108069.251400001347065, 502296.780400015413761, 0.0 ], [ 108069.697999998927116, 502295.874900031834841, 0.0 ], [ 108070.114200003445148, 502294.955100025981665, 0.0 ], [ 108070.499800007790327, 502294.021900020539761, 0.0 ], [ 108070.854300003498793, 502293.076500002294779, 0.0 ], [ 108071.177099999040365, 502292.119899995625019, 0.0 ], [ 108071.467999998480082, 502291.153099998831749, 0.0 ], [ 108075.13399999961257, 502279.092100009322166, 0.0 ], [ 108080.617900002747774, 502265.5591000020504, 0.0 ], [ 108085.230900004506111, 502257.91210001334548, 0.0 ], [ 108091.336899999529123, 502249.143100008368492, 0.0 ], [ 108099.056900002062321, 502235.493100002408028, 0.0 ], [ 108119.698700003325939, 502195.423700012266636, 0.0 ], [ 108125.3125, 502185.425900008529425, 0.0 ], [ 108141.571900002658367, 502154.589100021868944, 0.0 ], [ 108148.335900004953146, 502142.026099994778633, 0.0 ], [ 108155.050900004804134, 502129.685100011527538, 0.0 ], [ 108160.965900007635355, 502119.93910001963377, 0.0 ], [ 108166.136900000274181, 502112.441100008785725, 0.0 ], [ 108171.637900002300739, 502105.819099996238947, 0.0 ], [ 108180.581900000572205, 502095.890099998563528, 0.0 ], [ 108186.770899999886751, 502090.025100030004978, 0.0 ], [ 108205.852800000458956, 502072.203699998557568, 0.0 ], [ 108205.944300003349781, 502071.944999996572733, 0.0 ], [ 108206.715199999511242, 502070.962900023907423, 0.0 ], [ 108206.795900009572506, 502070.86820001155138, 0.0 ], [ 108207.482900012284517, 502070.259100023657084, 0.0 ], [ 108210.351300004869699, 502073.751200009137392, 0.0 ], [ 108214.11090000346303, 502070.663100007921457, 0.0 ], [ 108220.09290000423789, 502066.006100006401539, 0.0 ], [ 108221.967900007963181, 502064.301100015640259, 0.0 ], [ 108229.006900005042553, 502058.76510002464056, 0.0 ], [ 108232.636100005358458, 502055.839300002902746, 0.0 ], [ 108229.704900003969669, 502052.203400000929832, 0.0 ], [ 108226.845899999141693, 502048.657100014388561, 0.0 ], [ 108223.254900012165308, 502043.371100001037121, 0.0 ], [ 108219.220900002866983, 502038.350100010633469, 0.0 ], [ 108210.270899999886751, 502027.525100003927946, 0.0 ], [ 108190.257900003343821, 502003.19310001283884, 0.0 ], [ 108187.826900005340576, 502000.000100009143353, 0.0 ], [ 108172.437900006771088, 501979.790100023150444, 0.0 ], [ 108155.309900000691414, 501958.025100015103817, 0.0 ], [ 108104.085900004953146, 501893.260100014507771, 0.0 ], [ 108050.8739, 501825.931100033223629, 0.0 ], [ 108041.830899998545647, 501814.815100010484457, 0.0 ], [ 108016.694899998605251, 501781.86810003221035, 0.0 ], [ 108001.763900000602007, 501763.867100011557341, 0.0 ], [ 107999.999899998307228, 501761.763099994510412, 0.0 ], [ 107997.267900004982948, 501758.505100023001432, 0.0 ], [ 107984.261900003999472, 501735.044100016355515, 0.0 ], [ 107959.479900013655424, 501703.058100014925003, 0.0 ], [ 107938.304900005459785, 501675.789100024849176, 0.0 ], [ 107924.884900007396936, 501657.400100015103817, 0.0 ], [ 107907.261900003999472, 501635.554100032895803, 0.0 ], [ 107888.500900000333786, 501612.019100029021502, 0.0 ], [ 107859.276900000870228, 501576.691100019961596, 0.0 ], [ 107829.60190000012517, 501540.125100005418062, 0.0 ], [ 107817.590900000184774, 501525.112100031226873, 0.0 ], [ 107814.747900009155273, 501520.744100023061037, 0.0 ], [ 107797.943900000303984, 501500.000100005418062, 0.0 ], [ 107791.07090000808239, 501491.516100004315376, 0.0 ], [ 107759.915900003165007, 501450.777100007981062, 0.0 ], [ 107729.15089999884367, 501410.187100030481815, 0.0 ], [ 107697.364900004118681, 501369.761100001633167, 0.0 ], [ 107676.415400002151728, 501343.324700023978949, 0.0 ], [ 107621.440700013190508, 501273.951300013810396, 0.0 ], [ 107610.941500000655651, 501260.702199995517731, 0.0 ], [ 107604.018900003284216, 501252.241100024431944, 0.0 ], [ 107602.227900002151728, 501250.000100009143353, 0.0 ], [ 107589.867899999022484, 501234.538100026547909, 0.0 ], [ 107580.72690000012517, 501222.223099999129772, 0.0 ], [ 107564.550900001078844, 501203.111099999397993, 0.0 ], [ 107556.401900008320808, 501191.76409999653697, 0.0 ], [ 107537.336899999529123, 501168.773100011050701, 0.0 ], [ 107502.038900002837181, 501124.082099996507168, 0.0 ], [ 107499.999900002032518, 501121.44709999486804, 0.0 ], [ 107471.18189999833703, 501084.198100000619888, 0.0 ], [ 107433.713900003582239, 501037.377100020647049, 0.0 ], [ 107403.470900002866983, 501000.000100027769804, 0.0 ], [ 107383.65089999884367, 500975.504100006073713, 0.0 ], [ 107373.135200005024672, 500961.924000006169081, 0.0 ], [ 107371.221900004893541, 500962.420100007206202, 0.0 ], [ 107367.749899998307228, 500962.896099995821714, 0.0 ], [ 107356.039900004863739, 500948.101100012660027, 0.0 ], [ 107333.743900004774332, 500919.973100028932095, 0.0 ], [ 107311.057900004088879, 500891.765100013464689, 0.0 ], [ 107295.86090000718832, 500872.070099998265505, 0.0 ], [ 107281.992300000041723, 500854.389300014823675, 0.0 ], [ 107280.791900001466274, 500852.859100002795458, 0.0 ], [ 107233.17790000513196, 500791.920100003480911, 0.0 ], [ 107230.778500001877546, 500788.86880000308156, 0.0 ], [ 107222.797699999064207, 500791.828200004994869, 0.0 ], [ 107212.320999998599291, 500795.712999999523163, 0.0 ], [ 107210.931000005453825, 500796.104000009596348, 0.0 ], [ 107210.24100000411272, 500796.298000007867813, 0.0 ], [ 107209.32600000500679, 500796.404000010341406, 0.0 ], [ 107204.791999999433756, 500796.933000013232231, 0.0 ], [ 107177.706999998539686, 500800.726000010967255, 0.0 ], [ 107165.782999999821186, 500805.15200000628829, 0.0 ], [ 107157.449999999254942, 500809.427000015974045, 0.0 ], [ 107152.848000004887581, 500811.823000032454729, 0.0 ], [ 107146.809000000357628, 500814.357999999076128, 0.0 ], [ 107136.868999999016523, 500817.810999996960163, 0.0 ], [ 107131.479000002145767, 500819.558000005781651, 0.0 ], [ 107127.418000005185604, 500820.710000023245811, 0.0 ], [ 107108.368000000715256, 500801.462000019848347, 0.0 ], [ 107102.004000000655651, 500807.712999995797873, 0.0 ], [ 107100.140000000596046, 500809.543000005185604, 0.0 ], [ 107099.359000001102686, 500810.333999995142221, 0.0 ], [ 107098.525000002235174, 500811.067999996244907, 0.0 ], [ 107097.640000008046627, 500811.74100000411272, 0.0 ], [ 107096.711000002920628, 500812.349000003188848, 0.0 ], [ 107095.739999998360872, 500812.891000010073185, 0.0 ], [ 107094.734000004827976, 500813.363000009208918, 0.0 ], [ 107093.697000008076429, 500813.761999994516373, 0.0 ], [ 107092.63400000333786, 500814.087000023573637, 0.0 ], [ 107091.551000006496906, 500814.336000006645918, 0.0 ], [ 107090.453000005334616, 500814.508000001311302, 0.0 ], [ 107089.346000000834465, 500814.602000024169683, 0.0 ], [ 107088.235000014305115, 500814.618000023066998, 0.0 ], [ 107087.125, 500814.55400000885129, 0.0 ], [ 107086.023000001907349, 500814.412999995052814, 0.0 ], [ 107081.774000000208616, 500813.816000033169985, 0.0 ], [ 107078.273000001907349, 500813.376000013202429, 0.0 ], [ 107077.524999998509884, 500813.512000013142824, 0.0 ], [ 107076.097000002861023, 500813.7730000205338, 0.0 ], [ 107074.220000002533197, 500814.984000016003847, 0.0 ], [ 107062.256000000983477, 500826.702999997884035, 0.0 ], [ 107062.372999999672174, 500826.806000009179115, 0.0 ], [ 107059.479000002145767, 500829.696000017225742, 0.0 ], [ 107058.787999998778105, 500830.523000001907349, 0.0 ], [ 107058.004999998956919, 500833.079000022262335, 0.0 ], [ 107055.905000004917383, 500835.069000001996756, 0.0 ], [ 107055.210999999195337, 500835.725999999791384, 0.0 ], [ 107049.86600000411272, 500840.788000024855137, 0.0 ], [ 107048.844999998807907, 500839.717999998480082, 0.0 ], [ 107040.720000006258488, 500847.698000021278858, 0.0 ], [ 107036.577000003308058, 500851.767000008374453, 0.0 ], [ 107032.144000001251698, 500856.177000008523464, 0.0 ], [ 107015.263999998569489, 500872.701999995857477, 0.0 ], [ 107007.359000004827976, 500880.293000005185604, 0.0 ], [ 107005.587999999523163, 500882.166999999433756, 0.0 ], [ 107005.461000002920628, 500882.292000003159046, 0.0 ], [ 107000.765000000596046, 500877.446999996900558, 0.0 ], [ 106985.796000000089407, 500862.099000006914139, 0.0 ], [ 106983.923000007867813, 500860.226000010967255, 0.0 ], [ 106982.442999999970198, 500858.722000028938055, 0.0 ], [ 106965.352000005543232, 500841.356000013649464, 0.0 ], [ 106933.848999999463558, 500872.167000010609627, 0.0 ], [ 106925.369000002741814, 500863.473000012338161, 0.0 ], [ 106921.034000009298325, 500867.70100000500679, 0.0 ], [ 106916.761000007390976, 500871.471999995410442, 0.0 ], [ 106903.221000000834465, 500882.355000004172325, 0.0 ], [ 106899.640999998897314, 500885.233000017702579, 0.0 ], [ 106878.329000003635883, 500902.212000001221895, 0.0 ], [ 106876.71000000461936, 500903.479000005871058, 0.0 ], [ 106875.113000005483627, 500901.848000012338161, 0.0 ], [ 106868.092000000178814, 500894.663000009953976, 0.0 ], [ 106865.438000004738569, 500891.944999996572733, 0.0 ], [ 106863.634000010788441, 500890.131999995559454, 0.0 ], [ 106863.141000002622604, 500889.637000020593405, 0.0 ], [ 106860.949999999254942, 500887.381000023335218, 0.0 ], [ 106852.432000000029802, 500878.714000001549721, 0.0 ], [ 106851.557000003755093, 500877.81300001963973, 0.0 ], [ 106850.523000001907349, 500876.750000014901161, 0.0 ], [ 106847.355999998748302, 500873.557000011205673, 0.0 ], [ 106846.991999998688698, 500873.189000006765127, 0.0 ], [ 106844.970000002533197, 500875.150000002235174, 0.0 ], [ 106835.750999998301268, 500865.727000031620264, 0.0 ], [ 106834.473999999463558, 500864.424000021070242, 0.0 ], [ 106818.815000005066395, 500879.744000017642975, 0.0 ], [ 106812.754000004380941, 500885.705000016838312, 0.0 ], [ 106812.550000004470348, 500885.495000019669533, 0.0 ], [ 106812.517000000923872, 500885.46100003272295, 0.0 ], [ 106811.290000006556511, 500886.651000022888184, 0.0 ], [ 106812.757000003010035, 500888.280000008642673, 0.0 ], [ 106812.870999999344349, 500888.167000014334917, 0.0 ], [ 106835.382000003010035, 500910.973000001162291, 0.0 ], [ 106837.495999999344349, 500913.113999996334314, 0.0 ], [ 106829.172000002115965, 500921.392000000923872, 0.0 ], [ 106824.083000004291534, 500926.385000001639128, 0.0 ], [ 106817.325000002980232, 500933.108000017702579, 0.0 ], [ 106812.173000000417233, 500938.135000005364418, 0.0 ], [ 106805.245000004768372, 500944.807000000029802, 0.0 ], [ 106793.122000005096197, 500956.723000016063452, 0.0 ], [ 106787.964000009000301, 500961.789000015705824, 0.0 ], [ 106781.063000001013279, 500968.575000032782555, 0.0 ], [ 106775.927999999374151, 500973.618000015616417, 0.0 ], [ 106769.0760000012815, 500980.343000013381243, 0.0 ], [ 106766.63399999961257, 500982.567000020295382, 0.0 ], [ 106761.738000005483627, 500977.649000000208616, 0.0 ], [ 106761.832000002264977, 500977.283000018447638, 0.0 ], [ 106761.851000003516674, 500976.906000025570393, 0.0 ], [ 106761.796000000089407, 500976.531999997794628, 0.0 ], [ 106761.668000005185604, 500976.176999997347593, 0.0 ], [ 106761.473000012338161, 500975.854000017046928, 0.0 ], [ 106761.217999998480082, 500975.574999995529652, 0.0 ], [ 106760.913000002503395, 500975.3530000038445, 0.0 ], [ 106760.570000004023314, 500975.195000000298023, 0.0 ], [ 106760.201999999582767, 500975.107000011950731, 0.0 ], [ 106759.824999999254942, 500975.09400000795722, 0.0 ], [ 106759.452000003308058, 500975.155000001192093, 0.0 ], [ 106759.099000003188848, 500975.289000019431114, 0.0 ], [ 106756.807000003755093, 500976.850000005215406, 0.0 ], [ 106754.522999998182058, 500974.530000008642673, 0.0 ], [ 106753.105000000447035, 500972.9239999987185, 0.0 ], [ 106708.682000000029802, 501016.603000026196241, 0.0 ], [ 106689.987000003457069, 501034.985000018030405, 0.0 ], [ 106676.480000000447035, 501020.953000016510487, 0.0 ], [ 106657.032000001519918, 501000.750000022351742, 0.0 ], [ 106634.011999998241663, 501023.267000004649162, 0.0 ], [ 106635.243999999016523, 501024.522000018507242, 0.0 ], [ 106592.918999999761581, 501066.030000023543835, 0.0 ], [ 106595.184999998658895, 501068.375000018626451, 0.0 ], [ 106610.901000004261732, 501084.298000004142523, 0.0 ], [ 106611.065000001341105, 501084.464999999850988, 0.0 ], [ 106631.618000004440546, 501105.472000002861023, 0.0 ], [ 106636.780000001192093, 501110.770000007003546, 0.0 ], [ 106623.407000001519918, 501123.822000000625849, 0.0 ], [ 106622.991000007838011, 501123.409000013023615, 0.0 ], [ 106599.359000004827976, 501146.701999999582767, 0.0 ], [ 106581.688000004738569, 501164.436000019311905, 0.0 ], [ 106581.274999998509884, 501164.86200001090765, 0.0 ], [ 106580.918999999761581, 501165.335000034421682, 0.0 ], [ 106580.624000009149313, 501165.850000008940697, 0.0 ], [ 106580.396999999880791, 501166.397000014781952, 0.0 ], [ 106580.240000002086163, 501166.969000022858381, 0.0 ], [ 106580.155000008642673, 501167.556000009179115, 0.0 ], [ 106580.144000004976988, 501168.148999996483326, 0.0 ], [ 106580.208000004291534, 501168.73800003528595, 0.0 ], [ 106580.345000002533197, 501169.315000012516975, 0.0 ], [ 106580.552999999374151, 501169.869999997317791, 0.0 ], [ 106580.828999999910593, 501170.395000010728836, 0.0 ], [ 106581.168000005185604, 501170.880999997258186, 0.0 ], [ 106582.162000004202127, 501171.916000012308359, 0.0 ], [ 106575.934000004082918, 501177.989999994635582, 0.0 ], [ 106569.122000012546778, 501184.637000020593405, 0.0 ], [ 106566.938999999314547, 501186.767000004649162, 0.0 ], [ 106564.848999999463558, 501188.806000012904406, 0.0 ], [ 106562.743999999016523, 501190.859000023454428, 0.0 ], [ 106560.647000007331371, 501192.905000012367964, 0.0 ], [ 106558.46000000089407, 501195.039000026881695, 0.0 ], [ 106557.824000004678965, 501195.660000003874302, 0.0 ], [ 106557.14299999922514, 501196.322999998927116, 0.0 ], [ 106556.427000001072884, 501197.021000031381845, 0.0 ], [ 106554.967000000178814, 501198.446000017225742, 0.0 ], [ 106552.934000000357628, 501200.429000005125999, 0.0 ], [ 106552.856000002473593, 501200.506000034511089, 0.0 ], [ 106550.758000001311302, 501202.550999999046326, 0.0 ], [ 106548.667000003159046, 501204.590000007301569, 0.0 ], [ 106546.5, 501206.705000020563602, 0.0 ], [ 106539.807000000029802, 501213.235000021755695, 0.0 ], [ 106532.882400002330542, 501219.989700023084879, 0.0 ], [ 106529.166999999433756, 501223.614000022411346, 0.0 ], [ 106531.541999999433756, 501226.007000006735325, 0.0 ], [ 106531.064000003039837, 501226.453000009059906, 0.0 ], [ 106522.381000004708767, 501235.256999999284744, 0.0 ], [ 106490.324000004678965, 501267.760000009089708, 0.0 ], [ 106489.926000002771616, 501268.164000034332275, 0.0 ], [ 106489.475600000470877, 501268.599999997764826, 0.0 ], [ 106499.543499998748302, 501269.058300003409386, 0.0 ], [ 106503.769400000572205, 501268.93690000474453, 0.0 ], [ 106513.882000010460615, 501269.316300004720688, 0.0 ], [ 106526.02870000526309, 501271.610400006175041, 0.0 ], [ 106536.070500001311302, 501275.036000028252602, 0.0 ], [ 106544.946800000965595, 501279.775500003248453, 0.0 ], [ 106552.546799998730421, 501285.559400022029877, 0.0 ], [ 106558.553700000047684, 501293.398799996823072, 0.0 ], [ 106562.705899998545647, 501302.72460001707077, 0.0 ], [ 106563.961400002241135, 501306.138200018554926, 0.0 ], [ 106567.037900000810623, 501315.79559999704361, 0.0 ], [ 106569.212600000202656, 501326.250900026410818, 0.0 ], [ 106570.324900005012751, 501338.250200007110834, 0.0 ], [ 106573.664099998772144, 501350.300200000405312, 0.0 ], [ 106579.680900000035763, 501358.485100004822016, 0.0 ], [ 106588.038600005209446, 501363.853700004518032, 0.0 ], [ 106597.975700002163649, 501367.065700009465218, 0.0 ], [ 106622.940500006079674, 501370.195199999958277, 0.0 ], [ 106632.452300015836954, 501371.754399996250868, 0.0 ], [ 106641.126600008457899, 501373.827199999243021, 0.0 ], [ 106649.071800004690886, 501376.517100010067225, 0.0 ], [ 106656.775100000202656, 501379.45990002527833, 0.0 ], [ 106662.420400001108646, 501382.094300024211407, 0.0 ], [ 106669.91890000924468, 501386.986600015312433, 0.0 ], [ 106677.819100003689528, 501394.062699999660254, 0.0 ], [ 106702.852300003170967, 501419.692600015550852, 0.0 ], [ 106710.819900002330542, 501427.850100003182888, 0.0 ], [ 106722.469900000840425, 501440.170100003480911, 0.0 ], [ 106734.199999999254942, 501455.300000015646219, 0.0 ], [ 106734.4054000005126, 501455.507400017231703, 0.0 ], [ 106739.723700016736984, 501460.876400016248226, 0.0 ], [ 106739.793600004166365, 501460.946900006383657, 0.0 ], [ 106739.866999998688698, 501461.013700004667044, 0.0 ], [ 106740.016699999570847, 501461.144600030034781, 0.0 ], [ 106740.088500004261732, 501461.207400001585484, 0.0 ], [ 106740.169300004839897, 501461.271499998867512, 0.0 ], [ 106740.327300004661083, 501461.392299994826317, 0.0 ], [ 106740.403900004923344, 501461.450800009071827, 0.0 ], [ 106740.487799998372793, 501461.509300008416176, 0.0 ], [ 106740.642499998211861, 501461.614799998700619, 0.0 ], [ 106740.652100000530481, 501461.621200032532215, 0.0 ], [ 106740.662100002169609, 501461.627100013196468, 0.0 ], [ 106740.823100000619888, 501461.722600031644106, 0.0 ], [ 106740.904500000178814, 501461.770799998193979, 0.0 ], [ 106740.995800003409386, 501461.820600003004074, 0.0 ], [ 106741.172000005841255, 501461.912700019776821, 0.0 ], [ 106741.256500001996756, 501461.956899996846914, 0.0 ], [ 106741.350000005215406, 501462.000700004398823, 0.0 ], [ 106741.520200002938509, 501462.078300021588802, 0.0 ], [ 106741.531000003218651, 501462.083100002259016, 0.0 ], [ 106741.5422000028193, 501462.087400011718273, 0.0 ], [ 106741.716699998825788, 501462.154100008308887, 0.0 ], [ 106741.802800010889769, 501462.186999995261431, 0.0 ], [ 106741.814100001007318, 501462.19080002233386, 0.0 ], [ 106741.903600003570318, 501462.221500020474195, 0.0 ], [ 106742.09290000423789, 501462.282200019806623, 0.0 ], [ 106742.182900004088879, 501462.311100017279387, 0.0 ], [ 106742.194600004702806, 501462.314300000667572, 0.0 ], [ 106742.283300001174212, 501462.338700011372566, 0.0 ], [ 106742.464300002902746, 501462.386099997907877, 0.0 ], [ 106742.475700002163649, 501462.388900011777878, 0.0 ], [ 106742.486900005489588, 501462.391100011765957, 0.0 ], [ 106742.670700002461672, 501462.42730001360178, 0.0 ], [ 106742.761000003665686, 501462.445000007748604, 0.0 ], [ 106742.77309999987483, 501462.446899998933077, 0.0 ], [ 106742.866300001740456, 501462.461800009012222, 0.0 ], [ 106743.063200004398823, 501462.489000007510185, 0.0 ], [ 106743.158100001513958, 501462.502200029790401, 0.0 ], [ 106743.260600000619888, 501462.511300019919872, 0.0 ], [ 106743.45890000462532, 501462.525700017809868, 0.0 ], [ 106743.55290000140667, 501462.532500021159649, 0.0 ], [ 106743.565500002354383, 501462.532900016754866, 0.0 ], [ 106743.657200016081333, 501462.535600028932095, 0.0 ], [ 106743.845100004225969, 501462.538799997419119, 0.0 ], [ 106743.855900004506111, 501462.538900014013052, 0.0 ], [ 106743.866400007158518, 501462.538500018417835, 0.0 ], [ 106744.054700005799532, 501462.531000025570393, 0.0 ], [ 106744.146700002253056, 501462.526200003921986, 0.0 ], [ 106744.158700000494719, 501462.525499999523163, 0.0 ], [ 106744.25279999896884, 501462.516600027680397, 0.0 ], [ 106744.450800001621246, 501462.497900020331144, 0.0 ], [ 106744.546000000089407, 501462.487000025808811, 0.0 ], [ 106744.647399999201298, 501462.470699995756149, 0.0 ], [ 106744.843700002878904, 501462.439000010490417, 0.0 ], [ 106744.936599999666214, 501462.422100033611059, 0.0 ], [ 106745.038100000470877, 501462.3986000046134, 0.0 ], [ 106745.231699999421835, 501462.353699997067451, 0.0 ], [ 106745.324700016528368, 501462.330100018531084, 0.0 ], [ 106745.423300001770258, 501462.301399998366833, 0.0 ], [ 106745.605900004506111, 501462.24830000847578, 0.0 ], [ 106745.801100000739098, 501462.178000006824732, 0.0 ], [ 106745.887800008058548, 501462.145500015467405, 0.0 ], [ 106745.900400009006262, 501462.140700023621321, 0.0 ], [ 106745.986099999397993, 501462.105600010603666, 0.0 ], [ 106746.16270000487566, 501462.033100020140409, 0.0 ], [ 106746.335900001227856, 501461.87219999730587, 0.0 ], [ 106746.420200005173683, 501461.794900014996529, 0.0 ], [ 106746.507699999958277, 501461.721099995076656, 0.0 ], [ 106746.682800002396107, 501461.573399994522333, 0.0 ], [ 106746.77140000090003, 501461.501300003379583, 0.0 ], [ 106746.862800002098083, 501461.432300020009279, 0.0 ], [ 106747.045300006866455, 501461.294299997389317, 0.0 ], [ 106747.236600004136562, 501461.168100021779537, 0.0 ], [ 106747.332700002938509, 501461.106300007551908, 0.0 ], [ 106747.430900000035763, 501461.047300022095442, 0.0 ], [ 106747.627100005745888, 501460.929600019007921, 0.0 ], [ 106747.830600000917912, 501460.824100002646446, 0.0 ], [ 106747.932600002735853, 501460.772600010037422, 0.0 ], [ 106748.036400005221367, 501460.724199999123812, 0.0 ], [ 106748.24380000680685, 501460.627500005066395, 0.0 ], [ 106748.457100003957748, 501460.54390000551939, 0.0 ], [ 106748.564000014215708, 501460.503300007432699, 0.0 ], [ 106748.672700002789497, 501460.467400014400482, 0.0 ], [ 106748.8902000002563, 501460.395600017160177, 0.0 ], [ 106748.99940000474453, 501460.361700005829334, 0.0 ], [ 106749.110100001096725, 501460.333300020545721, 0.0 ], [ 106749.331900000572205, 501460.2764000184834, 0.0 ], [ 106749.443200003355742, 501460.25, 0.0 ], [ 106749.555700000375509, 501460.229400001466274, 0.0 ], [ 106749.780900001525879, 501460.187999997287989, 0.0 ], [ 106749.893699999898672, 501460.169500008225441, 0.0 ], [ 106750.007200002670288, 501460.155100010335445, 0.0 ], [ 106750.234300002455711, 501460.126500032842159, 0.0 ], [ 106750.462999999523163, 501460.112500004470348, 0.0 ], [ 106750.577199999243021, 501460.106800001114607, 0.0 ], [ 106750.691700004041195, 501460.104700017720461, 0.0 ], [ 106750.920499999076128, 501460.100500009953976, 0.0 ], [ 106751.149300005286932, 501460.111800000071526, 0.0 ], [ 106751.263600006699562, 501460.117500003427267, 0.0 ], [ 106751.377500005066395, 501460.127299997955561, 0.0 ], [ 106751.60530000180006, 501460.151099994778633, 0.0 ], [ 106751.71900000795722, 501460.162899997085333, 0.0 ], [ 106751.83219999819994, 501460.179900016635656, 0.0 ], [ 106752.058200005441904, 501460.21610002964735, 0.0 ], [ 106752.281700003892183, 501460.26630000397563, 0.0 ], [ 106752.393300000578165, 501460.291400004178286, 0.0 ], [ 106752.504099998623133, 501460.320000011473894, 0.0 ], [ 106752.725099999457598, 501460.379700023680925, 0.0 ], [ 106752.942100003361702, 501460.452900014817715, 0.0 ], [ 106753.050599999725819, 501460.489499997347593, 0.0 ], [ 106753.157800003886223, 501460.529500007629395, 0.0 ], [ 106753.371400002390146, 501460.611900005489588, 0.0 ], [ 106753.580099999904633, 501460.706200007349253, 0.0 ], [ 106753.684400003403425, 501460.75330001488328, 0.0 ], [ 106753.693600002676249, 501460.757699999958277, 0.0 ], [ 106753.78770000115037, 501460.802500005811453, 0.0 ], [ 106754.067500002682209, 501460.934199996292591, 0.0 ], [ 106754.146900001913309, 501460.959000002592802, 0.0 ], [ 106754.302800003439188, 501461.011100009083748, 0.0 ], [ 106754.380700007081032, 501461.037200007587671, 0.0 ], [ 106754.457299999892712, 501461.067000012844801, 0.0 ], [ 106754.609400000423193, 501461.129300013184547, 0.0 ], [ 106754.685499999672174, 501461.160500023514032, 0.0 ], [ 106754.760000001639128, 501461.195000022649765, 0.0 ], [ 106754.908500000834465, 501461.265500001609325, 0.0 ], [ 106755.052400004118681, 501461.345100000500679, 0.0 ], [ 106755.124400001019239, 501461.384800016880035, 0.0 ], [ 106755.195000004023314, 501461.426800034940243, 0.0 ], [ 106755.335400007665157, 501461.512299999594688, 0.0 ], [ 106755.470100004225969, 501461.606600016355515, 0.0 ], [ 106755.537500005215406, 501461.65370000898838, 0.0 ], [ 106755.602900002151728, 501461.703200023621321, 0.0 ], [ 106755.732200007885695, 501461.804900016635656, 0.0 ], [ 106755.79670000448823, 501461.855700016021729, 0.0 ], [ 106755.858600005507469, 501461.909600012004375, 0.0 ], [ 106755.980599999427795, 501462.019899997860193, 0.0 ], [ 106756.041500002145767, 501462.074999995529652, 0.0 ], [ 106756.099599998444319, 501462.133000023663044, 0.0 ], [ 106756.213700000196695, 501462.251400016248226, 0.0 ], [ 106756.270700003951788, 501462.310600005090237, 0.0 ], [ 106756.324599999934435, 501462.372500006109476, 0.0 ], [ 106756.430300004780293, 501462.498500008136034, 0.0 ], [ 106756.4831000007689, 501462.561600010842085, 0.0 ], [ 106756.532600004225969, 501462.627000015228987, 0.0 ], [ 106756.629399999976158, 501462.759900007396936, 0.0 ], [ 106756.677800003439188, 501462.826400011777878, 0.0 ], [ 106756.722699999809265, 501462.894999999552965, 0.0 ], [ 106756.810000013560057, 501463.034299999475479, 0.0 ], [ 106756.85360000282526, 501463.104000013321638, 0.0 ], [ 106756.893700003623962, 501463.175600007176399, 0.0 ], [ 106756.9712999984622, 501463.320500019937754, 0.0 ], [ 106757.01010000705719, 501463.392900004982948, 0.0 ], [ 106757.045200001448393, 501463.467100020498037, 0.0 ], [ 106757.113000009208918, 501463.617000006139278, 0.0 ], [ 106757.146900001913309, 501463.691900014877319, 0.0 ], [ 106757.177400004118681, 501463.768100008368492, 0.0 ], [ 106757.236800003796816, 501463.921500001102686, 0.0 ], [ 106757.286499999463558, 501464.078200027346611, 0.0 ], [ 106757.311300002038479, 501464.156600009649992, 0.0 ], [ 106757.33330001309514, 501464.235700022429228, 0.0 ], [ 106757.374300006777048, 501464.394900031387806, 0.0 ], [ 106757.394800011068583, 501464.474500015377998, 0.0 ], [ 106757.411900006234646, 501464.554800029844046, 0.0 ], [ 106757.444200001657009, 501464.716000005602837, 0.0 ], [ 106757.466300003230572, 501464.879000015556812, 0.0 ], [ 106757.477400001138449, 501464.960600018501282, 0.0 ], [ 106757.485599998384714, 501465.042100008577108, 0.0 ], [ 106757.499200008809566, 501465.20600002259016, 0.0 ], [ 106757.506000004708767, 501465.288000013679266, 0.0 ], [ 106754.989999998360872, 501470.960000015795231, 0.0 ], [ 106754.120000004768372, 501473.840000011026859, 0.0 ], [ 106753.839999999850988, 501476.34000002220273, 0.0 ], [ 106754.550000004470348, 501486.320000015199184, 0.0 ], [ 106757.889900002628565, 501499.909999996423721, 0.0 ], [ 106764.009899999946356, 501512.750100012868643, 0.0 ], [ 106771.549900002777576, 501522.920100018382072, 0.0 ], [ 106779.65990000218153, 501530.970100019127131, 0.0 ], [ 106789.689899999648333, 501538.290099997073412, 0.0 ], [ 106804.219900000840425, 501546.430100034922361, 0.0 ], [ 106822.479900002479553, 501556.370100028812885, 0.0 ], [ 106839.94990000128746, 501567.110100001096725, 0.0 ], [ 106856.349900003522635, 501578.700100030750036, 0.0 ], [ 106872.749900002032518, 501592.000100009143353, 0.0 ], [ 106898.069899998605251, 501617.080100029706955, 0.0 ], [ 106899.579900003969669, 501618.820100020617247, 0.0 ], [ 106918.959900002926588, 501647.100099995732307, 0.0 ], [ 106930.150000002235174, 501671.160100013017654, 0.0 ], [ 106937.260000005364418, 501694.280000004917383, 0.0 ], [ 106940.980000004172325, 501708.550100021064281, 0.0 ], [ 106945.754900004714727, 501724.965100016444921, 0.0 ], [ 106962.00560000538826, 501781.052499998360872, 0.0 ], [ 106950.870000001043081, 501787.038000024855137, 0.0 ], [ 106938.355999998748302, 501793.409000005573034, 0.0 ], [ 106931.403999999165535, 501796.815100014209747, 0.0 ], [ 106930.421300001442432, 501797.296399995684624, 0.0 ], [ 106921.98590000346303, 501789.772100009024143, 0.0 ], [ 106909.849599998444319, 501779.015800006687641, 0.0 ], [ 106897.965999998152256, 501785.679000005125999, 0.0 ], [ 106878.818000003695488, 501802.706000030040741, 0.0 ], [ 106865.403000000864267, 501814.577000007033348, 0.0 ], [ 106853.797000002115965, 501823.791000004857779, 0.0 ], [ 106844.532999999821186, 501831.14300000295043, 0.0 ], [ 106844.030799999833107, 501831.566600017249584, 0.0 ], [ 106843.514400005340576, 501831.972599998116493, 0.0 ], [ 106842.984400004148483, 501832.360800005495548, 0.0 ], [ 106842.441300004720688, 501832.730400007218122, 0.0 ], [ 106841.885800007730722, 501833.081300001591444, 0.0 ], [ 106841.31870000064373, 501833.412799999117851, 0.0 ], [ 106840.740500003099442, 501833.724700022488832, 0.0 ], [ 106840.151900000870228, 501834.016500003635883, 0.0 ], [ 106839.553700007498264, 501834.288000032305717, 0.0 ], [ 106838.946400005370378, 501834.538700003176928, 0.0 ], [ 106838.331000003963709, 501834.768500007688999, 0.0 ], [ 106837.708000004291534, 501834.977000009268522, 0.0 ], [ 106821.10190000385046, 501839.040100015699863, 0.0 ], [ 106806.406000006943941, 501843.710099995136261, 0.0 ], [ 106806.575899999588728, 501844.37040001899004, 0.0 ], [ 106806.722900003194809, 501845.036200027912855, 0.0 ], [ 106806.846799999475479, 501845.706700015813112, 0.0 ], [ 106806.947399999946356, 501846.381100002676249, 0.0 ], [ 106807.024700004607439, 501847.058600012212992, 0.0 ], [ 106807.078600000590086, 501847.738300006836653, 0.0 ], [ 106807.108900003135204, 501848.41949999704957, 0.0 ], [ 106807.115699999034405, 501849.10130001604557, 0.0 ], [ 106807.098999999463558, 501849.783000018447638, 0.0 ], [ 106807.078000005334616, 501849.936200030148029, 0.0 ], [ 106807.067400004714727, 501850.012899998575449, 0.0 ], [ 106807.054200001060963, 501850.088800027966499, 0.0 ], [ 106807.02479999884963, 501850.240699995309114, 0.0 ], [ 106807.010000005364418, 501850.316600013524294, 0.0 ], [ 106806.991800002753735, 501850.391500029712915, 0.0 ], [ 106806.952300004661083, 501850.54109999537468, 0.0 ], [ 106806.932599999010563, 501850.615800008177757, 0.0 ], [ 106806.909699998795986, 501850.68960002809763, 0.0 ], [ 106806.862200003117323, 501850.83669999986887, 0.0 ], [ 106806.805799998342991, 501850.980800021439791, 0.0 ], [ 106806.777600005269051, 501851.052900012582541, 0.0 ], [ 106806.747400008141994, 501851.123800002038479, 0.0 ], [ 106806.685100004076958, 501851.265300028026104, 0.0 ], [ 106806.614900000393391, 501851.4031000174582, 0.0 ], [ 106806.579799998551607, 501851.472200017422438, 0.0 ], [ 106806.543299999088049, 501851.540200017392635, 0.0 ], [ 106806.515300001949072, 501851.592799998819828, 0.0 ], [ 106806.441700007766485, 501851.732700023800135, 0.0 ], [ 106806.390599999576807, 501851.828900031745434, 0.0 ], [ 106806.337000004947186, 501851.923500001430511, 0.0 ], [ 106806.227500002831221, 501852.111700013279915, 0.0 ], [ 106806.106899999082088, 501852.292900025844574, 0.0 ], [ 106806.046500001102686, 501852.383600022643805, 0.0 ], [ 106805.983600001782179, 501852.472100019454956, 0.0 ], [ 106805.855500005185604, 501852.648300021886826, 0.0 ], [ 106805.716600000858307, 501852.815900031477213, 0.0 ], [ 106805.647100005298853, 501852.89979999884963, 0.0 ], [ 106805.574900005012751, 501852.980900019407272, 0.0 ], [ 106805.427100002765656, 501853.140700001269579, 0.0 ], [ 106805.353199999779463, 501853.220500003546476, 0.0 ], [ 106805.275699999183416, 501853.296700000762939, 0.0 ], [ 106805.117500007152557, 501853.446400009095669, 0.0 ], [ 106805.038500003516674, 501853.521199997514486, 0.0 ], [ 106804.956399999558926, 501853.592499997466803, 0.0 ], [ 106804.7905000038445, 501853.733500011265278, 0.0 ], [ 106804.616300005465746, 501853.86420001834631, 0.0 ], [ 106804.529300015419722, 501853.929500006139278, 0.0 ], [ 106804.440400008112192, 501853.992200013250113, 0.0 ], [ 106804.261000003665686, 501854.115600004792213, 0.0 ], [ 106804.07430000975728, 501854.227500002831221, 0.0 ], [ 106803.985199999064207, 501854.280800011008978, 0.0 ], [ 106803.885600008070469, 501854.335600018501282, 0.0 ], [ 106803.692999999970198, 501854.437200006097555, 0.0 ], [ 106803.596700005233288, 501854.48800003528595, 0.0 ], [ 106803.49830000475049, 501854.534100018441677, 0.0 ], [ 106803.299600008875132, 501854.623100027441978, 0.0 ], [ 106803.200199998915195, 501854.667599998414516, 0.0 ], [ 106802.572300001978874, 501855.022999994456768, 0.0 ], [ 106802.056300010532141, 501855.355500016361475, 0.0 ], [ 106801.552200004458427, 501855.705600004643202, 0.0 ], [ 106801.060499999672174, 501856.072999995201826, 0.0 ], [ 106800.581800002604723, 501856.457200013101101, 0.0 ], [ 106800.116800002753735, 501856.857800010591745, 0.0 ], [ 106799.666000004857779, 501857.274300001561642, 0.0 ], [ 106799.229800008237362, 501857.706200014799833, 0.0 ], [ 106798.808899998664856, 501858.152999997138977, 0.0 ], [ 106798.403800006955862, 501858.61420001834631, 0.0 ], [ 106797.868500001728535, 501859.191600032150745, 0.0 ], [ 106797.837699998170137, 501859.208900019526482, 0.0 ], [ 106797.775700006633997, 501859.244400002062321, 0.0 ], [ 106797.713600002229214, 501859.280000016093254, 0.0 ], [ 106797.651599999517202, 501859.315499998629093, 0.0 ], [ 106797.589600007981062, 501859.351000018417835, 0.0 ], [ 106797.523200001567602, 501859.377100005745888, 0.0 ], [ 106797.456599999219179, 501859.403200000524521, 0.0 ], [ 106797.390100002288818, 501859.429400000721216, 0.0 ], [ 106797.356800004839897, 501859.442400004714727, 0.0 ], [ 106797.322599999606609, 501859.452199999243021, 0.0 ], [ 106797.253699999302626, 501859.471300017088652, 0.0 ], [ 106797.184799998998642, 501859.490499995648861, 0.0 ], [ 106797.152199998497963, 501859.499500025063753, 0.0 ], [ 106797.11540000513196, 501859.506600007414818, 0.0 ], [ 106797.044800002127886, 501859.518200032413006, 0.0 ], [ 106796.974199999123812, 501859.529800016433001, 0.0 ], [ 106796.939000003039837, 501859.535500019788742, 0.0 ], [ 106796.903500001877546, 501859.538300022482872, 0.0 ], [ 106796.83220000192523, 501859.542800020426512, 0.0 ], [ 106796.760800000280142, 501859.547300022095442, 0.0 ], [ 106796.689399998635054, 501859.551800008863211, 0.0 ], [ 106796.618400000035763, 501859.556800022721291, 0.0 ], [ 106794.22410000488162, 501859.723400007933378, 0.0 ], [ 106794.235800005495548, 501862.170700024813414, 0.0 ], [ 106794.246000003069639, 501864.291000004857779, 0.0 ], [ 106794.271800000220537, 501869.787400022149086, 0.0 ], [ 106794.382200006395578, 501874.729000005871058, 0.0 ], [ 106794.531300000846386, 501880.77590000629425, 0.0 ], [ 106794.77760000154376, 501885.193000018596649, 0.0 ], [ 106794.841300003230572, 501887.955000028014183, 0.0 ], [ 106794.782299999147654, 501890.092600021511316, 0.0 ], [ 106803.192899998277426, 501890.482100006192923, 0.0 ], [ 106805.892900004982948, 501890.899100009351969, 0.0 ], [ 106810.181900002062321, 501891.926100023090839, 0.0 ], [ 106811.615100003778934, 501892.339100006967783, 0.0 ], [ 106813.034099999815226, 501892.798800032585859, 0.0 ], [ 106814.437200002372265, 501893.304700002074242, 0.0 ], [ 106815.823000002652407, 501893.856300015002489, 0.0 ], [ 106817.190000001341105, 501894.453000023961067, 0.0 ], [ 106818.536699999123812, 501895.094099998474121, 0.0 ], [ 106819.861699998378754, 501895.779000014066696, 0.0 ], [ 106821.163600005209446, 501896.506900012493134, 0.0 ], [ 106822.440900005400181, 501897.277100011706352, 0.0 ], [ 106825.301899999380112, 501899.559800010174513, 0.0 ], [ 106828.086899999529123, 501901.93470000103116, 0.0 ], [ 106830.792899999767542, 501904.399100016802549, 0.0 ], [ 106829.330000001937151, 501905.790000010281801, 0.0 ], [ 106835.269900001585484, 501911.960099998861551, 0.0 ], [ 106838.709900006651878, 501915.670100010931492, 0.0 ], [ 106840.302000004798174, 501917.535399995744228, 0.0 ], [ 106841.832100003957748, 501919.451900023967028, 0.0 ], [ 106843.298600003123283, 501921.417500022798777, 0.0 ], [ 106844.69990000128746, 501923.430100008845329, 0.0 ], [ 106853.477900002151728, 501935.778099998831749, 0.0 ], [ 106854.834899999201298, 501937.689100012183189, 0.0 ], [ 106856.378899998962879, 501939.842100027948618, 0.0 ], [ 106869.576900005340576, 501958.611099995672703, 0.0 ], [ 106871.392800007015467, 501961.130799997597933, 0.0 ], [ 106875.355900008231401, 501966.630100004374981, 0.0 ], [ 106877.755899999290705, 501970.168100021779537, 0.0 ], [ 106884.424899999052286, 501979.790100023150444, 0.0 ], [ 106893.397900003939867, 501992.887099996209145, 0.0 ], [ 106897.639900002628565, 501999.198100008070469, 0.0 ], [ 106898.173500008881092, 502000.000100009143353, 0.0 ], [ 106903.964899998158216, 502008.705100003629923, 0.0 ], [ 106906.362900007516146, 502012.386100001633167, 0.0 ], [ 106939.609900005161762, 502064.200100012123585, 0.0 ], [ 106940.469500008970499, 502065.335100006312132, 0.0 ], [ 106941.2905000038445, 502066.49830000847578, 0.0 ], [ 106942.071899998933077, 502067.688400000333786, 0.0 ], [ 106942.812800005078316, 502068.904199995100498, 0.0 ], [ 106943.512499999254942, 502070.144200034439564, 0.0 ], [ 106944.170100003480911, 502071.406900003552437, 0.0 ], [ 106944.785000000149012, 502072.691100019961596, 0.0 ], [ 106945.447000000625849, 502074.876999996602535, 0.0 ], [ 106945.535100001841784, 502075.324200015515089, 0.0 ], [ 106945.608300004154444, 502075.774100005626678, 0.0 ], [ 106945.666700001806021, 502076.226200021803379, 0.0 ], [ 106945.71000000461936, 502076.680000010877848, 0.0 ], [ 106945.850000001490116, 502078.670000020414591, 0.0 ], [ 106945.821700002998114, 502079.43240000680089, 0.0 ], [ 106945.820099998265505, 502080.195300005376339, 0.0 ], [ 106945.845100004225969, 502080.957800008356571, 0.0 ], [ 106945.896699998527765, 502081.719000019133091, 0.0 ], [ 106945.974900003522635, 502082.477800026535988, 0.0 ], [ 106946.079600006341934, 502083.233500026166439, 0.0 ], [ 106946.21059999987483, 502083.985100023448467, 0.0 ], [ 106946.367800001055002, 502084.731700029224157, 0.0 ], [ 106946.550900008529425, 502085.472400017082691, 0.0 ], [ 106946.759800013154745, 502086.206100009381771, 0.0 ], [ 106946.994300004094839, 502086.932000029832125, 0.0 ], [ 106947.253900002688169, 502087.649400033056736, 0.0 ], [ 106947.53830000013113, 502088.357299994677305, 0.0 ], [ 106947.84740000590682, 502089.054800029844046, 0.0 ], [ 106948.180700000375509, 502089.741099994629622, 0.0 ], [ 106948.537799999117851, 502090.415300004184246, 0.0 ], [ 106948.918200004845858, 502091.076600026339293, 0.0 ], [ 106949.321400005370378, 502091.724199999123812, 0.0 ], [ 106949.747100003063679, 502092.357299998402596, 0.0 ], [ 106950.194600000977516, 502092.97520000860095, 0.0 ], [ 106950.663400005549192, 502093.57710000872612, 0.0 ], [ 106951.152900002896786, 502094.162200033664703, 0.0 ], [ 106951.662600003182888, 502094.729900002479553, 0.0 ], [ 106952.191799998283386, 502095.279400028288364, 0.0 ], [ 106952.739900004118681, 502095.810100004076958, 0.0 ], [ 106956.219900000840425, 502099.539100021123886, 0.0 ], [ 106960.1199000030756, 502103.351100031286478, 0.0 ], [ 106969.522900003939867, 502113.028099998831749, 0.0 ], [ 106975.528900004923344, 502119.173100013285875, 0.0 ], [ 106976.998799998313189, 502121.771600008010864, 0.0 ], [ 106977.36769999936223, 502122.43180001527071, 0.0 ], [ 106977.568000003695488, 502123.857000019401312, 0.0 ], [ 106978.755900003015995, 502125.52010003477335, 0.0 ], [ 106982.356900006532669, 502123.096100028604269, 0.0 ], [ 106983.725900005549192, 502124.466100018471479, 0.0 ], [ 106984.220900002866983, 502124.878800000995398, 0.0 ], [ 106984.729100000113249, 502125.2753000035882, 0.0 ], [ 106985.249800004065037, 502125.655100010335445, 0.0 ], [ 106985.782600004225969, 502126.017800021916628, 0.0 ], [ 106986.326900001615286, 502126.363000012934208, 0.0 ], [ 106986.882100008428097, 502126.690300017595291, 0.0 ], [ 106987.447599999606609, 502126.999500013887882, 0.0 ], [ 106988.022799998521805, 502127.290199995040894, 0.0 ], [ 106988.607200000435114, 502127.562000021338463, 0.0 ], [ 106989.200100004673004, 502127.81470001116395, 0.0 ], [ 106989.800900001078844, 502128.048099994659424, 0.0 ], [ 106995.546900000423193, 502129.838100008666515, 0.0 ], [ 106998.839899998158216, 502131.3361000046134, 0.0 ], [ 106999.999900002032518, 502132.047800004482269, 0.0 ], [ 107002.187900003045797, 502133.390099998563528, 0.0 ], [ 107008.652899999171495, 502138.390100006014109, 0.0 ], [ 107015.70380000025034, 502143.419100001454353, 0.0 ], [ 107022.899500004947186, 502148.238599997013807, 0.0 ], [ 107030.233800005167723, 502152.844400014728308, 0.0 ], [ 107037.700500000268221, 502157.23250000923872, 0.0 ], [ 107045.292900003492832, 502161.399099998176098, 0.0 ], [ 107054.765600003302097, 502167.019500009715557, 0.0 ], [ 107064.041299998760223, 502172.95940001308918, 0.0 ], [ 107073.109200000762939, 502179.211800023913383, 0.0 ], [ 107081.958800002932549, 502185.76960001885891, 0.0 ], [ 107090.579900000244379, 502192.625100031495094, 0.0 ], [ 107130.247900001704693, 502223.719099998474121, 0.0 ], [ 107170.063900008797646, 502254.892100002616644, 0.0 ], [ 107202.261900003999472, 502280.214100025594234, 0.0 ], [ 107233.698900002986193, 502304.982100021094084, 0.0 ], [ 107236.349899999797344, 502307.149099998176098, 0.0 ], [ 107242.160100009292364, 502312.040100011974573, 0.0 ], [ 107247.824100010097027, 502317.09960001707077, 0.0 ], [ 107253.337000008672476, 502322.323300018906593, 0.0 ], [ 107258.69420000910759, 502327.706699997186661, 0.0 ], [ 107263.890900004655123, 502333.245100032538176, 0.0 ], [ 107268.026300005614758, 502337.953300032764673, 0.0 ], [ 107272.014899998903275, 502342.786499995738268, 0.0 ], [ 107275.852899998426437, 502347.740100000053644, 0.0 ], [ 107310.896900005638599, 502393.928100001066923, 0.0 ], [ 107314.731699999421835, 502398.859000008553267, 0.0 ], [ 107318.718000002205372, 502403.668200001120567, 0.0 ], [ 107322.85190000012517, 502408.351100020110607, 0.0 ], [ 107324.69990000128746, 502410.470200024545193, 0.0 ], [ 107326.619700003415346, 502412.524399995803833, 0.0 ], [ 107328.609200000762939, 502414.51129999756813, 0.0 ], [ 107330.665800001472235, 502416.428500015288591, 0.0 ], [ 107332.787300005555153, 502418.273800026625395, 0.0 ], [ 107334.971000000834465, 502420.045000027865171, 0.0 ], [ 107337.214300002902746, 502421.739900004118681, 0.0 ], [ 107339.514800000935793, 502423.356600001454353, 0.0 ], [ 107341.869400013238192, 502424.893200017511845, 0.0 ], [ 107344.275600001215935, 502426.347800031304359, 0.0 ], [ 107346.730500005185604, 502427.718600012362003, 0.0 ], [ 107353.37050000205636, 502431.998400017619133, 0.0 ], [ 107359.864900004118681, 502436.496100008487701, 0.0 ], [ 107389.214899998158216, 502459.096100002527237, 0.0 ], [ 107433.658900007605553, 502494.148100022226572, 0.0 ], [ 107441.096200000494719, 502500.000100012868643, 0.0 ], [ 107488.340900000184774, 502537.174100000411272, 0.0 ], [ 107516.762900002300739, 502559.784100007265806, 0.0 ], [ 107525.948900002986193, 502567.268100019544363, 0.0 ], [ 107530.288900002837181, 502570.728100024163723, 0.0 ], [ 107545.111900005489588, 502582.772100005298853, 0.0 ], [ 107546.086900003254414, 502583.552099999040365, 0.0 ], [ 107554.142900004982948, 502590.335100010037422, 0.0 ], [ 107557.904899999499321, 502593.93809999525547, 0.0 ], [ 107566.521900001913309, 502602.194100007414818, 0.0 ], [ 107581.044200010597706, 502616.267700001597404, 0.0 ] ] ] ] } },
{ "type": "Feature", "properties": { "fid": 1155, "jrstatcode": "2026WK039604", "wk_code": "WK039604", "wk_naam": "Wijk 04 Heemskerkerduin en Noorddorp", "gm_code": "GM0396", "gm_naam": "Heemskerk", "water": "NEE", "jaar": "2026" }, "geometry": { "type": "MultiPolygon", "coordinates": [ [ [ [ 105655.025000002235174, 505147.234000001102686, 0.0 ], [ 105659.291000004857779, 505146.072000000625849, 0.0 ], [ 105659.834000002592802, 505145.924000021070242, 0.0 ], [ 105664.540000002831221, 505144.642000015825033, 0.0 ], [ 105664.950000010430813, 505144.530000019818544, 0.0 ], [ 105665.454000003635883, 505144.41600002348423, 0.0 ], [ 105666.747999999672174, 505144.122000016272068, 0.0 ], [ 105677.807000011205673, 505141.610000014305115, 0.0 ], [ 105690.71000000089407, 505139.1739999987185, 0.0 ], [ 105705.588000010699034, 505136.630000028759241, 0.0 ], [ 105717.542000003159046, 505134.05400001257658, 0.0 ], [ 105727.467000003904104, 505131.618000000715256, 0.0 ], [ 105734.187000006437302, 505129.487000003457069, 0.0 ], [ 105734.657000005245209, 505129.337999999523163, 0.0 ], [ 105736.494000006467104, 505128.841000001877546, 0.0 ], [ 105759.76799999922514, 505123.310000024735928, 0.0 ], [ 105792.016000002622604, 505116.262000005692244, 0.0 ], [ 105842.348000004887581, 505105.714999996125698, 0.0 ], [ 105842.688000004738569, 505105.644000004976988, 0.0 ], [ 105852.427000004798174, 505103.920999996364117, 0.0 ], [ 105861.867000002413988, 505102.273000009357929, 0.0 ], [ 105868.760000005364418, 505100.550000000745058, 0.0 ], [ 105872.580000001937151, 505099.651000000536442, 0.0 ], [ 105889.530000004917383, 505095.492000006139278, 0.0 ], [ 105904.363000001758337, 505091.896000001579523, 0.0 ], [ 105916.575000002980232, 505088.824999995529652, 0.0 ], [ 105925.423000004142523, 505086.828000020235777, 0.0 ], [ 105936.120000008493662, 505084.429999995976686, 0.0 ], [ 105936.194000005722046, 505084.414000026881695, 0.0 ], [ 105945.784000005573034, 505082.332000002264977, 0.0 ], [ 105955.973000004887581, 505080.160000026226044, 0.0 ], [ 105964.61600000038743, 505078.059999998658895, 0.0 ], [ 105974.056000005453825, 505075.662999998778105, 0.0 ], [ 105979.150000002235174, 505073.940000031143427, 0.0 ], [ 105983.346000008285046, 505072.816000007092953, 0.0 ], [ 105984.102000001817942, 505072.652000002563, 0.0 ], [ 105987.841000001877546, 505071.842000011354685, 0.0 ], [ 105995.333000015467405, 505069.969000000506639, 0.0 ], [ 106002.962000001221895, 505068.272000014781952, 0.0 ], [ 106011.578000005334616, 505066.399000003933907, 0.0 ], [ 106022.06700000166893, 505064.151000022888184, 0.0 ], [ 106029.858000006526709, 505062.802999999374151, 0.0 ], [ 106036.676000002771616, 505061.454000022262335, 0.0 ], [ 106042.929999999701977, 505059.994000010192394, 0.0 ], [ 106043.303000003099442, 505059.941000021994114, 0.0 ], [ 106049.532000005245209, 505059.050999995321035, 0.0 ], [ 106054.247000001370907, 505058.67400000244379, 0.0 ], [ 106057.359000001102686, 505058.57999999448657, 0.0 ], [ 106060.188999999314547, 505058.485000014305115, 0.0 ], [ 106063.677999999374151, 505057.825000025331974, 0.0 ], [ 106066.412999998778105, 505056.222000021487474, 0.0 ], [ 106070.563000004738569, 505054.712999999523163, 0.0 ], [ 106078.862000003457069, 505052.261000003665686, 0.0 ], [ 106085.745999999344349, 505050.49200002849102, 0.0 ], [ 106092.629999998956919, 505048.699999995529652, 0.0 ], [ 106103.476000003516674, 505045.682000022381544, 0.0 ], [ 106112.247000001370907, 505043.607000019401312, 0.0 ], [ 106120.35700000077486, 505041.627000022679567, 0.0 ], [ 106126.675999999046326, 505040.212000023573637, 0.0 ], [ 106133.561000004410744, 505038.609000016003847, 0.0 ], [ 106141.200000006705523, 505037.100000035017729, 0.0 ], [ 106145.645000003278255, 505035.830000024288893, 0.0 ], [ 106145.831000000238419, 505035.812000006437302, 0.0 ], [ 106151.045000001788139, 505035.321000009775162, 0.0 ], [ 106161.325000002980232, 505034.190000001341105, 0.0 ], [ 106166.887000001966953, 505033.892000019550323, 0.0 ], [ 106177.827000007033348, 505033.421000003814697, 0.0 ], [ 106183.203000005334616, 505032.666000008583069, 0.0 ], [ 106193.294000003486872, 505030.497000023722649, 0.0 ], [ 106200.084000002592802, 505028.988000001758337, 0.0 ], [ 106203.833999998867512, 505028.069000001996756, 0.0 ], [ 106205.793000001460314, 505027.58899999782443, 0.0 ], [ 106210.792000003159046, 505026.363000012934208, 0.0 ], [ 106223.807000003755093, 505023.911000020802021, 0.0 ], [ 106236.537999998778105, 505021.458999995142221, 0.0 ], [ 106245.32600000500679, 505019.974000014364719, 0.0 ], [ 106261.453000016510487, 505018.277000002563, 0.0 ], [ 106269.847000002861023, 505016.862000029534101, 0.0 ], [ 106278.995000008493662, 505014.316000010818243, 0.0 ], [ 106292.857999999076128, 505009.599999997764826, 0.0 ], [ 106300.897000011056662, 505007.398000009357929, 0.0 ], [ 106303.339000001549721, 505006.662000015377998, 0.0 ], [ 106303.526000000536442, 505006.605999995023012, 0.0 ], [ 106299.191900011152029, 505000.000100024044514, 0.0 ], [ 106296.968900002539158, 504996.611100021749735, 0.0 ], [ 106282.866900000721216, 504975.984100002795458, 0.0 ], [ 106251.792899999767542, 504929.917100004851818, 0.0 ], [ 106235.795900002121925, 504906.132100019603968, 0.0 ], [ 106208.222899999469519, 504865.720100019127131, 0.0 ], [ 106185.701900001615286, 504832.674100019037724, 0.0 ], [ 106163.616900000721216, 504800.000099997967482, 0.0 ], [ 106163.067900002002716, 504799.188100025057793, 0.0 ], [ 106146.018900003284216, 504774.772100023925304, 0.0 ], [ 106070.933899998664856, 504666.364100016653538, 0.0 ], [ 106063.35190000385046, 504659.481100026518106, 0.0 ], [ 106058.504900008440018, 504652.084100019186735, 0.0 ], [ 106042.041900005191565, 504628.567100021988153, 0.0 ], [ 106024.113899998366833, 504602.441100027412176, 0.0 ], [ 106002.843900002539158, 504571.427100013941526, 0.0 ], [ 105999.999900002032518, 504567.307100005447865, 0.0 ], [ 105953.97690000385046, 504500.000100016593933, 0.0 ], [ 105952.754900000989437, 504498.184100013226271, 0.0 ], [ 105943.725900001823902, 504485.162100002169609, 0.0 ], [ 105943.419900000095367, 504484.720100000500679, 0.0 ], [ 105941.133900009095669, 504481.007099997252226, 0.0 ], [ 105910.960900004953146, 504442.848100017756224, 0.0 ], [ 105914.611900005489588, 504439.593100011348724, 0.0 ], [ 105921.622900005429983, 504438.174100022763014, 0.0 ], [ 105924.769900001585484, 504435.512100003659725, 0.0 ], [ 105924.493000008165836, 504432.072000008076429, 0.0 ], [ 105903.305900003761053, 504403.926100011914968, 0.0 ], [ 105885.437899999320507, 504376.101100012660027, 0.0 ], [ 105880.238900002092123, 504368.004100032150745, 0.0 ], [ 105877.605000007897615, 504357.127000018954277, 0.0 ], [ 105877.035000011324883, 504338.858999997377396, 0.0 ], [ 105876.203000001609325, 504328.539000019431114, 0.0 ], [ 105870.949999999254942, 504306.332999996840954, 0.0 ], [ 105866.732999999076128, 504294.481100022792816, 0.0 ], [ 105861.896999999880791, 504279.316099997609854, 0.0 ], [ 105856.374000005424023, 504264.959099996834993, 0.0 ], [ 105851.153000004589558, 504249.374100018292665, 0.0 ], [ 105844.889000002294779, 504232.669100016355515, 0.0 ], [ 105839.953000005334616, 504217.512099996209145, 0.0 ], [ 105834.305900003761053, 504205.975099995732307, 0.0 ], [ 105833.857900004833937, 504204.953099999576807, 0.0 ], [ 105832.410900000482798, 504201.650100003927946, 0.0 ], [ 105829.017900004982948, 504193.908100008964539, 0.0 ], [ 105824.132900003343821, 504183.113099999725819, 0.0 ], [ 105822.568900004029274, 504179.275100018829107, 0.0 ], [ 105807.448900002986193, 504144.217100001871586, 0.0 ], [ 105801.085900001227856, 504133.13909999653697, 0.0 ], [ 105772.894900005310774, 504080.971100009977818, 0.0 ], [ 105745.704900003969669, 504030.027100015431643, 0.0 ], [ 105733.929900009185076, 504008.448000002652407, 0.0 ], [ 105733.175000004470348, 504003.440999999642372, 0.0 ], [ 105731.686900001019239, 504000.000100012868643, 0.0 ], [ 105731.078000001609325, 503998.592000007629395, 0.0 ], [ 105731.529000002890825, 503996.097000006586313, 0.0 ], [ 105732.506000004708767, 503993.911100003868341, 0.0 ], [ 105753.425999999046326, 503978.604000020772219, 0.0 ], [ 105755.013999998569489, 503976.165000002831221, 0.0 ], [ 105737.664000004529953, 503941.511999994516373, 0.0 ], [ 105736.791000001132488, 503938.77300001308322, 0.0 ], [ 105736.151000000536442, 503937.068099997937679, 0.0 ], [ 105736.625000007450581, 503935.475000005215406, 0.0 ], [ 105737.91100000217557, 503934.160000011324883, 0.0 ], [ 105738.203000001609325, 503933.892000012099743, 0.0 ], [ 105739.989000003784895, 503932.39300000295043, 0.0 ], [ 105744.16100000217557, 503930.000000022351742, 0.0 ], [ 105748.86600000411272, 503927.361999999731779, 0.0 ], [ 105752.820999998599291, 503925.388000000268221, 0.0 ], [ 105754.098000016063452, 503924.49999999627471, 0.0 ], [ 105759.188000004738569, 503920.959999997168779, 0.0 ], [ 105765.614999998360872, 503915.424000006169081, 0.0 ], [ 105773.053900003433228, 503909.354999996721745, 0.0 ], [ 105775.481000002473593, 503902.736999999731779, 0.0 ], [ 105777.334000006318092, 503897.720000024884939, 0.0 ], [ 105779.646000012755394, 503893.420000016689301, 0.0 ], [ 105782.954999998211861, 503890.895000021904707, 0.0 ], [ 105793.792899999767542, 503884.0500000230968, 0.0 ], [ 105794.71000000089407, 503879.861000001430511, 0.0 ], [ 105796.081999998539686, 503873.228000018745661, 0.0 ], [ 105796.414000000804663, 503865.524000026285648, 0.0 ], [ 105797.523000001907349, 503860.618000000715256, 0.0 ], [ 105800.55799999833107, 503853.449000008404255, 0.0 ], [ 105804.276000000536442, 503845.421999994665384, 0.0 ], [ 105808.301000002771616, 503837.470000002533197, 0.0 ], [ 105813.540000002831221, 503825.908000003546476, 0.0 ], [ 105828.179000001400709, 503818.90700001642108, 0.0 ], [ 105837.205000001937151, 503813.864000022411346, 0.0 ], [ 105841.868000000715256, 503811.33100002259016, 0.0 ], [ 105845.556000001728535, 503808.524999994784594, 0.0 ], [ 105848.03200001642108, 503805.013000026345253, 0.0 ], [ 105849.682000000029802, 503799.963000021874905, 0.0 ], [ 105851.16499999910593, 503795.32700002938509, 0.0 ], [ 105853.721999999135733, 503786.591000013053417, 0.0 ], [ 105863.014000002294779, 503781.727000005543232, 0.0 ], [ 105875.140000008046627, 503774.678000018000603, 0.0 ], [ 105889.074000008404255, 503767.031000018119812, 0.0 ], [ 105897.837900005280972, 503762.461100030690432, 0.0 ], [ 105896.55290000885725, 503758.350100010633469, 0.0 ], [ 105893.19590001553297, 503750.944100014865398, 0.0 ], [ 105887.839000001549721, 503741.140000019222498, 0.0 ], [ 105886.492000002413988, 503736.883000027388334, 0.0 ], [ 105883.279900003224611, 503731.271100006997585, 0.0 ], [ 105879.67790000140667, 503723.935100007802248, 0.0 ], [ 105872.403400003910065, 503710.766200002282858, 0.0 ], [ 105927.477900005877018, 503651.409100022166967, 0.0 ], [ 105876.382900003343821, 503601.54610002040863, 0.0 ], [ 105852.53090000897646, 503578.438100032508373, 0.0 ], [ 105831.115600004792213, 503557.70600001886487, 0.0 ], [ 105817.906199999153614, 503544.717900007963181, 0.0 ], [ 105817.875, 503544.687000002712011, 0.0 ], [ 105802.331900004297495, 503529.868100017309189, 0.0 ], [ 105798.962900001555681, 503532.723100017756224, 0.0 ], [ 105791.020900003612041, 503539.451100006699562, 0.0 ], [ 105786.638900000602007, 503543.164000019431114, 0.0 ], [ 105783.786900002509356, 503544.131099995225668, 0.0 ], [ 105771.042900003492832, 503554.664100017398596, 0.0 ], [ 105767.144900001585484, 503558.892099995166063, 0.0 ], [ 105763.509900003671646, 503561.547100007534027, 0.0 ], [ 105754.913900002837181, 503568.896099999547005, 0.0 ], [ 105743.010899998247623, 503581.181100003421307, 0.0 ], [ 105737.121900003403425, 503585.856100011616945, 0.0 ], [ 105735.760900001972914, 503586.880100000649691, 0.0 ], [ 105727.099899999797344, 503593.916100025177002, 0.0 ], [ 105719.251900002360344, 503600.241099998354912, 0.0 ], [ 105710.272900000214577, 503607.398100011050701, 0.0 ], [ 105710.881999999284744, 503608.218100018799305, 0.0 ], [ 105710.086900003254414, 503608.662099998444319, 0.0 ], [ 105702.792899999767542, 503614.577100019901991, 0.0 ], [ 105691.754900004714727, 503623.434100020676851, 0.0 ], [ 105691.340200003236532, 503623.782499995082617, 0.0 ], [ 105685.729900002479553, 503620.726100020110607, 0.0 ], [ 105681.660900000482798, 503618.510100018233061, 0.0 ], [ 105464.901900004595518, 503500.000100009143353, 0.0 ], [ 105427.761900003999472, 503479.69410002976656, 0.0 ], [ 105422.470900006592274, 503476.307099997997284, 0.0 ], [ 105399.789900001138449, 503500.000100009143353, 0.0 ], [ 105395.768900003284216, 503504.201100010424852, 0.0 ], [ 105386.380900014191866, 503514.090100035071373, 0.0 ], [ 105377.3429000005126, 503523.349100016057491, 0.0 ], [ 105367.866900000721216, 503533.396099995821714, 0.0 ], [ 105358.045900002121925, 503543.521100029349327, 0.0 ], [ 105346.853900000452995, 503555.311100002378225, 0.0 ], [ 105337.046900015324354, 503564.984099995344877, 0.0 ], [ 105324.925900004804134, 503576.44810002297163, 0.0 ], [ 105314.888900008052588, 503586.38910000026226, 0.0 ], [ 105303.274900000542402, 503597.913099996745586, 0.0 ], [ 105295.091900002211332, 503605.949099998921156, 0.0 ], [ 105288.210900004953146, 503611.471100028604269, 0.0 ], [ 105278.669900003820658, 503619.466099996119738, 0.0 ], [ 105272.690900001674891, 503624.966100033372641, 0.0 ], [ 105267.890900004655123, 503627.661100015044212, 0.0 ], [ 105256.020900003612041, 503635.392100013792515, 0.0 ], [ 105248.23589999973774, 503640.285100035369396, 0.0 ], [ 105246.075900003314018, 503642.115100029855967, 0.0 ], [ 105211.29390000924468, 503623.947100013494492, 0.0 ], [ 105100.713899999856949, 503565.57810003310442, 0.0 ], [ 105091.758900005370378, 503560.931100003421307, 0.0 ], [ 105083.588000003248453, 503556.673100017011166, 0.0 ], [ 105087.147000014781952, 503544.078000005334616, 0.0 ], [ 105090.74100000038743, 503532.528000000864267, 0.0 ], [ 105095.412000015377998, 503516.348999999463558, 0.0 ], [ 105099.511999998241663, 503500.000000022351742, 0.0 ], [ 105101.274999998509884, 503492.386000007390976, 0.0 ], [ 105102.967200007289648, 503487.021400023251772, 0.0 ], [ 105104.14750000089407, 503483.279800001531839, 0.0 ], [ 105105.25900000333786, 503479.756000019609928, 0.0 ], [ 105106.303000014275312, 503476.44700001180172, 0.0 ], [ 105107.823900006711483, 503468.354900013655424, 0.0 ], [ 105110.640000000596046, 503453.375000007450581, 0.0 ], [ 105113.005000002682209, 503439.329000018537045, 0.0 ], [ 105113.5760000012815, 503435.941000029444695, 0.0 ], [ 105116.24100000038743, 503417.665000002831221, 0.0 ], [ 105118.622000005096197, 503396.29500000923872, 0.0 ], [ 105120.497999999672174, 503380.340000003576279, 0.0 ], [ 105121.804000005125999, 503367.402000032365322, 0.0 ], [ 105121.567999999970198, 503362.307000003755093, 0.0 ], [ 105124.61600000038743, 503339.669000007212162, 0.0 ], [ 105127.729000002145767, 503308.176000013947487, 0.0 ], [ 105132.530000008642673, 503263.085099995136261, 0.0 ], [ 105133.832900006324053, 503263.200100027024746, 0.0 ], [ 105136.820000004023314, 503238.576000019907951, 0.0 ], [ 105139.110000003129244, 503219.704000014811754, 0.0 ], [ 105139.25, 503218.55000001937151, 0.0 ], [ 105140.238200001418591, 503211.270800016820431, 0.0 ], [ 105141.489999998360872, 503202.050000015646219, 0.0 ], [ 105143.324000000953674, 503189.643000014126301, 0.0 ], [ 105146.620000001043081, 503169.740000013262033, 0.0 ], [ 105148.60700000077486, 503157.816000018268824, 0.0 ], [ 105152.040100000798702, 503139.553800001740456, 0.0 ], [ 105152.687899999320507, 503135.973200004547834, 0.0 ], [ 105153.138000000268221, 503133.564000006765127, 0.0 ], [ 105154.127999998629093, 503128.138000007718801, 0.0 ], [ 105156.785000000149012, 503112.917000003159046, 0.0 ], [ 105157.633000001311302, 503108.172100007534027, 0.0 ], [ 105159.0760000012815, 503100.103999994695187, 0.0 ], [ 105160.572000000625849, 503091.127000000327826, 0.0 ], [ 105161.704500000923872, 503084.433100000023842, 0.0 ], [ 105161.727700002491474, 503084.296200018376112, 0.0 ], [ 105161.751000005751848, 503084.159000001847744, 0.0 ], [ 105162.243599999696016, 503081.265600007027388, 0.0 ], [ 105166.26799999922514, 503057.626000020653009, 0.0 ], [ 105166.942999999970198, 503053.661000028252602, 0.0 ], [ 105167.217000003904104, 503052.399000011384487, 0.0 ], [ 105171.367000002413988, 503029.431000009179115, 0.0 ], [ 105176.229200005531311, 503000.73649999499321, 0.0 ], [ 105173.532000005245209, 503000.087000016123056, 0.0 ], [ 105175.486000005155802, 502988.872000012546778, 0.0 ], [ 105181.818999998271465, 502950.721000012010336, 0.0 ], [ 105182.256000000983477, 502948.244000032544136, 0.0 ], [ 105183.410999998450279, 502940.779000010341406, 0.0 ], [ 105186.81700000539422, 502914.583999995142221, 0.0 ], [ 105204.148000001907349, 502752.26799999922514, 0.0 ], [ 105206.180000003427267, 502732.828000005334616, 0.0 ], [ 105206.235500004142523, 502730.543500017374754, 0.0 ], [ 105206.921000003814697, 502722.890300016850233, 0.0 ], [ 105207.243999999016523, 502718.214000016450882, 0.0 ], [ 105208.568000007420778, 502718.95100000873208, 0.0 ], [ 105209.072000000625849, 502711.10300001129508, 0.0 ], [ 105207.593900002539158, 502710.328000016510487, 0.0 ], [ 105208.24600001052022, 502694.649000015109777, 0.0 ], [ 105210.355000000447035, 502675.230000004172325, 0.0 ], [ 105210.802000001072884, 502670.962000001221895, 0.0 ], [ 105214.623000003397465, 502636.105000007897615, 0.0 ], [ 105216.120000004768372, 502620.160000015050173, 0.0 ], [ 105218.756000000983477, 502608.498000010848045, 0.0 ], [ 105219.617499999701977, 502604.209600027650595, 0.0 ], [ 105220.325100000947714, 502599.892999995499849, 0.0 ], [ 105220.878000002354383, 502595.554000001400709, 0.0 ], [ 105223.037000000476837, 502575.172000020742416, 0.0 ], [ 105223.212000001221895, 502573.49100000038743, 0.0 ], [ 105224.537000000476837, 502561.038000006228685, 0.0 ], [ 105226.122999999672174, 502545.993000011891127, 0.0 ], [ 105228.218900002539158, 502544.150000013411045, 0.0 ], [ 105229.693999998271465, 502529.774999994784594, 0.0 ], [ 105228.82600000500679, 502525.176000021398067, 0.0 ], [ 105229.556200001388788, 502521.786400035023689, 0.0 ], [ 105226.880399998277426, 502520.078400012105703, 0.0 ], [ 105226.247400000691414, 502518.762099999934435, 0.0 ], [ 105227.608200009912252, 502506.293700009584427, 0.0 ], [ 105228.125600002706051, 502506.348400011658669, 0.0 ], [ 105229.171700015664101, 502500.000000011175871, 0.0 ], [ 105229.297000013291836, 502499.400500018149614, 0.0 ], [ 105229.441200003027916, 502498.80519999936223, 0.0 ], [ 105229.604200009256601, 502498.214800007641315, 0.0 ], [ 105229.785700004547834, 502497.629799999296665, 0.0 ], [ 105229.985500000417233, 502497.050799999386072, 0.0 ], [ 105230.203500002622604, 502496.478399999439716, 0.0 ], [ 105230.50560000166297, 502495.795100025832653, 0.0 ], [ 105230.534800000488758, 502495.735700003802776, 0.0 ], [ 105230.932800002396107, 502494.924400024116039, 0.0 ], [ 105231.278000000864267, 502494.099199999123812, 0.0 ], [ 105231.593899998813868, 502493.262400005012751, 0.0 ], [ 105231.880300004035234, 502492.41499999910593, 0.0 ], [ 105232.136900003999472, 502491.558100018650293, 0.0 ], [ 105232.363200005143881, 502490.692799996584654, 0.0 ], [ 105232.559000000357628, 502489.820000022649765, 0.0 ], [ 105234.375999998301268, 502481.324999999254942, 0.0 ], [ 105234.566700000315905, 502480.466500006616116, 0.0 ], [ 105234.78660000115633, 502479.614999994635582, 0.0 ], [ 105235.035399999469519, 502478.771600004285574, 0.0 ], [ 105235.312899999320507, 502477.937100015580654, 0.0 ], [ 105235.618599999696016, 502477.112500004470348, 0.0 ], [ 105235.952399998903275, 502476.29890002310276, 0.0 ], [ 105236.313700009137392, 502475.497100010514259, 0.0 ], [ 105236.702200010418892, 502474.708200003951788, 0.0 ], [ 105237.117400005459785, 502473.93290001526475, 0.0 ], [ 105237.558800004422665, 502473.172300018370152, 0.0 ], [ 105238.02589999884367, 502472.427200019359589, 0.0 ], [ 105238.518100000917912, 502471.698500014841557, 0.0 ], [ 105239.035000000149012, 502470.987000003457069, 0.0 ], [ 105239.691700000315905, 502470.039500001817942, 0.0 ], [ 105240.315200008451939, 502469.069900032132864, 0.0 ], [ 105240.904699999839067, 502468.079199995845556, 0.0 ], [ 105241.459499999880791, 502467.068600032478571, 0.0 ], [ 105241.978900004178286, 502466.039400022476912, 0.0 ], [ 105242.462400000542402, 502464.992899999022484, 0.0 ], [ 105242.90930001065135, 502463.930200014263391, 0.0 ], [ 105243.318999998271465, 502462.852700009942055, 0.0 ], [ 105243.691200003027916, 502461.761599998921156, 0.0 ], [ 105244.0253000035882, 502460.658300019800663, 0.0 ], [ 105244.320999998599291, 502459.544000014662743, 0.0 ], [ 105245.560000006109476, 502454.68400002270937, 0.0 ], [ 105245.739000003784895, 502453.951000016182661, 0.0 ], [ 105247.32600000500679, 502447.561000034213066, 0.0 ], [ 105248.909000001847744, 502440.675999995321035, 0.0 ], [ 105249.865000002086163, 502436.832000017166138, 0.0 ], [ 105254.345199998468161, 502428.401300013065338, 0.0 ], [ 105256.057900000363588, 502427.375100035220385, 0.0 ], [ 105249.925900004804134, 502417.300100024789572, 0.0 ], [ 105249.595600001513958, 502415.617400020360947, 0.0 ], [ 105241.499899998307228, 502413.750100016593933, 0.0 ], [ 105231.774900007992983, 502411.799100004136562, 0.0 ], [ 105224.043800007551908, 502409.808300029486418, 0.0 ], [ 105224.839000005275011, 502405.772100012749434, 0.0 ], [ 105227.703000005334616, 502393.352100007236004, 0.0 ], [ 105231.037999998778105, 502380.533100001513958, 0.0 ], [ 105236.412999998778105, 502360.102100018411875, 0.0 ], [ 105236.057900004088879, 502359.932100005447865, 0.0 ], [ 105237.982999999076128, 502353.449100013822317, 0.0 ], [ 105240.770000003278255, 502343.842100024223328, 0.0 ], [ 105246.796000003814697, 502323.481100022792816, 0.0 ], [ 105250.624700002372265, 502310.725999999791384, 0.0 ], [ 105251.198700003325939, 502304.653500013053417, 0.0 ], [ 105251.211000002920628, 502304.533100012689829, 0.0 ], [ 105251.226600002497435, 502304.412900030612946, 0.0 ], [ 105251.25730000436306, 502304.176600016653538, 0.0 ], [ 105251.302700009196997, 502303.934399995952845, 0.0 ], [ 105251.326200004667044, 502303.816799994558096, 0.0 ], [ 105251.354899998754263, 502303.698000006377697, 0.0 ], [ 105251.412000004202127, 502303.462399996817112, 0.0 ], [ 105251.442500002682209, 502303.345400024205446, 0.0 ], [ 105251.475900001823902, 502303.228799995034933, 0.0 ], [ 105261.545400004833937, 502268.157100010663271, 0.0 ], [ 105261.842999998480082, 502267.120700001716614, 0.0 ], [ 105299.924200002104044, 502129.620000001043081, 0.0 ], [ 105299.947300001978874, 502129.536400001496077, 0.0 ], [ 105299.958500005304813, 502129.494700003415346, 0.0 ], [ 105299.96560000628233, 502129.452000021934509, 0.0 ], [ 105299.979699999094009, 502129.366400003433228, 0.0 ], [ 105299.993900004774332, 502129.28080003336072, 0.0 ], [ 105300.00789999961853, 502129.195500005036592, 0.0 ], [ 105300.011200003325939, 502129.108799997717142, 0.0 ], [ 105300.014500003308058, 502129.022100016474724, 0.0 ], [ 105300.017700001597404, 502128.935500014573336, 0.0 ], [ 105300.018900003284216, 502128.89230003207922, 0.0 ], [ 105300.0152000002563, 502128.849200014024973, 0.0 ], [ 105300.007800009101629, 502128.762900002300739, 0.0 ], [ 105300.000300005078316, 502128.676299996674061, 0.0 ], [ 105299.992899999022484, 502128.589999999850988, 0.0 ], [ 105299.988500002771616, 502128.547200001776218, 0.0 ], [ 105299.978500001132488, 502128.505200013518333, 0.0 ], [ 105299.958599999547005, 502128.420900020748377, 0.0 ], [ 105299.918499998748302, 502128.252000022679567, 0.0 ], [ 105299.8986000046134, 502128.168000023812056, 0.0 ], [ 105299.867300007492304, 502128.08729999884963, 0.0 ], [ 105299.835900004953146, 502128.006500013172626, 0.0 ], [ 105299.804400004446507, 502127.92560001090169, 0.0 ], [ 105299.773100007325411, 502127.845000002533197, 0.0 ], [ 105299.731100004166365, 502127.769300017505884, 0.0 ], [ 105299.688900001347065, 502127.693300012499094, 0.0 ], [ 105299.646800000220537, 502127.617499999701977, 0.0 ], [ 105299.625500004738569, 502127.580000009387732, 0.0 ], [ 105299.600000001490116, 502127.545100014656782, 0.0 ], [ 105299.5489999987185, 502127.475000020116568, 0.0 ], [ 105299.497800007462502, 502127.404900006949902, 0.0 ], [ 105299.446699999272823, 502127.334899999201298, 0.0 ], [ 105299.420800000429153, 502127.300500001758337, 0.0 ], [ 105299.39190000295639, 502127.268200002610683, 0.0 ], [ 105299.334000002592802, 502127.203500028699636, 0.0 ], [ 105298.73930000141263, 502126.538999997079372, 0.0 ], [ 105298.165100004523993, 502125.856600005179644, 0.0 ], [ 105297.614600006490946, 502125.155000019818544, 0.0 ], [ 105297.088300004601479, 502124.435099996626377, 0.0 ], [ 105296.586800005286932, 502123.697600021958351, 0.0 ], [ 105296.110800016671419, 502122.943500004708767, 0.0 ], [ 105295.660799998790026, 502122.173600025475025, 0.0 ], [ 105295.235100001096725, 502121.389899995177984, 0.0 ], [ 105295.194099999964237, 502121.314400002360344, 0.0 ], [ 105295.173700004816055, 502121.276700034737587, 0.0 ], [ 105295.150400001555681, 502121.240599997341633, 0.0 ], [ 105295.103700004518032, 502121.168500006198883, 0.0 ], [ 105295.057100001722574, 502121.0962999984622, 0.0 ], [ 105295.032900001853704, 502121.061000034213066, 0.0 ], [ 105295.005900003015995, 502121.027600035071373, 0.0 ], [ 105294.951800003647804, 502120.960900012403727, 0.0 ], [ 105294.897700000554323, 502120.894200019538403, 0.0 ], [ 105294.87049999833107, 502120.861100010573864, 0.0 ], [ 105294.839300002902746, 502120.831999994814396, 0.0 ], [ 105294.588300004601479, 502120.597600016742945, 0.0 ], [ 105294.557399999350309, 502120.568399995565414, 0.0 ], [ 105294.521800000220537, 502120.54500000923872, 0.0 ], [ 105294.234800014644861, 502120.356400016695261, 0.0 ], [ 105294.163400001823902, 502120.309500001370907, 0.0 ], [ 105294.085299998521805, 502120.274600006639957, 0.0 ], [ 105294.006799999624491, 502120.239500019699335, 0.0 ], [ 105287.36370000243187, 502117.272000011056662, 0.0 ], [ 105288.299300000071526, 502115.170900024473667, 0.0 ], [ 105289.173900004476309, 502113.206899996846914, 0.0 ], [ 105289.899300005286932, 502111.577900011092424, 0.0 ], [ 105290.254599999636412, 502109.729100033640862, 0.0 ], [ 105293.053000003099442, 502095.165499996393919, 0.0 ], [ 105293.487000003457069, 502092.906900014728308, 0.0 ], [ 105293.526000004261732, 502092.914300031960011, 0.0 ], [ 105296.017400003969669, 502093.384600006043911, 0.0 ], [ 105296.103200003504753, 502093.400800004601479, 0.0 ], [ 105296.18860001116991, 502093.416900016367435, 0.0 ], [ 105296.275600001215935, 502093.422200009226799, 0.0 ], [ 105296.36260000243783, 502093.427600018680096, 0.0 ], [ 105296.449799999594688, 502093.432900011539459, 0.0 ], [ 105296.536800000816584, 502093.438200019299984, 0.0 ], [ 105296.623500004410744, 502093.430200014263391, 0.0 ], [ 105296.710400007665157, 502093.422200009226799, 0.0 ], [ 105296.7972999997437, 502093.414100002497435, 0.0 ], [ 105296.883900005370378, 502093.406099997460842, 0.0 ], [ 105296.968700002878904, 502093.386500008404255, 0.0 ], [ 105297.053700007498264, 502093.366900019347668, 0.0 ], [ 105297.138799998909235, 502093.347300004214048, 0.0 ], [ 105297.223700001835823, 502093.327700015157461, 0.0 ], [ 105297.265700001269579, 502093.316899996250868, 0.0 ], [ 105297.306400001049042, 502093.301600031554699, 0.0 ], [ 105297.388000000268221, 502093.270900003612041, 0.0 ], [ 105297.469800002872944, 502093.240100000053644, 0.0 ], [ 105297.551100000739098, 502093.209399998188019, 0.0 ], [ 105297.628200005739927, 502093.168400004506111, 0.0 ], [ 105297.705200001597404, 502093.127399995923042, 0.0 ], [ 105297.782200004905462, 502093.086400002241135, 0.0 ], [ 105297.820300001651049, 502093.065600011497736, 0.0 ], [ 105297.855900000780821, 502093.04050001129508, 0.0 ], [ 105297.927200000733137, 502092.990299995988607, 0.0 ], [ 105297.998700004070997, 502092.940099995583296, 0.0 ], [ 105298.070000004023314, 502092.889900021255016, 0.0 ], [ 105298.105000000447035, 502092.864400010555983, 0.0 ], [ 105298.1368000023067, 502092.834700006991625, 0.0 ], [ 105298.200600001960993, 502092.775299999862909, 0.0 ], [ 105298.26460000500083, 502092.715900018811226, 0.0 ], [ 105298.328400004655123, 502092.656399995088577, 0.0 ], [ 105298.359600003808737, 502092.626300022006035, 0.0 ], [ 105298.388300005346537, 502092.59349999576807, 0.0 ], [ 105298.445700004696846, 502092.527799997478724, 0.0 ], [ 105298.924199998378754, 502091.980400022119284, 0.0 ], [ 105299.426600005477667, 502091.431600011885166, 0.0 ], [ 105299.935400005429983, 502090.900000028312206, 0.0 ], [ 105299.992400001734495, 502090.840400017797947, 0.0 ], [ 105300.049400005489588, 502090.780800029635429, 0.0 ], [ 105300.099200002849102, 502090.715100020170212, 0.0 ], [ 105300.14919999986887, 502090.649300016462803, 0.0 ], [ 105300.199099998921156, 502090.583399999886751, 0.0 ], [ 105300.249000001698732, 502090.517600025981665, 0.0 ], [ 105300.273000001907349, 502090.484400004148483, 0.0 ], [ 105300.294000003486872, 502090.448899995535612, 0.0 ], [ 105300.3361000046134, 502090.377700012177229, 0.0 ], [ 105300.378100015223026, 502090.306600004434586, 0.0 ], [ 105300.397300001233816, 502090.271700009703636, 0.0 ], [ 105300.416300002485514, 502090.233500014990568, 0.0 ], [ 105314.435100000351667, 502061.919800031930208, 0.0 ], [ 105314.616500005125999, 502061.537300016731024, 0.0 ], [ 105314.78490000218153, 502061.148900002241135, 0.0 ], [ 105314.940099999308586, 502060.755100034177303, 0.0 ], [ 105315.082000002264977, 502060.35630002617836, 0.0 ], [ 105315.210200015455484, 502059.952900014817715, 0.0 ], [ 105315.324800003319979, 502059.545400012284517, 0.0 ], [ 105315.425600003451109, 502059.134200017899275, 0.0 ], [ 105315.512500002980232, 502058.719999998807907, 0.0 ], [ 105369.82209999859333, 501776.048000004142523, 0.0 ], [ 105369.838500004261732, 501775.962800018489361, 0.0 ], [ 105369.84630000218749, 501775.920500006526709, 0.0 ], [ 105369.850400000810623, 501775.877199999988079, 0.0 ], [ 105369.858600005507469, 501775.790899999439716, 0.0 ], [ 105369.866900004446507, 501775.704500012099743, 0.0 ], [ 105369.869700003415346, 501775.661400035023689, 0.0 ], [ 105369.868999999016523, 501775.618099998682737, 0.0 ], [ 105369.867700003087521, 501775.531300015747547, 0.0 ], [ 105369.866400003433228, 501775.444600008428097, 0.0 ], [ 105369.86540000140667, 501775.40140001475811, 0.0 ], [ 105369.859700005501509, 501775.358500014990568, 0.0 ], [ 105369.848200008273125, 501775.272599998861551, 0.0 ], [ 105369.836800001561642, 501775.186600022017956, 0.0 ], [ 105369.825300000607967, 501775.100600004196167, 0.0 ], [ 105369.818900000303984, 501775.05799999833107, 0.0 ], [ 105369.807900004088879, 501775.016199998557568, 0.0 ], [ 105369.78600000217557, 501774.932300005108118, 0.0 ], [ 105369.764000002294779, 501774.848299995064735, 0.0 ], [ 105369.74210000410676, 501774.76460000872612, 0.0 ], [ 105369.709800004959106, 501774.684300005435944, 0.0 ], [ 105369.677300006151199, 501774.603799998760223, 0.0 ], [ 105369.644900005310774, 501774.523300006985664, 0.0 ], [ 105369.628400016576052, 501774.483500000089407, 0.0 ], [ 105369.607000004500151, 501774.446000009775162, 0.0 ], [ 105369.564100004732609, 501774.370700009167194, 0.0 ], [ 105369.478200003504753, 501774.219900000840425, 0.0 ], [ 105369.435400005429983, 501774.144900020211935, 0.0 ], [ 105369.38120000436902, 501774.077600009739399, 0.0 ], [ 105369.218100000172853, 501773.875000029802322, 0.0 ], [ 105369.163900010287762, 501773.807700019329786, 0.0 ], [ 105369.101300001144409, 501773.747900001704693, 0.0 ], [ 105369.038500003516674, 501773.688100025057793, 0.0 ], [ 105368.424400005489588, 501773.102100018411875, 0.0 ], [ 105367.826099999248981, 501772.500100016593933, 0.0 ], [ 105367.247600004076958, 501771.878999996930361, 0.0 ], [ 105366.689600002020597, 501771.239500030875206, 0.0 ], [ 105366.152700003236532, 501770.582099996507168, 0.0 ], [ 105365.637299999594688, 501769.90769999474287, 0.0 ], [ 105365.144200008362532, 501769.216900028288364, 0.0 ], [ 105364.673700001090765, 501768.510500021278858, 0.0 ], [ 105364.222199998795986, 501767.791799999773502, 0.0 ], [ 105364.176500003784895, 501767.719000019133091, 0.0 ], [ 105364.130899999290705, 501767.646500017493963, 0.0 ], [ 105364.077200002968311, 501767.579899996519089, 0.0 ], [ 105364.023200016468763, 501767.513100001960993, 0.0 ], [ 105363.969300001859665, 501767.446199998259544, 0.0 ], [ 105363.915399998426437, 501767.379500016570091, 0.0 ], [ 105363.887899998575449, 501767.346900023519993, 0.0 ], [ 105363.856899999082088, 501767.317399997264147, 0.0 ], [ 105363.794700004160404, 501767.258300010114908, 0.0 ], [ 105363.732400000095367, 501767.199100006371737, 0.0 ], [ 105363.670299999415874, 501767.140099994838238, 0.0 ], [ 105363.601200006902218, 501767.08940002322197, 0.0 ], [ 105363.531900003552437, 501767.038500018417835, 0.0 ], [ 105363.462700001895428, 501766.987700019031763, 0.0 ], [ 105363.428000003099442, 501766.96270003169775, 0.0 ], [ 105363.390400003641844, 501766.942700006067753, 0.0 ], [ 105363.087200004607439, 501766.781700007617474, 0.0 ], [ 105363.049899999052286, 501766.761600006371737, 0.0 ], [ 105363.009500004351139, 501766.747799996286631, 0.0 ], [ 105362.68470000103116, 501766.636700019240379, 0.0 ], [ 105362.644000001251698, 501766.624000035226345, 0.0 ], [ 105362.602100003510714, 501766.61590001732111, 0.0 ], [ 105362.517800007015467, 501766.599600024521351, 0.0 ], [ 105356.412900000810623, 501765.420300010591745, 0.0 ], [ 105356.846999999135733, 501763.161600012332201, 0.0 ], [ 105357.381000000983477, 501760.382500007748604, 0.0 ], [ 105358.466299999505281, 501754.734200023114681, 0.0 ], [ 105361.330700006335974, 501739.826900001615286, 0.0 ], [ 105364.527200002223253, 501738.35360000655055, 0.0 ], [ 105367.302700009196997, 501737.400600019842386, 0.0 ], [ 105369.294599998742342, 501735.205200016498566, 0.0 ], [ 105376.983400005847216, 501722.194499999284744, 0.0 ], [ 105378.619100000709295, 501723.161100003868341, 0.0 ], [ 105387.490600004792213, 501708.149200029671192, 0.0 ], [ 105389.189800001680851, 501703.87270001322031, 0.0 ], [ 105389.925299998372793, 501700.963200002908707, 0.0 ], [ 105390.749000005424023, 501697.664000004529953, 0.0 ], [ 105396.118000000715256, 501673.279100000858307, 0.0 ], [ 105401.13399999961257, 501650.387100007385015, 0.0 ], [ 105396.072900000959635, 501649.16609999537468, 0.0 ], [ 105400.924000013619661, 501627.211100019514561, 0.0 ], [ 105405.729000002145767, 501605.228100012987852, 0.0 ], [ 105408.046000003814697, 501594.310100007802248, 0.0 ], [ 105408.121000003069639, 501593.946100018918514, 0.0 ], [ 105413.01800000667572, 501573.417099997401237, 0.0 ], [ 105420.841000005602837, 501538.551100015640259, 0.0 ], [ 105421.168999999761581, 501537.105099994689226, 0.0 ], [ 105419.90989999845624, 501536.833100020885468, 0.0 ], [ 105422.530999999493361, 501525.237100034952164, 0.0 ], [ 105423.565000008791685, 501520.472100008279085, 0.0 ], [ 105425.489799998700619, 501511.874300006777048, 0.0 ], [ 105419.672900013625622, 501510.57209999859333, 0.0 ], [ 105424.539000004529953, 501488.905100032687187, 0.0 ], [ 105427.820500005036592, 501474.102900020778179, 0.0 ], [ 105439.670000001788139, 501476.729800000786781, 0.0 ], [ 105440.023000001907349, 501475.235100001096725, 0.0 ], [ 105440.538000002503395, 501473.053100012242794, 0.0 ], [ 105441.743000004440546, 501467.948100011795759, 0.0 ], [ 105441.467000007629395, 501467.885000009089708, 0.0 ], [ 105436.918000016361475, 501466.873000010848045, 0.0 ], [ 105441.253000002354383, 501447.723000008612871, 0.0 ], [ 105444.030000004917383, 501435.436999995261431, 0.0 ], [ 105424.406000003218651, 501431.001000013202429, 0.0 ], [ 105361.829999998211861, 501425.059999998658895, 0.0 ], [ 105353.043000005185604, 501418.049000013619661, 0.0 ], [ 105348.170000001788139, 501414.160000011324883, 0.0 ], [ 105347.51800000295043, 501414.289000004529953, 0.0 ], [ 105345.348000001162291, 501414.718000002205372, 0.0 ], [ 105343.526000004261732, 501416.825000010430813, 0.0 ], [ 105328.203000005334616, 501403.637000016868114, 0.0 ], [ 105326.975000012665987, 501405.078999996185303, 0.0 ], [ 105326.420000001788139, 501405.729999996721745, 0.0 ], [ 105307.46000000461936, 501389.120000004768372, 0.0 ], [ 105303.820000000298023, 501387.140000019222498, 0.0 ], [ 105299.96000000089407, 501387.130000006407499, 0.0 ], [ 105165.618000000715256, 501411.252000000327826, 0.0 ], [ 105150.760000001639128, 501413.920000016689301, 0.0 ], [ 105140.144000001251698, 501426.012000001966953, 0.0 ], [ 105132.932000000029802, 501419.680000007152557, 0.0 ], [ 105129.102000009268522, 501421.598000027239323, 0.0 ], [ 105128.55800000205636, 501421.638999994844198, 0.0 ], [ 105125.105000004172325, 501421.899000015109777, 0.0 ], [ 105122.880000006407499, 501422.370000019669533, 0.0 ], [ 105118.360000003129244, 501424.650000017136335, 0.0 ], [ 105090.468000002205372, 501438.721999999135733, 0.0 ], [ 105084.190000005066395, 501441.890000004321337, 0.0 ], [ 105081.620000004768372, 501440.240000009536743, 0.0 ], [ 105079.533000003546476, 501441.88400000706315, 0.0 ], [ 105071.978999998420477, 501447.834000010043383, 0.0 ], [ 105071.962000004947186, 501447.848000012338161, 0.0 ], [ 105064.118000004440546, 501454.026000015437603, 0.0 ], [ 105049.448000002652407, 501465.581000007688999, 0.0 ], [ 105044.180000003427267, 501469.730000015348196, 0.0 ], [ 105047.061000000685453, 501484.5720000192523, 0.0 ], [ 105026.513000000268221, 501494.561999995261431, 0.0 ], [ 105023.984000001102686, 501492.360000021755695, 0.0 ], [ 104969.543999999761581, 501444.962000019848347, 0.0 ], [ 104943.269000001251698, 501449.989000007510185, 0.0 ], [ 104942.900000002235174, 501450.059999998658895, 0.0 ], [ 104944.030000001192093, 501442.464000020176172, 0.0 ], [ 104940.538100000470877, 501446.297900021076202, 0.0 ], [ 104920.022999998182058, 501468.82200001552701, 0.0 ], [ 104897.339000001549721, 501476.932000011205673, 0.0 ], [ 104896.288000002503395, 501477.278000023216009, 0.0 ], [ 104896.369000002741814, 501477.780000019818544, 0.0 ], [ 104902.603000000119209, 501516.21500001475215, 0.0 ], [ 104903.21900000423193, 501520.010000020265579, 0.0 ], [ 104903.336000002920628, 501521.838000006973743, 0.0 ], [ 104903.360000003129244, 501522.211000010371208, 0.0 ], [ 104902.957000002264977, 501522.958999998867512, 0.0 ], [ 104902.153000000864267, 501523.906000029295683, 0.0 ], [ 104901.231600001454353, 501524.343899998813868, 0.0 ], [ 104900.901000000536442, 501524.5010000243783, 0.0 ], [ 104899.0, 501524.744000013917685, 0.0 ], [ 104868.486999999731779, 501525.815000023692846, 0.0 ], [ 104868.285999998450279, 501525.822000000625849, 0.0 ], [ 104845.236999999731779, 501526.631000023335218, 0.0 ], [ 104818.431000001728535, 501527.525000024586916, 0.0 ], [ 104792.224000003188848, 501528.471000030636787, 0.0 ], [ 104765.717000003904104, 501529.66600001975894, 0.0 ], [ 104759.690000005066395, 501523.691000018268824, 0.0 ], [ 104743.589999999850988, 501523.377000000327826, 0.0 ], [ 104703.040000002831221, 501522.367000009864569, 0.0 ], [ 104689.894000001251698, 501520.864000011235476, 0.0 ], [ 104689.439000003039837, 501522.263000015169382, 0.0 ], [ 104682.44200000539422, 501533.986000012606382, 0.0 ], [ 104653.120000004768372, 501551.421999994665384, 0.0 ], [ 104608.063000004738569, 501577.145000025629997, 0.0 ], [ 104602.215000007301569, 501551.220000002533197, 0.0 ], [ 104602.153000004589558, 501551.069000016897917, 0.0 ], [ 104601.719999998807907, 501550.018000032752752, 0.0 ], [ 104457.153000008314848, 501544.767000019550323, 0.0 ], [ 104342.194000001996756, 501540.591000005602837, 0.0 ], [ 104340.532000005245209, 501540.53099999576807, 0.0 ], [ 104332.758000005036592, 501540.25899999588728, 0.0 ], [ 104329.468000002205372, 501540.194000016897917, 0.0 ], [ 104245.794000003486872, 501538.064000029116869, 0.0 ], [ 104124.665000002831221, 501535.016999997198582, 0.0 ], [ 104124.573000002652407, 501532.369000006467104, 0.0 ], [ 104124.556000001728535, 501531.875000014901161, 0.0 ], [ 104091.593000002205372, 501531.197000008076429, 0.0 ], [ 103962.493000000715256, 501528.541999995708466, 0.0 ], [ 103925.612000003457069, 501527.784000020474195, 0.0 ], [ 103922.642000000923872, 501527.723000001162291, 0.0 ], [ 103921.785000000149012, 501579.775000013411045, 0.0 ], [ 103910.108000002801418, 501573.628000017255545, 0.0 ], [ 103901.641000002622604, 501565.194000013172626, 0.0 ], [ 103845.956000000238419, 501510.843999996781349, 0.0 ], [ 103674.337000004947186, 501489.251000016927719, 0.0 ], [ 103674.089099999517202, 501489.219800014048815, 0.0 ], [ 103646.195000007748604, 501485.710900016129017, 0.0 ], [ 103042.100000008940697, 501409.720000028610229, 0.0 ], [ 102996.440000001341105, 501403.979999996721745, 0.0 ], [ 102741.350000005215406, 501335.71000000834465, 0.0 ], [ 102647.719999998807907, 501303.850000035017729, 0.0 ], [ 102591.129999998956919, 501287.079999998211861, 0.0 ], [ 102584.120000008493662, 501310.780000016093254, 0.0 ], [ 102426.680000003427267, 501239.670000016689301, 0.0 ], [ 102394.910000007599592, 501282.700000010430813, 0.0 ], [ 102391.180000003427267, 501284.320000007748604, 0.0 ], [ 102388.359999999403954, 501283.650000032037497, 0.0 ], [ 102385.560000002384186, 501281.720000017434359, 0.0 ], [ 102384.410000003874302, 501279.719999995082617, 0.0 ], [ 102383.75, 501276.920000035315752, 0.0 ], [ 102382.410000003874302, 501267.369999997317791, 0.0 ], [ 102379.700000006705523, 501255.739999998360872, 0.0 ], [ 102376.25000000372529, 501248.060000021010637, 0.0 ], [ 102372.800000004470348, 501244.440000001341105, 0.0 ], [ 102367.350000008940697, 501239.610000021755695, 0.0 ], [ 102362.990000005811453, 501237.949999999254942, 0.0 ], [ 102358.890000004321337, 501238.890000022947788, 0.0 ], [ 102320.850000005215406, 501274.170000016689301, 0.0 ], [ 102211.46000000461936, 501192.810000006109476, 0.0 ], [ 102046.560000002384186, 501048.290000006556511, 0.0 ], [ 102045.50000000372529, 501049.490000009536743, 0.0 ], [ 102010.96000000089407, 501091.120000015944242, 0.0 ], [ 101967.046700000762939, 501075.219300016760826, 0.0 ], [ 101966.974000003188848, 501075.193000014871359, 0.0 ], [ 101967.135000001639128, 501072.660999998450279, 0.0 ], [ 101871.467999998480082, 501042.432000018656254, 0.0 ], [ 101831.943999998271465, 501029.943000018596649, 0.0 ], [ 101811.75000000372529, 501039.479000024497509, 0.0 ], [ 101808.778000000864267, 501040.883000016212463, 0.0 ], [ 101802.184000004082918, 501043.93400002270937, 0.0 ], [ 101800.754000000655651, 501044.595000009983778, 0.0 ], [ 101655.900000002235174, 501111.489000022411346, 0.0 ], [ 101648.668000008910894, 501114.821000020951033, 0.0 ], [ 101539.828000001609325, 501164.909000001847744, 0.0 ], [ 101534.959000006318092, 501167.158000010997057, 0.0 ], [ 101524.671000007539988, 501171.910000018775463, 0.0 ], [ 101501.370999999344349, 501182.673000019043684, 0.0 ], [ 101470.868000004440546, 501196.697000026702881, 0.0 ], [ 101454.193000007420778, 501204.359000001102686, 0.0 ], [ 101448.230999998748302, 501207.218999996781349, 0.0 ], [ 101461.88400000333786, 501236.73700000718236, 0.0 ], [ 101468.015999998897314, 501249.400999996811152, 0.0 ], [ 101477.562000006437302, 501268.097000017762184, 0.0 ], [ 101486.34400000423193, 501284.022999994456768, 0.0 ], [ 101489.074000004678965, 501288.828000005334616, 0.0 ], [ 101492.040000002831221, 501293.594000000506639, 0.0 ], [ 101494.264000002294779, 501296.929000001400709, 0.0 ], [ 101496.418000008910894, 501299.976000018417835, 0.0 ], [ 101498.793999999761581, 501303.17399999499321, 0.0 ], [ 101500.829999998211861, 501306.072000008076429, 0.0 ], [ 101509.606000002473593, 501317.004000000655651, 0.0 ], [ 101526.949000000953674, 501337.400000013411045, 0.0 ], [ 101532.010000001639128, 501343.836000002920628, 0.0 ], [ 101534.032000008970499, 501346.552000008523464, 0.0 ], [ 101535.350000001490116, 501348.577999997884035, 0.0 ], [ 101536.42400000244379, 501350.306000009179115, 0.0 ], [ 101537.614000000059605, 501352.44200000166893, 0.0 ], [ 101537.756000004708767, 501352.730999995023012, 0.0 ], [ 101532.814000003039837, 501351.002000004053116, 0.0 ], [ 101489.624000001698732, 501335.24200002476573, 0.0 ], [ 101451.086000002920628, 501321.287999998778105, 0.0 ], [ 101434.521999999880791, 501315.616000007838011, 0.0 ], [ 101405.25899999961257, 501305.617000002413988, 0.0 ], [ 101313.973000004887581, 501391.531000003218651, 0.0 ], [ 101246.311000000685453, 501455.52800003066659, 0.0 ], [ 101244.033000007271767, 501457.663000028580427, 0.0 ], [ 101241.140000008046627, 501460.3220000192523, 0.0 ], [ 101234.190999999642372, 501459.126000016927719, 0.0 ], [ 101179.440999999642372, 501450.164000034332275, 0.0 ], [ 101073.664000004529953, 501432.950000017881393, 0.0 ], [ 101062.783000010997057, 501438.059000004082918, 0.0 ], [ 101050.21000000461936, 501444.125000022351742, 0.0 ], [ 101018.196000002324581, 501459.131000015884638, 0.0 ], [ 100991.903999999165535, 501471.451999999582767, 0.0 ], [ 100990.445000000298023, 501471.591000005602837, 0.0 ], [ 100979.760000001639128, 501472.113000027835369, 0.0 ], [ 100977.244000002741814, 501423.320999994874001, 0.0 ], [ 100954.752000004053116, 501433.464000005275011, 0.0 ], [ 100919.08500000461936, 501449.708000004291534, 0.0 ], [ 100917.672000005841255, 501450.375000014901161, 0.0 ], [ 100882.186000004410744, 501466.513000011444092, 0.0 ], [ 100862.807000003755093, 501475.354000005871058, 0.0 ], [ 100831.271000001579523, 501489.742000017315149, 0.0 ], [ 100820.69200000539422, 501494.509000021964312, 0.0 ], [ 100805.79500001296401, 501501.222000025212765, 0.0 ], [ 100796.897999998182058, 501505.23200000077486, 0.0 ], [ 100796.673000004142523, 501505.340000011026859, 0.0 ], [ 100777.797000002115965, 501514.318000003695488, 0.0 ], [ 100764.120000004768372, 501520.73200000077486, 0.0 ], [ 100732.344000000506639, 501534.635000005364418, 0.0 ], [ 100727.782000005245209, 501536.737999998033047, 0.0 ], [ 100710.961000002920628, 501544.492000013589859, 0.0 ], [ 100680.830000005662441, 501558.380000006407499, 0.0 ], [ 100640.956000003963709, 501571.333900012075901, 0.0 ], [ 100623.377494178712368, 501577.04468011111021, 0.0 ], [ 100633.373400002717972, 501612.945699997246265, 0.0 ], [ 100637.011399999260902, 501631.135800007730722, 0.0 ], [ 100642.964600004255772, 501643.042100004851818, 0.0 ], [ 100649.248400006443262, 501647.672300018370152, 0.0 ], [ 100656.524500001221895, 501654.617600005120039, 0.0 ], [ 100662.477600011974573, 501672.477100014686584, 0.0 ], [ 100660.824000004678965, 501710.510999999940395, 0.0 ], [ 100664.131300002336502, 501749.206400014460087, 0.0 ], [ 100666.446400009095669, 501771.365299999713898, 0.0 ], [ 100672.068800002336502, 501786.909600019454956, 0.0 ], [ 100682.652100011706352, 501812.375799998641014, 0.0 ], [ 100695.219900000840425, 501831.888800006359816, 0.0 ], [ 100703.488100003451109, 501849.417500007897615, 0.0 ], [ 100723.331900000572205, 501879.844600006937981, 0.0 ], [ 100725.532800000160933, 501884.552800022065639, 0.0 ], [ 100749.459600005298853, 501935.738000012934208, 0.0 ], [ 100750.934900000691414, 501936.885500002652407, 0.0 ], [ 100753.546399999409914, 501938.9166000187397, 0.0 ], [ 100756.238800004124641, 501949.441699996590614, 0.0 ], [ 100758.761100001633167, 501955.898700010031462, 0.0 ], [ 100760.70440000295639, 501960.873399998992682, 0.0 ], [ 100785.523300003260374, 502039.103500008583069, 0.0 ], [ 100817.259199999272823, 502139.136800017207861, 0.0 ], [ 100882.082300003618002, 502356.757100019603968, 0.0 ], [ 100939.629200004041195, 502555.856400012969971, 0.0 ], [ 100993.868900001049042, 502767.523500002920628, 0.0 ], [ 101007.645300004631281, 502824.902900002896786, 0.0 ], [ 101027.934099998325109, 502909.406600009649992, 0.0 ], [ 101042.693500004708767, 502968.603800021111965, 0.0 ], [ 101049.367400012910366, 502995.371600020676851, 0.0 ], [ 101053.531300004571676, 503012.072200007736683, 0.0 ], [ 101089.119100004434586, 503154.808100018650293, 0.0 ], [ 101110.099700000137091, 503234.017600003629923, 0.0 ], [ 101134.759800001978874, 503327.118399996310472, 0.0 ], [ 101149.993100002408028, 503372.16550001129508, 0.0 ], [ 101157.910900000482798, 503395.579400021582842, 0.0 ], [ 101181.062000013887882, 503488.183800019323826, 0.0 ], [ 101205.866800002753735, 503640.981000017374754, 0.0 ], [ 101212.150600004941225, 503691.913400016725063, 0.0 ], [ 101241.354499999433756, 503844.517800018191338, 0.0 ], [ 101245.885099999606609, 503868.192400012165308, 0.0 ], [ 101246.931499999016523, 503874.013100001960993, 0.0 ], [ 101282.92680000141263, 504074.237100023776293, 0.0 ], [ 101289.541400015354156, 504107.971500016748905, 0.0 ], [ 101310.708099998533726, 504209.505600024014711, 0.0 ], [ 101317.984099999070168, 504256.799900021404028, 0.0 ], [ 101318.289100002497435, 504264.576400015503168, 0.0 ], [ 101318.645599998533726, 504273.66710002347827, 0.0 ], [ 101316.661299999803305, 504287.227099996060133, 0.0 ], [ 101321.622200004756451, 504298.141200017184019, 0.0 ], [ 101332.013200007379055, 504320.704600013792515, 0.0 ], [ 101333.197700001299381, 504323.276599999517202, 0.0 ], [ 101341.135300006717443, 504346.758399996906519, 0.0 ], [ 101345.43470000103116, 504361.310600001364946, 0.0 ], [ 101347.749800000339746, 504372.22460001707077, 0.0 ], [ 101357.010299999266863, 504388.761100016534328, 0.0 ], [ 101365.278500001877546, 504430.433100011199713, 0.0 ], [ 101370.239400003105402, 504463.175299998372793, 0.0 ], [ 101393.72130000218749, 504615.311099998652935, 0.0 ], [ 101395.710900001227856, 504640.180800002068281, 0.0 ], [ 101399.674400005489588, 504689.725299995392561, 0.0 ], [ 101402.498599998652935, 504736.559500016272068, 0.0 ], [ 101403.5878000035882, 504742.761300016194582, 0.0 ], [ 101408.598800007253885, 504771.293100018054247, 0.0 ], [ 101421.761300005018711, 504830.351100016385317, 0.0 ], [ 101429.585900001227856, 504854.346599996089935, 0.0 ], [ 101437.377599999308586, 504878.241300020366907, 0.0 ], [ 101449.13120000064373, 504935.259100008755922, 0.0 ], [ 101449.685500003397465, 504937.947900004684925, 0.0 ], [ 101452.921900004148483, 504953.647700008004904, 0.0 ], [ 101476.403799999505281, 505091.892800018191338, 0.0 ], [ 101480.354198817163706, 505119.733494020998478, 0.0 ], [ 101492.837000004947186, 505115.824000034481287, 0.0 ], [ 101493.384100005030632, 505115.812500014901161, 0.0 ], [ 101553.824000004678965, 505114.542000003159046, 0.0 ], [ 102177.99100000411272, 505101.41100001335144, 0.0 ], [ 102407.785000000149012, 505096.555000010877848, 0.0 ], [ 102499.938000004738569, 505094.619999997317791, 0.0 ], [ 102601.844999998807907, 505092.480000026524067, 0.0 ], [ 102837.391000006347895, 505087.5230000205338, 0.0 ], [ 103020.75900000333786, 505083.591000016778708, 0.0 ], [ 103146.535000011324883, 505081.011000026017427, 0.0 ], [ 103175.513000007718801, 505080.402000002563, 0.0 ], [ 103214.98200000077486, 505079.571000028401613, 0.0 ], [ 103587.653999999165535, 505071.721000023186207, 0.0 ], [ 103907.609999999403954, 505064.981000013649464, 0.0 ], [ 103910.473999999463558, 505064.921000003814697, 0.0 ], [ 104698.423000000417233, 505048.323000002652407, 0.0 ], [ 104708.54900000244379, 505048.110000014305115, 0.0 ], [ 104716.978000000119209, 505047.932000022381544, 0.0 ], [ 104727.92000000551343, 505047.701999999582767, 0.0 ], [ 104844.60700000077486, 505045.244000006467104, 0.0 ], [ 104919.714000012725592, 505043.662000015377998, 0.0 ], [ 104956.11200000718236, 505042.894999995827675, 0.0 ], [ 104961.300999999046326, 505042.786000028252602, 0.0 ], [ 104966.225000001490116, 505042.682000033557415, 0.0 ], [ 105144.931000001728535, 505038.918000008910894, 0.0 ], [ 105165.293299999088049, 505038.489300020039082, 0.0 ], [ 105165.499000001698732, 505038.484999995678663, 0.0 ], [ 105174.71000000089407, 505038.285999994724989, 0.0 ], [ 105181.206000000238419, 505038.14580000191927, 0.0 ], [ 105186.110000003129244, 505038.040000002831221, 0.0 ], [ 105184.348999999463558, 505034.127999998629093, 0.0 ], [ 105195.186999998986721, 505034.243000030517578, 0.0 ], [ 105202.285000000149012, 505037.336999997496605, 0.0 ], [ 105202.36600000411272, 505037.372000008821487, 0.0 ], [ 105221.930000003427267, 505045.899999994784594, 0.0 ], [ 105224.184999998658895, 505046.903000004589558, 0.0 ], [ 105244.179999999701977, 505055.800000004470348, 0.0 ], [ 105251.406000003218651, 505059.069999996572733, 0.0 ], [ 105280.402000002563, 505072.162000000476837, 0.0 ], [ 105297.124000005424023, 505079.712000001221895, 0.0 ], [ 105322.352000005543232, 505092.394000008702278, 0.0 ], [ 105336.29900000244379, 505099.402000002563, 0.0 ], [ 105356.744000006467104, 505109.583000015467405, 0.0 ], [ 105365.021999999880791, 505112.679000005125999, 0.0 ], [ 105366.154000002890825, 505113.245000027120113, 0.0 ], [ 105378.406000006943941, 505118.002000007778406, 0.0 ], [ 105381.000999998301268, 505119.155000004917383, 0.0 ], [ 105393.541000001132488, 505124.056000005453825, 0.0 ], [ 105397.289000015705824, 505125.498000010848045, 0.0 ], [ 105408.965000003576279, 505128.092000003904104, 0.0 ], [ 105411.992000002413988, 505128.669000007212162, 0.0 ], [ 105424.244000006467104, 505130.831000011414289, 0.0 ], [ 105427.848000004887581, 505131.264000024646521, 0.0 ], [ 105430.442999999970198, 505131.84000001847744, 0.0 ], [ 105445.369000006467104, 505133.943999994546175, 0.0 ], [ 105453.848000001162291, 505135.004000008106232, 0.0 ], [ 105456.931000005453825, 505135.871000003069639, 0.0 ], [ 105468.879000000655651, 505136.256000000983477, 0.0 ], [ 105472.926000013947487, 505136.449000004678965, 0.0 ], [ 105483.91100000217557, 505137.798000011593103, 0.0 ], [ 105492.973000004887581, 505138.826000019907951, 0.0 ], [ 105493.385000001639128, 505138.861000016331673, 0.0 ], [ 105493.785000003874302, 505138.895000003278255, 0.0 ], [ 105508.305000003427267, 505140.129000019282103, 0.0 ], [ 105509.580000001937151, 505140.247000016272068, 0.0 ], [ 105509.788000002503395, 505140.266000017523766, 0.0 ], [ 105532.054000001400709, 505142.333000015467405, 0.0 ], [ 105534.333000004291534, 505142.736000016331673, 0.0 ], [ 105534.580000005662441, 505142.780000016093254, 0.0 ], [ 105541.682000003755093, 505144.035000000149012, 0.0 ], [ 105552.889000002294779, 505144.704000033438206, 0.0 ], [ 105567.776999998837709, 505146.375999994575977, 0.0 ], [ 105575.806000001728535, 505146.878000017255545, 0.0 ], [ 105585.305000003427267, 505146.245000023394823, 0.0 ], [ 105585.526000004261732, 505146.230000007897615, 0.0 ], [ 105585.842000003904104, 505146.208999998867512, 0.0 ], [ 105596.213000003248453, 505147.045999996364117, 0.0 ], [ 105615.9510000012815, 505148.38400000706315, 0.0 ], [ 105625.00899999961257, 505149.402000002563, 0.0 ], [ 105628.528999999165535, 505149.402000002563, 0.0 ], [ 105635.568000003695488, 505149.842000022530556, 0.0 ], [ 105647.446000002324581, 505149.038999997079372, 0.0 ], [ 105653.310400001704693, 505147.642300009727478, 0.0 ], [ 105655.025000002235174, 505147.234000001102686, 0.0 ] ] ] ] } },
{ "type": "Feature", "properties": { "fid": 1156, "jrstatcode": "2026WK039605", "wk_code": "WK039605", "wk_naam": "Wijk 05 Poelenburg en Oosterzij", "gm_code": "GM0396", "gm_naam": "Heemskerk", "water": "NEE", "jaar": "2026" }, "geometry": { "type": "MultiPolygon", "coordinates": [ [ [ [ 106625.75900000333786, 503901.800300002098083, 0.0 ], [ 106629.944900002330542, 503896.567100029438734, 0.0 ], [ 106631.15990000218153, 503897.56980000436306, 0.0 ], [ 106764.400100000202656, 503734.428200017660856, 0.0 ], [ 106791.384200002998114, 503702.677100010216236, 0.0 ], [ 106804.464800000190735, 503686.944800026714802, 0.0 ], [ 106815.791000004857779, 503673.00789999589324, 0.0 ], [ 106829.805900000035763, 503655.866099998354912, 0.0 ], [ 106854.618900004774332, 503623.374100014567375, 0.0 ], [ 106878.236900001764297, 503590.918100006878376, 0.0 ], [ 106905.6418999992311, 503550.637100007385015, 0.0 ], [ 106926.305900003761053, 503518.451100021600723, 0.0 ], [ 106937.526800006628036, 503500.000100009143353, 0.0 ], [ 106946.536900013685226, 503484.93010001629591, 0.0 ], [ 106964.859900005161762, 503452.802100021392107, 0.0 ], [ 106980.702900003641844, 503423.621100004762411, 0.0 ], [ 106981.689399998635054, 503421.636400002986193, 0.0 ], [ 106991.061900001019239, 503403.472100008279085, 0.0 ], [ 106999.999900002032518, 503385.291000012308359, 0.0 ], [ 107014.987900000065565, 503353.019100025296211, 0.0 ], [ 107036.05689999833703, 503306.111099999397993, 0.0 ], [ 107055.223900001496077, 503263.119100008159876, 0.0 ], [ 107075.624900002032518, 503217.496100019663572, 0.0 ], [ 107094.144900005310774, 503176.788100004196167, 0.0 ], [ 107097.418600011616945, 503170.091300014406443, 0.0 ], [ 107097.474700000137091, 503169.975800011307001, 0.0 ], [ 107097.493500005453825, 503169.937100019305944, 0.0 ], [ 107107.700400002300739, 503148.437400002032518, 0.0 ], [ 107107.917899999767542, 503147.979099996387959, 0.0 ], [ 107144.4989, 503068.38510001078248, 0.0 ], [ 107145.623500004410744, 503065.618900004774332, 0.0 ], [ 107146.83160000666976, 503062.888200007379055, 0.0 ], [ 107148.122100003063679, 503060.195400014519691, 0.0 ], [ 107149.493900001049042, 503057.543100010603666, 0.0 ], [ 107150.027499999850988, 503056.587700020521879, 0.0 ], [ 107150.593000002205372, 503055.650800004601479, 0.0 ], [ 107151.189600002020597, 503054.733400017023087, 0.0 ], [ 107151.816800002008677, 503053.836600001901388, 0.0 ], [ 107152.473799999803305, 503052.961500026285648, 0.0 ], [ 107153.15990000218153, 503052.108900014311075, 0.0 ], [ 107153.874299999326468, 503051.279900021851063, 0.0 ], [ 107154.616200007498264, 503050.475500017404556, 0.0 ], [ 107155.384700000286102, 503049.696400031447411, 0.0 ], [ 107156.179000005125999, 503048.9436000213027, 0.0 ], [ 107156.998200003057718, 503048.217999994754791, 0.0 ], [ 107157.841299999505281, 503047.520399998873472, 0.0 ], [ 107158.707500003278255, 503046.851600024849176, 0.0 ], [ 107159.595600016415119, 503046.212200034409761, 0.0 ], [ 107160.504800003021955, 503045.603100035339594, 0.0 ], [ 107161.433900002390146, 503045.025000020861626, 0.0 ], [ 107162.381999999284744, 503044.478400006890297, 0.0 ], [ 107163.347900006920099, 503043.964099995791912, 0.0 ], [ 107180.501899998635054, 503035.485000006854534, 0.0 ], [ 107181.862200003117323, 503034.804600022733212, 0.0 ], [ 107183.19819999858737, 503034.077700018882751, 0.0 ], [ 107184.508300002664328, 503033.305100001394749, 0.0 ], [ 107185.791000001132488, 503032.487700019031763, 0.0 ], [ 107187.044799998402596, 503031.626600004732609, 0.0 ], [ 107188.26800000295043, 503030.722700022161007, 0.0 ], [ 107189.459399998188019, 503029.777199998497963, 0.0 ], [ 107190.617499999701977, 503028.79110000655055, 0.0 ], [ 107191.740800000727177, 503027.76570000872016, 0.0 ], [ 107192.828099999576807, 503026.702100016176701, 0.0 ], [ 107193.877999998629093, 503025.601600021123886, 0.0 ], [ 107194.889400001615286, 503024.465600002557039, 0.0 ], [ 107195.861000005155802, 503023.295400019735098, 0.0 ], [ 107196.791600003838539, 503022.092300023883581, 0.0 ], [ 107197.680100001394749, 503020.857899997383356, 0.0 ], [ 107198.525600001215935, 503019.593500014394522, 0.0 ], [ 107199.326900005340576, 503018.300700005143881, 0.0 ], [ 107200.083200000226498, 503016.981100007891655, 0.0 ], [ 107200.793400004506111, 503015.636100020259619, 0.0 ], [ 107201.456900004297495, 503014.26749999448657, 0.0 ], [ 107202.072700008749962, 503012.876700013875961, 0.0 ], [ 107202.640300001949072, 503011.4656000174582, 0.0 ], [ 107203.158800005912781, 503010.035700004547834, 0.0 ], [ 107203.627600003033876, 503008.588800001889467, 0.0 ], [ 107204.046200003474951, 503007.126500017940998, 0.0 ], [ 107204.414200000464916, 503005.650700017809868, 0.0 ], [ 107204.731000006198883, 503004.163100000470877, 0.0 ], [ 107205.681800000369549, 503000.000100031495094, 0.0 ], [ 107235.358000002801418, 502870.069099996238947, 0.0 ], [ 107219.055900000035763, 502867.706100009381771, 0.0 ], [ 107219.236600004136562, 502867.196699995547533, 0.0 ], [ 107219.399700004607439, 502866.681500006467104, 0.0 ], [ 107219.545200005173683, 502866.160900015383959, 0.0 ], [ 107219.672700002789497, 502865.635700009763241, 0.0 ], [ 107219.782200008630753, 502865.106500003486872, 0.0 ], [ 107219.873500000685453, 502864.573800005018711, 0.0 ], [ 107219.946600001305342, 502864.038300007581711, 0.0 ], [ 107220.001400001347065, 502863.500599998980761, 0.0 ], [ 107220.03770000115037, 502862.961400002241135, 0.0 ], [ 107220.055600002408028, 502862.421200025826693, 0.0 ], [ 107220.055000003427267, 502861.880700014531612, 0.0 ], [ 107220.035900011658669, 502861.34060001373291, 0.0 ], [ 107219.998400002717972, 502860.801400009542704, 0.0 ], [ 107219.942499998956919, 502860.263900000602007, 0.0 ], [ 107219.868200000375509, 502859.728600010275841, 0.0 ], [ 107219.775699999183416, 502859.196100000292063, 0.0 ], [ 107219.66499999910593, 502858.667100012302399, 0.0 ], [ 107219.536299999803305, 502858.142100024968386, 0.0 ], [ 107219.389800000935793, 502857.621900033205748, 0.0 ], [ 107219.225499998778105, 502857.107000008225441, 0.0 ], [ 107219.043800003826618, 502856.598000019788742, 0.0 ], [ 107218.844700001180172, 502856.0956000238657, 0.0 ], [ 107218.628500007092953, 502855.600200012326241, 0.0 ], [ 107218.395600002259016, 502855.112499997019768, 0.0 ], [ 107218.146200008690357, 502854.633000005036592, 0.0 ], [ 107217.880499999970198, 502854.162399999797344, 0.0 ], [ 107217.598799999803305, 502853.701100017875433, 0.0 ], [ 107217.301600001752377, 502853.249700020998716, 0.0 ], [ 107216.989100005477667, 502852.808700013905764, 0.0 ], [ 107216.661800008267164, 502852.378700006753206, 0.0 ], [ 107216.319900002330542, 502851.960100032389164, 0.0 ], [ 107211.299900002777576, 502846.980099998414516, 0.0 ], [ 107204.90990000218153, 502841.160100009292364, 0.0 ], [ 107197.739900004118681, 502835.060100018978119, 0.0 ], [ 107191.019900005310774, 502830.054100014269352, 0.0 ], [ 107184.412599999457598, 502825.330900028347969, 0.0 ], [ 107177.652500007301569, 502820.829299997538328, 0.0 ], [ 107170.746900003403425, 502816.5540999956429, 0.0 ], [ 107168.459900002926588, 502815.460100010037422, 0.0 ], [ 107149.889900002628565, 502805.710100002586842, 0.0 ], [ 107144.529900006949902, 502802.940100025385618, 0.0 ], [ 107136.979899998754263, 502799.940099999308586, 0.0 ], [ 107127.849900010973215, 502796.130100008100271, 0.0 ], [ 107111.719900000840425, 502788.160099998116493, 0.0 ], [ 107096.969900004565716, 502779.800100021064281, 0.0 ], [ 107086.809900000691414, 502773.290100004523993, 0.0 ], [ 107070.649900004267693, 502761.43010002374649, 0.0 ], [ 107065.239900000393391, 502757.050099994987249, 0.0 ], [ 107059.209899999201298, 502751.760099995881319, 0.0 ], [ 107050.679900005459785, 502744.020100008696318, 0.0 ], [ 107044.44990000128746, 502739.020100027322769, 0.0 ], [ 107039.269900001585484, 502735.860100015997887, 0.0 ], [ 107024.349899999797344, 502726.660100016742945, 0.0 ], [ 107001.099899999797344, 502713.460100006312132, 0.0 ], [ 106999.999900002032518, 502712.88850000873208, 0.0 ], [ 106991.439900010824203, 502708.440100010484457, 0.0 ], [ 106979.259899999946356, 502703.370100021362305, 0.0 ], [ 106965.179900001734495, 502699.270099997520447, 0.0 ], [ 106960.079900000244379, 502698.030099999159575, 0.0 ], [ 106952.629900004714727, 502696.360100004822016, 0.0 ], [ 106943.779900003224611, 502693.880100023001432, 0.0 ], [ 106939.959899999201298, 502692.650100033730268, 0.0 ], [ 106927.309900015592575, 502687.910100005567074, 0.0 ], [ 106920.509900003671646, 502684.800100028514862, 0.0 ], [ 106910.109900005161762, 502678.680099997669458, 0.0 ], [ 106905.339900001883507, 502675.130100000649691, 0.0 ], [ 106900.229900006204844, 502670.600100010633469, 0.0 ], [ 106893.569899998605251, 502663.550100013613701, 0.0 ], [ 106886.009900003671646, 502654.290100019425154, 0.0 ], [ 106879.8699000030756, 502645.680100005120039, 0.0 ], [ 106871.269900001585484, 502633.230100028216839, 0.0 ], [ 106867.139900006353855, 502629.090100035071373, 0.0 ], [ 106862.009900003671646, 502625.410100020468235, 0.0 ], [ 106858.669900003820658, 502623.530100002884865, 0.0 ], [ 106852.689900003373623, 502620.890100002288818, 0.0 ], [ 106846.499899998307228, 502619.010100014507771, 0.0 ], [ 106843.989900000393391, 502618.620100013911724, 0.0 ], [ 106835.669900003820658, 502617.530100002884865, 0.0 ], [ 106828.169900000095367, 502617.300100021064281, 0.0 ], [ 106811.879900000989437, 502619.230099994689226, 0.0 ], [ 106807.029899999499321, 502619.740099996328354, 0.0 ], [ 106796.679900005459785, 502618.080100014805794, 0.0 ], [ 106792.339900013059378, 502616.820100016891956, 0.0 ], [ 106786.879900000989437, 502614.370100002735853, 0.0 ], [ 106778.109900005161762, 502608.480100009590387, 0.0 ], [ 106769.149900004267693, 502600.530100025236607, 0.0 ], [ 106763.269900001585484, 502595.760099999606609, 0.0 ], [ 106755.949900005012751, 502590.690100010484457, 0.0 ], [ 106733.789900001138449, 502578.110100015997887, 0.0 ], [ 106727.182799998670816, 502573.778299994766712, 0.0 ], [ 106703.725400004535913, 502613.155700005590916, 0.0 ], [ 106704.597899999469519, 502613.687500018626451, 0.0 ], [ 106694.302400000393391, 502630.783900000154972, 0.0 ], [ 106693.146900001913309, 502633.09510001167655, 0.0 ], [ 106693.178100001066923, 502633.22350000590086, 0.0 ], [ 106693.210100013762712, 502633.355400025844574, 0.0 ], [ 106693.254399999976158, 502633.483399994671345, 0.0 ], [ 106693.343299999833107, 502633.7398999966681, 0.0 ], [ 106693.36540000885725, 502633.803900022059679, 0.0 ], [ 106693.394100002944469, 502633.864900015294552, 0.0 ], [ 106693.574400003999472, 502634.229900013655424, 0.0 ], [ 106693.604400001466274, 502634.290499996393919, 0.0 ], [ 106693.640900000929832, 502634.34739999845624, 0.0 ], [ 106693.715700004249811, 502634.46059999987483, 0.0 ], [ 106693.790600001811981, 502634.573900002986193, 0.0 ], [ 106693.865300003439188, 502634.687000002712011, 0.0 ], [ 106693.954000003635883, 502634.789400026202202, 0.0 ], [ 106694.04280000180006, 502634.892100002616644, 0.0 ], [ 106694.131700001657009, 502634.994800020009279, 0.0 ], [ 106694.175900001078844, 502635.045900002121925, 0.0 ], [ 106694.22520000115037, 502635.091900009661913, 0.0 ], [ 106694.528099998831749, 502635.364100001752377, 0.0 ], [ 106694.578400004655123, 502635.409200001507998, 0.0 ], [ 106694.63340001180768, 502635.448500007390976, 0.0 ], [ 106694.744600005447865, 502635.526200000196695, 0.0 ], [ 106694.855900008231401, 502635.603900019079447, 0.0 ], [ 106694.967100001871586, 502635.681600000709295, 0.0 ], [ 106695.021200004965067, 502635.71390001103282, 0.0 ], [ 106695.083800006657839, 502635.751200009137392, 0.0 ], [ 106706.037099998444319, 502642.436600033193827, 0.0 ], [ 106686.901200011372566, 502674.437100008130074, 0.0 ], [ 106677.957600008696318, 502689.436400014907122, 0.0 ], [ 106676.345300003886223, 502692.134799998253584, 0.0 ], [ 106673.278799999505281, 502697.280100002884865, 0.0 ], [ 106671.67170000448823, 502699.988000016659498, 0.0 ], [ 106650.359100002795458, 502735.705699998885393, 0.0 ], [ 106648.737300008535385, 502738.42160002887249, 0.0 ], [ 106645.723000001162291, 502743.488600015640259, 0.0 ], [ 106644.038800001144409, 502746.363900002092123, 0.0 ], [ 106622.869899999350309, 502781.897599998861551, 0.0 ], [ 106621.279899999499321, 502784.596600010991096, 0.0 ], [ 106589.752300005406141, 502836.798600010573864, 0.0 ], [ 106589.177999999374151, 502839.383399996906519, 0.0 ], [ 106590.798500001430511, 502841.142700020223856, 0.0 ], [ 106636.585799999535084, 502868.704299997538328, 0.0 ], [ 106639.79390000551939, 502870.504100002348423, 0.0 ], [ 106662.709899999201298, 502883.462100014090538, 0.0 ], [ 106695.309900004416704, 502902.855100005865097, 0.0 ], [ 106708.948899999260902, 502911.002100020647049, 0.0 ], [ 106744.261700004339218, 502932.10190000385046, 0.0 ], [ 106749.938000001013279, 502934.871500011533499, 0.0 ], [ 106754.483200006186962, 502937.479600008577108, 0.0 ], [ 106755.954500000923872, 502939.125399995595217, 0.0 ], [ 106773.7212999984622, 502949.725099999457598, 0.0 ], [ 106780.957900002598763, 502954.042400021106005, 0.0 ], [ 106795.699400000274181, 502962.837100014090538, 0.0 ], [ 106800.034600004553795, 502965.432700004428625, 0.0 ], [ 106806.466500002890825, 502968.648100011050701, 0.0 ], [ 106841.354800004512072, 502989.316400017589331, 0.0 ], [ 106842.843900002539158, 502986.81360000744462, 0.0 ], [ 106865.719400003552437, 503000.3631999976933, 0.0 ], [ 106845.521299999207258, 503033.645600017160177, 0.0 ], [ 106846.776099998503923, 503034.49720000103116, 0.0 ], [ 106844.493900004774332, 503038.300100009888411, 0.0 ], [ 106845.464900001883507, 503038.898700010031462, 0.0 ], [ 106838.989900000393391, 503049.790100019425154, 0.0 ], [ 106838.599900003522635, 503049.560099996626377, 0.0 ], [ 106830.079900000244379, 503063.870100006461143, 0.0 ], [ 106833.129900004714727, 503065.680100001394749, 0.0 ], [ 106831.581900008022785, 503068.271499998867512, 0.0 ], [ 106827.738600000739098, 503066.012200027704239, 0.0 ], [ 106826.826400004327297, 503067.564000006765127, 0.0 ], [ 106823.205700002610683, 503065.435500003397465, 0.0 ], [ 106819.859900001436472, 503071.127100024372339, 0.0 ], [ 106818.017900001257658, 503074.27700001001358, 0.0 ], [ 106803.459300003945827, 503098.514500007033348, 0.0 ], [ 106802.715399999171495, 503099.856300015002489, 0.0 ], [ 106800.751400005072355, 503103.130800008773804, 0.0 ], [ 106776.772399999201298, 503096.252700015902519, 0.0 ], [ 106755.459600001573563, 503083.479200005531311, 0.0 ], [ 106738.588500004261732, 503073.367900006473064, 0.0 ], [ 106729.073100004345179, 503067.659400008618832, 0.0 ], [ 106708.170800004154444, 503055.137700010091066, 0.0 ], [ 106689.048799999058247, 503043.678700022399426, 0.0 ], [ 106678.318200003355742, 503037.248399995267391, 0.0 ], [ 106643.160900004208088, 503016.180200010538101, 0.0 ], [ 106640.988400008529425, 503019.768399998545647, 0.0 ], [ 106612.516600009053946, 503067.512299995869398, 0.0 ], [ 106595.608300004154444, 503057.528900031000376, 0.0 ], [ 106547.507500004023314, 503028.532400004565716, 0.0 ], [ 106548.349500000476837, 503026.780700016766787, 0.0 ], [ 106548.302000004798174, 503026.7493000254035, 0.0 ], [ 106548.207100000232458, 503026.686600018292665, 0.0 ], [ 106548.112100001424551, 503026.623800009489059, 0.0 ], [ 106548.064100004732609, 503026.593500018119812, 0.0 ], [ 106548.015299998223782, 503026.564300015568733, 0.0 ], [ 106518.108600001782179, 503008.709600012749434, 0.0 ], [ 106512.46339999884367, 503005.339600000530481, 0.0 ], [ 106451.117899999022484, 503108.66710003465414, 0.0 ], [ 106438.457899998873472, 503129.989999994635582, 0.0 ], [ 106413.265900000929832, 503139.6041000187397, 0.0 ], [ 106400.606699999421835, 503160.883199997246265, 0.0 ], [ 106390.758200000971556, 503154.995200011879206, 0.0 ], [ 106388.09740000218153, 503153.404400020837784, 0.0 ], [ 106353.429900001734495, 503132.678100012242794, 0.0 ], [ 106350.641900006681681, 503131.099100008606911, 0.0 ], [ 106341.581900000572205, 503125.672100014984608, 0.0 ], [ 106336.881900016218424, 503122.915100026875734, 0.0 ], [ 106312.075899999588728, 503108.205100007355213, 0.0 ], [ 106302.895899999886751, 503102.555100008845329, 0.0 ], [ 106272.232400000095367, 503084.436000019311905, 0.0 ], [ 106263.138900004327297, 503077.926399998366833, 0.0 ], [ 106260.102900002151728, 503075.506800018250942, 0.0 ], [ 106257.653599999845028, 503073.605700016021729, 0.0 ], [ 106255.256599999964237, 503071.639100033789873, 0.0 ], [ 106242.45550000295043, 503086.818200021982193, 0.0 ], [ 106235.843000009655952, 503097.870000001043081, 0.0 ], [ 106161.651900004595518, 503221.998500015586615, 0.0 ], [ 106154.653799999505281, 503233.671500019729137, 0.0 ], [ 106151.116300001740456, 503239.572400018572807, 0.0 ], [ 106148.333500005304813, 503243.66430002078414, 0.0 ], [ 106145.09400000795722, 503247.506600011140108, 0.0 ], [ 106139.566000003367662, 503253.340999994426966, 0.0 ], [ 106134.719900008291006, 503258.422099996358156, 0.0 ], [ 106133.424900006502867, 503258.540100019425154, 0.0 ], [ 106123.954300004988909, 503249.051200021058321, 0.0 ], [ 106114.236900001764297, 503239.815100014209747, 0.0 ], [ 106104.279500000178814, 503230.838300008326769, 0.0 ], [ 106101.669900000095367, 503228.535900004208088, 0.0 ], [ 106101.446600005030632, 503228.778499998152256, 0.0 ], [ 106096.975099999457598, 503224.723600011318922, 0.0 ], [ 106095.439699999988079, 503223.29110000655055, 0.0 ], [ 106091.427100002765656, 503220.030000001192093, 0.0 ], [ 106084.966400001198053, 503213.800800025463104, 0.0 ], [ 106084.954900000244379, 503213.789600010961294, 0.0 ], [ 106080.360200013965368, 503210.37830001115799, 0.0 ], [ 106080.34010000154376, 503210.404600016772747, 0.0 ], [ 106041.041700001806021, 503261.78770000860095, 0.0 ], [ 106011.5422000028193, 503297.789500005543232, 0.0 ], [ 106038.767900016158819, 503318.37610000371933, 0.0 ], [ 106088.635899998247623, 503356.307100035250187, 0.0 ], [ 106162.3530000038445, 503412.377800017595291, 0.0 ], [ 106144.020199999213219, 503435.747900009155273, 0.0 ], [ 106144.999800000339746, 503452.672100014984608, 0.0 ], [ 106154.875500004738569, 503470.742300011217594, 0.0 ], [ 106171.768899999558926, 503500.000100009143353, 0.0 ], [ 106202.591100003570318, 503553.38120000436902, 0.0 ], [ 106204.682199999690056, 503556.725400011986494, 0.0 ], [ 106207.570000000298023, 503560.424100007861853, 0.0 ], [ 106211.607300002127886, 503563.685300018638372, 0.0 ], [ 106216.916500002145767, 503567.06580001115799, 0.0 ], [ 106221.8136, 503569.089399997144938, 0.0 ], [ 106271.470400001853704, 503588.32600000873208, 0.0 ], [ 106277.8243000023067, 503590.809500008821487, 0.0 ], [ 106284.401900004595518, 503593.881100013852119, 0.0 ], [ 106287.389000002294779, 503596.860800035297871, 0.0 ], [ 106291.22350000590086, 503602.401000019162893, 0.0 ], [ 106308.60700000077486, 503613.405400011688471, 0.0 ], [ 106319.222300004214048, 503620.69920003041625, 0.0 ], [ 106320.599900003522635, 503621.740100000053644, 0.0 ], [ 106362.539900004863739, 503651.230100005865097, 0.0 ], [ 106385.229899998754263, 503665.810100007802248, 0.0 ], [ 106394.129900004714727, 503672.210100002586842, 0.0 ], [ 106402.649900000542402, 503679.340100012719631, 0.0 ], [ 106412.209900002926588, 503689.280100002884865, 0.0 ], [ 106417.239900000393391, 503695.040100034326315, 0.0 ], [ 106428.959899999201298, 503709.43010002374649, 0.0 ], [ 106432.979900002479553, 503714.280100002884865, 0.0 ], [ 106439.929900001734495, 503720.730099994689226, 0.0 ], [ 106448.899900004267693, 503726.170099996030331, 0.0 ], [ 106477.15990000218153, 503735.700100034475327, 0.0 ], [ 106498.434700004756451, 503740.100100006908178, 0.0 ], [ 106503.236000001430511, 503741.999800018966198, 0.0 ], [ 106511.861900001764297, 503754.901100017130375, 0.0 ], [ 106515.124900005757809, 503760.248100019991398, 0.0 ], [ 106522.750900000333786, 503773.47010001540184, 0.0 ], [ 106533.750900000333786, 503791.737100023776293, 0.0 ], [ 106540.917900003492832, 503804.993100017309189, 0.0 ], [ 106543.737000003457069, 503811.208099998533726, 0.0 ], [ 106547.185000006109476, 503822.210100013762712, 0.0 ], [ 106550.765999998897314, 503835.219999998807907, 0.0 ], [ 106552.861000001430511, 503841.717000007629395, 0.0 ], [ 106555.252900004386902, 503847.221100009977818, 0.0 ], [ 106558.054900001734495, 503852.80510001629591, 0.0 ], [ 106562.079900003969669, 503859.731100022792816, 0.0 ], [ 106562.974900007247925, 503861.164099998772144, 0.0 ], [ 106563.955899998545647, 503862.736100021749735, 0.0 ], [ 106564.473900005221367, 503863.565100014209747, 0.0 ], [ 106567.011900003999472, 503868.508100021630526, 0.0 ], [ 106570.0929000005126, 503874.847100008279085, 0.0 ], [ 106573.30290000513196, 503882.115099996328354, 0.0 ], [ 106575.813900005072355, 503886.5061000213027, 0.0 ], [ 106578.82490000128746, 503890.070100009441376, 0.0 ], [ 106584.102900005877018, 503895.021100029349327, 0.0 ], [ 106587.738900002092123, 503898.170100033283234, 0.0 ], [ 106593.151900004595518, 503903.632100000977516, 0.0 ], [ 106602.542900003492832, 503922.278099998831749, 0.0 ], [ 106607.015900008380413, 503926.322100002318621, 0.0 ], [ 106607.403299998492002, 503926.720300011336803, 0.0 ], [ 106615.947000000625849, 503917.270300004631281, 0.0 ], [ 106618.189000003039837, 503913.077300023287535, 0.0 ], [ 106622.964999999850988, 503905.571300007402897, 0.0 ], [ 106625.75900000333786, 503901.800300002098083, 0.0 ] ] ] ] } },
{ "type": "Feature", "properties": { "fid": 1157, "jrstatcode": "2026WK039606", "wk_code": "WK039606", "wk_naam": "Wijk 06 Noordbroek en De Trompet", "gm_code": "GM0396", "gm_naam": "Heemskerk", "water": "NEE", "jaar": "2026" }, "geometry": { "type": "MultiPolygon", "coordinates": [ [ [ [ 106640.717000003904104, 504922.527000028640032, 0.0 ], [ 106648.375999998301268, 504920.363000016659498, 0.0 ], [ 106648.556000005453825, 504921.171000000089407, 0.0 ], [ 106650.600000005215406, 504920.898000001907349, 0.0 ], [ 106655.109000001102686, 504920.422000028192997, 0.0 ], [ 106659.443999998271465, 504919.827000007033348, 0.0 ], [ 106661.017000004649162, 504919.327000007033348, 0.0 ], [ 106663.057000003755093, 504918.765999995172024, 0.0 ], [ 106668.333000000566244, 504917.549000013619661, 0.0 ], [ 106676.063999999314547, 504915.599999997764826, 0.0 ], [ 106684.760000005364418, 504913.681000024080276, 0.0 ], [ 106696.333000000566244, 504910.650000013411045, 0.0 ], [ 106703.231000002473593, 504908.6210000179708, 0.0 ], [ 106712.565000005066395, 504906.186000015586615, 0.0 ], [ 106723.115000005811453, 504902.939999997615814, 0.0 ], [ 106728.390999998897314, 504901.723000001162291, 0.0 ], [ 106733.666000004857779, 504900.91100000217557, 0.0 ], [ 106738.548000004142523, 504900.323000017553568, 0.0 ], [ 106742.962000004947186, 504899.877000000327826, 0.0 ], [ 106748.681000001728535, 504899.287999998778105, 0.0 ], [ 106753.552999999374151, 504898.526000022888184, 0.0 ], [ 106759.763999998569489, 504897.171000018715858, 0.0 ], [ 106767.347000002861023, 504895.230000007897615, 0.0 ], [ 106773.434000004082918, 504893.607000019401312, 0.0 ], [ 106781.956000000238419, 504890.766000010073185, 0.0 ], [ 106788.043000001460314, 504889.143000021576881, 0.0 ], [ 106797.375999998301268, 504887.114000026136637, 0.0 ], [ 106808.333000004291534, 504884.679000023752451, 0.0 ], [ 106815.230999998748302, 504883.056000024080276, 0.0 ], [ 106819.289000004529953, 504881.838000014424324, 0.0 ], [ 106822.120000001043081, 504881.001000016927719, 0.0 ], [ 106824.969999998807907, 504880.21500002592802, 0.0 ], [ 106833.085999999195337, 504877.781000006943941, 0.0 ], [ 106840.888000003993511, 504875.219000034034252, 0.0 ], [ 106849.317999999970198, 504872.91100000217557, 0.0 ], [ 106861.491999998688698, 504869.665000025182962, 0.0 ], [ 106869.202000007033348, 504868.447000004351139, 0.0 ], [ 106876.798000004142523, 504869.008000016212463, 0.0 ], [ 106883.00900000333786, 504868.668999996036291, 0.0 ], [ 106889.085999999195337, 504867.230000022798777, 0.0 ], [ 106894.767000004649162, 504865.201000027358532, 0.0 ], [ 106906.130000002682209, 504860.33100002259016, 0.0 ], [ 106919.521000005304813, 504855.056000009179115, 0.0 ], [ 106928.991999998688698, 504851.257000014185905, 0.0 ], [ 106937.00899999961257, 504848.546000022441149, 0.0 ], [ 106944.67000000923872, 504847.492000006139278, 0.0 ], [ 106958.625999998301268, 504845.25899999588728, 0.0 ], [ 106978.443000003695488, 504842.188000004738569, 0.0 ], [ 106994.91100000217557, 504838.559999994933605, 0.0 ], [ 107032.385000005364418, 504830.637000001966953, 0.0 ], [ 107047.517000000923872, 504827.249000027775764, 0.0 ], [ 107063.575000002980232, 504823.48700001090765, 0.0 ], [ 107093.048000007867813, 504817.289000008255243, 0.0 ], [ 107116.328000005334616, 504812.044000022113323, 0.0 ], [ 107140.498000007122755, 504807.102999996393919, 0.0 ], [ 107149.414000004529953, 504805.184000018984079, 0.0 ], [ 107162.315999999642372, 504802.528000023216009, 0.0 ], [ 107176.770000007003546, 504799.401999995112419, 0.0 ], [ 107192.293000005185604, 504796.456000007688999, 0.0 ], [ 107204.5489999987185, 504793.868999995291233, 0.0 ], [ 107220.245000001043081, 504790.707000017166138, 0.0 ], [ 107233.006000004708767, 504787.88399999588728, 0.0 ], [ 107245.417000003159046, 504785.072000000625849, 0.0 ], [ 107260.695000004023314, 504781.989000029861927, 0.0 ], [ 107271.600000005215406, 504779.760000009089708, 0.0 ], [ 107282.489000003784895, 504777.585000026971102, 0.0 ], [ 107289.814000006765127, 504775.965000029653311, 0.0 ], [ 107298.772999998182058, 504773.949000000953674, 0.0 ], [ 107311.82200001180172, 504770.652999997138977, 0.0 ], [ 107321.019000004976988, 504768.416000012308359, 0.0 ], [ 107331.93299999833107, 504765.612000022083521, 0.0 ], [ 107339.538000002503395, 504763.673000019043684, 0.0 ], [ 107349.159000005573034, 504760.375999994575977, 0.0 ], [ 107355.081000003963709, 504758.0219999961555, 0.0 ], [ 107361.807000000029802, 504755.181000001728535, 0.0 ], [ 107370.502000000327826, 504753.82599999755621, 0.0 ], [ 107377.052000004798174, 504753.262000024318695, 0.0 ], [ 107384.842999998480082, 504752.810000009834766, 0.0 ], [ 107390.60300000756979, 504752.245000015944242, 0.0 ], [ 107398.64299999922514, 504750.642000008374453, 0.0 ], [ 107403.497999999672174, 504749.400000002235174, 0.0 ], [ 107410.160999998450279, 504747.480000000447035, 0.0 ], [ 107416.711000002920628, 504745.559999998658895, 0.0 ], [ 107429.471000015735626, 504741.382000006735325, 0.0 ], [ 107439.069000001996756, 504738.333000019192696, 0.0 ], [ 107453.360000003129244, 504732.97800001129508, 0.0 ], [ 107466.194000005722046, 504728.372999999672174, 0.0 ], [ 107484.600000001490116, 504721.484999995678663, 0.0 ], [ 107502.691000003367662, 504714.348000008612871, 0.0 ], [ 107514.850000005215406, 504709.570000018924475, 0.0 ], [ 107528.074000004678965, 504705.437000006437302, 0.0 ], [ 107545.01799999922514, 504700.065000005066395, 0.0 ], [ 107563.20100000500679, 504694.692000020295382, 0.0 ], [ 107580.179000005125999, 504689.594999998807907, 0.0 ], [ 107594.092000003904104, 504685.506999995559454, 0.0 ], [ 107609.899000000208616, 504680.641000021249056, 0.0 ], [ 107624.694000005722046, 504676.586000021547079, 0.0 ], [ 107639.653999999165535, 504671.963000006973743, 0.0 ], [ 107642.0489999987185, 504670.852999996393919, 0.0 ], [ 107656.598000004887581, 504664.111000020056963, 0.0 ], [ 107673.872000012546778, 504658.243000019341707, 0.0 ], [ 107689.575000002980232, 504652.044000033289194, 0.0 ], [ 107697.841000005602837, 504649.151000022888184, 0.0 ], [ 107702.800000000745058, 504647.911000020802021, 0.0 ], [ 107711.891000002622604, 504646.671000007539988, 0.0 ], [ 107725.94200000166893, 504645.018000021576881, 0.0 ], [ 107742.059000004082918, 504642.126000005751848, 0.0 ], [ 107757.350000001490116, 504638.820000018924475, 0.0 ], [ 107772.227000001817942, 504635.100000020116568, 0.0 ], [ 107787.923000004142523, 504632.390999995172024, 0.0 ], [ 107789.548000000417233, 504632.110000006854534, 0.0 ], [ 107791.606000009924173, 504631.755000006407499, 0.0 ], [ 107800.00000000372529, 504630.306000020354986, 0.0 ], [ 107831.350999999791384, 504624.894000008702278, 0.0 ], [ 107831.387000001966953, 504624.888000026345253, 0.0 ], [ 107841.655000001192093, 504623.116000019013882, 0.0 ], [ 107842.029000002890825, 504623.015999998897314, 0.0 ], [ 107858.92900000885129, 504618.48700000718236, 0.0 ], [ 107881.658000003546476, 504613.115000005811453, 0.0 ], [ 107896.122000005096197, 504609.396000005304813, 0.0 ], [ 107910.586000010371208, 504608.156000021845102, 0.0 ], [ 107933.729000002145767, 504605.263000018894672, 0.0 ], [ 107949.43300000205636, 504603.197000004351139, 0.0 ], [ 107965.550000004470348, 504601.957000005990267, 0.0 ], [ 107977.121000003069639, 504601.130000006407499, 0.0 ], [ 107985.7989999987185, 504600.304000005125999, 0.0 ], [ 107987.243000004440546, 504600.000000026077032, 0.0 ], [ 107993.651000004261732, 504598.651000019162893, 0.0 ], [ 108003.570000004023314, 504594.51800000667572, 0.0 ], [ 108017.620000004768372, 504589.559000018984079, 0.0 ], [ 108030.431000005453825, 504584.600000005215406, 0.0 ], [ 108042.416000004857779, 504579.2280000038445, 0.0 ], [ 108053.160999998450279, 504573.44200000539422, 0.0 ], [ 108063.491999998688698, 504567.243000019341707, 0.0 ], [ 108069.605000000447035, 504565.000999994575977, 0.0 ], [ 108074.004000004380941, 504564.891000002622604, 0.0 ], [ 108074.887000001966953, 504564.939000017940998, 0.0 ], [ 108076.872000005096197, 504556.546000007539988, 0.0 ], [ 108075.993000008165836, 504551.976000007241964, 0.0 ], [ 108074.323000002652407, 504549.603000022470951, 0.0 ], [ 108070.631999999284744, 504548.724000032991171, 0.0 ], [ 108067.468000002205372, 504547.406000006943941, 0.0 ], [ 108064.56700000539422, 504545.648000001907349, 0.0 ], [ 108061.755000002682209, 504543.714999996125698, 0.0 ], [ 108059.294000003486872, 504541.693000007420778, 0.0 ], [ 108057.535999998450279, 504539.49600000679493, 0.0 ], [ 108056.218000005930662, 504537.123000007122755, 0.0 ], [ 108055.163000006228685, 504534.310000002384186, 0.0 ], [ 108054.284000005573034, 504530.443000007420778, 0.0 ], [ 108052.263000000268221, 504522.6210000179708, 0.0 ], [ 108051.919000003486872, 504521.818000007420778, 0.0 ], [ 108050.681000005453825, 504518.930000007152557, 0.0 ], [ 108047.780000001192093, 504514.095999997109175, 0.0 ], [ 108045.75900000333786, 504509.965000033378601, 0.0 ], [ 108043.738000005483627, 504505.307000007480383, 0.0 ], [ 108041.53999999910593, 504501.352000012993813, 0.0 ], [ 108040.484999999403954, 504499.858000017702579, 0.0 ], [ 108038.517000004649162, 504496.728999998420477, 0.0 ], [ 108035.968000002205372, 504492.950000017881393, 0.0 ], [ 108033.155000001192093, 504489.522000029683113, 0.0 ], [ 108028.497000008821487, 504483.809000004082918, 0.0 ], [ 108023.048000000417233, 504477.657000035047531, 0.0 ], [ 108020.780000012367964, 504475.133000023663044, 0.0 ], [ 108018.390000000596046, 504472.472000014036894, 0.0 ], [ 108016.153999999165535, 504469.547000009566545, 0.0 ], [ 108016.105000000447035, 504469.48300002515316, 0.0 ], [ 108015.966000001877546, 504469.015999998897314, 0.0 ], [ 108015.168999999761581, 504466.339000020176172, 0.0 ], [ 108006.197000004351139, 504439.477000020444393, 0.0 ], [ 108005.878000006079674, 504438.319000009447336, 0.0 ], [ 108000.938000001013279, 504417.50500001013279, 0.0 ], [ 107995.001000002026558, 504399.524000015109777, 0.0 ], [ 107991.966000005602837, 504389.87100000679493, 0.0 ], [ 107986.318999998271465, 504367.935000032186508, 0.0 ], [ 107985.587000001221895, 504364.918999996036291, 0.0 ], [ 107982.008000001311302, 504350.686000015586615, 0.0 ], [ 107979.922000002115965, 504343.758000001311302, 0.0 ], [ 107977.615000002086163, 504333.984000019729137, 0.0 ], [ 107975.70100000500679, 504325.21000000089407, 0.0 ], [ 107973.824000004678965, 504314.618000023066998, 0.0 ], [ 107969.929000001400709, 504298.810000028461218, 0.0 ], [ 107968.606000002473593, 504289.267000012099743, 0.0 ], [ 107967.756000000983477, 504282.529000010341406, 0.0 ], [ 107967.059000004082918, 504274.508000034838915, 0.0 ], [ 107964.004000004380941, 504267.826000012457371, 0.0 ], [ 107959.875999998301268, 504261.391000006347895, 0.0 ], [ 107957.035000007599592, 504255.976000003516674, 0.0 ], [ 107954.910000003874302, 504250.876000016927719, 0.0 ], [ 107952.543000001460314, 504244.320000022649765, 0.0 ], [ 107948.738000001758337, 504232.546000018715858, 0.0 ], [ 107947.010000001639128, 504226.102000024169683, 0.0 ], [ 107945.726000003516674, 504218.361999996006489, 0.0 ], [ 107945.13399999961257, 504208.177000008523464, 0.0 ], [ 107945.416000004857779, 504199.11700002849102, 0.0 ], [ 107945.537000000476837, 504193.593000017106533, 0.0 ], [ 107945.293999999761581, 504189.890000011771917, 0.0 ], [ 107944.245000004768372, 504186.214000016450882, 0.0 ], [ 107942.467000000178814, 504181.918000008910894, 0.0 ], [ 107936.442999999970198, 504169.23700001090765, 0.0 ], [ 107923.454999998211861, 504147.956000026315451, 0.0 ], [ 107918.072999998927116, 504140.475000008940697, 0.0 ], [ 107911.800999999046326, 504134.031000014394522, 0.0 ], [ 107909.381999999284744, 504130.808000013232231, 0.0 ], [ 107899.851000003516674, 504117.624000009149313, 0.0 ], [ 107894.105999998748302, 504104.365000024437904, 0.0 ], [ 107888.958000004291534, 504095.672000024467707, 0.0 ], [ 107884.03999999910593, 504088.752000015228987, 0.0 ], [ 107878.953000001609325, 504082.669000003486872, 0.0 ], [ 107874.001000002026558, 504073.9470000192523, 0.0 ], [ 107873.926000002771616, 504073.810000006109476, 0.0 ], [ 107872.948300004005432, 504072.104200009256601, 0.0 ], [ 107866.815000008791685, 504061.403000004589558, 0.0 ], [ 107861.630000002682209, 504054.218000002205372, 0.0 ], [ 107850.618000000715256, 504039.700000002980232, 0.0 ], [ 107842.964000005275011, 504029.108000010251999, 0.0 ], [ 107837.333999998867512, 504020.73700000718236, 0.0 ], [ 107833.087000004947186, 504012.997000019997358, 0.0 ], [ 107829.087999999523163, 504003.886000033468008, 0.0 ], [ 107824.446000002324581, 503996.664000011980534, 0.0 ], [ 107816.397000003606081, 503986.294000010937452, 0.0 ], [ 107809.236000001430511, 503978.33100002259016, 0.0 ], [ 107804.101000003516674, 503972.368000015616417, 0.0 ], [ 107800.249000001698732, 503968.071999996900558, 0.0 ], [ 107796.595000002533197, 503960.480000004172325, 0.0 ], [ 107793.385000005364418, 503953.147000007331371, 0.0 ], [ 107787.311000008136034, 503938.555000010877848, 0.0 ], [ 107783.361000001430511, 503926.554999999701977, 0.0 ], [ 107780.611999999731779, 503919.388000015169382, 0.0 ], [ 107778.076999999582767, 503912.778000023216009, 0.0 ], [ 107770.916000004857779, 503897.630000021308661, 0.0 ], [ 107766.373000003397465, 503887.223000012338161, 0.0 ], [ 107763.410000003874302, 503878.519000001251698, 0.0 ], [ 107755.800000004470348, 503857.92000001296401, 0.0 ], [ 107750.550000004470348, 503841.55000002682209, 0.0 ], [ 107745.510000005364418, 503827.390000019222498, 0.0 ], [ 107742.490000002086163, 503819.400000024586916, 0.0 ], [ 107739.060000006109476, 503810.620000012218952, 0.0 ], [ 107736.240000002086163, 503802.240000016987324, 0.0 ], [ 107734.42000000551343, 503794.860000003129244, 0.0 ], [ 107733.400000002235174, 503787.470000002533197, 0.0 ], [ 107732.570000011473894, 503778.290000021457672, 0.0 ], [ 107731.339999999850988, 503767.900000005960464, 0.0 ], [ 107729.041000004857779, 503757.78200002014637, 0.0 ], [ 107726.276000000536442, 503749.078000023961067, 0.0 ], [ 107722.325000002980232, 503739.745000004768372, 0.0 ], [ 107717.820000004023314, 503727.790000017732382, 0.0 ], [ 107717.190000005066395, 503717.610000018030405, 0.0 ], [ 107717.160000000149012, 503706.229999996721745, 0.0 ], [ 107716.13000001013279, 503697.239999998360872, 0.0 ], [ 107714.699999999254942, 503686.660000026226044, 0.0 ], [ 107712.270000003278255, 503676.880000006407499, 0.0 ], [ 107710.649999998509884, 503667.699999995529652, 0.0 ], [ 107710.430000003427267, 503660.510000020265579, 0.0 ], [ 107712.00000000372529, 503651.520000021904707, 0.0 ], [ 107714.17000000551343, 503640.739999998360872, 0.0 ], [ 107717.929999999701977, 503628.550000000745058, 0.0 ], [ 107721.28999999910593, 503617.560000021010637, 0.0 ], [ 107724.260000001639128, 503606.570000000298023, 0.0 ], [ 107728.620000004768372, 503594.780000012367964, 0.0 ], [ 107733.380000002682209, 503583.590000007301569, 0.0 ], [ 107748.079999998211861, 503550.220000028610229, 0.0 ], [ 107754.374000001698732, 503535.232000011950731, 0.0 ], [ 107759.589999999850988, 503522.839999996125698, 0.0 ], [ 107762.149999998509884, 503511.46000000461936, 0.0 ], [ 107765.03999999910593, 503495.030000008642673, 0.0 ], [ 107768.990000005811453, 503478.240000016987324, 0.0 ], [ 107769.780000001192093, 503472.839999996125698, 0.0 ], [ 107769.17000000551343, 503469.649999998509884, 0.0 ], [ 107768.570000004023314, 503466.250000029802322, 0.0 ], [ 107766.559999998658895, 503461.660000003874302, 0.0 ], [ 107761.750000007450581, 503453.880000006407499, 0.0 ], [ 107759.140000000596046, 503449.089999996125698, 0.0 ], [ 107757.330000001937151, 503445.500000014901161, 0.0 ], [ 107755.519999999552965, 503440.100000023841858, 0.0 ], [ 107752.089999999850988, 503422.530000034719706, 0.0 ], [ 107736.989999998360872, 503374.400000013411045, 0.0 ], [ 107731.760000012814999, 503358.230000011622906, 0.0 ], [ 107727.75000000372529, 503349.649999994784594, 0.0 ], [ 107719.49770001322031, 503332.113900016993284, 0.0 ], [ 107717.510000005364418, 503327.890000030398369, 0.0 ], [ 107715.300000000745058, 503322.500000014901161, 0.0 ], [ 107712.67000000551343, 503309.520000021904707, 0.0 ], [ 107708.840000003576279, 503290.940000016242266, 0.0 ], [ 107708.019999999552965, 503283.75, 0.0 ], [ 107708.390000004321337, 503271.360000032931566, 0.0 ], [ 107714.530000004917383, 503250.370000008493662, 0.0 ], [ 107721.936999998986721, 503218.590000003576279, 0.0 ], [ 107730.276000004261732, 503195.149000007659197, 0.0 ], [ 107734.831000003963709, 503171.73300002515316, 0.0 ], [ 107740.94200000539422, 503138.900999996811152, 0.0 ], [ 107743.275000002235174, 503126.651000007987022, 0.0 ], [ 107746.831000003963709, 503111.818000003695488, 0.0 ], [ 107750.497000001370907, 503099.735000006854534, 0.0 ], [ 107756.497000001370907, 503083.986000023782253, 0.0 ], [ 107762.386000003665686, 503071.319000001996756, 0.0 ], [ 107770.608000002801418, 503057.403000019490719, 0.0 ], [ 107774.690000001341105, 503051.475000008940697, 0.0 ], [ 107777.607999999076128, 503047.237000018358231, 0.0 ], [ 107786.941000003367662, 503035.904000017791986, 0.0 ], [ 107790.980000000447035, 503031.02700000628829, 0.0 ], [ 107796.052000004798174, 503024.904000014066696, 0.0 ], [ 107803.385000001639128, 503014.404000006616116, 0.0 ], [ 107806.385000001639128, 503007.655000008642673, 0.0 ], [ 107808.38399999961257, 502999.738000016659498, 0.0 ], [ 107817.940000005066395, 502956.739000014960766, 0.0 ], [ 107829.495000015944242, 502909.824000008404255, 0.0 ], [ 107843.66100000217557, 502850.864000022411346, 0.0 ], [ 107848.074000004678965, 502832.497000005096197, 0.0 ], [ 107845.260200001299381, 502817.274000033736229, 0.0 ], [ 107845.155999999493361, 502816.710000019520521, 0.0 ], [ 107843.692999999970198, 502800.914000019431114, 0.0 ], [ 107843.409000005573034, 502795.888000015169382, 0.0 ], [ 107842.21000000089407, 502781.100000023841858, 0.0 ], [ 107845.720000006258488, 502778.949999999254942, 0.0 ], [ 107849.269999999552965, 502776.580000005662441, 0.0 ], [ 107853.579999998211861, 502773.930000007152557, 0.0 ], [ 107857.580000001937151, 502771.800000008195639, 0.0 ], [ 107861.270000003278255, 502770.199999995529652, 0.0 ], [ 107865.060000002384186, 502768.160000003874302, 0.0 ], [ 107873.75000000372529, 502765.26000002399087, 0.0 ], [ 107878.660000000149012, 502763.770000003278255, 0.0 ], [ 107882.840000003576279, 502762.82999999448657, 0.0 ], [ 107886.96000000461936, 502762.109999995678663, 0.0 ], [ 107891.160000011324883, 502760.680000010877848, 0.0 ], [ 107895.309999998658895, 502759.460000023245811, 0.0 ], [ 107899.570000000298023, 502758.589999996125698, 0.0 ], [ 107904.190000005066395, 502757.899999994784594, 0.0 ], [ 107908.25000000372529, 502757.260000016540289, 0.0 ], [ 107912.269999999552965, 502756.969999998807907, 0.0 ], [ 107916.769999999552965, 502756.429999999701977, 0.0 ], [ 107921.21000000089407, 502756.110000010579824, 0.0 ], [ 107925.600000008940697, 502756.01000003144145, 0.0 ], [ 107929.487000003457069, 502755.972000028938055, 0.0 ], [ 107930.690000005066395, 502755.96000000834465, 0.0 ], [ 107934.680000014603138, 502755.919999998062849, 0.0 ], [ 107938.492000002413988, 502756.104000013321638, 0.0 ], [ 107938.810000002384186, 502756.120000023394823, 0.0 ], [ 107942.75000000372529, 502755.640000019222498, 0.0 ], [ 107945.53999999910593, 502755.110000032931566, 0.0 ], [ 107947.640000000596046, 502754.780000004917383, 0.0 ], [ 107950.840000003576279, 502753.290000010281801, 0.0 ], [ 107954.070000000298023, 502752.079999998211861, 0.0 ], [ 107959.060000002384186, 502749.09000002220273, 0.0 ], [ 107961.950000002980232, 502746.419999998062849, 0.0 ], [ 107964.590000003576279, 502744.200000032782555, 0.0 ], [ 107967.78999999910593, 502741.790000028908253, 0.0 ], [ 107971.440000005066395, 502738.980000000447035, 0.0 ], [ 107974.839999999850988, 502736.480000004172325, 0.0 ], [ 107977.680000003427267, 502734.030000016093254, 0.0 ], [ 107981.070000000298023, 502731.390000019222498, 0.0 ], [ 107984.390000004321337, 502728.830000009387732, 0.0 ], [ 107988.290000006556511, 502725.570000004023314, 0.0 ], [ 107991.820000000298023, 502722.920000031590462, 0.0 ], [ 107996.910000000149012, 502718.710000030696392, 0.0 ], [ 108001.330000005662441, 502714.840000003576279, 0.0 ], [ 108003.060000002384186, 502713.550000008195639, 0.0 ], [ 108005.610000003129244, 502711.910000011324883, 0.0 ], [ 108010.070000004023314, 502710.170000024139881, 0.0 ], [ 108012.600000005215406, 502708.240000009536743, 0.0 ], [ 108014.530000001192093, 502705.939999997615814, 0.0 ], [ 108014.92000000923872, 502703.920000016689301, 0.0 ], [ 108014.429999999701977, 502702.470000006258488, 0.0 ], [ 108013.850000005215406, 502700.679999995976686, 0.0 ], [ 108013.00000000372529, 502699.050000015646219, 0.0 ], [ 108011.590000003576279, 502697.610000018030405, 0.0 ], [ 108010.270000003278255, 502697.030000004917383, 0.0 ], [ 108002.517000004649162, 502684.180000022053719, 0.0 ], [ 108003.533000003546476, 502683.993000011891127, 0.0 ], [ 108005.535999998450279, 502683.322999995201826, 0.0 ], [ 108010.489999998360872, 502681.118000019341707, 0.0 ], [ 108020.026999998837709, 502677.686000004410744, 0.0 ], [ 108025.407999999821186, 502674.815000008791685, 0.0 ], [ 108028.179999999701977, 502673.640000004321337, 0.0 ], [ 108017.95100000500679, 502652.503000013530254, 0.0 ], [ 108007.284000005573034, 502631.422000009566545, 0.0 ], [ 108000.0, 502618.040000002831221, 0.0 ], [ 107996.730000000447035, 502613.830000001937151, 0.0 ], [ 107994.350000001490116, 502609.420000001788139, 0.0 ], [ 107992.780000001192093, 502605.419999998062849, 0.0 ], [ 107992.0, 502601.620000019669533, 0.0 ], [ 107991.230000004172325, 502596.420000016689301, 0.0 ], [ 107990.870000004768372, 502587.820000011473894, 0.0 ], [ 107991.140000004321337, 502575.440000016242266, 0.0 ], [ 107991.29500000551343, 502571.546999998390675, 0.0 ], [ 107991.600000008940697, 502563.850000001490116, 0.0 ], [ 107991.450000002980232, 502555.460000023245811, 0.0 ], [ 107991.100000001490116, 502545.260000009089708, 0.0 ], [ 107990.350000005215406, 502536.269999995827675, 0.0 ], [ 107989.400000002235174, 502527.270000025629997, 0.0 ], [ 107988.239999998360872, 502520.069999996572733, 0.0 ], [ 107986.080000001937151, 502513.270000033080578, 0.0 ], [ 107982.530000004917383, 502503.260000020265579, 0.0 ], [ 107978.390000004321337, 502494.03999999538064, 0.0 ], [ 107977.905999999493361, 502493.060000017285347, 0.0 ], [ 107975.433000005781651, 502488.053999997675419, 0.0 ], [ 107973.840000003576279, 502484.830000013113022, 0.0 ], [ 107973.254999998956919, 502483.724000006914139, 0.0 ], [ 107972.390000004321337, 502482.037000022828579, 0.0 ], [ 107969.506000000983477, 502476.03999999910593, 0.0 ], [ 107963.638000000268221, 502462.669999998062849, 0.0 ], [ 107966.020000007003546, 502459.950000017881393, 0.0 ], [ 107968.370000015944242, 502456.830000028014183, 0.0 ], [ 107970.760000001639128, 502453.360000010579824, 0.0 ], [ 107972.67000000551343, 502450.940000034868717, 0.0 ], [ 107974.530000008642673, 502446.990000013262033, 0.0 ], [ 107976.310000002384186, 502443.780000016093254, 0.0 ], [ 107978.25, 502440.060000032186508, 0.0 ], [ 107994.343000002205372, 502434.70100000873208, 0.0 ], [ 108003.721000008285046, 502431.534000013023615, 0.0 ], [ 108013.239000000059605, 502428.814000006765127, 0.0 ], [ 108017.177000001072884, 502427.83100002259016, 0.0 ], [ 108021.133000005036592, 502426.92500002682209, 0.0 ], [ 108025.106000002473593, 502426.096000023186207, 0.0 ], [ 108029.094000000506639, 502425.344999998807907, 0.0 ], [ 108033.096000004559755, 502424.672000005841255, 0.0 ], [ 108037.111000012606382, 502424.076999999582767, 0.0 ], [ 108041.988000005483627, 502423.257000032812357, 0.0 ], [ 108046.88399999961257, 502422.559000000357628, 0.0 ], [ 108049.96000000834465, 502422.184999998658895, 0.0 ], [ 108053.041000001132488, 502421.858000002801418, 0.0 ], [ 108060.254000004380941, 502421.285000000149012, 0.0 ], [ 108067.484000004827976, 502420.976000007241964, 0.0 ], [ 108073.221000004559755, 502420.919000003486872, 0.0 ], [ 108078.958000004291534, 502421.028999995440245, 0.0 ], [ 108098.555000007152557, 502421.495999995619059, 0.0 ], [ 108116.285000003874302, 502423.486000031232834, 0.0 ], [ 108120.076999999582767, 502424.078000023961067, 0.0 ], [ 108123.858000002801418, 502424.735000032931566, 0.0 ], [ 108127.627999998629093, 502425.456999998539686, 0.0 ], [ 108131.38400000333786, 502426.244000013917685, 0.0 ], [ 108135.126000002026558, 502427.095999997109175, 0.0 ], [ 108138.853000000119209, 502428.012000005692244, 0.0 ], [ 108142.564000003039837, 502428.99200002476573, 0.0 ], [ 108146.097000002861023, 502429.988999996334314, 0.0 ], [ 108149.613000005483627, 502431.044000010937452, 0.0 ], [ 108153.111000005155802, 502432.156000014394522, 0.0 ], [ 108156.591000001877546, 502433.32600000500679, 0.0 ], [ 108160.050999999046326, 502434.552000030875206, 0.0 ], [ 108163.490000002086163, 502435.83600002899766, 0.0 ], [ 108166.908000003546476, 502437.174999997019768, 0.0 ], [ 108189.430000003427267, 502446.01799999922514, 0.0 ], [ 108201.765999998897314, 502451.530999999493361, 0.0 ], [ 108213.945000000298023, 502457.383000005036592, 0.0 ], [ 108224.688000004738569, 502462.896000005304813, 0.0 ], [ 108235.291999999433756, 502468.673000019043684, 0.0 ], [ 108243.179000001400709, 502473.107000015676022, 0.0 ], [ 108251.040000002831221, 502477.585999999195337, 0.0 ], [ 108259.867000002413988, 502482.689000017940998, 0.0 ], [ 108268.659000005573034, 502487.851000022143126, 0.0 ], [ 108276.792000006884336, 502492.69700001180172, 0.0 ], [ 108284.894999999552965, 502497.592999998480082, 0.0 ], [ 108317.099000003188848, 502517.727000009268522, 0.0 ], [ 108317.199999999254942, 502518.400000017136335, 0.0 ], [ 108347.370000001043081, 502535.920000024139881, 0.0 ], [ 108379.878000002354383, 502554.742000006139278, 0.0 ], [ 108388.320000004023314, 502559.63000001385808, 0.0 ], [ 108389.497000008821487, 502559.197000000625849, 0.0 ], [ 108391.658000003546476, 502560.525000002235174, 0.0 ], [ 108393.8530000038445, 502561.798000015318394, 0.0 ], [ 108396.078999999910593, 502563.01400001347065, 0.0 ], [ 108398.336000002920628, 502564.173000007867813, 0.0 ], [ 108400.622000001370907, 502565.274000018835068, 0.0 ], [ 108402.934999998658895, 502566.316000010818243, 0.0 ], [ 108405.274000003933907, 502567.29899999499321, 0.0 ], [ 108407.637000001966953, 502568.221000000834465, 0.0 ], [ 108410.007000003010035, 502569.076999999582767, 0.0 ], [ 108412.397000014781952, 502569.872000019997358, 0.0 ], [ 108414.80800000205636, 502570.605000022798777, 0.0 ], [ 108417.236000005155802, 502571.27800003066659, 0.0 ], [ 108419.680000003427267, 502571.887999996542931, 0.0 ], [ 108422.138999998569489, 502572.436000000685453, 0.0 ], [ 108424.611000005155802, 502572.922000002115965, 0.0 ], [ 108427.095000006258488, 502573.34400000423193, 0.0 ], [ 108429.260999999940395, 502573.608999997377396, 0.0 ], [ 108447.403999999165535, 502574.327000018209219, 0.0 ], [ 108454.090999998152256, 502574.979000013321638, 0.0 ], [ 108460.800999999046326, 502575.364000011235476, 0.0 ], [ 108466.879999998956919, 502575.482000008225441, 0.0 ], [ 108472.96000000089407, 502575.381000004708767, 0.0 ], [ 108480.53999999910593, 502575.053000010550022, 0.0 ], [ 108485.460000012069941, 502574.602000024169683, 0.0 ], [ 108490.365000002086163, 502574.004000008106232, 0.0 ], [ 108495.769000001251698, 502573.171000014990568, 0.0 ], [ 108501.14300000295043, 502572.158000003546476, 0.0 ], [ 108505.583000000566244, 502570.641000017523766, 0.0 ], [ 108510.002000000327826, 502569.062999997287989, 0.0 ], [ 108514.397999998182058, 502567.4239999987185, 0.0 ], [ 108518.771000012755394, 502565.7240000218153, 0.0 ], [ 108523.120000001043081, 502563.964000009000301, 0.0 ], [ 108527.445000000298023, 502562.143000029027462, 0.0 ], [ 108531.744000002741814, 502560.263000011444092, 0.0 ], [ 108536.015999998897314, 502558.324000008404255, 0.0 ], [ 108540.209000002592802, 502556.351000033318996, 0.0 ], [ 108544.374000005424023, 502554.320000030100346, 0.0 ], [ 108548.511999998241663, 502552.233000006526709, 0.0 ], [ 108552.620000004768372, 502550.089000005275011, 0.0 ], [ 108556.699000004678965, 502547.889999996870756, 0.0 ], [ 108560.748000007122755, 502545.63500002399087, 0.0 ], [ 108564.765000004321337, 502543.324999995529652, 0.0 ], [ 108568.75000000372529, 502540.96000000089407, 0.0 ], [ 108579.736999999731779, 502533.794999998062849, 0.0 ], [ 108583.968000002205372, 502530.415999997407198, 0.0 ], [ 108584.080000001937151, 502530.32600000500679, 0.0 ], [ 108602.079999998211861, 502515.949000008404255, 0.0 ], [ 108602.14299999922514, 502515.897999998182058, 0.0 ], [ 108606.462000001221895, 502512.450000014156103, 0.0 ], [ 108606.516600001603365, 502512.524700000882149, 0.0 ], [ 108606.537399999797344, 502512.508600030094385, 0.0 ], [ 108606.395500004291534, 502511.763099994510412, 0.0 ], [ 108586.108800005167723, 502486.461800012737513, 0.0 ], [ 108570.169200003147125, 502466.581900000572205, 0.0 ], [ 108659.941600006073713, 502408.674900006502867, 0.0 ], [ 108691.09569999948144, 502384.625900015234947, 0.0 ], [ 108690.252100002020597, 502383.051500026136637, 0.0 ], [ 108634.015000000596046, 502278.079200003296137, 0.0 ], [ 108633.957600004971027, 502277.963600009679794, 0.0 ], [ 108633.897800002247095, 502277.846500009298325, 0.0 ], [ 108633.779199998825788, 502277.614000033587217, 0.0 ], [ 108633.71840000897646, 502277.498700007796288, 0.0 ], [ 108633.653900001198053, 502277.385099995881319, 0.0 ], [ 108633.525000002235174, 502277.158200021833181, 0.0 ], [ 108633.382600001990795, 502276.939400013536215, 0.0 ], [ 108633.310400001704693, 502276.830900020897388, 0.0 ], [ 108633.2347999997437, 502276.724500019103289, 0.0 ], [ 108633.083500001579523, 502276.511800013482571, 0.0 ], [ 108632.919799998402596, 502276.308499999344349, 0.0 ], [ 108632.836899999529123, 502276.207800004631281, 0.0 ], [ 108632.750900004059076, 502276.10970001667738, 0.0 ], [ 108632.57880000025034, 502275.913400027900934, 0.0 ], [ 108632.395399998873472, 502275.727700024843216, 0.0 ], [ 108632.302800003439188, 502275.635900001972914, 0.0 ], [ 108632.206199999898672, 502275.548099994659424, 0.0 ], [ 108632.013099998235703, 502275.372500009834766, 0.0 ], [ 108631.915100000798702, 502275.28660000488162, 0.0 ], [ 108631.813100006431341, 502275.205400008708239, 0.0 ], [ 108631.608800005167723, 502275.042900014668703, 0.0 ], [ 108631.505399998277426, 502274.963600024580956, 0.0 ], [ 108631.39809999987483, 502274.889400009065866, 0.0 ], [ 108631.183400001376867, 502274.741000019013882, 0.0 ], [ 108631.074800003319979, 502274.668900016695261, 0.0 ], [ 108630.9628000035882, 502274.602200005203485, 0.0 ], [ 108630.738600000739098, 502274.468600008636713, 0.0 ], [ 108630.625300016254187, 502274.403999995440245, 0.0 ], [ 108630.509100016206503, 502274.345000024884939, 0.0 ], [ 108630.276400003582239, 502274.226800009608269, 0.0 ], [ 108630.159100003540516, 502274.169900022447109, 0.0 ], [ 108630.039700001478195, 502274.117300003767014, 0.0 ], [ 108629.800800010561943, 502274.012000031769276, 0.0 ], [ 108629.459300000220537, 502273.900900013744831, 0.0 ], [ 108629.362199999392033, 502273.87940001860261, 0.0 ], [ 108629.168000005185604, 502273.836300000548363, 0.0 ], [ 108629.075100008398294, 502273.814000014215708, 0.0 ], [ 108628.975999999791384, 502273.785200018435717, 0.0 ], [ 108628.785100005567074, 502273.72970001026988, 0.0 ], [ 108628.693900004029274, 502273.701200008392334, 0.0 ], [ 108628.597100000828505, 502273.665699999779463, 0.0 ], [ 108628.410300005227327, 502273.597200013697147, 0.0 ], [ 108628.322599999606609, 502273.563000023365021, 0.0 ], [ 108628.313000004738569, 502273.559200011193752, 0.0 ], [ 108628.227100007236004, 502273.520699996501207, 0.0 ], [ 108628.0456000007689, 502273.439200021326542, 0.0 ], [ 108627.96000000461936, 502273.398600023239851, 0.0 ], [ 108627.868400000035763, 502273.349700000137091, 0.0 ], [ 108627.692900002002716, 502273.255999997258186, 0.0 ], [ 108627.610200002789497, 502273.209500018507242, 0.0 ], [ 108627.522200003266335, 502273.154499996453524, 0.0 ], [ 108627.353700000792742, 502273.048900030553341, 0.0 ], [ 108627.27420000359416, 502272.996800024062395, 0.0 ], [ 108627.265500001609325, 502272.991100020706654, 0.0 ], [ 108627.189500004053116, 502272.937100008130074, 0.0 ], [ 108627.036700002849102, 502272.828500010073185, 0.0 ], [ 108627.027400005608797, 502272.821899998933077, 0.0 ], [ 108627.018800001591444, 502272.815099995583296, 0.0 ], [ 108626.872800000011921, 502272.696800019592047, 0.0 ], [ 108626.799600008875132, 502272.636000018566847, 0.0 ], [ 108626.722800005227327, 502272.566500008106232, 0.0 ], [ 108626.575399998575449, 502272.43300000205636, 0.0 ], [ 108626.505000002682209, 502272.366700015962124, 0.0 ], [ 108626.434099998325109, 502272.29330000653863, 0.0 ], [ 108626.296000000089407, 502272.150200009346008, 0.0 ], [ 108626.230900004506111, 502272.080000009387732, 0.0 ], [ 108626.164700001478195, 502272.001200031489134, 0.0 ], [ 108626.036800000816584, 502271.848800014704466, 0.0 ], [ 108625.976700007915497, 502271.774099998176098, 0.0 ], [ 108625.915100000798702, 502271.691800002008677, 0.0 ], [ 108625.802200000733137, 502271.540599998086691, 0.0 ], [ 108625.796100001782179, 502271.532500017434359, 0.0 ], [ 108625.790500000119209, 502271.524200022220612, 0.0 ], [ 108625.687400002032518, 502271.365900032222271, 0.0 ], [ 108625.637499999254942, 502271.28710001334548, 0.0 ], [ 108574.935000002384186, 502149.621600031852722, 0.0 ], [ 108574.606000002473593, 502148.832000020891428, 0.0 ], [ 108529.662900000810623, 502046.57710000872612, 0.0 ], [ 108509.852000005543232, 502000.000100009143353, 0.0 ], [ 108474.783900007605553, 501913.816100001335144, 0.0 ], [ 108471.802000001072884, 501908.105100013315678, 0.0 ], [ 108471.835200004279613, 501886.836399998515844, 0.0 ], [ 108460.258000001311302, 501856.939100008457899, 0.0 ], [ 108460.14750000461936, 501856.606600001454353, 0.0 ], [ 108460.025400001555681, 501856.278199996799231, 0.0 ], [ 108459.89190000295639, 501855.954200033098459, 0.0 ], [ 108459.74720000103116, 501855.635200001299381, 0.0 ], [ 108459.591400004923344, 501855.321300011128187, 0.0 ], [ 108459.424800001084805, 501855.013100024312735, 0.0 ], [ 108459.247499998658895, 501854.710900034755468, 0.0 ], [ 108459.059800013899803, 501854.415099997073412, 0.0 ], [ 108458.861800003796816, 501854.12600002810359, 0.0 ], [ 108458.653900004923344, 501853.844000000506639, 0.0 ], [ 108458.436200007796288, 501853.569500006735325, 0.0 ], [ 108458.209100008010864, 501853.302699998021126, 0.0 ], [ 108457.972800001502037, 501853.044000022113323, 0.0 ], [ 108457.727600008249283, 501852.793700020760298, 0.0 ], [ 108457.473800003528595, 501852.552200015634298, 0.0 ], [ 108457.21169999986887, 501852.319599997252226, 0.0 ], [ 108456.941700000315905, 501852.096400003880262, 0.0 ], [ 108456.664000004529953, 501851.882700011134148, 0.0 ], [ 108456.379000004380941, 501851.67890002951026, 0.0 ], [ 108456.087100002914667, 501851.485100019723177, 0.0 ], [ 108455.788600001484156, 501851.30170001834631, 0.0 ], [ 108455.483900003135204, 501851.128800004720688, 0.0 ], [ 108455.173300005495548, 501850.96670001745224, 0.0 ], [ 108454.857200004160404, 501850.815500013530254, 0.0 ], [ 108454.536100007593632, 501850.675400007516146, 0.0 ], [ 108454.210200004279613, 501850.546700023114681, 0.0 ], [ 108453.880100000649691, 501850.429400015622377, 0.0 ], [ 108453.546000000089407, 501850.323700007051229, 0.0 ], [ 108453.208500005304813, 501850.229700025171041, 0.0 ], [ 108452.867899999022484, 501850.147600021213293, 0.0 ], [ 108452.524599999189377, 501850.077499996870756, 0.0 ], [ 108452.179099999368191, 501850.019400034099817, 0.0 ], [ 108451.831800002604723, 501849.973400000482798, 0.0 ], [ 108451.482999999076128, 501849.939500015228987, 0.0 ], [ 108451.133299998939037, 501849.917900018393993, 0.0 ], [ 108450.783100001513958, 501849.908500034362078, 0.0 ], [ 108450.432799998670816, 501849.911300007253885, 0.0 ], [ 108450.082700002938509, 501849.926399994641542, 0.0 ], [ 108449.733400002121925, 501849.953600019216537, 0.0 ], [ 108449.385299999266863, 501849.993100021034479, 0.0 ], [ 108449.038699999451637, 501850.044700015336275, 0.0 ], [ 108448.694200005382299, 501850.108400005847216, 0.0 ], [ 108448.352099999785423, 501850.184100016951561, 0.0 ], [ 108448.012899998575449, 501850.271600000560284, 0.0 ], [ 108447.677000008523464, 501850.371000021696091, 0.0 ], [ 108447.109900001436472, 501850.729900032281876, 0.0 ], [ 108444.537000000476837, 501852.357999995350838, 0.0 ], [ 108440.521000001579523, 501856.153999999165535, 0.0 ], [ 108440.29840000346303, 501855.945700015872717, 0.0 ], [ 108376.604000002145767, 501923.314000021666288, 0.0 ], [ 108356.666000001132488, 501937.56300000846386, 0.0 ], [ 108309.837000004947186, 501979.488000005483627, 0.0 ], [ 108297.767000004649162, 501989.519000019878149, 0.0 ], [ 108292.302000004798174, 501993.313999995589256, 0.0 ], [ 108290.609000001102686, 501995.430000033229589, 0.0 ], [ 108285.054999999701977, 502000.000000007450581, 0.0 ], [ 108280.308900006115437, 502003.906000014394522, 0.0 ], [ 108277.745999999344349, 502004.611100003123283, 0.0 ], [ 108276.072999998927116, 502006.458100005984306, 0.0 ], [ 108276.396000001579523, 502007.280999999493361, 0.0 ], [ 108276.413199998438358, 502008.968700002878904, 0.0 ], [ 108274.736100003123283, 502011.286700006574392, 0.0 ], [ 108269.321000002324581, 502016.604400001466274, 0.0 ], [ 108245.705000001937151, 502039.207000032067299, 0.0 ], [ 108235.921000000089407, 502046.890999998897314, 0.0 ], [ 108236.628000013530254, 502047.693399995565414, 0.0 ], [ 108236.887899998575449, 502047.879099998623133, 0.0 ], [ 108234.71170000731945, 502049.385400008410215, 0.0 ], [ 108234.638800010085106, 502049.068600002676249, 0.0 ], [ 108234.335999999195337, 502048.426000002771616, 0.0 ], [ 108232.407000008970499, 502050.025000017136335, 0.0 ], [ 108229.704900003969669, 502052.203400000929832, 0.0 ], [ 108232.636100005358458, 502055.839300002902746, 0.0 ], [ 108229.006900005042553, 502058.76510002464056, 0.0 ], [ 108221.967900007963181, 502064.301100015640259, 0.0 ], [ 108220.09290000423789, 502066.006100006401539, 0.0 ], [ 108214.11090000346303, 502070.663100007921457, 0.0 ], [ 108210.351300004869699, 502073.751200009137392, 0.0 ], [ 108207.482900012284517, 502070.259100023657084, 0.0 ], [ 108206.795900009572506, 502070.86820001155138, 0.0 ], [ 108206.715199999511242, 502070.962900023907423, 0.0 ], [ 108205.944300003349781, 502071.944999996572733, 0.0 ], [ 108205.852800000458956, 502072.203699998557568, 0.0 ], [ 108186.770899999886751, 502090.025100030004978, 0.0 ], [ 108180.581900000572205, 502095.890099998563528, 0.0 ], [ 108171.637900002300739, 502105.819099996238947, 0.0 ], [ 108166.136900000274181, 502112.441100008785725, 0.0 ], [ 108160.965900007635355, 502119.93910001963377, 0.0 ], [ 108155.050900004804134, 502129.685100011527538, 0.0 ], [ 108148.335900004953146, 502142.026099994778633, 0.0 ], [ 108141.571900002658367, 502154.589100021868944, 0.0 ], [ 108125.3125, 502185.425900008529425, 0.0 ], [ 108119.698700003325939, 502195.423700012266636, 0.0 ], [ 108099.056900002062321, 502235.493100002408028, 0.0 ], [ 108091.336899999529123, 502249.143100008368492, 0.0 ], [ 108085.230900004506111, 502257.91210001334548, 0.0 ], [ 108080.617900002747774, 502265.5591000020504, 0.0 ], [ 108075.13399999961257, 502279.092100009322166, 0.0 ], [ 108071.467999998480082, 502291.153099998831749, 0.0 ], [ 108071.177099999040365, 502292.119899995625019, 0.0 ], [ 108070.854300003498793, 502293.076500002294779, 0.0 ], [ 108070.499800007790327, 502294.021900020539761, 0.0 ], [ 108070.114200003445148, 502294.955100025981665, 0.0 ], [ 108069.697999998927116, 502295.874900031834841, 0.0 ], [ 108069.251400001347065, 502296.780400015413761, 0.0 ], [ 108068.774999998509884, 502297.670600019395351, 0.0 ], [ 108068.269400000572205, 502298.54440001770854, 0.0 ], [ 108067.735000003129244, 502299.401100005954504, 0.0 ], [ 108067.172499999403954, 502300.239499997347593, 0.0 ], [ 108066.582500003278255, 502301.058800011873245, 0.0 ], [ 108065.965700000524521, 502301.8581000007689, 0.0 ], [ 108065.32260000705719, 502302.636499997228384, 0.0 ], [ 108064.654100000858307, 502303.393100004643202, 0.0 ], [ 108063.960900004953146, 502304.127100005745888, 0.0 ], [ 108058.963899999856949, 502308.825100004673004, 0.0 ], [ 108038.887899998575449, 502327.002100005745888, 0.0 ], [ 108023.849900003522635, 502340.857100009918213, 0.0 ], [ 108014.647900000214577, 502351.026100002229214, 0.0 ], [ 108009.783900000154972, 502357.89809999614954, 0.0 ], [ 107999.999899998307228, 502372.099500007927418, 0.0 ], [ 107995.6199000030756, 502378.457100015133619, 0.0 ], [ 107980.953899998217821, 502398.530100006610155, 0.0 ], [ 107977.888900008052588, 502401.951100014150143, 0.0 ], [ 107966.980900004506111, 502413.873100023716688, 0.0 ], [ 107966.612000003457069, 502414.226800031960011, 0.0 ], [ 107966.231000002473593, 502414.567300017923117, 0.0 ], [ 107965.83840000256896, 502414.894400030374527, 0.0 ], [ 107965.434500001370907, 502415.207600016146898, 0.0 ], [ 107965.020000003278255, 502415.506499994546175, 0.0 ], [ 107964.595400005578995, 502415.790800008922815, 0.0 ], [ 107964.160999998450279, 502416.060100011527538, 0.0 ], [ 107963.717599999159575, 502416.314000006765127, 0.0 ], [ 107963.265500001609325, 502416.55230001360178, 0.0 ], [ 107962.805500004440546, 502416.774700000882149, 0.0 ], [ 107962.337900009006262, 502416.981000017374754, 0.0 ], [ 107914.365900002419949, 502438.752000018954277, 0.0 ], [ 107878.578899998217821, 502454.71900000423193, 0.0 ], [ 107856.723900001496077, 502464.525000032037497, 0.0 ], [ 107856.358800005167723, 502464.691000003367662, 0.0 ], [ 107855.988200005143881, 502464.844300020486116, 0.0 ], [ 107855.61260000616312, 502464.984800018370152, 0.0 ], [ 107855.232400003820658, 502465.112099997699261, 0.0 ], [ 107854.847899999469519, 502465.226300023496151, 0.0 ], [ 107854.459699999541044, 502465.327200010418892, 0.0 ], [ 107854.068199999630451, 502465.414600007236004, 0.0 ], [ 107853.674000013619661, 502465.488400027155876, 0.0 ], [ 107853.277500007301569, 502465.548499997705221, 0.0 ], [ 107852.879200000315905, 502465.594900000840425, 0.0 ], [ 107852.479500003159046, 502465.627500008791685, 0.0 ], [ 107852.07880000397563, 502465.64630001783371, 0.0 ], [ 107851.677800003439188, 502465.651300020515919, 0.0 ], [ 107851.276900004595518, 502465.642400003969669, 0.0 ], [ 107850.876499999314547, 502465.619600005447865, 0.0 ], [ 107850.477100003510714, 502465.583099998533726, 0.0 ], [ 107850.079200010746717, 502465.532700009644032, 0.0 ], [ 107849.683299999684095, 502465.468699995428324, 0.0 ], [ 107849.289900001138449, 502465.391000002622604, 0.0 ], [ 107848.899300009012222, 502465.299800008535385, 0.0 ], [ 107848.512200001627207, 502465.195200026035309, 0.0 ], [ 107848.128800008445978, 502465.077200002968311, 0.0 ], [ 107847.749800007790327, 502464.946100026369095, 0.0 ], [ 107847.375600002706051, 502464.802000004798174, 0.0 ], [ 107847.006499998271465, 502464.645099997520447, 0.0 ], [ 107846.643100004643202, 502464.475400004535913, 0.0 ], [ 107846.285700000822544, 502464.293399997055531, 0.0 ], [ 107845.934900000691414, 502464.099100016057491, 0.0 ], [ 107845.620500005781651, 502463.843699999153614, 0.0 ], [ 107845.297800000756979, 502463.598900008946657, 0.0 ], [ 107844.967100001871586, 502463.365000013262033, 0.0 ], [ 107844.628800000995398, 502463.14230003207922, 0.0 ], [ 107844.28319999948144, 502462.931100018322468, 0.0 ], [ 107843.930700000375509, 502462.731500003486872, 0.0 ], [ 107843.571800000965595, 502462.543800033628941, 0.0 ], [ 107843.206800013780594, 502462.368200019001961, 0.0 ], [ 107842.8361000046134, 502462.204800002276897, 0.0 ], [ 107842.460200000554323, 502462.05400000885129, 0.0 ], [ 107842.07940000295639, 502461.915800008922815, 0.0 ], [ 107841.694300003349781, 502461.790399994701147, 0.0 ], [ 107841.30519999936223, 502461.677900023758411, 0.0 ], [ 107840.912500005215406, 502461.578500032424927, 0.0 ], [ 107840.516700003296137, 502461.492299996316433, 0.0 ], [ 107840.118299998342991, 502461.419399999082088, 0.0 ], [ 107839.717700000852346, 502461.3597999997437, 0.0 ], [ 107839.31529999896884, 502461.313600014895201, 0.0 ], [ 107836.677600000053644, 502461.487299997359514, 0.0 ], [ 107832.676400002092123, 502462.32769999653101, 0.0 ], [ 107819.770900007337332, 502468.560100007802248, 0.0 ], [ 107817.606900002807379, 502469.820100005716085, 0.0 ], [ 107817.232900001108646, 502470.053600005805492, 0.0 ], [ 107816.86710000410676, 502470.299599997699261, 0.0 ], [ 107816.509900003671646, 502470.558000020682812, 0.0 ], [ 107816.16160000488162, 502470.828200004994869, 0.0 ], [ 107815.82260000705719, 502471.110200017690659, 0.0 ], [ 107815.493500001728535, 502471.403499994426966, 0.0 ], [ 107815.174500003457069, 502471.707800008356571, 0.0 ], [ 107814.866000007838011, 502472.022700008004904, 0.0 ], [ 107814.568300012499094, 502472.34790001809597, 0.0 ], [ 107814.281800005584955, 502472.683000005781651, 0.0 ], [ 107814.006900001317263, 502473.027699999511242, 0.0 ], [ 107813.743900004774332, 502473.381500009447336, 0.0 ], [ 107813.493000000715256, 502473.744000002741814, 0.0 ], [ 107813.25450000166893, 502474.114800021052361, 0.0 ], [ 107813.02870000526309, 502474.493400011211634, 0.0 ], [ 107812.816000003367662, 502474.879600010812283, 0.0 ], [ 107812.616400003433228, 502475.272700015455484, 0.0 ], [ 107812.430300008505583, 502475.672400005161762, 0.0 ], [ 107812.25789999961853, 502476.078100018203259, 0.0 ], [ 107809.478900000452995, 502482.719100032001734, 0.0 ], [ 107809.304400004446507, 502483.006600003689528, 0.0 ], [ 107809.1199000030756, 502483.287900026887655, 0.0 ], [ 107808.925600003451109, 502483.56249999627471, 0.0 ], [ 107808.721999999135733, 502483.830100011080503, 0.0 ], [ 107808.50900000333786, 502484.090500000864267, 0.0 ], [ 107808.287100005894899, 502484.343299996107817, 0.0 ], [ 107808.056500002741814, 502484.588100012391806, 0.0 ], [ 107807.817499998956919, 502484.824799995869398, 0.0 ], [ 107807.570300005376339, 502485.052900012582541, 0.0 ], [ 107807.31530000269413, 502485.272300008684397, 0.0 ], [ 107807.052800003439188, 502485.482599999755621, 0.0 ], [ 107806.783100005239248, 502485.683600008487701, 0.0 ], [ 107806.506500001996756, 502485.875000014901161, 0.0 ], [ 107806.22350000217557, 502486.056600011885166, 0.0 ], [ 107805.934200007468462, 502486.228300016373396, 0.0 ], [ 107805.639100007712841, 502486.38960000500083, 0.0 ], [ 107805.338599998503923, 502486.540600005537271, 0.0 ], [ 107805.032900005578995, 502486.681000020354986, 0.0 ], [ 107780.850900001823902, 502496.855000022798777, 0.0 ], [ 107772.838300000876188, 502500.000100012868643, 0.0 ], [ 107751.225600000470877, 502508.483700003474951, 0.0 ], [ 107751.127000000327826, 502508.522399995476007, 0.0 ], [ 107751.039600003510714, 502508.557100012898445, 0.0 ], [ 107723.090900003910065, 502519.268000010401011, 0.0 ], [ 107709.760900001972914, 502523.321000002324581, 0.0 ], [ 107690.923900000751019, 502530.204100035130978, 0.0 ], [ 107680.757700007408857, 502533.997400026768446, 0.0 ], [ 107680.731200002133846, 502534.00720002129674, 0.0 ], [ 107680.705100003629923, 502534.01740001142025, 0.0 ], [ 107677.637400005012751, 502535.238100029528141, 0.0 ], [ 107674.545800000429153, 502536.72290002182126, 0.0 ], [ 107671.505300004035234, 502538.309500019997358, 0.0 ], [ 107668.519200004637241, 502539.996300011873245, 0.0 ], [ 107665.590799998492002, 502541.781399998813868, 0.0 ], [ 107662.723400004208088, 502543.662900015711784, 0.0 ], [ 107659.920100003480911, 502545.638600002974272, 0.0 ], [ 107657.184000004082918, 502547.706500019878149, 0.0 ], [ 107654.518200002610683, 502549.864099998027086, 0.0 ], [ 107651.925500005483627, 502552.10910002887249, 0.0 ], [ 107649.408900011330843, 502554.439100012183189, 0.0 ], [ 107640.590900000184774, 502563.799099996685982, 0.0 ], [ 107634.411899998784065, 502571.856100007891655, 0.0 ], [ 107625.228300001472235, 502583.540900010615587, 0.0 ], [ 107625.053000003099442, 502583.716400023549795, 0.0 ], [ 107624.875100005418062, 502583.87710002809763, 0.0 ], [ 107624.781800001859665, 502583.961300015449524, 0.0 ], [ 107624.691399998962879, 502584.037399996072054, 0.0 ], [ 107624.501600004732609, 502584.190800026059151, 0.0 ], [ 107624.403800003230572, 502584.269899997860193, 0.0 ], [ 107624.308700002729893, 502584.339700002223253, 0.0 ], [ 107624.10920000821352, 502584.480200029909611, 0.0 ], [ 107624.007100000977516, 502584.552200019359589, 0.0 ], [ 107623.9070999994874, 502584.616499997675419, 0.0 ], [ 107623.694500006735325, 502584.749800026416779, 0.0 ], [ 107623.486200004816055, 502584.863000001758337, 0.0 ], [ 107623.375800002366304, 502584.922900021076202, 0.0 ], [ 107623.270100001245737, 502584.975800033658743, 0.0 ], [ 107623.049700006842613, 502585.080699995160103, 0.0 ], [ 107622.935500003397465, 502585.135000001639128, 0.0 ], [ 107622.827600002288818, 502585.181000009179115, 0.0 ], [ 107622.59400001168251, 502585.277100004255772, 0.0 ], [ 107622.371300004422665, 502585.353399999439716, 0.0 ], [ 107622.262600004673004, 502585.390600010752678, 0.0 ], [ 107622.251400001347065, 502585.393999997526407, 0.0 ], [ 107622.139299999922514, 502585.428200002759695, 0.0 ], [ 107621.904699999839067, 502585.495299994945526, 0.0 ], [ 107621.786699999123812, 502585.529000017791986, 0.0 ], [ 107614.728800002485514, 502586.184199996292591, 0.0 ], [ 107614.685699999332428, 502586.188100010156631, 0.0 ], [ 107610.130900003015995, 502586.206500023603439, 0.0 ], [ 107609.965200003236532, 502586.232700023800135, 0.0 ], [ 107609.882199998944998, 502586.245800003409386, 0.0 ], [ 107609.800000004470348, 502586.261900015175343, 0.0 ], [ 107609.635800004005432, 502586.29729999601841, 0.0 ], [ 107609.553700000047684, 502586.314900003373623, 0.0 ], [ 107609.472700007259846, 502586.336600001901388, 0.0 ], [ 107609.311300005763769, 502586.383000019937754, 0.0 ], [ 107609.230700004845858, 502586.406200014054775, 0.0 ], [ 107609.151500005275011, 502586.433299995958805, 0.0 ], [ 107608.993500016629696, 502586.490600023418665, 0.0 ], [ 107608.914600003510714, 502586.519199997186661, 0.0 ], [ 107608.83729999884963, 502586.551600012928247, 0.0 ], [ 107608.683600008487701, 502586.619100000709295, 0.0 ], [ 107608.606700003147125, 502586.652900010347366, 0.0 ], [ 107608.53150000423193, 502586.690000031143427, 0.0 ], [ 107608.381500001996756, 502586.765800017863512, 0.0 ], [ 107608.236600007861853, 502586.850500017404556, 0.0 ], [ 107608.164100002497435, 502586.892800029367208, 0.0 ], [ 107608.093000005930662, 502586.937300000339746, 0.0 ], [ 107607.951600003987551, 502587.028099998831749, 0.0 ], [ 107607.816200010478497, 502587.127300012856722, 0.0 ], [ 107607.748400002717972, 502587.176899999380112, 0.0 ], [ 107607.6824000030756, 502587.22859999537468, 0.0 ], [ 107607.55180000513792, 502587.334100000560284, 0.0 ], [ 107607.484700001776218, 502587.388300016522408, 0.0 ], [ 107607.422200005501509, 502587.440700016915798, 0.0 ], [ 107607.155000004917383, 502587.655700027942657, 0.0 ], [ 107606.878600012511015, 502587.858400013297796, 0.0 ], [ 107606.595400005578995, 502588.051600005477667, 0.0 ], [ 107606.305700000375509, 502588.234800018370152, 0.0 ], [ 107606.009800001978874, 502588.407900024205446, 0.0 ], [ 107605.708100002259016, 502588.570599995553493, 0.0 ], [ 107605.401000015437603, 502588.722899999469519, 0.0 ], [ 107605.088800005614758, 502588.864400014281273, 0.0 ], [ 107604.771899998188019, 502588.995100021362305, 0.0 ], [ 107604.450699999928474, 502589.114800002425909, 0.0 ], [ 107604.125600002706051, 502589.223400000482798, 0.0 ], [ 107603.796900000423193, 502589.320600032806396, 0.0 ], [ 107603.464999999850988, 502589.40650000795722, 0.0 ], [ 107603.130300004035234, 502589.480799999088049, 0.0 ], [ 107602.793300002813339, 502589.543500032275915, 0.0 ], [ 107602.454300004988909, 502589.594600014388561, 0.0 ], [ 107602.113800011575222, 502589.633900035172701, 0.0 ], [ 107601.772100005298853, 502589.661400012671947, 0.0 ], [ 107601.429699998348951, 502589.677100017666817, 0.0 ], [ 107601.086900003254414, 502589.680900026112795, 0.0 ], [ 107600.744199998676777, 502589.672900021076202, 0.0 ], [ 107600.401999998837709, 502589.65310001373291, 0.0 ], [ 107600.060699999332428, 502589.621500004082918, 0.0 ], [ 107599.720600008964539, 502589.578100007027388, 0.0 ], [ 107599.38230000436306, 502589.522999994456768, 0.0 ], [ 107599.046100005507469, 502589.456300012767315, 0.0 ], [ 107598.712300006300211, 502589.378000006079674, 0.0 ], [ 107598.381499998271465, 502589.28820001706481, 0.0 ], [ 107598.054000005125999, 502589.186999998986721, 0.0 ], [ 107597.730200003832579, 502589.074599999934435, 0.0 ], [ 107597.410399999469519, 502588.951000019907951, 0.0 ], [ 107581.044200010597706, 502616.267700001597404, 0.0 ], [ 107576.000100001692772, 502624.687000013887882, 0.0 ], [ 107576.640000004321337, 502629.40700001642108, 0.0 ], [ 107575.418000001460314, 502630.138999994844198, 0.0 ], [ 107570.938000001013279, 502632.275000017136335, 0.0 ], [ 107565.43299999833107, 502635.047000002115965, 0.0 ], [ 107560.960900001227856, 502636.941599994897842, 0.0 ], [ 107553.541600000113249, 502640.13620001077652, 0.0 ], [ 107526.470300003886223, 502650.405600018799305, 0.0 ], [ 107518.261100005358458, 502653.8429000005126, 0.0 ], [ 107509.426900006830692, 502658.171700030565262, 0.0 ], [ 107502.497500006109476, 502661.911200001835823, 0.0 ], [ 107500.698800001293421, 502663.349900007247925, 0.0 ], [ 107482.110100001096725, 502675.940600004047155, 0.0 ], [ 107467.157200004905462, 502687.865600034594536, 0.0 ], [ 107451.888900000602007, 502704.734500009566545, 0.0 ], [ 107429.176899999380112, 502732.808199997991323, 0.0 ], [ 107417.685600005090237, 502747.602000009268522, 0.0 ], [ 107409.299800001084805, 502758.580300003290176, 0.0 ], [ 107401.271299999207258, 502769.822500005364418, 0.0 ], [ 107393.608399998396635, 502781.31700000166893, 0.0 ], [ 107386.318999998271465, 502793.052000019699335, 0.0 ], [ 107382.07490000128746, 502800.17289999499917, 0.0 ], [ 107377.598000001162291, 502807.149800006300211, 0.0 ], [ 107372.89300000295043, 502813.975000016391277, 0.0 ], [ 107369.839600000530481, 502818.178900018334389, 0.0 ], [ 107366.645899999886751, 502822.277200013399124, 0.0 ], [ 107363.315500002354383, 502826.265300009399652, 0.0 ], [ 107359.852300006896257, 502830.138599995523691, 0.0 ], [ 107356.260099999606609, 502833.892600007355213, 0.0 ], [ 107352.543200016021729, 502837.522999994456768, 0.0 ], [ 107348.705700006335974, 502841.02589999884367, 0.0 ], [ 107344.752000004053116, 502844.3969999961555, 0.0 ], [ 107342.836600005626678, 502845.631100028753281, 0.0 ], [ 107340.87950000539422, 502846.79780000820756, 0.0 ], [ 107338.883000001311302, 502847.895700007677078, 0.0 ], [ 107336.849500004202127, 502848.923599999397993, 0.0 ], [ 107334.781600009649992, 502849.880200032144785, 0.0 ], [ 107332.681499999016523, 502850.764299996197224, 0.0 ], [ 107330.552000001072884, 502851.574900016188622, 0.0 ], [ 107328.39580000191927, 502852.311000000685453, 0.0 ], [ 107326.215199999511242, 502852.971600018441677, 0.0 ], [ 107324.012800000607967, 502853.556200031191111, 0.0 ], [ 107321.791499998420477, 502854.063699997961521, 0.0 ], [ 107319.554000001400709, 502854.49370002001524, 0.0 ], [ 107317.302800003439188, 502854.845599997788668, 0.0 ], [ 107315.040800005197525, 502855.119100008159876, 0.0 ], [ 107312.770600005984306, 502855.313699997961521, 0.0 ], [ 107310.495100006461143, 502855.429400019347668, 0.0 ], [ 107308.216900002211332, 502855.465800009667873, 0.0 ], [ 107305.938800007104874, 502855.423000015318394, 0.0 ], [ 107303.663499999791384, 502855.301100015640259, 0.0 ], [ 107301.393900007009506, 502855.100100006908178, 0.0 ], [ 107256.796900004148483, 502851.123100023716688, 0.0 ], [ 107256.022200003266335, 502851.161400016397238, 0.0 ], [ 107255.249299999326468, 502851.226399999111891, 0.0 ], [ 107254.479200001806021, 502851.31810000538826, 0.0 ], [ 107253.712600007653236, 502851.43639999628067, 0.0 ], [ 107252.950599998235703, 502851.581200007349253, 0.0 ], [ 107252.194099999964237, 502851.75220000743866, 0.0 ], [ 107251.443900004029274, 502851.949099995195866, 0.0 ], [ 107250.70100000500679, 502852.171999994665384, 0.0 ], [ 107249.966300006955862, 502852.420400004833937, 0.0 ], [ 107249.240600012242794, 502852.694100018590689, 0.0 ], [ 107248.524800002574921, 502852.992700003087521, 0.0 ], [ 107247.819699998944998, 502853.315900001674891, 0.0 ], [ 107247.126200001686811, 502853.66320001706481, 0.0 ], [ 107246.445200007408857, 502854.034400004893541, 0.0 ], [ 107245.777399998158216, 502854.428800016641617, 0.0 ], [ 107245.123600002378225, 502854.846100009977818, 0.0 ], [ 107244.484600003808737, 502855.285800009965897, 0.0 ], [ 107243.861300002783537, 502855.747300013899803, 0.0 ], [ 107243.254200000315905, 502856.230100002139807, 0.0 ], [ 107242.664200004190207, 502856.733600024133921, 0.0 ], [ 107242.092000000178814, 502857.257200013846159, 0.0 ], [ 107241.538199998438358, 502857.800200019031763, 0.0 ], [ 107241.003499999642372, 502858.362100008875132, 0.0 ], [ 107240.488600000739098, 502858.942100018262863, 0.0 ], [ 107239.994100004434586, 502859.539600022137165, 0.0 ], [ 107239.520500000566244, 502860.153900008648634, 0.0 ], [ 107239.068400003015995, 502860.784100033342838, 0.0 ], [ 107238.638300001621246, 502861.429600022733212, 0.0 ], [ 107238.230900000780821, 502862.089600015431643, 0.0 ], [ 107237.846500005573034, 502862.763200007379055, 0.0 ], [ 107237.485700000077486, 502863.449800007045269, 0.0 ], [ 107237.148800004273653, 502864.148400001227856, 0.0 ], [ 107236.836199998855591, 502864.858300011605024, 0.0 ], [ 107236.54840000718832, 502865.578500028699636, 0.0 ], [ 107236.285600006580353, 502866.308300022035837, 0.0 ], [ 107236.048300009220839, 502867.046700034290552, 0.0 ], [ 107235.836599998176098, 502867.792900033295155, 0.0 ], [ 107235.65090000256896, 502868.545899994671345, 0.0 ], [ 107235.491300005465746, 502869.304900020360947, 0.0 ], [ 107235.358000002801418, 502870.069099996238947, 0.0 ], [ 107205.681800000369549, 503000.000100031495094, 0.0 ], [ 107204.731000006198883, 503004.163100000470877, 0.0 ], [ 107204.414200000464916, 503005.650700017809868, 0.0 ], [ 107204.046200003474951, 503007.126500017940998, 0.0 ], [ 107203.627600003033876, 503008.588800001889467, 0.0 ], [ 107203.158800005912781, 503010.035700004547834, 0.0 ], [ 107202.640300001949072, 503011.4656000174582, 0.0 ], [ 107202.072700008749962, 503012.876700013875961, 0.0 ], [ 107201.456900004297495, 503014.26749999448657, 0.0 ], [ 107200.793400004506111, 503015.636100020259619, 0.0 ], [ 107200.083200000226498, 503016.981100007891655, 0.0 ], [ 107199.326900005340576, 503018.300700005143881, 0.0 ], [ 107198.525600001215935, 503019.593500014394522, 0.0 ], [ 107197.680100001394749, 503020.857899997383356, 0.0 ], [ 107196.791600003838539, 503022.092300023883581, 0.0 ], [ 107195.861000005155802, 503023.295400019735098, 0.0 ], [ 107194.889400001615286, 503024.465600002557039, 0.0 ], [ 107193.877999998629093, 503025.601600021123886, 0.0 ], [ 107192.828099999576807, 503026.702100016176701, 0.0 ], [ 107191.740800000727177, 503027.76570000872016, 0.0 ], [ 107190.617499999701977, 503028.79110000655055, 0.0 ], [ 107189.459399998188019, 503029.777199998497963, 0.0 ], [ 107188.26800000295043, 503030.722700022161007, 0.0 ], [ 107187.044799998402596, 503031.626600004732609, 0.0 ], [ 107185.791000001132488, 503032.487700019031763, 0.0 ], [ 107184.508300002664328, 503033.305100001394749, 0.0 ], [ 107183.19819999858737, 503034.077700018882751, 0.0 ], [ 107181.862200003117323, 503034.804600022733212, 0.0 ], [ 107180.501899998635054, 503035.485000006854534, 0.0 ], [ 107163.347900006920099, 503043.964099995791912, 0.0 ], [ 107162.381999999284744, 503044.478400006890297, 0.0 ], [ 107161.433900002390146, 503045.025000020861626, 0.0 ], [ 107160.504800003021955, 503045.603100035339594, 0.0 ], [ 107159.595600016415119, 503046.212200034409761, 0.0 ], [ 107158.707500003278255, 503046.851600024849176, 0.0 ], [ 107157.841299999505281, 503047.520399998873472, 0.0 ], [ 107156.998200003057718, 503048.217999994754791, 0.0 ], [ 107156.179000005125999, 503048.9436000213027, 0.0 ], [ 107155.384700000286102, 503049.696400031447411, 0.0 ], [ 107154.616200007498264, 503050.475500017404556, 0.0 ], [ 107153.874299999326468, 503051.279900021851063, 0.0 ], [ 107153.15990000218153, 503052.108900014311075, 0.0 ], [ 107152.473799999803305, 503052.961500026285648, 0.0 ], [ 107151.816800002008677, 503053.836600001901388, 0.0 ], [ 107151.189600002020597, 503054.733400017023087, 0.0 ], [ 107150.593000002205372, 503055.650800004601479, 0.0 ], [ 107150.027499999850988, 503056.587700020521879, 0.0 ], [ 107149.493900001049042, 503057.543100010603666, 0.0 ], [ 107148.122100003063679, 503060.195400014519691, 0.0 ], [ 107146.83160000666976, 503062.888200007379055, 0.0 ], [ 107145.623500004410744, 503065.618900004774332, 0.0 ], [ 107144.4989, 503068.38510001078248, 0.0 ], [ 107107.917899999767542, 503147.979099996387959, 0.0 ], [ 107107.700400002300739, 503148.437400002032518, 0.0 ], [ 107097.493500005453825, 503169.937100019305944, 0.0 ], [ 107097.474700000137091, 503169.975800011307001, 0.0 ], [ 107097.418600011616945, 503170.091300014406443, 0.0 ], [ 107094.144900005310774, 503176.788100004196167, 0.0 ], [ 107075.624900002032518, 503217.496100019663572, 0.0 ], [ 107055.223900001496077, 503263.119100008159876, 0.0 ], [ 107036.05689999833703, 503306.111099999397993, 0.0 ], [ 107014.987900000065565, 503353.019100025296211, 0.0 ], [ 106999.999900002032518, 503385.291000012308359, 0.0 ], [ 106991.061900001019239, 503403.472100008279085, 0.0 ], [ 106981.689399998635054, 503421.636400002986193, 0.0 ], [ 106980.702900003641844, 503423.621100004762411, 0.0 ], [ 106964.859900005161762, 503452.802100021392107, 0.0 ], [ 106946.536900013685226, 503484.93010001629591, 0.0 ], [ 106937.526800006628036, 503500.000100009143353, 0.0 ], [ 106926.305900003761053, 503518.451100021600723, 0.0 ], [ 106905.6418999992311, 503550.637100007385015, 0.0 ], [ 106878.236900001764297, 503590.918100006878376, 0.0 ], [ 106854.618900004774332, 503623.374100014567375, 0.0 ], [ 106829.805900000035763, 503655.866099998354912, 0.0 ], [ 106815.791000004857779, 503673.00789999589324, 0.0 ], [ 106804.464800000190735, 503686.944800026714802, 0.0 ], [ 106791.384200002998114, 503702.677100010216236, 0.0 ], [ 106764.400100000202656, 503734.428200017660856, 0.0 ], [ 106631.15990000218153, 503897.56980000436306, 0.0 ], [ 106629.944900002330542, 503896.567100029438734, 0.0 ], [ 106625.75900000333786, 503901.800300002098083, 0.0 ], [ 106622.964999999850988, 503905.571300007402897, 0.0 ], [ 106618.189000003039837, 503913.077300023287535, 0.0 ], [ 106615.947000000625849, 503917.270300004631281, 0.0 ], [ 106607.403299998492002, 503926.720300011336803, 0.0 ], [ 106617.973900005221367, 503937.5861000046134, 0.0 ], [ 106630.894900009036064, 503951.31410002335906, 0.0 ], [ 106646.663899999111891, 503967.082100007683039, 0.0 ], [ 106657.659499999135733, 503978.392700005322695, 0.0 ], [ 106640.397900007665157, 503995.673099998384714, 0.0 ], [ 106635.971900001168251, 504000.000100012868643, 0.0 ], [ 106624.749900002032518, 504010.971100032329559, 0.0 ], [ 106611.068900000303984, 504025.219099998474121, 0.0 ], [ 106590.523899998515844, 504045.379100017249584, 0.0 ], [ 106568.348900005221367, 504068.324099998921156, 0.0 ], [ 106550.880900003015995, 504085.375099997967482, 0.0 ], [ 106540.492900002747774, 504095.528099995106459, 0.0 ], [ 106534.644000004976988, 504101.466000001877546, 0.0 ], [ 106530.897000003606081, 504104.195999994874001, 0.0 ], [ 106527.959900006651878, 504105.424000013619661, 0.0 ], [ 106510.675900001078844, 504110.848000004887581, 0.0 ], [ 106499.999899998307228, 504114.49600001424551, 0.0 ], [ 106479.459900002926588, 504121.516000002622604, 0.0 ], [ 106448.956599999219179, 504131.862900011241436, 0.0 ], [ 106472.178400002419949, 504164.281200021505356, 0.0 ], [ 106467.283900000154972, 504166.352100022137165, 0.0 ], [ 106463.295900002121925, 504171.417100008577108, 0.0 ], [ 106459.148000001907349, 504176.687000006437302, 0.0 ], [ 106451.671000000089407, 504188.342000003904104, 0.0 ], [ 106445.073900002986193, 504190.981100022792816, 0.0 ], [ 106437.377900000661612, 504192.30010000616312, 0.0 ], [ 106432.759899999946356, 504197.3581000007689, 0.0 ], [ 106429.240900002419949, 504204.395100008696318, 0.0 ], [ 106421.54390000551939, 504212.532100014388561, 0.0 ], [ 106416.706900004297495, 504217.369100015610456, 0.0 ], [ 106410.548900004476309, 504222.427100025117397, 0.0 ], [ 106401.312899999320507, 504227.924999997019768, 0.0 ], [ 106392.91890000551939, 504232.088000010699034, 0.0 ], [ 106383.658900000154972, 504236.286100003868341, 0.0 ], [ 106375.509900003671646, 504240.60810000449419, 0.0 ], [ 106369.212900005280972, 504244.312100023031235, 0.0 ], [ 106362.792900003492832, 504249.127100002020597, 0.0 ], [ 106358.841899998486042, 504253.078100007027388, 0.0 ], [ 106354.272900003939867, 504257.523100003600121, 0.0 ], [ 106348.963900003582239, 504262.091099996119738, 0.0 ], [ 106344.271899998188019, 504266.042100001126528, 0.0 ], [ 106342.790899999439716, 504267.647100012749434, 0.0 ], [ 106341.061900001019239, 504267.647100012749434, 0.0 ], [ 106338.345900002866983, 504265.178099997341633, 0.0 ], [ 106335.505900003015995, 504262.091099996119738, 0.0 ], [ 106332.419900000095367, 504258.881099998950958, 0.0 ], [ 106330.444000001996756, 504257.89299999922514, 0.0 ], [ 106328.714900001883507, 504258.387100007385015, 0.0 ], [ 106326.862900000065565, 504259.622100006788969, 0.0 ], [ 106325.381900001317263, 504262.091099996119738, 0.0 ], [ 106321.140000004321337, 504269.461099997162819, 0.0 ], [ 106316.324900005012751, 504282.548100028187037, 0.0 ], [ 106313.237900003790855, 504289.339100003242493, 0.0 ], [ 106310.521900005638599, 504295.389100015163422, 0.0 ], [ 106307.558899998664856, 504301.80910000577569, 0.0 ], [ 106304.348900001496077, 504307.118100006133318, 0.0 ], [ 106301.755899999290705, 504311.316100027412176, 0.0 ], [ 106297.557900000363588, 504317.490100014954805, 0.0 ], [ 106293.483899999409914, 504324.033100005239248, 0.0 ], [ 106288.356899999082088, 504333.317100010812283, 0.0 ], [ 106280.905900005251169, 504328.044100005179644, 0.0 ], [ 106257.71790000423789, 504311.634100008755922, 0.0 ], [ 106242.162900008261204, 504299.850100018084049, 0.0 ], [ 106226.136900000274181, 504288.066100001335144, 0.0 ], [ 106221.597899999469519, 504284.399100031703711, 0.0 ], [ 106219.072000004351139, 504282.359099999070168, 0.0 ], [ 106216.488000001758337, 504289.546100009232759, 0.0 ], [ 106212.495000001043081, 504302.253100015223026, 0.0 ], [ 106209.348900005221367, 504310.723100002855062, 0.0 ], [ 106205.354899998754263, 504319.557100016623735, 0.0 ], [ 106202.934900000691414, 504324.156100001186132, 0.0 ], [ 106199.667900007218122, 504327.302100013941526, 0.0 ], [ 106195.674000009894371, 504329.602000024169683, 0.0 ], [ 106191.923000004142523, 504330.690000016242266, 0.0 ], [ 106183.814900003373623, 504330.812100000679493, 0.0 ], [ 106175.706900000572205, 504330.690100029110909, 0.0 ], [ 106170.866900000721216, 504330.570099998265505, 0.0 ], [ 106166.993900001049042, 504331.17510000616312, 0.0 ], [ 106164.210900004953146, 504334.079100001603365, 0.0 ], [ 106153.514899998903275, 504322.592100024223328, 0.0 ], [ 106150.874899998307228, 504319.54610001668334, 0.0 ], [ 106147.464899998158216, 504317.437100000679493, 0.0 ], [ 106141.11090000346303, 504313.976100012660027, 0.0 ], [ 106130.832900002598763, 504305.202100034803152, 0.0 ], [ 106118.312900003045797, 504295.748100001364946, 0.0 ], [ 106110.505900006741285, 504290.938100032508373, 0.0 ], [ 106099.541900001466274, 504288.04610001668334, 0.0 ], [ 106091.121899999678135, 504285.504100017249584, 0.0 ], [ 106080.118900001049042, 504281.413100033998489, 0.0 ], [ 106071.096900004893541, 504276.573100000619888, 0.0 ], [ 106066.019900001585484, 504272.692100003361702, 0.0 ], [ 106060.405900001525879, 504266.009099997580051, 0.0 ], [ 106050.048900000751019, 504251.589100010693073, 0.0 ], [ 106046.595900002866983, 504247.121100023388863, 0.0 ], [ 106044.158900000154972, 504244.684100013226271, 0.0 ], [ 106034.535900015383959, 504240.363099996000528, 0.0 ], [ 105999.999900002032518, 504271.782100033015013, 0.0 ], [ 105954.155900005251169, 504313.488100003451109, 0.0 ], [ 105922.061900001019239, 504342.722100019454956, 0.0 ], [ 105899.231900002807379, 504363.11310001835227, 0.0 ], [ 105885.437899999320507, 504376.101100012660027, 0.0 ], [ 105903.305900003761053, 504403.926100011914968, 0.0 ], [ 105924.493000008165836, 504432.072000008076429, 0.0 ], [ 105924.769900001585484, 504435.512100003659725, 0.0 ], [ 105921.622900005429983, 504438.174100022763014, 0.0 ], [ 105914.611900005489588, 504439.593100011348724, 0.0 ], [ 105910.960900004953146, 504442.848100017756224, 0.0 ], [ 105941.133900009095669, 504481.007099997252226, 0.0 ], [ 105943.419900000095367, 504484.720100000500679, 0.0 ], [ 105943.725900001823902, 504485.162100002169609, 0.0 ], [ 105952.754900000989437, 504498.184100013226271, 0.0 ], [ 105953.97690000385046, 504500.000100016593933, 0.0 ], [ 105999.999900002032518, 504567.307100005447865, 0.0 ], [ 106002.843900002539158, 504571.427100013941526, 0.0 ], [ 106024.113899998366833, 504602.441100027412176, 0.0 ], [ 106042.041900005191565, 504628.567100021988153, 0.0 ], [ 106058.504900008440018, 504652.084100019186735, 0.0 ], [ 106063.35190000385046, 504659.481100026518106, 0.0 ], [ 106070.933899998664856, 504666.364100016653538, 0.0 ], [ 106146.018900003284216, 504774.772100023925304, 0.0 ], [ 106163.067900002002716, 504799.188100025057793, 0.0 ], [ 106163.616900000721216, 504800.000099997967482, 0.0 ], [ 106185.701900001615286, 504832.674100019037724, 0.0 ], [ 106208.222899999469519, 504865.720100019127131, 0.0 ], [ 106235.795900002121925, 504906.132100019603968, 0.0 ], [ 106251.792899999767542, 504929.917100004851818, 0.0 ], [ 106282.866900000721216, 504975.984100002795458, 0.0 ], [ 106296.968900002539158, 504996.611100021749735, 0.0 ], [ 106299.191900011152029, 505000.000100024044514, 0.0 ], [ 106303.526000000536442, 505006.605999995023012, 0.0 ], [ 106315.541000004857779, 505002.990000005811453, 0.0 ], [ 106329.870000001043081, 504998.581000003963709, 0.0 ], [ 106338.530000012367964, 504996.219000000506639, 0.0 ], [ 106346.733000002801418, 504993.807000018656254, 0.0 ], [ 106364.054000001400709, 504989.556000020354986, 0.0 ], [ 106377.910000003874302, 504985.934000033885241, 0.0 ], [ 106385.784000001847744, 504983.887000020593405, 0.0 ], [ 106393.831999998539686, 504981.772000007331371, 0.0 ], [ 106394.290000002831221, 504981.652000002563, 0.0 ], [ 106409.734000001102686, 504977.624000009149313, 0.0 ], [ 106440.385999999940395, 504969.097000010311604, 0.0 ], [ 106455.367000002413988, 504965.409000001847744, 0.0 ], [ 106461.805000007152557, 504963.719000022858381, 0.0 ], [ 106467.032000001519918, 504962.730000015348196, 0.0 ], [ 106473.106000002473593, 504961.74200002104044, 0.0 ], [ 106482.287000004202127, 504961.318000007420778, 0.0 ], [ 106494.435000002384186, 504961.034999996423721, 0.0 ], [ 106501.780000001192093, 504960.18800001591444, 0.0 ], [ 106510.256000000983477, 504958.634000021964312, 0.0 ], [ 106517.03600000217557, 504957.221000019460917, 0.0 ], [ 106521.132000003010035, 504956.233000006526709, 0.0 ], [ 106525.651999998837709, 504954.679000001400709, 0.0 ], [ 106545.876000009477139, 504949.546999994665384, 0.0 ], [ 106562.543999999761581, 504944.744000006467104, 0.0 ], [ 106569.889000002294779, 504942.767000015825033, 0.0 ], [ 106574.69200000539422, 504941.071999996900558, 0.0 ], [ 106580.946000006049871, 504940.295000024139881, 0.0 ], [ 106594.666000001132488, 504936.010999996215105, 0.0 ], [ 106607.113000005483627, 504932.899000000208616, 0.0 ], [ 106618.936000008136034, 504929.580000005662441, 0.0 ], [ 106629.516000006347895, 504926.05400000885129, 0.0 ], [ 106640.717000003904104, 504922.527000028640032, 0.0 ] ] ] ] } },
{ "type": "Feature", "properties": { "fid": 1158, "jrstatcode": "2026WK039607", "wk_code": "WK039607", "wk_naam": "Wijk 07 Kerkbeek", "gm_code": "GM0396", "gm_naam": "Heemskerk", "water": "NEE", "jaar": "2026" }, "geometry": { "type": "MultiPolygon", "coordinates": [ [ [ [ 106000.00000000372529, 503301.79950001090765, 0.0 ], [ 106006.156300000846386, 503293.696600005030632, 0.0 ], [ 106011.5422000028193, 503297.789500005543232, 0.0 ], [ 106041.041700001806021, 503261.78770000860095, 0.0 ], [ 106080.34010000154376, 503210.404600016772747, 0.0 ], [ 106080.360200013965368, 503210.37830001115799, 0.0 ], [ 106084.954900000244379, 503213.789600010961294, 0.0 ], [ 106084.966400001198053, 503213.800800025463104, 0.0 ], [ 106091.427100002765656, 503220.030000001192093, 0.0 ], [ 106095.439699999988079, 503223.29110000655055, 0.0 ], [ 106096.975099999457598, 503224.723600011318922, 0.0 ], [ 106101.446600005030632, 503228.778499998152256, 0.0 ], [ 106101.669900000095367, 503228.535900004208088, 0.0 ], [ 106104.279500000178814, 503230.838300008326769, 0.0 ], [ 106114.236900001764297, 503239.815100014209747, 0.0 ], [ 106123.954300004988909, 503249.051200021058321, 0.0 ], [ 106133.424900006502867, 503258.540100019425154, 0.0 ], [ 106134.719900008291006, 503258.422099996358156, 0.0 ], [ 106139.566000003367662, 503253.340999994426966, 0.0 ], [ 106145.09400000795722, 503247.506600011140108, 0.0 ], [ 106148.333500005304813, 503243.66430002078414, 0.0 ], [ 106151.116300001740456, 503239.572400018572807, 0.0 ], [ 106154.653799999505281, 503233.671500019729137, 0.0 ], [ 106161.651900004595518, 503221.998500015586615, 0.0 ], [ 106235.843000009655952, 503097.870000001043081, 0.0 ], [ 106242.45550000295043, 503086.818200021982193, 0.0 ], [ 106255.256599999964237, 503071.639100033789873, 0.0 ], [ 106252.233900003135204, 503068.998100008815527, 0.0 ], [ 106249.305599998682737, 503066.252800010144711, 0.0 ], [ 106246.47520000487566, 503063.406700026243925, 0.0 ], [ 106243.746200002729893, 503060.463300034403801, 0.0 ], [ 106241.063900008797646, 503057.46610002219677, 0.0 ], [ 106239.060499999672174, 503055.308000016957521, 0.0 ], [ 106216.325000002980232, 503030.902100004255772, 0.0 ], [ 106215.756099998950958, 503018.459000006318092, 0.0 ], [ 106220.024500004947186, 503012.824199996888638, 0.0 ], [ 106215.982700001448393, 503009.762400016188622, 0.0 ], [ 106215.310100004076958, 503009.248700030148029, 0.0 ], [ 106212.620900005102158, 503007.542100001126528, 0.0 ], [ 106211.495900005102158, 503006.744100015610456, 0.0 ], [ 106206.822800002992153, 503003.767299998551607, 0.0 ], [ 106204.019900005310774, 503001.825100012123585, 0.0 ], [ 106202.460799999535084, 503000.634800001978874, 0.0 ], [ 106196.183499999344349, 503008.857099995017052, 0.0 ], [ 106188.021800003945827, 503000.000100031495094, 0.0 ], [ 106182.856600005179644, 502994.49820002913475, 0.0 ], [ 106170.731600001454353, 502981.418800007551908, 0.0 ], [ 106157.165600005537271, 502966.791799999773502, 0.0 ], [ 106144.313700001686811, 502952.004600014537573, 0.0 ], [ 106139.085600003600121, 502944.787800025194883, 0.0 ], [ 106136.782000005245209, 502941.622000005096197, 0.0 ], [ 106135.560600001364946, 502939.940400000661612, 0.0 ], [ 106131.989600002765656, 502934.805300001055002, 0.0 ], [ 106124.896700002253056, 502924.226500004529953, 0.0 ], [ 106119.972800001502037, 502916.429100017994642, 0.0 ], [ 106113.005500014871359, 502904.635000012814999, 0.0 ], [ 106106.787900004535913, 502893.510000001639128, 0.0 ], [ 106099.259900003671646, 502880.04050000756979, 0.0 ], [ 106091.137400005012751, 502865.47850002348423, 0.0 ], [ 106081.88120000436902, 502848.840499997138977, 0.0 ], [ 106075.559700012207031, 502837.527499996125698, 0.0 ], [ 106077.535500001162291, 502833.56970002874732, 0.0 ], [ 106085.133200004696846, 502837.885700006037951, 0.0 ], [ 106126.137200001627207, 502765.414800006896257, 0.0 ], [ 106144.934600003063679, 502776.87210002169013, 0.0 ], [ 106148.122700002044439, 502771.265900030732155, 0.0 ], [ 106179.012099999934435, 502716.946200005710125, 0.0 ], [ 106182.542399998754263, 502719.315300017595291, 0.0 ], [ 106183.458400007337332, 502717.710200004279613, 0.0 ], [ 106185.2516999989748, 502714.545999996364117, 0.0 ], [ 106195.674899999052286, 502720.492100011557341, 0.0 ], [ 106215.414300002157688, 502731.752600010484457, 0.0 ], [ 106233.264500007033348, 502709.501300025731325, 0.0 ], [ 106239.947300001978874, 502697.154600013047457, 0.0 ], [ 106241.296000003814697, 502697.884400006383657, 0.0 ], [ 106249.890700004994869, 502682.710800003260374, 0.0 ], [ 106253.519400004297495, 502676.304500017315149, 0.0 ], [ 106253.872000001370907, 502675.518000014126301, 0.0 ], [ 106256.881000000983477, 502670.328000020235777, 0.0 ], [ 106257.826999999582767, 502668.581000011414289, 0.0 ], [ 106260.332899998873472, 502669.397100016474724, 0.0 ], [ 106261.910900004208088, 502669.353100016713142, 0.0 ], [ 106263.543900012969971, 502668.128999996930361, 0.0 ], [ 106270.662999998778105, 502652.82200001552701, 0.0 ], [ 106289.590999998152256, 502612.30900002643466, 0.0 ], [ 106295.1739999987185, 502601.899000015109777, 0.0 ], [ 106310.626899998635054, 502580.69370000064373, 0.0 ], [ 106311.370299998670816, 502579.623599998652935, 0.0 ], [ 106312.150100000202656, 502578.579800013452768, 0.0 ], [ 106312.965300004929304, 502577.563400004059076, 0.0 ], [ 106313.815000005066395, 502576.575599998235703, 0.0 ], [ 106314.698100000619888, 502575.617700014263391, 0.0 ], [ 106315.613699998706579, 502574.690600007772446, 0.0 ], [ 106316.560600005090237, 502573.795700013637543, 0.0 ], [ 106317.537800002843142, 502572.933800004422665, 0.0 ], [ 106318.544000003486872, 502572.105999998748302, 0.0 ], [ 106320.385000001639128, 502569.504999998956919, 0.0 ], [ 106323.730000000447035, 502566.654000017791986, 0.0 ], [ 106324.404200002551079, 502566.064600013196468, 0.0 ], [ 106325.098600003868341, 502565.499100014567375, 0.0 ], [ 106325.812400002032518, 502564.958200007677078, 0.0 ], [ 106326.54450000077486, 502564.442500002682209, 0.0 ], [ 106327.294300001114607, 502563.952800020575523, 0.0 ], [ 106328.060700003057718, 502563.489500015974045, 0.0 ], [ 106328.842800006270409, 502563.053300034254789, 0.0 ], [ 106329.639699999243021, 502562.64460001885891, 0.0 ], [ 106330.450300004333258, 502562.264100022614002, 0.0 ], [ 106331.273800000548363, 502561.912000022828579, 0.0 ], [ 106332.108899999409914, 502561.589000001549721, 0.0 ], [ 106332.513999998569489, 502559.456000011414289, 0.0 ], [ 106332.265300001949072, 502558.253700006753206, 0.0 ], [ 106329.08500000089407, 502542.876000013202429, 0.0 ], [ 106326.71050001308322, 502533.263000030070543, 0.0 ], [ 106324.064400002360344, 502523.721400007605553, 0.0 ], [ 106321.148800000548363, 502514.258500028401613, 0.0 ], [ 106317.966000001877546, 502504.882100000977516, 0.0 ], [ 106318.651900004595518, 502502.685000021010637, 0.0 ], [ 106317.487399999052286, 502500.000100012868643, 0.0 ], [ 106311.679999999701977, 502486.610100001096725, 0.0 ], [ 106326.416999999433756, 502476.034000001847744, 0.0 ], [ 106330.018900003284216, 502473.992800008505583, 0.0 ], [ 106365.901399999856949, 502454.777000021189451, 0.0 ], [ 106380.172200005501509, 502447.382000017911196, 0.0 ], [ 106381.024600010365248, 502446.90870001539588, 0.0 ], [ 106417.4222999997437, 502427.371000003069639, 0.0 ], [ 106420.596700005233288, 502425.683600023388863, 0.0 ], [ 106421.026600003242493, 502425.493699997663498, 0.0 ], [ 106421.462700001895428, 502425.318799998611212, 0.0 ], [ 106421.904500003904104, 502425.158900000154972, 0.0 ], [ 106422.351600002497435, 502425.014400023967028, 0.0 ], [ 106422.80350000038743, 502424.885400004684925, 0.0 ], [ 106423.259500008076429, 502424.772100016474724, 0.0 ], [ 106423.719200000166893, 502424.67450001463294, 0.0 ], [ 106424.182000000029802, 502424.59280001744628, 0.0 ], [ 106424.647300004959106, 502424.527100019156933, 0.0 ], [ 106425.114500001072884, 502424.477500021457672, 0.0 ], [ 106425.583299998193979, 502424.443900015205145, 0.0 ], [ 106426.05290000513196, 502424.426600027829409, 0.0 ], [ 106426.522800002247095, 502424.425400026142597, 0.0 ], [ 106426.992400001734495, 502424.440399996936321, 0.0 ], [ 106427.461300000548363, 502424.471600010991096, 0.0 ], [ 106427.928800005465746, 502424.518999997526407, 0.0 ], [ 106428.394500005990267, 502424.582400009036064, 0.0 ], [ 106428.857599999755621, 502424.661800000816584, 0.0 ], [ 106429.317800004035234, 502424.757100000977516, 0.0 ], [ 106429.774399999529123, 502424.868200019001961, 0.0 ], [ 106430.22690000012517, 502424.995000012218952, 0.0 ], [ 106430.674699999392033, 502425.137300003319979, 0.0 ], [ 106431.117400009185076, 502425.295000016689301, 0.0 ], [ 106431.554400004446507, 502425.46780001744628, 0.0 ], [ 106431.985199999064207, 502425.655500028282404, 0.0 ], [ 106432.409200001507998, 502425.858000006526709, 0.0 ], [ 106432.8260000012815, 502426.075000010430813, 0.0 ], [ 106433.235200002789497, 502426.306200008839369, 0.0 ], [ 106433.636100001633167, 502426.551200017333031, 0.0 ], [ 106443.28600000217557, 502413.68800000846386, 0.0 ], [ 106491.087000004947186, 502332.563900001347065, 0.0 ], [ 106489.416300013661385, 502331.577800009399652, 0.0 ], [ 106488.468600001186132, 502331.01170002669096, 0.0 ], [ 106472.11540000885725, 502321.514899995177984, 0.0 ], [ 106469.564699999988079, 502319.561600010842085, 0.0 ], [ 106378.062700003385544, 502265.125799994915724, 0.0 ], [ 106376.477900002151728, 502267.78990001231432, 0.0 ], [ 106369.516500007361174, 502263.648600000888109, 0.0 ], [ 106371.101500000804663, 502260.984499998390675, 0.0 ], [ 106325.206700015813112, 502233.681000009179115, 0.0 ], [ 106323.481699999421835, 502232.65480000525713, 0.0 ], [ 106318.769400008022785, 502229.851400028914213, 0.0 ], [ 106315.059200003743172, 502227.615799997001886, 0.0 ], [ 106314.992500003427267, 502227.576900012791157, 0.0 ], [ 106314.923900000751019, 502227.541200011968613, 0.0 ], [ 106314.786699999123812, 502227.469800010323524, 0.0 ], [ 106314.717599999159575, 502227.435400001704693, 0.0 ], [ 106314.646800011396408, 502227.404500022530556, 0.0 ], [ 106314.504999998956919, 502227.342699997127056, 0.0 ], [ 106314.433699999004602, 502227.313199996948242, 0.0 ], [ 106314.361000001430511, 502227.287300031632185, 0.0 ], [ 106314.215199999511242, 502227.235500019043684, 0.0 ], [ 106314.142000000923872, 502227.211000006645918, 0.0 ], [ 106314.067900002002716, 502227.189300023019314, 0.0 ], [ 106313.919400002807379, 502227.14580000564456, 0.0 ], [ 106313.76860000193119, 502227.11200001090765, 0.0 ], [ 106313.692999999970198, 502227.095899999141693, 0.0 ], [ 106313.616800002753735, 502227.083200015127659, 0.0 ], [ 106313.464300002902746, 502227.057800021022558, 0.0 ], [ 106313.387800004333258, 502227.046500019729137, 0.0 ], [ 106313.311000000685453, 502227.038999997079372, 0.0 ], [ 106313.1570999994874, 502227.024000015109777, 0.0 ], [ 106313.080000001937151, 502227.018000029027462, 0.0 ], [ 106313.002900004386902, 502227.015800002962351, 0.0 ], [ 106312.848299998790026, 502227.011599995195866, 0.0 ], [ 106312.771100003272295, 502227.012500002980232, 0.0 ], [ 106312.693999998271465, 502227.013400014489889, 0.0 ], [ 106312.539500001817942, 502227.021400019526482, 0.0 ], [ 106312.462400004267693, 502227.025400005280972, 0.0 ], [ 106312.385600000619888, 502227.033300008624792, 0.0 ], [ 106312.232100002467632, 502227.051899999380112, 0.0 ], [ 106312.1554000005126, 502227.061299998313189, 0.0 ], [ 106312.079300001263618, 502227.074400003999472, 0.0 ], [ 106311.927400000393391, 502227.103500034660101, 0.0 ], [ 106311.851400006562471, 502227.118000008165836, 0.0 ], [ 106311.776399999856949, 502227.135900009423494, 0.0 ], [ 106311.626200005412102, 502227.17339999973774, 0.0 ], [ 106311.478999998420477, 502227.22070001065731, 0.0 ], [ 106311.40540000423789, 502227.244300018996, 0.0 ], [ 106311.333100002259016, 502227.270700007677078, 0.0 ], [ 106311.189100008457899, 502227.327300000935793, 0.0 ], [ 106311.117400001734495, 502227.355500008910894, 0.0 ], [ 106311.04840000346303, 502227.388900008052588, 0.0 ], [ 106309.973000001162291, 502227.981100030243397, 0.0 ], [ 106309.585100002586842, 502227.266800034791231, 0.0 ], [ 106308.940000001341105, 502227.617100015282631, 0.0 ], [ 106307.653800003230572, 502227.886100023984909, 0.0 ], [ 106306.359100002795458, 502228.109600011259317, 0.0 ], [ 106305.057300005108118, 502228.287600003182888, 0.0 ], [ 106303.750100009143353, 502228.419600013643503, 0.0 ], [ 106302.439000003039837, 502228.50560000538826, 0.0 ], [ 106299.89299999922514, 502228.418200023472309, 0.0 ], [ 106297.351200006902218, 502228.248500000685453, 0.0 ], [ 106294.816199999302626, 502227.996600016951561, 0.0 ], [ 106292.290699999779463, 502227.662900004535913, 0.0 ], [ 106289.777300000190735, 502227.247600015252829, 0.0 ], [ 106287.278600007295609, 502226.751200005412102, 0.0 ], [ 106284.7972999997437, 502226.174200028181076, 0.0 ], [ 106282.335999999195337, 502225.517300006002188, 0.0 ], [ 106279.897300008684397, 502224.781100004911423, 0.0 ], [ 106277.483600009232759, 502223.966300021857023, 0.0 ], [ 106275.097500003874302, 502223.073900029063225, 0.0 ], [ 106272.249899998307228, 502221.80969999730587, 0.0 ], [ 106269.439000003039837, 502220.465800005942583, 0.0 ], [ 106266.666900001466274, 502219.043500021100044, 0.0 ], [ 106263.935500003397465, 502217.544800002127886, 0.0 ], [ 106263.836600001901388, 502217.490600012242794, 0.0 ], [ 106263.734400004148483, 502217.443300001323223, 0.0 ], [ 106263.632000006735325, 502217.396000016480684, 0.0 ], [ 106263.529800001531839, 502217.348700031638145, 0.0 ], [ 106263.423600003123283, 502217.311200000345707, 0.0 ], [ 106263.317299999296665, 502217.27360000833869, 0.0 ], [ 106263.263900000602007, 502217.256000027060509, 0.0 ], [ 106263.209399998188019, 502217.24210000038147, 0.0 ], [ 106263.100100003182888, 502217.214100010693073, 0.0 ], [ 106262.990900002419949, 502217.186100021004677, 0.0 ], [ 106262.879700008779764, 502217.169000014662743, 0.0 ], [ 106262.768200002610683, 502217.151800014078617, 0.0 ], [ 106262.656800009310246, 502217.134600002318621, 0.0 ], [ 106262.544500004500151, 502217.13060001283884, 0.0 ], [ 106262.431699998676777, 502217.126499995589256, 0.0 ], [ 106262.319100003689528, 502217.123000018298626, 0.0 ], [ 106262.263000007718801, 502217.121300004422665, 0.0 ], [ 106262.207100003957748, 502217.125499997287989, 0.0 ], [ 106262.094900000840425, 502217.13570000231266, 0.0 ], [ 106261.982599999755621, 502217.145900033414364, 0.0 ], [ 106261.870400004088879, 502217.156199999153614, 0.0 ], [ 106261.814400002360344, 502217.161300014704466, 0.0 ], [ 106261.759100001305342, 502217.171799998730421, 0.0 ], [ 106261.648100003600121, 502217.191500030457973, 0.0 ], [ 106252.301900003105402, 502218.853100009262562, 0.0 ], [ 106250.316799998283386, 502219.151000030338764, 0.0 ], [ 106248.32370001450181, 502219.389800023287535, 0.0 ], [ 106246.324400003999472, 502219.569400012493134, 0.0 ], [ 106244.320700000971556, 502219.689500022679567, 0.0 ], [ 106242.31420000270009, 502219.750100016593933, 0.0 ], [ 106240.30689999833703, 502219.7511, 0.0 ], [ 106237.807500008493662, 502219.574200008064508, 0.0 ], [ 106235.315500002354383, 502219.313300006091595, 0.0 ], [ 106232.833700001239777, 502218.968700028955936, 0.0 ], [ 106230.364900004118681, 502218.540800005197525, 0.0 ], [ 106227.911899998784065, 502218.030099999159575, 0.0 ], [ 106226.277100000530481, 502217.595100019127131, 0.0 ], [ 106224.657000001519918, 502217.108500003814697, 0.0 ], [ 106223.053200002759695, 502216.570600029081106, 0.0 ], [ 106221.467199999839067, 502215.982100002467632, 0.0 ], [ 106219.900700002908707, 502215.343500018119812, 0.0 ], [ 106218.355300009250641, 502214.655499998480082, 0.0 ], [ 106216.832499999552965, 502213.918800000101328, 0.0 ], [ 106215.33390000462532, 502213.134100016206503, 0.0 ], [ 106190.666200008243322, 502198.399300001561642, 0.0 ], [ 106169.887899998575449, 502235.473200019448996, 0.0 ], [ 106160.203900001943111, 502230.116100002080202, 0.0 ], [ 106157.428899999707937, 502228.668099999427795, 0.0 ], [ 106155.251900002360344, 502227.451100002974272, 0.0 ], [ 106151.294900000095367, 502225.001100018620491, 0.0 ], [ 106146.430900000035763, 502221.492100011557341, 0.0 ], [ 106142.410900004208088, 502218.186099998652935, 0.0 ], [ 106140.073899999260902, 502215.943100016564131, 0.0 ], [ 106136.244899999350309, 502211.799100007861853, 0.0 ], [ 106117.97690000012517, 502188.484100013971329, 0.0 ], [ 106117.561000008136034, 502187.994099996984005, 0.0 ], [ 106117.129100002348423, 502187.518100023269653, 0.0 ], [ 106116.681600004434586, 502187.056700024753809, 0.0 ], [ 106116.219099998474121, 502186.610400013625622, 0.0 ], [ 106115.741999998688698, 502186.179700002074242, 0.0 ], [ 106115.250900000333786, 502185.76510001718998, 0.0 ], [ 106114.746300015598536, 502185.367000002413988, 0.0 ], [ 106114.228800002485514, 502184.985900018364191, 0.0 ], [ 106113.698899999260902, 502184.62210002169013, 0.0 ], [ 106094.380900003015995, 502171.556100010871887, 0.0 ], [ 106088.43690000474453, 502167.824100032448769, 0.0 ], [ 106087.938999999314547, 502167.245000004768372, 0.0 ], [ 106087.71000000089407, 502166.470000009983778, 0.0 ], [ 106087.592000003904104, 502165.569100003689528, 0.0 ], [ 106087.291000001132488, 502163.207100000232458, 0.0 ], [ 106084.017000000923872, 502153.226100012660027, 0.0 ], [ 106085.859900005161762, 502150.243100006133318, 0.0 ], [ 106089.265999998897314, 502144.826000019907951, 0.0 ], [ 106066.433699999004602, 502130.469700023531914, 0.0 ], [ 106060.157000001519918, 502140.373000018298626, 0.0 ], [ 106056.374899998307228, 502140.853000022470951, 0.0 ], [ 106054.206900004297495, 502141.461000021547079, 0.0 ], [ 106051.444000001996756, 502142.4290999956429, 0.0 ], [ 106046.115100000053644, 502144.614000014960766, 0.0 ], [ 106043.484900001436472, 502143.247100006788969, 0.0 ], [ 106042.949100002646446, 502143.056099995970726, 0.0 ], [ 106031.436700008809566, 502162.480099994689226, 0.0 ], [ 106035.373599998652935, 502164.889500010758638, 0.0 ], [ 106035.69200000166893, 502169.147000014781952, 0.0 ], [ 106036.280000001192093, 502172.352999996393919, 0.0 ], [ 106037.267000000923872, 502175.545000001788139, 0.0 ], [ 106038.336899999529123, 502177.983100011944771, 0.0 ], [ 106035.225999999791384, 502183.379000011831522, 0.0 ], [ 106015.49550000205636, 502218.113499995321035, 0.0 ], [ 105999.999900002032518, 502209.31120003387332, 0.0 ], [ 105969.774399999529123, 502192.141300030052662, 0.0 ], [ 105960.748000003397465, 502203.20099999755621, 0.0 ], [ 105956.547000002115965, 502209.521000012755394, 0.0 ], [ 105954.583099998533726, 502211.092700000852346, 0.0 ], [ 105952.672500003129244, 502212.728600032627583, 0.0 ], [ 105950.817099999636412, 502214.426999997347593, 0.0 ], [ 105949.019100002944469, 502216.186000000685453, 0.0 ], [ 105947.2804000005126, 502218.003600005060434, 0.0 ], [ 105945.602900002151728, 502219.877900034189224, 0.0 ], [ 105943.988500002771616, 502221.806800007820129, 0.0 ], [ 105942.438900005072355, 502223.788199998438358, 0.0 ], [ 105940.955899998545647, 502225.819800015538931, 0.0 ], [ 105939.54110000282526, 502227.899499997496605, 0.0 ], [ 105938.196000002324581, 502230.024999994784594, 0.0 ], [ 105935.271000005304813, 502234.635000009089708, 0.0 ], [ 105936.210999999195337, 502243.349000029265881, 0.0 ], [ 105936.38230000436306, 502244.114400006830692, 0.0 ], [ 105936.528000004589558, 502244.885200034826994, 0.0 ], [ 105936.647800002247095, 502245.660400006920099, 0.0 ], [ 105936.741700015962124, 502246.439099997282028, 0.0 ], [ 105936.809400003403425, 502247.22060002759099, 0.0 ], [ 105936.851000003516674, 502248.003800004720688, 0.0 ], [ 105936.866399999707937, 502248.788100007921457, 0.0 ], [ 105936.855600014328957, 502249.572400026023388, 0.0 ], [ 105936.818500000983477, 502250.355899997055531, 0.0 ], [ 105936.755300007760525, 502251.137700021266937, 0.0 ], [ 105936.666000004857779, 502251.917000025510788, 0.0 ], [ 105936.550700001418591, 502252.692900028079748, 0.0 ], [ 105936.409500002861023, 502253.464400008320808, 0.0 ], [ 105936.242600001394749, 502254.230899997055531, 0.0 ], [ 105936.050200000405312, 502254.991300001740456, 0.0 ], [ 105935.832500003278255, 502255.744800005108118, 0.0 ], [ 105935.589700002223253, 502256.490700021386147, 0.0 ], [ 105935.322100006043911, 502257.228000033646822, 0.0 ], [ 105935.030000004917383, 502257.955999996513128, 0.0 ], [ 105927.859000004827976, 502270.196000002324581, 0.0 ], [ 105923.608000002801418, 502274.525000024586916, 0.0 ], [ 105923.109600000083447, 502274.999500002712011, 0.0 ], [ 105922.628100000321865, 502275.491100020706654, 0.0 ], [ 105922.164099998772144, 502275.999200016260147, 0.0 ], [ 105921.718100000172853, 502276.523300021886826, 0.0 ], [ 105921.290700003504753, 502277.062500014901161, 0.0 ], [ 105920.882400002330542, 502277.616400010883808, 0.0 ], [ 105920.493700001388788, 502278.184300024062395, 0.0 ], [ 105920.125, 502278.765300016850233, 0.0 ], [ 105919.776900000870228, 502279.358900018036366, 0.0 ], [ 105919.449799999594688, 502279.964299995452166, 0.0 ], [ 105919.143900003284216, 502280.580699995160103, 0.0 ], [ 105918.859900001436472, 502281.207400016486645, 0.0 ], [ 105918.597800005227327, 502281.843699999153614, 0.0 ], [ 105918.358199998736382, 502282.488800019025803, 0.0 ], [ 105918.141200006008148, 502283.141800001263618, 0.0 ], [ 105917.947200000286102, 502283.802000023424625, 0.0 ], [ 105917.776399999856949, 502284.468599997460842, 0.0 ], [ 105917.629000000655651, 502285.140799999237061, 0.0 ], [ 105917.505100000649691, 502285.817600004374981, 0.0 ], [ 105917.405000001192093, 502286.498399998992682, 0.0 ], [ 105917.328700002282858, 502287.182300001382828, 0.0 ], [ 105917.276400003582239, 502287.868500031530857, 0.0 ], [ 105917.248000003397465, 502288.555999998003244, 0.0 ], [ 105911.789000000804663, 502299.235000032931566, 0.0 ], [ 105905.195000011473894, 502311.543999996036291, 0.0 ], [ 105896.136000003665686, 502325.953000027686357, 0.0 ], [ 105888.493000008165836, 502338.797000017017126, 0.0 ], [ 105883.964999999850988, 502346.918999996036291, 0.0 ], [ 105880.189000003039837, 502354.632000017911196, 0.0 ], [ 105874.708999998867512, 502364.74100000038743, 0.0 ], [ 105868.696000002324581, 502375.807000000029802, 0.0 ], [ 105864.962000001221895, 502382.167000025510788, 0.0 ], [ 105860.540000002831221, 502389.705000005662441, 0.0 ], [ 105855.445999998599291, 502396.731000017374754, 0.0 ], [ 105852.844999998807907, 502401.714000005275011, 0.0 ], [ 105846.967000003904104, 502410.038000017404556, 0.0 ], [ 105844.012000001966953, 502416.243000000715256, 0.0 ], [ 105841.443999998271465, 502421.552999999374151, 0.0 ], [ 105839.635000005364418, 502426.720000002533197, 0.0 ], [ 105839.540300000458956, 502427.030100021511316, 0.0 ], [ 105839.435000006109476, 502427.336799997836351, 0.0 ], [ 105839.319299999624491, 502427.639700021594763, 0.0 ], [ 105839.193200003355742, 502427.938400004059076, 0.0 ], [ 105839.057000003755093, 502428.232600003480911, 0.0 ], [ 105838.910700004547834, 502428.522000007331371, 0.0 ], [ 105838.754600003361702, 502428.80620002001524, 0.0 ], [ 105838.588800001889467, 502429.084800004959106, 0.0 ], [ 105838.413500007241964, 502429.357600010931492, 0.0 ], [ 105838.229000002145767, 502429.624200016260147, 0.0 ], [ 105838.035500004887581, 502429.884400017559528, 0.0 ], [ 105837.833100002259016, 502430.137700021266937, 0.0 ], [ 105837.622100006788969, 502430.383900005370378, 0.0 ], [ 105837.402800001204014, 502430.622800000011921, 0.0 ], [ 105837.175500009208918, 502430.853900022804737, 0.0 ], [ 105836.94030000269413, 502431.077200017869473, 0.0 ], [ 105836.6976000033319, 502431.292200028896332, 0.0 ], [ 105836.447700005024672, 502431.498799998313189, 0.0 ], [ 105836.190900001674891, 502431.696600023657084, 0.0 ], [ 105835.927400004118681, 502431.885600011795759, 0.0 ], [ 105835.657499998807907, 502432.065300017595291, 0.0 ], [ 105835.381700001657009, 502432.235700003802776, 0.0 ], [ 105835.100100003182888, 502432.396599996834993, 0.0 ], [ 105834.813200000673532, 502432.547600023448467, 0.0 ], [ 105834.521300002932549, 502432.688800014555454, 0.0 ], [ 105834.224700000137091, 502432.819800015538931, 0.0 ], [ 105833.923700001090765, 502432.940600011497736, 0.0 ], [ 105833.61879999935627, 502433.050999999046326, 0.0 ], [ 105833.310500003397465, 502433.150800000876188, 0.0 ], [ 105832.998700004070997, 502433.240000002086163, 0.0 ], [ 105832.684000000357628, 502433.318500015884638, 0.0 ], [ 105832.367000002413988, 502433.386100016534328, 0.0 ], [ 105829.991900000721216, 502433.310100011527538, 0.0 ], [ 105828.513900000602007, 502432.282100018113852, 0.0 ], [ 105827.435900010168552, 502431.065099995583296, 0.0 ], [ 105813.020000007003546, 502432.584999997168779, 0.0 ], [ 105812.981900002807379, 502432.647200033068657, 0.0 ], [ 105810.573700003325939, 502436.577800001949072, 0.0 ], [ 105810.523100003600121, 502436.66040002182126, 0.0 ], [ 105810.510800004005432, 502436.680500019341707, 0.0 ], [ 105810.489500001072884, 502436.715100023895502, 0.0 ], [ 105810.450300004333258, 502436.778800010681152, 0.0 ], [ 105810.265000004321337, 502437.07940000295639, 0.0 ], [ 105810.002599999308586, 502437.468100022524595, 0.0 ], [ 105809.806600004434586, 502437.756899997591972, 0.0 ], [ 105803.046900007873774, 502448.795100025832653, 0.0 ], [ 105788.793200001120567, 502472.070200011134148, 0.0 ], [ 105789.15989999845624, 502471.882000029087067, 0.0 ], [ 105789.264200001955032, 502471.811600010842085, 0.0 ], [ 105789.472800005227327, 502471.670900005847216, 0.0 ], [ 105789.578200001269579, 502471.602300018072128, 0.0 ], [ 105789.686700008809566, 502471.538800004869699, 0.0 ], [ 105789.903900004923344, 502471.411700017750263, 0.0 ], [ 105790.0135000012815, 502471.350300028920174, 0.0 ], [ 105790.12610000744462, 502471.294200006872416, 0.0 ], [ 105790.351399999111891, 502471.182100031524897, 0.0 ], [ 105790.465000003576279, 502471.12830001115799, 0.0 ], [ 105790.58110000193119, 502471.080000001937151, 0.0 ], [ 105790.813500002026558, 502470.983400024473667, 0.0 ], [ 105790.930400010198355, 502470.937500022351742, 0.0 ], [ 105791.049600001424551, 502470.897400006651878, 0.0 ], [ 105791.288100000470877, 502470.816899999976158, 0.0 ], [ 105791.407900001853704, 502470.779100015759468, 0.0 ], [ 105791.529500003904104, 502470.747100010514259, 0.0 ], [ 105791.772900000214577, 502470.683200001716614, 0.0 ], [ 105791.895000007003546, 502470.653599999845028, 0.0 ], [ 105792.018500003963709, 502470.629999995231628, 0.0 ], [ 105792.265700004994869, 502470.582900002598763, 0.0 ], [ 105792.389600001275539, 502470.561599999666214, 0.0 ], [ 105792.514400001615286, 502470.546600013971329, 0.0 ], [ 105792.764299999922514, 502470.516399998217821, 0.0 ], [ 105792.889300003647804, 502470.503700014203787, 0.0 ], [ 105793.014800004661083, 502470.495500031858683, 0.0 ], [ 105793.265800002962351, 502470.47910001501441, 0.0 ], [ 105793.517599999904633, 502470.479599997401237, 0.0 ], [ 105793.643300000578165, 502470.479900021106005, 0.0 ], [ 105793.769099999219179, 502470.484099999070168, 0.0 ], [ 105794.020400002598763, 502470.495099995285273, 0.0 ], [ 105794.27080000191927, 502470.52139999717474, 0.0 ], [ 105794.395899999886751, 502470.534500017762184, 0.0 ], [ 105794.520500000566244, 502470.551399994641542, 0.0 ], [ 105794.769400015473366, 502470.588100019842386, 0.0 ], [ 105795.015800002962351, 502470.639900006353855, 0.0 ], [ 105795.138799998909235, 502470.665699996054173, 0.0 ], [ 105795.261100005358458, 502470.69539999961853, 0.0 ], [ 105795.504900004714727, 502470.75730000063777, 0.0 ], [ 105795.744500003755093, 502470.834599997848272, 0.0 ], [ 105795.864100005477667, 502470.873200014233589, 0.0 ], [ 105795.982300005853176, 502470.916200019419193, 0.0 ], [ 105796.217199999839067, 502471.006500016897917, 0.0 ], [ 105796.334499999880791, 502471.05170001834631, 0.0 ], [ 105796.449499998241663, 502471.102400004863739, 0.0 ], [ 105796.67790000140667, 502471.208200015127659, 0.0 ], [ 105796.791999999433756, 502471.261000014841557, 0.0 ], [ 105796.90370000526309, 502471.318799994885921, 0.0 ], [ 105797.126000002026558, 502471.436800017952919, 0.0 ], [ 105797.342200007289648, 502471.565699994564056, 0.0 ], [ 105797.45380000397563, 502471.632300015538931, 0.0 ], [ 105797.557600002735853, 502471.695500023663044, 0.0 ], [ 105813.77140000462532, 502481.087400007992983, 0.0 ], [ 105813.8716000020504, 502481.145399995148182, 0.0 ], [ 105813.972100000828505, 502481.202799994498491, 0.0 ], [ 105814.171100001782179, 502481.321400009095669, 0.0 ], [ 105814.270400002598763, 502481.380700014531612, 0.0 ], [ 105814.366600003093481, 502481.444800011813641, 0.0 ], [ 105814.557100001722574, 502481.576699994504452, 0.0 ], [ 105814.652300000190735, 502481.642600011080503, 0.0 ], [ 105814.744400002062321, 502481.712600018829107, 0.0 ], [ 105814.927200015634298, 502481.854800034314394, 0.0 ], [ 105815.100600004196167, 502482.008500020951033, 0.0 ], [ 105815.187200002372265, 502482.085300002247095, 0.0 ], [ 105815.27080000191927, 502482.165200006216764, 0.0 ], [ 105815.435100000351667, 502482.328500006347895, 0.0 ], [ 105815.517200004309416, 502482.410100013017654, 0.0 ], [ 105815.594999998807907, 502482.495600018650293, 0.0 ], [ 105815.747600004076958, 502482.670000016689301, 0.0 ], [ 105815.823800001293421, 502482.757000021636486, 0.0 ], [ 105815.895500008016825, 502482.847700014710426, 0.0 ], [ 105816.035500004887581, 502483.032300017774105, 0.0 ], [ 105816.105500005185604, 502483.124500010162592, 0.0 ], [ 105816.170699998736382, 502483.219900026917458, 0.0 ], [ 105816.297600001096725, 502483.41380001232028, 0.0 ], [ 105816.361000005155802, 502483.510700009763241, 0.0 ], [ 105816.419500004500151, 502483.61030001938343, 0.0 ], [ 105816.532900005578995, 502483.812400002032518, 0.0 ], [ 105816.589600000530481, 502483.913400031626225, 0.0 ], [ 105816.64180001616478, 502484.016600020229816, 0.0 ], [ 105816.74380000308156, 502484.22460000962019, 0.0 ], [ 105816.832900002598763, 502484.438400004059076, 0.0 ], [ 105816.877399999648333, 502484.545400004833937, 0.0 ], [ 105816.918500002473593, 502484.653400015085936, 0.0 ], [ 105816.99830000475049, 502484.871000021696091, 0.0 ], [ 105817.064000003039837, 502485.092999998480082, 0.0 ], [ 105817.096800003200769, 502485.204100016504526, 0.0 ], [ 105817.125399999320507, 502485.316000014543533, 0.0 ], [ 105817.178400002419949, 502485.54160001128912, 0.0 ], [ 105817.20490000769496, 502485.65430000051856, 0.0 ], [ 105817.225699998438358, 502485.768000014126301, 0.0 ], [ 105817.262800000607967, 502485.996700022369623, 0.0 ], [ 105817.281300015747547, 502486.111000020056963, 0.0 ], [ 105817.294100001454353, 502486.225800007581711, 0.0 ], [ 105817.315200001001358, 502486.456500019878149, 0.0 ], [ 105817.325699999928474, 502486.571800004690886, 0.0 ], [ 105817.330600008368492, 502486.687300007790327, 0.0 ], [ 105817.335600014775991, 502486.9189000017941, 0.0 ], [ 105817.338200002908707, 502487.034699998795986, 0.0 ], [ 105817.335200000554323, 502487.150200001895428, 0.0 ], [ 105817.325100004673004, 502487.381700024008751, 0.0 ], [ 105817.320000007748604, 502487.49820002168417, 0.0 ], [ 105817.310899998992682, 502487.612800016999245, 0.0 ], [ 105817.309500005096197, 502487.630700018256903, 0.0 ], [ 105817.290699999779463, 502487.843500003218651, 0.0 ], [ 105817.283300004899502, 502487.928200002759695, 0.0 ], [ 105817.281700000166893, 502488.013000003993511, 0.0 ], [ 105817.276399999856949, 502488.183200009167194, 0.0 ], [ 105817.2601000033319, 502488.352500006556511, 0.0 ], [ 105817.251899998635054, 502488.437600016593933, 0.0 ], [ 105817.240800000727177, 502488.521400034427643, 0.0 ], [ 105817.214900001883507, 502488.68960003182292, 0.0 ], [ 105817.201999999582767, 502488.773700006306171, 0.0 ], [ 105817.184999998658895, 502488.856700003147125, 0.0 ], [ 105817.147399999201298, 502489.022800002247095, 0.0 ], [ 105817.128400005400181, 502489.106700010597706, 0.0 ], [ 105817.105900000780821, 502489.187399994581938, 0.0 ], [ 105817.056900002062321, 502489.350400000810623, 0.0 ], [ 105817.032200004905462, 502489.432600010186434, 0.0 ], [ 105817.004000000655651, 502489.511799994856119, 0.0 ], [ 105816.94370000064373, 502489.671000003814697, 0.0 ], [ 105816.913600005209446, 502489.75050001218915, 0.0 ], [ 105816.879599999636412, 502489.828300006687641, 0.0 ], [ 105816.808499999344349, 502489.982800010591745, 0.0 ], [ 105816.772799998521805, 502490.060100022703409, 0.0 ], [ 105816.733500003814697, 502490.135400008410215, 0.0 ], [ 105816.651800002902746, 502490.284600004553795, 0.0 ], [ 105816.610200006514788, 502490.360500022768974, 0.0 ], [ 105816.566500000655651, 502490.431499999016523, 0.0 ], [ 105816.474700000137091, 502490.574799999594688, 0.0 ], [ 105816.427700001746416, 502490.648100007325411, 0.0 ], [ 105816.380100008100271, 502490.715900018811226, 0.0 ], [ 105816.279100000858307, 502490.855900004506111, 0.0 ], [ 105816.172699999064207, 502490.985600002110004, 0.0 ], [ 105816.117800001055002, 502491.052500002086163, 0.0 ], [ 105816.062899999320507, 502491.115400016307831, 0.0 ], [ 105815.947100002318621, 502491.244900017976761, 0.0 ], [ 105815.828200004994869, 502491.361599996685982, 0.0 ], [ 105815.765900000929832, 502491.42280000820756, 0.0 ], [ 105815.70490000769496, 502491.47850002348423, 0.0 ], [ 105815.576900005340576, 502491.590700011700392, 0.0 ], [ 105815.510900001972914, 502491.648599997162819, 0.0 ], [ 105815.446600001305342, 502491.699700005352497, 0.0 ], [ 105815.311299998313189, 502491.80290000885725, 0.0 ], [ 105815.240100007504225, 502491.857099998742342, 0.0 ], [ 105815.174100004136562, 502491.903200007975101, 0.0 ], [ 105815.028000000864267, 502492.002200029790401, 0.0 ], [ 105814.8868000023067, 502492.085200015455484, 0.0 ], [ 105814.810500003397465, 502492.130100023001432, 0.0 ], [ 105814.738899998366833, 502492.168900031596422, 0.0 ], [ 105814.587500002235174, 502492.246700026094913, 0.0 ], [ 105814.509300004690886, 502492.28700003027916, 0.0 ], [ 105814.43470000103116, 502492.320900000631809, 0.0 ], [ 105814.278299998492002, 502492.388000022619963, 0.0 ], [ 105814.196600005030632, 502492.423100005835295, 0.0 ], [ 105814.120800003409386, 502492.451500006020069, 0.0 ], [ 105813.960200000554323, 502492.507999997586012, 0.0 ], [ 105813.883900001645088, 502492.534800011664629, 0.0 ], [ 105813.874100007116795, 502492.537800002843142, 0.0 ], [ 105813.798600003123283, 502492.560700017958879, 0.0 ], [ 105813.626299999654293, 502492.610400021076202, 0.0 ], [ 105813.469200000166893, 502492.645300015807152, 0.0 ], [ 105813.393100000917912, 502492.662200033664703, 0.0 ], [ 105813.381500001996756, 502492.664400018751621, 0.0 ], [ 105813.302600014954805, 502492.67900000885129, 0.0 ], [ 105813.134700004011393, 502492.706600029021502, 0.0 ], [ 105813.046200007200241, 502492.721100002527237, 0.0 ], [ 105812.966500014066696, 502492.730800021439791, 0.0 ], [ 105812.7972999997437, 502492.749100018292665, 0.0 ], [ 105812.430200003087521, 502492.859699998050928, 0.0 ], [ 105788.51070000231266, 502500.066800009459257, 0.0 ], [ 105788.410000000149012, 502500.097100000828505, 0.0 ], [ 105788.308200009167194, 502500.12320002540946, 0.0 ], [ 105788.10530000180006, 502500.179200004786253, 0.0 ], [ 105788.003900002688169, 502500.207199994474649, 0.0 ], [ 105787.904100000858307, 502500.240100022405386, 0.0 ], [ 105787.705400001257658, 502500.309799995273352, 0.0 ], [ 105787.606200002133846, 502500.344600029289722, 0.0 ], [ 105787.508900001645088, 502500.384300004690886, 0.0 ], [ 105787.315400004386902, 502500.467300031334162, 0.0 ], [ 105787.218699999153614, 502500.508900012820959, 0.0 ], [ 105787.124299999326468, 502500.554999995976686, 0.0 ], [ 105786.93690000846982, 502500.651000011712313, 0.0 ], [ 105786.843300003558397, 502500.698900025337934, 0.0 ], [ 105786.752200003713369, 502500.751300014555454, 0.0 ], [ 105786.571600008755922, 502500.859500013291836, 0.0 ], [ 105786.48140000551939, 502500.913500025868416, 0.0 ], [ 105786.393500007688999, 502500.971400011330843, 0.0 ], [ 105786.219000000506639, 502501.089300021529198, 0.0 ], [ 105786.052400000393391, 502501.217799998819828, 0.0 ], [ 105785.969000000506639, 502501.282100018113852, 0.0 ], [ 105785.888199999928474, 502501.349199995398521, 0.0 ], [ 105785.728799998760223, 502501.486800007522106, 0.0 ], [ 105785.64920000359416, 502501.555500011891127, 0.0 ], [ 105785.573200009763241, 502501.627899996936321, 0.0 ], [ 105785.423500001430511, 502501.776000034064054, 0.0 ], [ 105785.348600003868341, 502501.850000031292439, 0.0 ], [ 105785.277600005269051, 502501.927400019019842, 0.0 ], [ 105785.138100001960993, 502502.085100002586842, 0.0 ], [ 105785.068300005048513, 502502.163900010287762, 0.0 ], [ 105785.002100002020597, 502502.245500013232231, 0.0 ], [ 105784.871200002729893, 502502.410500027239323, 0.0 ], [ 105784.75110000371933, 502502.583200015127659, 0.0 ], [ 105784.691000003367662, 502502.669700015336275, 0.0 ], [ 105784.634100008755922, 502502.758000023663044, 0.0 ], [ 105784.523400001227856, 502502.937000010162592, 0.0 ], [ 105784.468100003898144, 502503.026600006967783, 0.0 ], [ 105784.416800003498793, 502503.118300016969442, 0.0 ], [ 105784.316600006073713, 502503.30350000411272, 0.0 ], [ 105784.265900000929832, 502503.397100020200014, 0.0 ], [ 105784.217500008642673, 502503.488900013267994, 0.0 ], [ 105763.839899998158216, 502539.405100017786026, 0.0 ], [ 105763.692800004035234, 502539.665900014340878, 0.0 ], [ 105763.554800003767014, 502539.931700013577938, 0.0 ], [ 105763.426100004464388, 502540.201999999582767, 0.0 ], [ 105763.306700002402067, 502540.476600009948015, 0.0 ], [ 105763.196800004690886, 502540.755100019276142, 0.0 ], [ 105763.096500005573034, 502541.037299998104572, 0.0 ], [ 105763.006000000983477, 502541.322700012475252, 0.0 ], [ 105762.925300002098083, 502541.611100021749735, 0.0 ], [ 105762.854600004851818, 502541.902000021189451, 0.0 ], [ 105762.79390000551939, 502542.195300009101629, 0.0 ], [ 105762.743300002068281, 502542.49040000140667, 0.0 ], [ 105762.702900003641844, 502542.787100020796061, 0.0 ], [ 105762.672699999064207, 502543.08500000089407, 0.0 ], [ 105762.652800004929304, 502543.383800018578768, 0.0 ], [ 105762.643200006335974, 502543.683100029826164, 0.0 ], [ 105762.643800001591444, 502543.98250000551343, 0.0 ], [ 105762.654700003564358, 502544.281700003892183, 0.0 ], [ 105762.675900015980005, 502544.580400019884109, 0.0 ], [ 105762.707400009036064, 502544.878199994564056, 0.0 ], [ 105762.749000005424023, 502545.174700021743774, 0.0 ], [ 105762.800900001078844, 502545.469600010663271, 0.0 ], [ 105762.862800002098083, 502545.762600023299456, 0.0 ], [ 105762.934800002723932, 502546.053300000727177, 0.0 ], [ 105763.016700003296137, 502546.341300025582314, 0.0 ], [ 105763.108399998396635, 502546.626300003379583, 0.0 ], [ 105763.211800005286932, 502546.912599999457598, 0.0 ], [ 105763.325500003993511, 502547.1841000020504, 0.0 ], [ 105763.37950000166893, 502547.313100021332502, 0.0 ], [ 105763.437899999320507, 502547.439800012856722, 0.0 ], [ 105763.551899999380112, 502547.695100013166666, 0.0 ], [ 105763.649300005286932, 502547.957000002264977, 0.0 ], [ 105763.698100004345179, 502548.087999999523163, 0.0 ], [ 105763.741900000721216, 502548.220300018787384, 0.0 ], [ 105763.824400000274181, 502548.487399995326996, 0.0 ], [ 105763.865600004792213, 502548.620900016278028, 0.0 ], [ 105763.900200005620718, 502548.756100010126829, 0.0 ], [ 105763.964100003242493, 502549.028200000524521, 0.0 ], [ 105763.995999999344349, 502549.164200000464916, 0.0 ], [ 105764.021200001239777, 502549.301400016993284, 0.0 ], [ 105764.066500004380941, 502549.577200017869473, 0.0 ], [ 105764.089200001209974, 502549.715100023895502, 0.0 ], [ 105764.105799999088049, 502549.853600014001131, 0.0 ], [ 105764.135899998247623, 502550.131600014865398, 0.0 ], [ 105764.148100003600121, 502550.410700023174286, 0.0 ], [ 105764.154200002551079, 502550.550300002098083, 0.0 ], [ 105764.155200000852346, 502550.689800020307302, 0.0 ], [ 105764.151799999177456, 502550.969300013035536, 0.0 ], [ 105764.150000002235174, 502551.109100013971329, 0.0 ], [ 105764.141499999910593, 502551.24830000847578, 0.0 ], [ 105764.119199998676777, 502551.52690002322197, 0.0 ], [ 105764.107999999076128, 502551.666200019419193, 0.0 ], [ 105764.090800005942583, 502551.804700013250113, 0.0 ], [ 105764.053200006484985, 502552.081800002604723, 0.0 ], [ 105763.997900005429983, 502552.355600032955408, 0.0 ], [ 105763.970300003886223, 502552.4926000200212, 0.0 ], [ 105763.937900003045797, 502552.628299996256828, 0.0 ], [ 105763.867700003087521, 502552.898900017142296, 0.0 ], [ 105763.832699999213219, 502553.034100025892258, 0.0 ], [ 105763.791900001466274, 502553.167600005865097, 0.0 ], [ 105763.706999998539686, 502553.434000018984079, 0.0 ], [ 105763.605000004172325, 502553.694200031459332, 0.0 ], [ 105763.55350000038743, 502553.825800009071827, 0.0 ], [ 105763.498500004410744, 502553.952200002968311, 0.0 ], [ 105763.381599999964237, 502554.2060999982059, 0.0 ], [ 105763.323300004005432, 502554.332900021225214, 0.0 ], [ 105763.25789999961853, 502554.456000030040741, 0.0 ], [ 105699.312399998307228, 502666.90870001912117, 0.0 ], [ 105708.906899999827147, 502672.380100008100271, 0.0 ], [ 105709.264500003308058, 502672.576299995183945, 0.0 ], [ 105709.615100003778934, 502672.784900013357401, 0.0 ], [ 105709.958200003951788, 502673.005500011146069, 0.0 ], [ 105710.293400004506111, 502673.238000012934208, 0.0 ], [ 105710.620299998670816, 502673.481899995356798, 0.0 ], [ 105710.9386, 502673.737100023776293, 0.0 ], [ 105711.247700002044439, 502674.003200013190508, 0.0 ], [ 105711.547400005161762, 502674.279900006949902, 0.0 ], [ 105711.837400004267693, 502674.5669000223279, 0.0 ], [ 105712.11710000783205, 502674.863800019025803, 0.0 ], [ 105712.386300001293421, 502675.170200012624264, 0.0 ], [ 105712.644799999892712, 502675.485900022089481, 0.0 ], [ 105712.892100002616644, 502675.810300007462502, 0.0 ], [ 105713.127900004386902, 502676.143100008368492, 0.0 ], [ 105713.227600004523993, 502676.394400008022785, 0.0 ], [ 105713.277400001883507, 502676.519999999552965, 0.0 ], [ 105713.322700005024672, 502676.647200029343367, 0.0 ], [ 105713.408400002866983, 502676.90370000526309, 0.0 ], [ 105713.451300002634525, 502677.031800016760826, 0.0 ], [ 105713.488600000739098, 502677.161600016057491, 0.0 ], [ 105713.560100004076958, 502677.422500018030405, 0.0 ], [ 105713.614700004458427, 502677.687200017273426, 0.0 ], [ 105713.642000004649162, 502677.819599997252226, 0.0 ], [ 105713.66440000012517, 502677.952700022608042, 0.0 ], [ 105713.704100001603365, 502678.22019999474287, 0.0 ], [ 105713.723900008946657, 502678.353900007903576, 0.0 ], [ 105713.737000003457069, 502678.488200020045042, 0.0 ], [ 105713.758000005036592, 502678.75780001655221, 0.0 ], [ 105713.768500003963709, 502678.892600014805794, 0.0 ], [ 105713.772300001233816, 502679.027400013059378, 0.0 ], [ 105713.774500001221895, 502679.297900032252073, 0.0 ], [ 105713.775600001215935, 502679.433000013232231, 0.0 ], [ 105713.769999999552965, 502679.567800022661686, 0.0 ], [ 105713.753400001674891, 502679.837700013071299, 0.0 ], [ 105713.745100002735853, 502679.972600013017654, 0.0 ], [ 105713.730200000107288, 502680.106700021773577, 0.0 ], [ 105713.695000004023314, 502680.374800022691488, 0.0 ], [ 105713.677300002425909, 502680.508800014853477, 0.0 ], [ 105713.653200004249811, 502680.641500003635883, 0.0 ], [ 105713.599399998784065, 502680.906599998474121, 0.0 ], [ 105713.572300001978874, 502681.039900001138449, 0.0 ], [ 105713.539200004190207, 502681.169800002127886, 0.0 ], [ 105713.467200014740229, 502681.430400010198355, 0.0 ], [ 105713.431200001388788, 502681.56070002168417, 0.0 ], [ 105713.388999998569489, 502681.688800022006035, 0.0 ], [ 105713.299600005149841, 502681.944000020623207, 0.0 ], [ 105713.254400003701448, 502682.073000010102987, 0.0 ], [ 105713.204799998551607, 502682.197000004351139, 0.0 ], [ 105713.101400002837181, 502682.44700001180172, 0.0 ], [ 105712.982900001108646, 502682.690000001341105, 0.0 ], [ 105712.923200000077486, 502682.81249999627471, 0.0 ], [ 105712.860700011253357, 502682.931000031530857, 0.0 ], [ 105712.731499999761581, 502683.169700007885695, 0.0 ], [ 105712.588800005614758, 502683.398200009018183, 0.0 ], [ 105712.515900008380413, 502683.514900013804436, 0.0 ], [ 105712.442300003021955, 502683.625199999660254, 0.0 ], [ 105712.288200002163649, 502683.850100006908178, 0.0 ], [ 105712.12330000475049, 502684.061500024050474, 0.0 ], [ 105712.038300003856421, 502684.170400016009808, 0.0 ], [ 105711.953899998217821, 502684.272100009024143, 0.0 ], [ 105711.776400003582239, 502684.480600010603666, 0.0 ], [ 105711.592000000178814, 502684.673700030893087, 0.0 ], [ 105711.498399998992682, 502684.771600015461445, 0.0 ], [ 105711.142900001257658, 502685.00890002399683, 0.0 ], [ 105710.878200002014637, 502685.141699999570847, 0.0 ], [ 105710.609000001102686, 502685.265200007706881, 0.0 ], [ 105710.335700009018183, 502685.379300031810999, 0.0 ], [ 105710.058600001037121, 502685.483799997717142, 0.0 ], [ 105709.778100002557039, 502685.578700002282858, 0.0 ], [ 105709.494500003755093, 502685.663799997419119, 0.0 ], [ 105709.208000004291534, 502685.738999996334314, 0.0 ], [ 105709.026600003242493, 502685.787000011652708, 0.0 ], [ 105687.432500001043081, 502691.488100007176399, 0.0 ], [ 105687.329200003296137, 502691.504200018942356, 0.0 ], [ 105687.122600000351667, 502691.538700003176928, 0.0 ], [ 105686.9189000017941, 502691.586500000208616, 0.0 ], [ 105686.81700000166893, 502691.610399998724461, 0.0 ], [ 105686.71620000526309, 502691.638000022619963, 0.0 ], [ 105686.515399999916553, 502691.697200022637844, 0.0 ], [ 105686.415100000798702, 502691.726700007915497, 0.0 ], [ 105686.316500000655651, 502691.761300008744001, 0.0 ], [ 105686.120300002396107, 502691.834300022572279, 0.0 ], [ 105686.022199999541044, 502691.870700012892485, 0.0 ], [ 105685.926300000399351, 502691.91210001707077, 0.0 ], [ 105685.735599998384714, 502691.998600006103516, 0.0 ], [ 105685.640399999916553, 502692.041799999773502, 0.0 ], [ 105685.547500003129244, 502692.089699998497963, 0.0 ], [ 105685.363300003111362, 502692.189300011843443, 0.0 ], [ 105685.271300002932549, 502692.239100016653538, 0.0 ], [ 105685.182100001722574, 502692.293400019407272, 0.0 ], [ 105685.005200002342463, 502692.405499994754791, 0.0 ], [ 105684.916900005191565, 502692.461500000208616, 0.0 ], [ 105684.831600002944469, 502692.521900005638599, 0.0 ], [ 105684.663100004196167, 502692.646100006997585, 0.0 ], [ 105684.578899998217821, 502692.708199996501207, 0.0 ], [ 105684.498000003397465, 502692.774300031363964, 0.0 ], [ 105684.338500000536442, 502692.909899994730949, 0.0 ], [ 105684.258799999952316, 502692.977700017392635, 0.0 ], [ 105684.182700004428625, 502693.049299996346235, 0.0 ], [ 105684.033000003546476, 502693.195700019598007, 0.0 ], [ 105683.958299998193979, 502693.268900010734797, 0.0 ], [ 105683.88740000128746, 502693.345600005239248, 0.0 ], [ 105683.7483000010252, 502693.502100016921759, 0.0 ], [ 105683.678800009191036, 502693.580300007015467, 0.0 ], [ 105683.613400004804134, 502693.661699995398521, 0.0 ], [ 105683.485500000417233, 502693.82760001718998, 0.0 ], [ 105683.421600002795458, 502693.910500001162291, 0.0 ], [ 105683.362100001424551, 502693.996200013905764, 0.0 ], [ 105683.246100004762411, 502694.170400004833937, 0.0 ], [ 105683.188100002706051, 502694.257599998265505, 0.0 ], [ 105683.134500000625849, 502694.347299996763468, 0.0 ], [ 105683.030600003898144, 502694.529100026935339, 0.0 ], [ 105682.97859999909997, 502694.620000001043081, 0.0 ], [ 105682.930800002068281, 502694.712800022214651, 0.0 ], [ 105682.836900003254414, 502694.900099996477365, 0.0 ], [ 105674.283900003880262, 502709.952099997550249, 0.0 ], [ 105674.234099999070168, 502710.062600027769804, 0.0 ], [ 105674.138400003314018, 502710.286300033330917, 0.0 ], [ 105674.090599998831749, 502710.39809999987483, 0.0 ], [ 105674.048300001770258, 502710.511900003999472, 0.0 ], [ 105673.968000005930662, 502710.74150001630187, 0.0 ], [ 105673.927600000053644, 502710.85690001770854, 0.0 ], [ 105673.893300000578165, 502710.972599998116493, 0.0 ], [ 105673.828500002622604, 502711.20719999819994, 0.0 ], [ 105673.796200003474951, 502711.324400015175343, 0.0 ], [ 105673.769499998539686, 502711.442800007760525, 0.0 ], [ 105673.720400001853704, 502711.681100029498339, 0.0 ], [ 105673.695500001311302, 502711.801899999380112, 0.0 ], [ 105673.676300000399351, 502711.920099999755621, 0.0 ], [ 105673.639499999582767, 502712.1649000197649, 0.0 ], [ 105673.618700008839369, 502712.403000019490719, 0.0 ], [ 105673.60810000449419, 502712.52419999986887, 0.0 ], [ 105673.601799998432398, 502712.645400006324053, 0.0 ], [ 105673.593900002539158, 502712.88850000873208, 0.0 ], [ 105673.589900001883507, 502713.010400004684925, 0.0 ], [ 105673.59180000051856, 502713.131400022655725, 0.0 ], [ 105673.600400004535913, 502713.374599996954203, 0.0 ], [ 105673.6047000028193, 502713.496700026094913, 0.0 ], [ 105673.614700000733137, 502713.617000009864569, 0.0 ], [ 105673.63960000872612, 502713.859100002795458, 0.0 ], [ 105673.652199998497963, 502713.980999998748302, 0.0 ], [ 105673.670300003141165, 502714.100000005215406, 0.0 ], [ 105673.711400002241135, 502714.339799996465445, 0.0 ], [ 105673.732100002467632, 502714.460600033402443, 0.0 ], [ 105673.758099999278784, 502714.57820001989603, 0.0 ], [ 105673.814900003373623, 502714.81470001116395, 0.0 ], [ 105673.843899998813868, 502714.935400005429983, 0.0 ], [ 105673.876600001007318, 502715.049800008535385, 0.0 ], [ 105673.9459000043571, 502715.28310003131628, 0.0 ], [ 105674.825000002980232, 502718.494600024074316, 0.0 ], [ 105674.846000004559755, 502718.631900001317263, 0.0 ], [ 105674.882500004023314, 502718.907900031656027, 0.0 ], [ 105674.900700006633997, 502719.045699995011091, 0.0 ], [ 105674.912200003862381, 502719.184099998325109, 0.0 ], [ 105674.929600011557341, 502719.461900018155575, 0.0 ], [ 105674.938300006091595, 502719.600800022482872, 0.0 ], [ 105674.940200004726648, 502719.739700011909008, 0.0 ], [ 105674.938499998301268, 502720.01800000295043, 0.0 ], [ 105674.937600009143353, 502720.157100010663271, 0.0 ], [ 105674.929900005459785, 502720.295700006186962, 0.0 ], [ 105674.909000005573034, 502720.573200006037951, 0.0 ], [ 105674.898500002920628, 502720.712000019848347, 0.0 ], [ 105674.881300002336502, 502720.849700007587671, 0.0 ], [ 105674.841299999505281, 502721.125100009143353, 0.0 ], [ 105674.821199998259544, 502721.263300009071827, 0.0 ], [ 105674.794700004160404, 502721.399000015109777, 0.0 ], [ 105674.735800001770258, 502721.671100005507469, 0.0 ], [ 105674.706399999558926, 502721.807000003755093, 0.0 ], [ 105674.670400004833937, 502721.941200014203787, 0.0 ], [ 105674.59290000423789, 502722.208500009030104, 0.0 ], [ 105674.553800001740456, 502722.343300007283688, 0.0 ], [ 105674.509100005030632, 502722.473400000482798, 0.0 ], [ 105674.413400001823902, 502722.7347999997437, 0.0 ], [ 105674.365200001746416, 502722.866300012916327, 0.0 ], [ 105674.311599999666214, 502722.993299998342991, 0.0 ], [ 105674.198300004005432, 502723.247500002384186, 0.0 ], [ 105674.140800006687641, 502723.376300014555454, 0.0 ], [ 105674.079199999570847, 502723.498700022697449, 0.0 ], [ 105673.949800003319979, 502723.745100013911724, 0.0 ], [ 105673.8851000033319, 502723.868400000035763, 0.0 ], [ 105673.816399998962879, 502723.989200010895729, 0.0 ], [ 105658.867900002747774, 502750.391100019216537, 0.0 ], [ 105640.749900002032518, 502772.880100011825562, 0.0 ], [ 105601.327200002968311, 502842.253599997609854, 0.0 ], [ 105615.677900012582541, 502850.434900023043156, 0.0 ], [ 105616.833900008350611, 502848.409099996089935, 0.0 ], [ 105629.827899999916553, 502855.802100002765656, 0.0 ], [ 105631.139900002628565, 502856.535500001162291, 0.0 ], [ 105635.838900003582239, 502859.16210001707077, 0.0 ], [ 105641.365899998694658, 502862.253100004047155, 0.0 ], [ 105647.142900008708239, 502865.486100018024445, 0.0 ], [ 105643.703900001943111, 502871.550100028514862, 0.0 ], [ 105636.508900005370378, 502882.246100001037121, 0.0 ], [ 105631.720000002533197, 502890.641100019216537, 0.0 ], [ 105631.424900002777576, 502891.408100008964539, 0.0 ], [ 105630.069899998605251, 502893.881100013852119, 0.0 ], [ 105629.528900001198053, 502894.534099996089935, 0.0 ], [ 105624.746900003403425, 502902.917100019752979, 0.0 ], [ 105623.820900000631809, 502904.728100012987852, 0.0 ], [ 105622.257900007069111, 502907.469100002199411, 0.0 ], [ 105621.783900000154972, 502908.142100010067225, 0.0 ], [ 105616.654500003904104, 502917.182299997657537, 0.0 ], [ 105617.146899998188019, 502917.455100003629923, 0.0 ], [ 105613.838500000536442, 502923.170900017023087, 0.0 ], [ 105618.905900001525879, 502926.089100033044815, 0.0 ], [ 105624.358899999409914, 502929.228100024163723, 0.0 ], [ 105625.097899999469519, 502929.535100009292364, 0.0 ], [ 105627.098900005221367, 502930.676100015640259, 0.0 ], [ 105634.556099999696016, 502935.863900020718575, 0.0 ], [ 105616.970899999141693, 502966.804100017994642, 0.0 ], [ 105598.08050000295043, 503000.000100031495094, 0.0 ], [ 105594.456300001591444, 503006.469400003552437, 0.0 ], [ 105603.066900003701448, 503011.293100006878376, 0.0 ], [ 105611.670900002121925, 503016.113100029528141, 0.0 ], [ 105609.884200002998114, 503019.451600033789873, 0.0 ], [ 105696.561900001019239, 503068.529100015759468, 0.0 ], [ 105709.749900002032518, 503076.112100020051003, 0.0 ], [ 105711.853900004178286, 503077.7820999994874, 0.0 ], [ 105713.450000002980232, 503080.595100019127131, 0.0 ], [ 105715.442900002002716, 503085.913000006228685, 0.0 ], [ 105707.850499998778105, 503100.773300006985664, 0.0 ], [ 105704.289799999445677, 503106.653800003230572, 0.0 ], [ 105696.325900003314018, 503119.806100033223629, 0.0 ], [ 105701.732900001108646, 503123.080099999904633, 0.0 ], [ 105714.488899998366833, 503130.623100034892559, 0.0 ], [ 105726.388199999928474, 503140.785100005567074, 0.0 ], [ 105756.427000008523464, 503105.611000012606382, 0.0 ], [ 105760.2489, 503101.432100009173155, 0.0 ], [ 105764.202800005674362, 503097.378000017255545, 0.0 ], [ 105768.284700002521276, 503093.4527000002563, 0.0 ], [ 105772.49040000140667, 503089.660300020128489, 0.0 ], [ 105776.815500002354383, 503086.004700012505054, 0.0 ], [ 105781.255499999970198, 503082.489700015634298, 0.0 ], [ 105831.59290000423789, 503130.183100014925003, 0.0 ], [ 105877.134900007396936, 503160.759100016206503, 0.0 ], [ 105885.197900004684925, 503165.166100010275841, 0.0 ], [ 105927.746900003403425, 503188.540100015699863, 0.0 ], [ 105970.497900001704693, 503212.024099998176098, 0.0 ], [ 105999.999900002032518, 503232.788100015372038, 0.0 ], [ 106017.637600004673004, 503245.201500009745359, 0.0 ], [ 106000.631900001317263, 503268.486099995672703, 0.0 ], [ 105999.874699998646975, 503267.894500002264977, 0.0 ], [ 105999.627300001680851, 503268.218300003558397, 0.0 ], [ 105962.855900004506111, 503240.359099999070168, 0.0 ], [ 105940.560900002717972, 503269.838100008666515, 0.0 ], [ 105993.86600000038743, 503309.872999999672174, 0.0 ], [ 106000.00000000372529, 503301.79950001090765, 0.0 ] ] ] ] } },
{ "type": "Feature", "properties": { "fid": 1159, "jrstatcode": "2026WK039608", "wk_code": "WK039608", "wk_naam": "Wijk 08 Assumburg", "gm_code": "GM0396", "gm_naam": "Heemskerk", "water": "NEE", "jaar": "2026" }, "geometry": { "type": "MultiPolygon", "coordinates": [ [ [ [ 107256.022200003266335, 502851.161400016397238, 0.0 ], [ 107256.796900004148483, 502851.123100023716688, 0.0 ], [ 107301.393900007009506, 502855.100100006908178, 0.0 ], [ 107303.663499999791384, 502855.301100015640259, 0.0 ], [ 107305.938800007104874, 502855.423000015318394, 0.0 ], [ 107308.216900002211332, 502855.465800009667873, 0.0 ], [ 107310.495100006461143, 502855.429400019347668, 0.0 ], [ 107312.770600005984306, 502855.313699997961521, 0.0 ], [ 107315.040800005197525, 502855.119100008159876, 0.0 ], [ 107317.302800003439188, 502854.845599997788668, 0.0 ], [ 107319.554000001400709, 502854.49370002001524, 0.0 ], [ 107321.791499998420477, 502854.063699997961521, 0.0 ], [ 107324.012800000607967, 502853.556200031191111, 0.0 ], [ 107326.215199999511242, 502852.971600018441677, 0.0 ], [ 107328.39580000191927, 502852.311000000685453, 0.0 ], [ 107330.552000001072884, 502851.574900016188622, 0.0 ], [ 107332.681499999016523, 502850.764299996197224, 0.0 ], [ 107334.781600009649992, 502849.880200032144785, 0.0 ], [ 107336.849500004202127, 502848.923599999397993, 0.0 ], [ 107338.883000001311302, 502847.895700007677078, 0.0 ], [ 107340.87950000539422, 502846.79780000820756, 0.0 ], [ 107342.836600005626678, 502845.631100028753281, 0.0 ], [ 107344.752000004053116, 502844.3969999961555, 0.0 ], [ 107348.705700006335974, 502841.02589999884367, 0.0 ], [ 107352.543200016021729, 502837.522999994456768, 0.0 ], [ 107356.260099999606609, 502833.892600007355213, 0.0 ], [ 107359.852300006896257, 502830.138599995523691, 0.0 ], [ 107363.315500002354383, 502826.265300009399652, 0.0 ], [ 107366.645899999886751, 502822.277200013399124, 0.0 ], [ 107369.839600000530481, 502818.178900018334389, 0.0 ], [ 107372.89300000295043, 502813.975000016391277, 0.0 ], [ 107377.598000001162291, 502807.149800006300211, 0.0 ], [ 107382.07490000128746, 502800.17289999499917, 0.0 ], [ 107386.318999998271465, 502793.052000019699335, 0.0 ], [ 107393.608399998396635, 502781.31700000166893, 0.0 ], [ 107401.271299999207258, 502769.822500005364418, 0.0 ], [ 107409.299800001084805, 502758.580300003290176, 0.0 ], [ 107417.685600005090237, 502747.602000009268522, 0.0 ], [ 107429.176899999380112, 502732.808199997991323, 0.0 ], [ 107451.888900000602007, 502704.734500009566545, 0.0 ], [ 107467.157200004905462, 502687.865600034594536, 0.0 ], [ 107482.110100001096725, 502675.940600004047155, 0.0 ], [ 107500.698800001293421, 502663.349900007247925, 0.0 ], [ 107502.497500006109476, 502661.911200001835823, 0.0 ], [ 107509.426900006830692, 502658.171700030565262, 0.0 ], [ 107518.261100005358458, 502653.8429000005126, 0.0 ], [ 107526.470300003886223, 502650.405600018799305, 0.0 ], [ 107553.541600000113249, 502640.13620001077652, 0.0 ], [ 107560.960900001227856, 502636.941599994897842, 0.0 ], [ 107565.43299999833107, 502635.047000002115965, 0.0 ], [ 107570.938000001013279, 502632.275000017136335, 0.0 ], [ 107575.418000001460314, 502630.138999994844198, 0.0 ], [ 107576.640000004321337, 502629.40700001642108, 0.0 ], [ 107576.000100001692772, 502624.687000013887882, 0.0 ], [ 107581.044200010597706, 502616.267700001597404, 0.0 ], [ 107566.521900001913309, 502602.194100007414818, 0.0 ], [ 107557.904899999499321, 502593.93809999525547, 0.0 ], [ 107554.142900004982948, 502590.335100010037422, 0.0 ], [ 107546.086900003254414, 502583.552099999040365, 0.0 ], [ 107545.111900005489588, 502582.772100005298853, 0.0 ], [ 107530.288900002837181, 502570.728100024163723, 0.0 ], [ 107525.948900002986193, 502567.268100019544363, 0.0 ], [ 107516.762900002300739, 502559.784100007265806, 0.0 ], [ 107488.340900000184774, 502537.174100000411272, 0.0 ], [ 107441.096200000494719, 502500.000100012868643, 0.0 ], [ 107433.658900007605553, 502494.148100022226572, 0.0 ], [ 107389.214899998158216, 502459.096100002527237, 0.0 ], [ 107359.864900004118681, 502436.496100008487701, 0.0 ], [ 107353.37050000205636, 502431.998400017619133, 0.0 ], [ 107346.730500005185604, 502427.718600012362003, 0.0 ], [ 107344.275600001215935, 502426.347800031304359, 0.0 ], [ 107341.869400013238192, 502424.893200017511845, 0.0 ], [ 107339.514800000935793, 502423.356600001454353, 0.0 ], [ 107337.214300002902746, 502421.739900004118681, 0.0 ], [ 107334.971000000834465, 502420.045000027865171, 0.0 ], [ 107332.787300005555153, 502418.273800026625395, 0.0 ], [ 107330.665800001472235, 502416.428500015288591, 0.0 ], [ 107328.609200000762939, 502414.51129999756813, 0.0 ], [ 107326.619700003415346, 502412.524399995803833, 0.0 ], [ 107324.69990000128746, 502410.470200024545193, 0.0 ], [ 107322.85190000012517, 502408.351100020110607, 0.0 ], [ 107318.718000002205372, 502403.668200001120567, 0.0 ], [ 107314.731699999421835, 502398.859000008553267, 0.0 ], [ 107310.896900005638599, 502393.928100001066923, 0.0 ], [ 107275.852899998426437, 502347.740100000053644, 0.0 ], [ 107272.014899998903275, 502342.786499995738268, 0.0 ], [ 107268.026300005614758, 502337.953300032764673, 0.0 ], [ 107263.890900004655123, 502333.245100032538176, 0.0 ], [ 107258.69420000910759, 502327.706699997186661, 0.0 ], [ 107253.337000008672476, 502322.323300018906593, 0.0 ], [ 107247.824100010097027, 502317.09960001707077, 0.0 ], [ 107242.160100009292364, 502312.040100011974573, 0.0 ], [ 107236.349899999797344, 502307.149099998176098, 0.0 ], [ 107233.698900002986193, 502304.982100021094084, 0.0 ], [ 107202.261900003999472, 502280.214100025594234, 0.0 ], [ 107170.063900008797646, 502254.892100002616644, 0.0 ], [ 107130.247900001704693, 502223.719099998474121, 0.0 ], [ 107090.579900000244379, 502192.625100031495094, 0.0 ], [ 107081.958800002932549, 502185.76960001885891, 0.0 ], [ 107073.109200000762939, 502179.211800023913383, 0.0 ], [ 107064.041299998760223, 502172.95940001308918, 0.0 ], [ 107054.765600003302097, 502167.019500009715557, 0.0 ], [ 107045.292900003492832, 502161.399099998176098, 0.0 ], [ 107037.700500000268221, 502157.23250000923872, 0.0 ], [ 107030.233800005167723, 502152.844400014728308, 0.0 ], [ 107022.899500004947186, 502148.238599997013807, 0.0 ], [ 107015.70380000025034, 502143.419100001454353, 0.0 ], [ 107008.652899999171495, 502138.390100006014109, 0.0 ], [ 107002.187900003045797, 502133.390099998563528, 0.0 ], [ 106999.999900002032518, 502132.047800004482269, 0.0 ], [ 106998.839899998158216, 502131.3361000046134, 0.0 ], [ 106995.546900000423193, 502129.838100008666515, 0.0 ], [ 106989.800900001078844, 502128.048099994659424, 0.0 ], [ 106989.200100004673004, 502127.81470001116395, 0.0 ], [ 106988.607200000435114, 502127.562000021338463, 0.0 ], [ 106988.022799998521805, 502127.290199995040894, 0.0 ], [ 106987.447599999606609, 502126.999500013887882, 0.0 ], [ 106986.882100008428097, 502126.690300017595291, 0.0 ], [ 106986.326900001615286, 502126.363000012934208, 0.0 ], [ 106985.782600004225969, 502126.017800021916628, 0.0 ], [ 106985.249800004065037, 502125.655100010335445, 0.0 ], [ 106984.729100000113249, 502125.2753000035882, 0.0 ], [ 106984.220900002866983, 502124.878800000995398, 0.0 ], [ 106983.725900005549192, 502124.466100018471479, 0.0 ], [ 106982.356900006532669, 502123.096100028604269, 0.0 ], [ 106978.755900003015995, 502125.52010003477335, 0.0 ], [ 106977.568000003695488, 502123.857000019401312, 0.0 ], [ 106977.36769999936223, 502122.43180001527071, 0.0 ], [ 106976.998799998313189, 502121.771600008010864, 0.0 ], [ 106975.528900004923344, 502119.173100013285875, 0.0 ], [ 106969.522900003939867, 502113.028099998831749, 0.0 ], [ 106960.1199000030756, 502103.351100031286478, 0.0 ], [ 106956.219900000840425, 502099.539100021123886, 0.0 ], [ 106952.739900004118681, 502095.810100004076958, 0.0 ], [ 106952.191799998283386, 502095.279400028288364, 0.0 ], [ 106951.662600003182888, 502094.729900002479553, 0.0 ], [ 106951.152900002896786, 502094.162200033664703, 0.0 ], [ 106950.663400005549192, 502093.57710000872612, 0.0 ], [ 106950.194600000977516, 502092.97520000860095, 0.0 ], [ 106949.747100003063679, 502092.357299998402596, 0.0 ], [ 106949.321400005370378, 502091.724199999123812, 0.0 ], [ 106948.918200004845858, 502091.076600026339293, 0.0 ], [ 106948.537799999117851, 502090.415300004184246, 0.0 ], [ 106948.180700000375509, 502089.741099994629622, 0.0 ], [ 106947.84740000590682, 502089.054800029844046, 0.0 ], [ 106947.53830000013113, 502088.357299994677305, 0.0 ], [ 106947.253900002688169, 502087.649400033056736, 0.0 ], [ 106946.994300004094839, 502086.932000029832125, 0.0 ], [ 106946.759800013154745, 502086.206100009381771, 0.0 ], [ 106946.550900008529425, 502085.472400017082691, 0.0 ], [ 106946.367800001055002, 502084.731700029224157, 0.0 ], [ 106946.21059999987483, 502083.985100023448467, 0.0 ], [ 106946.079600006341934, 502083.233500026166439, 0.0 ], [ 106945.974900003522635, 502082.477800026535988, 0.0 ], [ 106945.896699998527765, 502081.719000019133091, 0.0 ], [ 106945.845100004225969, 502080.957800008356571, 0.0 ], [ 106945.820099998265505, 502080.195300005376339, 0.0 ], [ 106945.821700002998114, 502079.43240000680089, 0.0 ], [ 106945.850000001490116, 502078.670000020414591, 0.0 ], [ 106945.71000000461936, 502076.680000010877848, 0.0 ], [ 106945.666700001806021, 502076.226200021803379, 0.0 ], [ 106945.608300004154444, 502075.774100005626678, 0.0 ], [ 106945.535100001841784, 502075.324200015515089, 0.0 ], [ 106945.447000000625849, 502074.876999996602535, 0.0 ], [ 106944.785000000149012, 502072.691100019961596, 0.0 ], [ 106944.170100003480911, 502071.406900003552437, 0.0 ], [ 106943.512499999254942, 502070.144200034439564, 0.0 ], [ 106942.812800005078316, 502068.904199995100498, 0.0 ], [ 106942.071899998933077, 502067.688400000333786, 0.0 ], [ 106941.2905000038445, 502066.49830000847578, 0.0 ], [ 106940.469500008970499, 502065.335100006312132, 0.0 ], [ 106939.609900005161762, 502064.200100012123585, 0.0 ], [ 106906.362900007516146, 502012.386100001633167, 0.0 ], [ 106903.964899998158216, 502008.705100003629923, 0.0 ], [ 106898.173500008881092, 502000.000100009143353, 0.0 ], [ 106897.639900002628565, 501999.198100008070469, 0.0 ], [ 106893.397900003939867, 501992.887099996209145, 0.0 ], [ 106884.424899999052286, 501979.790100023150444, 0.0 ], [ 106877.755899999290705, 501970.168100021779537, 0.0 ], [ 106875.355900008231401, 501966.630100004374981, 0.0 ], [ 106871.392800007015467, 501961.130799997597933, 0.0 ], [ 106869.576900005340576, 501958.611099995672703, 0.0 ], [ 106856.378899998962879, 501939.842100027948618, 0.0 ], [ 106854.834899999201298, 501937.689100012183189, 0.0 ], [ 106853.477900002151728, 501935.778099998831749, 0.0 ], [ 106844.69990000128746, 501923.430100008845329, 0.0 ], [ 106843.298600003123283, 501921.417500022798777, 0.0 ], [ 106841.832100003957748, 501919.451900023967028, 0.0 ], [ 106840.302000004798174, 501917.535399995744228, 0.0 ], [ 106838.709900006651878, 501915.670100010931492, 0.0 ], [ 106835.269900001585484, 501911.960099998861551, 0.0 ], [ 106829.330000001937151, 501905.790000010281801, 0.0 ], [ 106830.792899999767542, 501904.399100016802549, 0.0 ], [ 106828.086899999529123, 501901.93470000103116, 0.0 ], [ 106825.301899999380112, 501899.559800010174513, 0.0 ], [ 106822.440900005400181, 501897.277100011706352, 0.0 ], [ 106821.163600005209446, 501896.506900012493134, 0.0 ], [ 106819.861699998378754, 501895.779000014066696, 0.0 ], [ 106818.536699999123812, 501895.094099998474121, 0.0 ], [ 106817.190000001341105, 501894.453000023961067, 0.0 ], [ 106815.823000002652407, 501893.856300015002489, 0.0 ], [ 106814.437200002372265, 501893.304700002074242, 0.0 ], [ 106813.034099999815226, 501892.798800032585859, 0.0 ], [ 106811.615100003778934, 501892.339100006967783, 0.0 ], [ 106810.181900002062321, 501891.926100023090839, 0.0 ], [ 106805.892900004982948, 501890.899100009351969, 0.0 ], [ 106803.192899998277426, 501890.482100006192923, 0.0 ], [ 106794.782299999147654, 501890.092600021511316, 0.0 ], [ 106794.506700005382299, 501890.079799994826317, 0.0 ], [ 106793.239500008523464, 501890.17849999666214, 0.0 ], [ 106791.975900005549192, 501890.315000008791685, 0.0 ], [ 106790.716899998486042, 501890.489100027829409, 0.0 ], [ 106752.565900005400181, 501895.653099998831749, 0.0 ], [ 106706.531900007277727, 501901.921100009232759, 0.0 ], [ 106687.865899998694658, 501904.989100009202957, 0.0 ], [ 106656.189899999648333, 501910.130100004374981, 0.0 ], [ 106651.229900002479553, 501910.900100015103817, 0.0 ], [ 106646.252500001341105, 501911.549800008535385, 0.0 ], [ 106641.259900003671646, 501912.070100016891956, 0.0 ], [ 106636.299900006502867, 501912.460100013762712, 0.0 ], [ 106631.279899999499321, 501912.760100018233061, 0.0 ], [ 106626.296200003474951, 501912.924699995666742, 0.0 ], [ 106620.213900007307529, 501920.250100024044514, 0.0 ], [ 106620.129900004714727, 501920.188800010830164, 0.0 ], [ 106619.962000001221895, 501920.066000033169985, 0.0 ], [ 106619.877199999988079, 501920.006099998950958, 0.0 ], [ 106619.789600003510714, 501919.950100019574165, 0.0 ], [ 106619.614199999719858, 501919.838199995458126, 0.0 ], [ 106619.525700002908707, 501919.783900003880262, 0.0 ], [ 106619.434600003063679, 501919.734000023454428, 0.0 ], [ 106619.252099998295307, 501919.63400000333786, 0.0 ], [ 106619.160100009292364, 501919.585700009018183, 0.0 ], [ 106619.065900009125471, 501919.542000003159046, 0.0 ], [ 106618.877200003713369, 501919.454500015825033, 0.0 ], [ 106618.782200008630753, 501919.412600014358759, 0.0 ], [ 106618.685200002044439, 501919.375300001353025, 0.0 ], [ 106618.49100000411272, 501919.300800032913685, 0.0 ], [ 106618.393400002270937, 501919.265300009399652, 0.0 ], [ 106618.294100005179644, 501919.234699998050928, 0.0 ], [ 106618.095300003886223, 501919.173300009220839, 0.0 ], [ 106617.99550000205636, 501919.144500013440847, 0.0 ], [ 106617.894700009375811, 501919.119299996644258, 0.0 ], [ 106617.692800000309944, 501919.068800002336502, 0.0 ], [ 106617.488400008529425, 501919.031100019812584, 0.0 ], [ 106617.385999999940395, 501919.013300023972988, 0.0 ], [ 106617.282900005578995, 501918.99990002065897, 0.0 ], [ 106617.076600003987551, 501918.973200008273125, 0.0 ], [ 106616.973299998790026, 501918.96160002425313, 0.0 ], [ 106616.869800016283989, 501918.952500019222498, 0.0 ], [ 106603.239900004118681, 501917.760099999606609, 0.0 ], [ 106591.339900005608797, 501916.3800999969244, 0.0 ], [ 106581.849899999797344, 501914.970099996775389, 0.0 ], [ 106574.029900003224611, 501913.360100012272596, 0.0 ], [ 106565.499899998307228, 501911.050100013613701, 0.0 ], [ 106558.689899999648333, 501908.740100018680096, 0.0 ], [ 106549.779900006949902, 501905.000100005418062, 0.0 ], [ 106541.789900001138449, 501901.280100010335445, 0.0 ], [ 106534.669900000095367, 501897.610100004822016, 0.0 ], [ 106524.249900002032518, 501891.670100018382072, 0.0 ], [ 106514.889899998903275, 501885.430100008845329, 0.0 ], [ 106502.939900003373623, 501876.020100001245737, 0.0 ], [ 106496.289900001138449, 501870.270100023597479, 0.0 ], [ 106489.239900000393391, 501863.710100013762712, 0.0 ], [ 106480.759900003671646, 501855.240100014954805, 0.0 ], [ 106471.949900005012751, 501845.970099996775389, 0.0 ], [ 106464.369899999350309, 501837.670099999755621, 0.0 ], [ 106456.019900005310774, 501828.990100003778934, 0.0 ], [ 106449.099900007247925, 501822.370100025087595, 0.0 ], [ 106440.729900002479553, 501814.840100008994341, 0.0 ], [ 106431.599899999797344, 501806.950100019574165, 0.0 ], [ 106422.779900003224611, 501800.18010001257062, 0.0 ], [ 106411.809900000691414, 501792.140099994838238, 0.0 ], [ 106402.602900002151728, 501785.814099997282028, 0.0 ], [ 106399.855900008231401, 501784.058100026100874, 0.0 ], [ 106395.190900001674891, 501781.776100017130375, 0.0 ], [ 106390.294900003820658, 501780.215100005269051, 0.0 ], [ 106387.20890000462532, 501779.629099998623133, 0.0 ], [ 106381.585900012403727, 501779.314100012183189, 0.0 ], [ 106373.687899999320507, 501779.303100012242794, 0.0 ], [ 106369.564899999648333, 501779.762000031769276, 0.0 ], [ 106364.698000002652407, 501781.347000017762184, 0.0 ], [ 106359.714000005275011, 501784.347000017762184, 0.0 ], [ 106356.856200005859137, 501786.705600004643202, 0.0 ], [ 106351.252000004053116, 501791.60800002515316, 0.0 ], [ 106347.515000004321337, 501795.740000013262033, 0.0 ], [ 106340.874000005424023, 501803.662000007927418, 0.0 ], [ 106334.315000005066395, 501811.72800000756979, 0.0 ], [ 106328.374000005424023, 501819.243000011891127, 0.0 ], [ 106320.057000000029802, 501829.952000003308058, 0.0 ], [ 106312.800000000745058, 501839.569000001996756, 0.0 ], [ 106291.621399998664856, 501867.869100008159876, 0.0 ], [ 106289.193999998271465, 501871.928699996322393, 0.0 ], [ 106290.113900002092123, 501873.527500007301569, 0.0 ], [ 106289.262100003659725, 501874.952100023627281, 0.0 ], [ 106287.413100000470877, 501874.906999997794628, 0.0 ], [ 106284.99100000038743, 501878.958000008016825, 0.0 ], [ 106286.605900000780821, 501881.839899994432926, 0.0 ], [ 106279.870999999344349, 501884.932000011205673, 0.0 ], [ 106253.657000008970499, 501921.749000020325184, 0.0 ], [ 106241.453600000590086, 501938.866100024431944, 0.0 ], [ 106238.262800008058548, 501943.265800002962351, 0.0 ], [ 106234.692400015890598, 501948.188799995929003, 0.0 ], [ 106223.5489999987185, 501963.554000023752451, 0.0 ], [ 106197.55290000140667, 502000.000000007450581, 0.0 ], [ 106125.746000003069639, 502100.672000002115965, 0.0 ], [ 106120.800799999386072, 502097.240499999374151, 0.0 ], [ 106108.758000005036592, 502114.595000006258488, 0.0 ], [ 106100.964700002223253, 502126.269500002264977, 0.0 ], [ 106099.904200002551079, 502127.907199997454882, 0.0 ], [ 106089.265999998897314, 502144.826000019907951, 0.0 ], [ 106085.859900005161762, 502150.243100006133318, 0.0 ], [ 106084.017000000923872, 502153.226100012660027, 0.0 ], [ 106087.291000001132488, 502163.207100000232458, 0.0 ], [ 106087.592000003904104, 502165.569100003689528, 0.0 ], [ 106087.71000000089407, 502166.470000009983778, 0.0 ], [ 106087.938999999314547, 502167.245000004768372, 0.0 ], [ 106088.43690000474453, 502167.824100032448769, 0.0 ], [ 106094.380900003015995, 502171.556100010871887, 0.0 ], [ 106113.698899999260902, 502184.62210002169013, 0.0 ], [ 106114.228800002485514, 502184.985900018364191, 0.0 ], [ 106114.746300015598536, 502185.367000002413988, 0.0 ], [ 106115.250900000333786, 502185.76510001718998, 0.0 ], [ 106115.741999998688698, 502186.179700002074242, 0.0 ], [ 106116.219099998474121, 502186.610400013625622, 0.0 ], [ 106116.681600004434586, 502187.056700024753809, 0.0 ], [ 106117.129100002348423, 502187.518100023269653, 0.0 ], [ 106117.561000008136034, 502187.994099996984005, 0.0 ], [ 106117.97690000012517, 502188.484100013971329, 0.0 ], [ 106136.244899999350309, 502211.799100007861853, 0.0 ], [ 106140.073899999260902, 502215.943100016564131, 0.0 ], [ 106142.410900004208088, 502218.186099998652935, 0.0 ], [ 106146.430900000035763, 502221.492100011557341, 0.0 ], [ 106151.294900000095367, 502225.001100018620491, 0.0 ], [ 106155.251900002360344, 502227.451100002974272, 0.0 ], [ 106157.428899999707937, 502228.668099999427795, 0.0 ], [ 106160.203900001943111, 502230.116100002080202, 0.0 ], [ 106169.887899998575449, 502235.473200019448996, 0.0 ], [ 106190.666200008243322, 502198.399300001561642, 0.0 ], [ 106215.33390000462532, 502213.134100016206503, 0.0 ], [ 106216.832499999552965, 502213.918800000101328, 0.0 ], [ 106218.355300009250641, 502214.655499998480082, 0.0 ], [ 106219.900700002908707, 502215.343500018119812, 0.0 ], [ 106221.467199999839067, 502215.982100002467632, 0.0 ], [ 106223.053200002759695, 502216.570600029081106, 0.0 ], [ 106224.657000001519918, 502217.108500003814697, 0.0 ], [ 106226.277100000530481, 502217.595100019127131, 0.0 ], [ 106227.911899998784065, 502218.030099999159575, 0.0 ], [ 106230.364900004118681, 502218.540800005197525, 0.0 ], [ 106232.833700001239777, 502218.968700028955936, 0.0 ], [ 106235.315500002354383, 502219.313300006091595, 0.0 ], [ 106237.807500008493662, 502219.574200008064508, 0.0 ], [ 106240.30689999833703, 502219.7511, 0.0 ], [ 106242.31420000270009, 502219.750100016593933, 0.0 ], [ 106244.320700000971556, 502219.689500022679567, 0.0 ], [ 106246.324400003999472, 502219.569400012493134, 0.0 ], [ 106248.32370001450181, 502219.389800023287535, 0.0 ], [ 106250.316799998283386, 502219.151000030338764, 0.0 ], [ 106252.301900003105402, 502218.853100009262562, 0.0 ], [ 106261.648100003600121, 502217.191500030457973, 0.0 ], [ 106261.759100001305342, 502217.171799998730421, 0.0 ], [ 106261.814400002360344, 502217.161300014704466, 0.0 ], [ 106261.870400004088879, 502217.156199999153614, 0.0 ], [ 106261.982599999755621, 502217.145900033414364, 0.0 ], [ 106262.094900000840425, 502217.13570000231266, 0.0 ], [ 106262.207100003957748, 502217.125499997287989, 0.0 ], [ 106262.263000007718801, 502217.121300004422665, 0.0 ], [ 106262.319100003689528, 502217.123000018298626, 0.0 ], [ 106262.431699998676777, 502217.126499995589256, 0.0 ], [ 106262.544500004500151, 502217.13060001283884, 0.0 ], [ 106262.656800009310246, 502217.134600002318621, 0.0 ], [ 106262.768200002610683, 502217.151800014078617, 0.0 ], [ 106262.879700008779764, 502217.169000014662743, 0.0 ], [ 106262.990900002419949, 502217.186100021004677, 0.0 ], [ 106263.100100003182888, 502217.214100010693073, 0.0 ], [ 106263.209399998188019, 502217.24210000038147, 0.0 ], [ 106263.263900000602007, 502217.256000027060509, 0.0 ], [ 106263.317299999296665, 502217.27360000833869, 0.0 ], [ 106263.423600003123283, 502217.311200000345707, 0.0 ], [ 106263.529800001531839, 502217.348700031638145, 0.0 ], [ 106263.632000006735325, 502217.396000016480684, 0.0 ], [ 106263.734400004148483, 502217.443300001323223, 0.0 ], [ 106263.836600001901388, 502217.490600012242794, 0.0 ], [ 106263.935500003397465, 502217.544800002127886, 0.0 ], [ 106266.666900001466274, 502219.043500021100044, 0.0 ], [ 106269.439000003039837, 502220.465800005942583, 0.0 ], [ 106272.249899998307228, 502221.80969999730587, 0.0 ], [ 106275.097500003874302, 502223.073900029063225, 0.0 ], [ 106277.483600009232759, 502223.966300021857023, 0.0 ], [ 106279.897300008684397, 502224.781100004911423, 0.0 ], [ 106282.335999999195337, 502225.517300006002188, 0.0 ], [ 106284.7972999997437, 502226.174200028181076, 0.0 ], [ 106287.278600007295609, 502226.751200005412102, 0.0 ], [ 106289.777300000190735, 502227.247600015252829, 0.0 ], [ 106292.290699999779463, 502227.662900004535913, 0.0 ], [ 106294.816199999302626, 502227.996600016951561, 0.0 ], [ 106297.351200006902218, 502228.248500000685453, 0.0 ], [ 106299.89299999922514, 502228.418200023472309, 0.0 ], [ 106302.439000003039837, 502228.50560000538826, 0.0 ], [ 106303.750100009143353, 502228.419600013643503, 0.0 ], [ 106305.057300005108118, 502228.287600003182888, 0.0 ], [ 106306.359100002795458, 502228.109600011259317, 0.0 ], [ 106307.653800003230572, 502227.886100023984909, 0.0 ], [ 106308.940000001341105, 502227.617100015282631, 0.0 ], [ 106309.585100002586842, 502227.266800034791231, 0.0 ], [ 106309.973000001162291, 502227.981100030243397, 0.0 ], [ 106311.04840000346303, 502227.388900008052588, 0.0 ], [ 106311.117400001734495, 502227.355500008910894, 0.0 ], [ 106311.189100008457899, 502227.327300000935793, 0.0 ], [ 106311.333100002259016, 502227.270700007677078, 0.0 ], [ 106311.40540000423789, 502227.244300018996, 0.0 ], [ 106311.478999998420477, 502227.22070001065731, 0.0 ], [ 106311.626200005412102, 502227.17339999973774, 0.0 ], [ 106311.776399999856949, 502227.135900009423494, 0.0 ], [ 106311.851400006562471, 502227.118000008165836, 0.0 ], [ 106311.927400000393391, 502227.103500034660101, 0.0 ], [ 106312.079300001263618, 502227.074400003999472, 0.0 ], [ 106312.1554000005126, 502227.061299998313189, 0.0 ], [ 106312.232100002467632, 502227.051899999380112, 0.0 ], [ 106312.385600000619888, 502227.033300008624792, 0.0 ], [ 106312.462400004267693, 502227.025400005280972, 0.0 ], [ 106312.539500001817942, 502227.021400019526482, 0.0 ], [ 106312.693999998271465, 502227.013400014489889, 0.0 ], [ 106312.771100003272295, 502227.012500002980232, 0.0 ], [ 106312.848299998790026, 502227.011599995195866, 0.0 ], [ 106313.002900004386902, 502227.015800002962351, 0.0 ], [ 106313.080000001937151, 502227.018000029027462, 0.0 ], [ 106313.1570999994874, 502227.024000015109777, 0.0 ], [ 106313.311000000685453, 502227.038999997079372, 0.0 ], [ 106313.387800004333258, 502227.046500019729137, 0.0 ], [ 106313.464300002902746, 502227.057800021022558, 0.0 ], [ 106313.616800002753735, 502227.083200015127659, 0.0 ], [ 106313.692999999970198, 502227.095899999141693, 0.0 ], [ 106313.76860000193119, 502227.11200001090765, 0.0 ], [ 106313.919400002807379, 502227.14580000564456, 0.0 ], [ 106314.067900002002716, 502227.189300023019314, 0.0 ], [ 106314.142000000923872, 502227.211000006645918, 0.0 ], [ 106314.215199999511242, 502227.235500019043684, 0.0 ], [ 106314.361000001430511, 502227.287300031632185, 0.0 ], [ 106314.433699999004602, 502227.313199996948242, 0.0 ], [ 106314.504999998956919, 502227.342699997127056, 0.0 ], [ 106314.646800011396408, 502227.404500022530556, 0.0 ], [ 106314.717599999159575, 502227.435400001704693, 0.0 ], [ 106314.786699999123812, 502227.469800010323524, 0.0 ], [ 106314.923900000751019, 502227.541200011968613, 0.0 ], [ 106314.992500003427267, 502227.576900012791157, 0.0 ], [ 106315.059200003743172, 502227.615799997001886, 0.0 ], [ 106318.769400008022785, 502229.851400028914213, 0.0 ], [ 106323.481699999421835, 502232.65480000525713, 0.0 ], [ 106325.206700015813112, 502233.681000009179115, 0.0 ], [ 106371.101500000804663, 502260.984499998390675, 0.0 ], [ 106369.516500007361174, 502263.648600000888109, 0.0 ], [ 106376.477900002151728, 502267.78990001231432, 0.0 ], [ 106378.062700003385544, 502265.125799994915724, 0.0 ], [ 106469.564699999988079, 502319.561600010842085, 0.0 ], [ 106472.11540000885725, 502321.514899995177984, 0.0 ], [ 106488.468600001186132, 502331.01170002669096, 0.0 ], [ 106489.416300013661385, 502331.577800009399652, 0.0 ], [ 106491.087000004947186, 502332.563900001347065, 0.0 ], [ 106443.28600000217557, 502413.68800000846386, 0.0 ], [ 106443.579800009727478, 502414.05910000577569, 0.0 ], [ 106443.886000003665686, 502414.420100003480911, 0.0 ], [ 106444.204100005328655, 502414.770700003951788, 0.0 ], [ 106444.53380000218749, 502415.11030000820756, 0.0 ], [ 106466.977899998426437, 502434.361000023782253, 0.0 ], [ 106531.328000001609325, 502472.312400005757809, 0.0 ], [ 106546.695500001311302, 502480.874200027436018, 0.0 ], [ 106548.074200000613928, 502478.399500008672476, 0.0 ], [ 106549.860400006175041, 502480.004699997603893, 0.0 ], [ 106553.353799998760223, 502481.994400016963482, 0.0 ], [ 106555.765900004655123, 502482.757400028407574, 0.0 ], [ 106577.287900015711784, 502494.04500000923872, 0.0 ], [ 106590.997300002723932, 502500.000100012868643, 0.0 ], [ 106592.991400003433228, 502500.866300016641617, 0.0 ], [ 106604.563299998641014, 502505.443199995905161, 0.0 ], [ 106610.738099999725819, 502508.478700004518032, 0.0 ], [ 106616.302700001746416, 502512.538999997079372, 0.0 ], [ 106621.879800003021955, 502516.02250000461936, 0.0 ], [ 106628.477000009268522, 502518.02760000154376, 0.0 ], [ 106641.140600003302097, 502523.944100018590689, 0.0 ], [ 106663.792000003159046, 502538.130500014871359, 0.0 ], [ 106667.359400015324354, 502539.763100020587444, 0.0 ], [ 106673.814899999648333, 502540.148399997502565, 0.0 ], [ 106698.479900002479553, 502554.960100010037422, 0.0 ], [ 106727.182799998670816, 502573.778299994766712, 0.0 ], [ 106733.789900001138449, 502578.110100015997887, 0.0 ], [ 106755.949900005012751, 502590.690100010484457, 0.0 ], [ 106763.269900001585484, 502595.760099999606609, 0.0 ], [ 106769.149900004267693, 502600.530100025236607, 0.0 ], [ 106778.109900005161762, 502608.480100009590387, 0.0 ], [ 106786.879900000989437, 502614.370100002735853, 0.0 ], [ 106792.339900013059378, 502616.820100016891956, 0.0 ], [ 106796.679900005459785, 502618.080100014805794, 0.0 ], [ 106807.029899999499321, 502619.740099996328354, 0.0 ], [ 106811.879900000989437, 502619.230099994689226, 0.0 ], [ 106828.169900000095367, 502617.300100021064281, 0.0 ], [ 106835.669900003820658, 502617.530100002884865, 0.0 ], [ 106843.989900000393391, 502618.620100013911724, 0.0 ], [ 106846.499899998307228, 502619.010100014507771, 0.0 ], [ 106852.689900003373623, 502620.890100002288818, 0.0 ], [ 106858.669900003820658, 502623.530100002884865, 0.0 ], [ 106862.009900003671646, 502625.410100020468235, 0.0 ], [ 106867.139900006353855, 502629.090100035071373, 0.0 ], [ 106871.269900001585484, 502633.230100028216839, 0.0 ], [ 106879.8699000030756, 502645.680100005120039, 0.0 ], [ 106886.009900003671646, 502654.290100019425154, 0.0 ], [ 106893.569899998605251, 502663.550100013613701, 0.0 ], [ 106900.229900006204844, 502670.600100010633469, 0.0 ], [ 106905.339900001883507, 502675.130100000649691, 0.0 ], [ 106910.109900005161762, 502678.680099997669458, 0.0 ], [ 106920.509900003671646, 502684.800100028514862, 0.0 ], [ 106927.309900015592575, 502687.910100005567074, 0.0 ], [ 106939.959899999201298, 502692.650100033730268, 0.0 ], [ 106943.779900003224611, 502693.880100023001432, 0.0 ], [ 106952.629900004714727, 502696.360100004822016, 0.0 ], [ 106960.079900000244379, 502698.030099999159575, 0.0 ], [ 106965.179900001734495, 502699.270099997520447, 0.0 ], [ 106979.259899999946356, 502703.370100021362305, 0.0 ], [ 106991.439900010824203, 502708.440100010484457, 0.0 ], [ 106999.999900002032518, 502712.88850000873208, 0.0 ], [ 107001.099899999797344, 502713.460100006312132, 0.0 ], [ 107024.349899999797344, 502726.660100016742945, 0.0 ], [ 107039.269900001585484, 502735.860100015997887, 0.0 ], [ 107044.44990000128746, 502739.020100027322769, 0.0 ], [ 107050.679900005459785, 502744.020100008696318, 0.0 ], [ 107059.209899999201298, 502751.760099995881319, 0.0 ], [ 107065.239900000393391, 502757.050099994987249, 0.0 ], [ 107070.649900004267693, 502761.43010002374649, 0.0 ], [ 107086.809900000691414, 502773.290100004523993, 0.0 ], [ 107096.969900004565716, 502779.800100021064281, 0.0 ], [ 107111.719900000840425, 502788.160099998116493, 0.0 ], [ 107127.849900010973215, 502796.130100008100271, 0.0 ], [ 107136.979899998754263, 502799.940099999308586, 0.0 ], [ 107144.529900006949902, 502802.940100025385618, 0.0 ], [ 107149.889900002628565, 502805.710100002586842, 0.0 ], [ 107168.459900002926588, 502815.460100010037422, 0.0 ], [ 107170.746900003403425, 502816.5540999956429, 0.0 ], [ 107177.652500007301569, 502820.829299997538328, 0.0 ], [ 107184.412599999457598, 502825.330900028347969, 0.0 ], [ 107191.019900005310774, 502830.054100014269352, 0.0 ], [ 107197.739900004118681, 502835.060100018978119, 0.0 ], [ 107204.90990000218153, 502841.160100009292364, 0.0 ], [ 107211.299900002777576, 502846.980099998414516, 0.0 ], [ 107216.319900002330542, 502851.960100032389164, 0.0 ], [ 107216.661800008267164, 502852.378700006753206, 0.0 ], [ 107216.989100005477667, 502852.808700013905764, 0.0 ], [ 107217.301600001752377, 502853.249700020998716, 0.0 ], [ 107217.598799999803305, 502853.701100017875433, 0.0 ], [ 107217.880499999970198, 502854.162399999797344, 0.0 ], [ 107218.146200008690357, 502854.633000005036592, 0.0 ], [ 107218.395600002259016, 502855.112499997019768, 0.0 ], [ 107218.628500007092953, 502855.600200012326241, 0.0 ], [ 107218.844700001180172, 502856.0956000238657, 0.0 ], [ 107219.043800003826618, 502856.598000019788742, 0.0 ], [ 107219.225499998778105, 502857.107000008225441, 0.0 ], [ 107219.389800000935793, 502857.621900033205748, 0.0 ], [ 107219.536299999803305, 502858.142100024968386, 0.0 ], [ 107219.66499999910593, 502858.667100012302399, 0.0 ], [ 107219.775699999183416, 502859.196100000292063, 0.0 ], [ 107219.868200000375509, 502859.728600010275841, 0.0 ], [ 107219.942499998956919, 502860.263900000602007, 0.0 ], [ 107219.998400002717972, 502860.801400009542704, 0.0 ], [ 107220.035900011658669, 502861.34060001373291, 0.0 ], [ 107220.055000003427267, 502861.880700014531612, 0.0 ], [ 107220.055600002408028, 502862.421200025826693, 0.0 ], [ 107220.03770000115037, 502862.961400002241135, 0.0 ], [ 107220.001400001347065, 502863.500599998980761, 0.0 ], [ 107219.946600001305342, 502864.038300007581711, 0.0 ], [ 107219.873500000685453, 502864.573800005018711, 0.0 ], [ 107219.782200008630753, 502865.106500003486872, 0.0 ], [ 107219.672700002789497, 502865.635700009763241, 0.0 ], [ 107219.545200005173683, 502866.160900015383959, 0.0 ], [ 107219.399700004607439, 502866.681500006467104, 0.0 ], [ 107219.236600004136562, 502867.196699995547533, 0.0 ], [ 107219.055900000035763, 502867.706100009381771, 0.0 ], [ 107235.358000002801418, 502870.069099996238947, 0.0 ], [ 107235.491300005465746, 502869.304900020360947, 0.0 ], [ 107235.65090000256896, 502868.545899994671345, 0.0 ], [ 107235.836599998176098, 502867.792900033295155, 0.0 ], [ 107236.048300009220839, 502867.046700034290552, 0.0 ], [ 107236.285600006580353, 502866.308300022035837, 0.0 ], [ 107236.54840000718832, 502865.578500028699636, 0.0 ], [ 107236.836199998855591, 502864.858300011605024, 0.0 ], [ 107237.148800004273653, 502864.148400001227856, 0.0 ], [ 107237.485700000077486, 502863.449800007045269, 0.0 ], [ 107237.846500005573034, 502862.763200007379055, 0.0 ], [ 107238.230900000780821, 502862.089600015431643, 0.0 ], [ 107238.638300001621246, 502861.429600022733212, 0.0 ], [ 107239.068400003015995, 502860.784100033342838, 0.0 ], [ 107239.520500000566244, 502860.153900008648634, 0.0 ], [ 107239.994100004434586, 502859.539600022137165, 0.0 ], [ 107240.488600000739098, 502858.942100018262863, 0.0 ], [ 107241.003499999642372, 502858.362100008875132, 0.0 ], [ 107241.538199998438358, 502857.800200019031763, 0.0 ], [ 107242.092000000178814, 502857.257200013846159, 0.0 ], [ 107242.664200004190207, 502856.733600024133921, 0.0 ], [ 107243.254200000315905, 502856.230100002139807, 0.0 ], [ 107243.861300002783537, 502855.747300013899803, 0.0 ], [ 107244.484600003808737, 502855.285800009965897, 0.0 ], [ 107245.123600002378225, 502854.846100009977818, 0.0 ], [ 107245.777399998158216, 502854.428800016641617, 0.0 ], [ 107246.445200007408857, 502854.034400004893541, 0.0 ], [ 107247.126200001686811, 502853.66320001706481, 0.0 ], [ 107247.819699998944998, 502853.315900001674891, 0.0 ], [ 107248.524800002574921, 502852.992700003087521, 0.0 ], [ 107249.240600012242794, 502852.694100018590689, 0.0 ], [ 107249.966300006955862, 502852.420400004833937, 0.0 ], [ 107250.70100000500679, 502852.171999994665384, 0.0 ], [ 107251.443900004029274, 502851.949099995195866, 0.0 ], [ 107252.194099999964237, 502851.75220000743866, 0.0 ], [ 107252.950599998235703, 502851.581200007349253, 0.0 ], [ 107253.712600007653236, 502851.43639999628067, 0.0 ], [ 107254.479200001806021, 502851.31810000538826, 0.0 ], [ 107255.249299999326468, 502851.226399999111891, 0.0 ], [ 107256.022200003266335, 502851.161400016397238, 0.0 ] ] ] ] } },
{ "type": "Feature", "properties": { "fid": 1160, "jrstatcode": "2026WK039609", "wk_code": "WK039609", "wk_naam": "Wijk 09 Hoogdorp en Waterakkers", "gm_code": "GM0396", "gm_naam": "Heemskerk", "water": "NEE", "jaar": "2026" }, "geometry": { "type": "MultiPolygon", "coordinates": [ [ [ [ 105386.903299998492002, 502422.154000017791986, 0.0 ], [ 105387.527399998158216, 502422.15149999782443, 0.0 ], [ 105388.151299998164177, 502422.169700022786856, 0.0 ], [ 105388.774300001561642, 502422.208600003272295, 0.0 ], [ 105389.395599998533726, 502422.268200002610683, 0.0 ], [ 105390.014600001275539, 502422.348400015383959, 0.0 ], [ 105390.63060000538826, 502422.449000008404255, 0.0 ], [ 105391.242900013923645, 502422.570099998265505, 0.0 ], [ 105391.993700016289949, 502422.740300003439188, 0.0 ], [ 105392.749800000339746, 502422.885200031101704, 0.0 ], [ 105393.510299999266863, 502423.004700023680925, 0.0 ], [ 105394.274300005286932, 502423.098700005561113, 0.0 ], [ 105395.04110000282526, 502423.167100001126528, 0.0 ], [ 105395.809800006449223, 502423.209700006991625, 0.0 ], [ 105396.5793999992311, 502423.226500023156404, 0.0 ], [ 105397.349200002849102, 502423.217500023543835, 0.0 ], [ 105398.118300002068281, 502423.182800017297268, 0.0 ], [ 105398.88570000231266, 502423.122300010174513, 0.0 ], [ 105399.650699999183416, 502423.036100000143051, 0.0 ], [ 105400.412399999797344, 502422.924400009214878, 0.0 ], [ 105401.17000000551343, 502422.78710001707077, 0.0 ], [ 105476.256999999284744, 502398.652000002563, 0.0 ], [ 105543.941900003701448, 502376.705000020563602, 0.0 ], [ 105585.332899998873472, 502363.227000020444393, 0.0 ], [ 105589.143899999558926, 502361.974000003188848, 0.0 ], [ 105592.993400003761053, 502360.844800014048815, 0.0 ], [ 105596.877399999648333, 502359.840500000864267, 0.0 ], [ 105600.791799999773502, 502358.962000023573637, 0.0 ], [ 105604.73250000551343, 502358.210400015115738, 0.0 ], [ 105608.695400003343821, 502357.586400005966425, 0.0 ], [ 105612.676399998366833, 502357.090700000524521, 0.0 ], [ 105616.671300005167723, 502356.723799996078014, 0.0 ], [ 105620.676000002771616, 502356.486100029200315, 0.0 ], [ 105624.686200004070997, 502356.377800025045872, 0.0 ], [ 105628.697900000959635, 502356.39910002797842, 0.0 ], [ 105636.214999999850988, 502357.080000024288893, 0.0 ], [ 105643.706000003963709, 502358.005800016224384, 0.0 ], [ 105651.16270000115037, 502359.175400011241436, 0.0 ], [ 105658.577300008386374, 502360.587700009346008, 0.0 ], [ 105665.941900007426739, 502362.241100005805492, 0.0 ], [ 105740.005899999290705, 502404.001100029796362, 0.0 ], [ 105740.602100003510714, 502404.314600009471178, 0.0 ], [ 105741.208400003612041, 502404.60810000449419, 0.0 ], [ 105741.824200000613928, 502404.881200008094311, 0.0 ], [ 105742.448800005018711, 502405.133500028401613, 0.0 ], [ 105743.081399999558926, 502405.364900004118681, 0.0 ], [ 105743.721400003880262, 502405.575000017881393, 0.0 ], [ 105744.368100002408028, 502405.763599995523691, 0.0 ], [ 105745.020700015127659, 502405.930600021034479, 0.0 ], [ 105745.67850000038743, 502406.075600020587444, 0.0 ], [ 105746.340799998492002, 502406.198700021952391, 0.0 ], [ 105747.006799999624491, 502406.299500003457069, 0.0 ], [ 105747.675800003111362, 502406.378100004047155, 0.0 ], [ 105748.347100004553795, 502406.434300001710653, 0.0 ], [ 105749.019900001585484, 502406.467999994754791, 0.0 ], [ 105749.693399999290705, 502406.479300014674664, 0.0 ], [ 105750.366900000721216, 502406.468099996447563, 0.0 ], [ 105750.969100005924702, 502406.438200015574694, 0.0 ], [ 105751.572000004351139, 502406.428200002759695, 0.0 ], [ 105752.174900002777576, 502406.438300017267466, 0.0 ], [ 105752.777199998497963, 502406.468400031328201, 0.0 ], [ 105753.378100000321865, 502406.518500030040741, 0.0 ], [ 105753.977000001817942, 502406.588600013405085, 0.0 ], [ 105754.57319999858737, 502406.678400002419949, 0.0 ], [ 105755.16610000282526, 502406.788100026547909, 0.0 ], [ 105755.755100000649691, 502406.917299997061491, 0.0 ], [ 105756.339400000870228, 502407.066099997609854, 0.0 ], [ 105756.918500002473593, 502407.234100002795458, 0.0 ], [ 105757.491700001060963, 502407.421300001442432, 0.0 ], [ 105758.058400005102158, 502407.627500001341105, 0.0 ], [ 105758.617800008505583, 502407.852300006896257, 0.0 ], [ 105759.169599998742342, 502408.09560002759099, 0.0 ], [ 105759.712900001555681, 502408.357100017368793, 0.0 ], [ 105776.688900001347065, 502418.051100004464388, 0.0 ], [ 105777.143899999558926, 502418.37210001796484, 0.0 ], [ 105777.588000003248453, 502418.707899998873472, 0.0 ], [ 105778.020899999886751, 502419.058000028133392, 0.0 ], [ 105778.44200000166893, 502419.42229999601841, 0.0 ], [ 105778.850900005549192, 502419.800200000405312, 0.0 ], [ 105779.247200004756451, 502420.191300008445978, 0.0 ], [ 105779.630400005728006, 502420.595200017094612, 0.0 ], [ 105780.000199999660254, 502421.011600006371737, 0.0 ], [ 105780.355999998748302, 502421.439800024032593, 0.0 ], [ 105780.697599999606609, 502421.879500024020672, 0.0 ], [ 105781.024500004947186, 502422.330200005322695, 0.0 ], [ 105781.336400002241135, 502422.791500002145767, 0.0 ], [ 105781.633000005036592, 502423.262699995189905, 0.0 ], [ 105781.913899999111891, 502423.743400029838085, 0.0 ], [ 105782.178900003433228, 502424.233100011944771, 0.0 ], [ 105782.484200000762939, 502424.814000003039837, 0.0 ], [ 105782.809000000357628, 502425.384300019592047, 0.0 ], [ 105783.152899999171495, 502425.94310000166297, 0.0 ], [ 105783.515600003302097, 502426.490000005811453, 0.0 ], [ 105783.896700002253056, 502427.024300001561642, 0.0 ], [ 105784.29560000449419, 502427.545400016009808, 0.0 ], [ 105784.712000001221895, 502428.052700005471706, 0.0 ], [ 105785.145300000905991, 502428.545499995350838, 0.0 ], [ 105785.595100000500679, 502429.023299999535084, 0.0 ], [ 105786.06080000847578, 502429.485699996352196, 0.0 ], [ 105786.542000014334917, 502429.931900020688772, 0.0 ], [ 105787.038000002503395, 502430.361600004136562, 0.0 ], [ 105787.548300009220839, 502430.774299997836351, 0.0 ], [ 105788.072299998253584, 502431.169300008565187, 0.0 ], [ 105788.609300006181002, 502431.546400003135204, 0.0 ], [ 105789.158900015056133, 502431.905100025236607, 0.0 ], [ 105801.495999999344349, 502439.045000001788139, 0.0 ], [ 105801.506600011140108, 502439.050299994647503, 0.0 ], [ 105801.706999998539686, 502439.150400016456842, 0.0 ], [ 105801.807200003415346, 502439.200299996882677, 0.0 ], [ 105801.817800004035234, 502439.205200023949146, 0.0 ], [ 105801.919599998742342, 502439.25220001488924, 0.0 ], [ 105802.124500002712011, 502439.343700014054775, 0.0 ], [ 105802.135000005364418, 502439.348300021141768, 0.0 ], [ 105802.145899999886751, 502439.352400023490191, 0.0 ], [ 105802.355800002813339, 502439.431400019675493, 0.0 ], [ 105802.45890000090003, 502439.470000009983778, 0.0 ], [ 105802.473600000143051, 502439.47510002553463, 0.0 ], [ 105802.577799998223782, 502439.510600008070469, 0.0 ], [ 105802.790800001472235, 502439.580300021916628, 0.0 ], [ 105802.802000004798174, 502439.583799999207258, 0.0 ], [ 105802.813100002706051, 502439.586700014770031, 0.0 ], [ 105803.030099999159575, 502439.643500000238419, 0.0 ], [ 105803.137200001627207, 502439.671500019729137, 0.0 ], [ 105803.151400003582239, 502439.674699999392033, 0.0 ], [ 105803.259100005030632, 502439.699400003999472, 0.0 ], [ 105803.478500001132488, 502439.746800005435944, 0.0 ], [ 105803.489700008183718, 502439.749100007116795, 0.0 ], [ 105803.500900004059076, 502439.750800020992756, 0.0 ], [ 105803.722900003194809, 502439.784399997442961, 0.0 ], [ 105803.831800006330013, 502439.800700001418591, 0.0 ], [ 105803.844400007277727, 502439.802199997007847, 0.0 ], [ 105803.956500004976988, 502439.815000023692846, 0.0 ], [ 105804.191400002688169, 502439.837200008332729, 0.0 ], [ 105804.312200006097555, 502439.848600000143051, 0.0 ], [ 105804.426399998366833, 502439.854500021785498, 0.0 ], [ 105804.662099998444319, 502439.863800004124641, 0.0 ], [ 105804.785100001841784, 502439.86310001462698, 0.0 ], [ 105804.897800009697676, 502439.859800018370152, 0.0 ], [ 105805.123400006443262, 502439.853100001811981, 0.0 ], [ 105805.133600004017353, 502439.852800007909536, 0.0 ], [ 105805.1435999982059, 502439.852000001817942, 0.0 ], [ 105805.368599999696016, 502439.832300011068583, 0.0 ], [ 105805.489000000059605, 502439.820500008761883, 0.0 ], [ 105805.602500002831221, 502439.804200004786253, 0.0 ], [ 105805.8361000046134, 502439.770900022238493, 0.0 ], [ 105805.955699998885393, 502439.751600027084351, 0.0 ], [ 105806.067600004374981, 502439.727800004184246, 0.0 ], [ 105806.298300001770258, 502439.678700029850006, 0.0 ], [ 105806.41720000654459, 502439.651099994778633, 0.0 ], [ 105806.526299998164177, 502439.619899995625019, 0.0 ], [ 105806.753100004047155, 502439.555000003427267, 0.0 ], [ 105806.870400004088879, 502439.51910001039505, 0.0 ], [ 105806.977100003510714, 502439.482100006192923, 0.0 ], [ 105807.199900012463331, 502439.40480001270771, 0.0 ], [ 105807.417400002479553, 502439.313399996608496, 0.0 ], [ 105807.525500003248453, 502439.266500007361174, 0.0 ], [ 105807.631499998271465, 502439.214900013059378, 0.0 ], [ 105807.843600001186132, 502439.111700024455786, 0.0 ], [ 105807.952400002628565, 502439.056300021708012, 0.0 ], [ 105808.051699999719858, 502439.001200020313263, 0.0 ], [ 105808.257800001651049, 502438.886599998921156, 0.0 ], [ 105808.456300005316734, 502438.759200017899275, 0.0 ], [ 105808.557900007814169, 502438.692300003021955, 0.0 ], [ 105808.650400001555681, 502438.62550000846386, 0.0 ], [ 105808.841600008308887, 502438.487399995326996, 0.0 ], [ 105808.935699999332428, 502438.416700024157763, 0.0 ], [ 105809.026400003582239, 502438.341400008648634, 0.0 ], [ 105809.207899998873472, 502438.190700016915798, 0.0 ], [ 105809.296999998390675, 502438.113800004124641, 0.0 ], [ 105809.3834000043571, 502438.033600021153688, 0.0 ], [ 105809.556200005114079, 502437.873100005090237, 0.0 ], [ 105809.806600004434586, 502437.756899997591972, 0.0 ], [ 105810.002599999308586, 502437.468100022524595, 0.0 ], [ 105810.265000004321337, 502437.07940000295639, 0.0 ], [ 105810.450300004333258, 502436.778800010681152, 0.0 ], [ 105810.489500001072884, 502436.715100023895502, 0.0 ], [ 105810.510800004005432, 502436.680500019341707, 0.0 ], [ 105810.523100003600121, 502436.66040002182126, 0.0 ], [ 105810.573700003325939, 502436.577800001949072, 0.0 ], [ 105812.981900002807379, 502432.647200033068657, 0.0 ], [ 105813.020000007003546, 502432.584999997168779, 0.0 ], [ 105827.435900010168552, 502431.065099995583296, 0.0 ], [ 105828.513900000602007, 502432.282100018113852, 0.0 ], [ 105829.991900000721216, 502433.310100011527538, 0.0 ], [ 105832.367000002413988, 502433.386100016534328, 0.0 ], [ 105832.684000000357628, 502433.318500015884638, 0.0 ], [ 105832.998700004070997, 502433.240000002086163, 0.0 ], [ 105833.310500003397465, 502433.150800000876188, 0.0 ], [ 105833.61879999935627, 502433.050999999046326, 0.0 ], [ 105833.923700001090765, 502432.940600011497736, 0.0 ], [ 105834.224700000137091, 502432.819800015538931, 0.0 ], [ 105834.521300002932549, 502432.688800014555454, 0.0 ], [ 105834.813200000673532, 502432.547600023448467, 0.0 ], [ 105835.100100003182888, 502432.396599996834993, 0.0 ], [ 105835.381700001657009, 502432.235700003802776, 0.0 ], [ 105835.657499998807907, 502432.065300017595291, 0.0 ], [ 105835.927400004118681, 502431.885600011795759, 0.0 ], [ 105836.190900001674891, 502431.696600023657084, 0.0 ], [ 105836.447700005024672, 502431.498799998313189, 0.0 ], [ 105836.6976000033319, 502431.292200028896332, 0.0 ], [ 105836.94030000269413, 502431.077200017869473, 0.0 ], [ 105837.175500009208918, 502430.853900022804737, 0.0 ], [ 105837.402800001204014, 502430.622800000011921, 0.0 ], [ 105837.622100006788969, 502430.383900005370378, 0.0 ], [ 105837.833100002259016, 502430.137700021266937, 0.0 ], [ 105838.035500004887581, 502429.884400017559528, 0.0 ], [ 105838.229000002145767, 502429.624200016260147, 0.0 ], [ 105838.413500007241964, 502429.357600010931492, 0.0 ], [ 105838.588800001889467, 502429.084800004959106, 0.0 ], [ 105838.754600003361702, 502428.80620002001524, 0.0 ], [ 105838.910700004547834, 502428.522000007331371, 0.0 ], [ 105839.057000003755093, 502428.232600003480911, 0.0 ], [ 105839.193200003355742, 502427.938400004059076, 0.0 ], [ 105839.319299999624491, 502427.639700021594763, 0.0 ], [ 105839.435000006109476, 502427.336799997836351, 0.0 ], [ 105839.540300000458956, 502427.030100021511316, 0.0 ], [ 105839.635000005364418, 502426.720000002533197, 0.0 ], [ 105841.443999998271465, 502421.552999999374151, 0.0 ], [ 105844.012000001966953, 502416.243000000715256, 0.0 ], [ 105846.967000003904104, 502410.038000017404556, 0.0 ], [ 105852.844999998807907, 502401.714000005275011, 0.0 ], [ 105855.445999998599291, 502396.731000017374754, 0.0 ], [ 105860.540000002831221, 502389.705000005662441, 0.0 ], [ 105864.962000001221895, 502382.167000025510788, 0.0 ], [ 105868.696000002324581, 502375.807000000029802, 0.0 ], [ 105874.708999998867512, 502364.74100000038743, 0.0 ], [ 105880.189000003039837, 502354.632000017911196, 0.0 ], [ 105883.964999999850988, 502346.918999996036291, 0.0 ], [ 105888.493000008165836, 502338.797000017017126, 0.0 ], [ 105896.136000003665686, 502325.953000027686357, 0.0 ], [ 105905.195000011473894, 502311.543999996036291, 0.0 ], [ 105911.789000000804663, 502299.235000032931566, 0.0 ], [ 105917.248000003397465, 502288.555999998003244, 0.0 ], [ 105917.276400003582239, 502287.868500031530857, 0.0 ], [ 105917.328700002282858, 502287.182300001382828, 0.0 ], [ 105917.405000001192093, 502286.498399998992682, 0.0 ], [ 105917.505100000649691, 502285.817600004374981, 0.0 ], [ 105917.629000000655651, 502285.140799999237061, 0.0 ], [ 105917.776399999856949, 502284.468599997460842, 0.0 ], [ 105917.947200000286102, 502283.802000023424625, 0.0 ], [ 105918.141200006008148, 502283.141800001263618, 0.0 ], [ 105918.358199998736382, 502282.488800019025803, 0.0 ], [ 105918.597800005227327, 502281.843699999153614, 0.0 ], [ 105918.859900001436472, 502281.207400016486645, 0.0 ], [ 105919.143900003284216, 502280.580699995160103, 0.0 ], [ 105919.449799999594688, 502279.964299995452166, 0.0 ], [ 105919.776900000870228, 502279.358900018036366, 0.0 ], [ 105920.125, 502278.765300016850233, 0.0 ], [ 105920.493700001388788, 502278.184300024062395, 0.0 ], [ 105920.882400002330542, 502277.616400010883808, 0.0 ], [ 105921.290700003504753, 502277.062500014901161, 0.0 ], [ 105921.718100000172853, 502276.523300021886826, 0.0 ], [ 105922.164099998772144, 502275.999200016260147, 0.0 ], [ 105922.628100000321865, 502275.491100020706654, 0.0 ], [ 105923.109600000083447, 502274.999500002712011, 0.0 ], [ 105923.608000002801418, 502274.525000024586916, 0.0 ], [ 105927.859000004827976, 502270.196000002324581, 0.0 ], [ 105935.030000004917383, 502257.955999996513128, 0.0 ], [ 105935.322100006043911, 502257.228000033646822, 0.0 ], [ 105935.589700002223253, 502256.490700021386147, 0.0 ], [ 105935.832500003278255, 502255.744800005108118, 0.0 ], [ 105936.050200000405312, 502254.991300001740456, 0.0 ], [ 105936.242600001394749, 502254.230899997055531, 0.0 ], [ 105936.409500002861023, 502253.464400008320808, 0.0 ], [ 105936.550700001418591, 502252.692900028079748, 0.0 ], [ 105936.666000004857779, 502251.917000025510788, 0.0 ], [ 105936.755300007760525, 502251.137700021266937, 0.0 ], [ 105936.818500000983477, 502250.355899997055531, 0.0 ], [ 105936.855600014328957, 502249.572400026023388, 0.0 ], [ 105936.866399999707937, 502248.788100007921457, 0.0 ], [ 105936.851000003516674, 502248.003800004720688, 0.0 ], [ 105936.809400003403425, 502247.22060002759099, 0.0 ], [ 105936.741700015962124, 502246.439099997282028, 0.0 ], [ 105936.647800002247095, 502245.660400006920099, 0.0 ], [ 105936.528000004589558, 502244.885200034826994, 0.0 ], [ 105936.38230000436306, 502244.114400006830692, 0.0 ], [ 105936.210999999195337, 502243.349000029265881, 0.0 ], [ 105935.271000005304813, 502234.635000009089708, 0.0 ], [ 105938.196000002324581, 502230.024999994784594, 0.0 ], [ 105939.54110000282526, 502227.899499997496605, 0.0 ], [ 105940.955899998545647, 502225.819800015538931, 0.0 ], [ 105942.438900005072355, 502223.788199998438358, 0.0 ], [ 105943.988500002771616, 502221.806800007820129, 0.0 ], [ 105945.602900002151728, 502219.877900034189224, 0.0 ], [ 105947.2804000005126, 502218.003600005060434, 0.0 ], [ 105949.019100002944469, 502216.186000000685453, 0.0 ], [ 105950.817099999636412, 502214.426999997347593, 0.0 ], [ 105952.672500003129244, 502212.728600032627583, 0.0 ], [ 105954.583099998533726, 502211.092700000852346, 0.0 ], [ 105956.547000002115965, 502209.521000012755394, 0.0 ], [ 105960.748000003397465, 502203.20099999755621, 0.0 ], [ 105969.774399999529123, 502192.141300030052662, 0.0 ], [ 105999.999900002032518, 502209.31120003387332, 0.0 ], [ 106015.49550000205636, 502218.113499995321035, 0.0 ], [ 106035.225999999791384, 502183.379000011831522, 0.0 ], [ 106038.336899999529123, 502177.983100011944771, 0.0 ], [ 106037.267000000923872, 502175.545000001788139, 0.0 ], [ 106036.280000001192093, 502172.352999996393919, 0.0 ], [ 106035.69200000166893, 502169.147000014781952, 0.0 ], [ 106035.373599998652935, 502164.889500010758638, 0.0 ], [ 106031.436700008809566, 502162.480099994689226, 0.0 ], [ 106042.949100002646446, 502143.056099995970726, 0.0 ], [ 106043.484900001436472, 502143.247100006788969, 0.0 ], [ 106046.115100000053644, 502144.614000014960766, 0.0 ], [ 106051.444000001996756, 502142.4290999956429, 0.0 ], [ 106054.206900004297495, 502141.461000021547079, 0.0 ], [ 106056.374899998307228, 502140.853000022470951, 0.0 ], [ 106060.157000001519918, 502140.373000018298626, 0.0 ], [ 106066.433699999004602, 502130.469700023531914, 0.0 ], [ 106089.265999998897314, 502144.826000019907951, 0.0 ], [ 106099.904200002551079, 502127.907199997454882, 0.0 ], [ 106100.964700002223253, 502126.269500002264977, 0.0 ], [ 106108.758000005036592, 502114.595000006258488, 0.0 ], [ 106120.800799999386072, 502097.240499999374151, 0.0 ], [ 106125.746000003069639, 502100.672000002115965, 0.0 ], [ 106197.55290000140667, 502000.000000007450581, 0.0 ], [ 106223.5489999987185, 501963.554000023752451, 0.0 ], [ 106234.692400015890598, 501948.188799995929003, 0.0 ], [ 106238.262800008058548, 501943.265800002962351, 0.0 ], [ 106241.453600000590086, 501938.866100024431944, 0.0 ], [ 106253.657000008970499, 501921.749000020325184, 0.0 ], [ 106279.870999999344349, 501884.932000011205673, 0.0 ], [ 106286.605900000780821, 501881.839899994432926, 0.0 ], [ 106284.99100000038743, 501878.958000008016825, 0.0 ], [ 106287.413100000470877, 501874.906999997794628, 0.0 ], [ 106289.262100003659725, 501874.952100023627281, 0.0 ], [ 106290.113900002092123, 501873.527500007301569, 0.0 ], [ 106289.193999998271465, 501871.928699996322393, 0.0 ], [ 106291.621399998664856, 501867.869100008159876, 0.0 ], [ 106312.800000000745058, 501839.569000001996756, 0.0 ], [ 106320.057000000029802, 501829.952000003308058, 0.0 ], [ 106328.374000005424023, 501819.243000011891127, 0.0 ], [ 106334.315000005066395, 501811.72800000756979, 0.0 ], [ 106340.874000005424023, 501803.662000007927418, 0.0 ], [ 106347.515000004321337, 501795.740000013262033, 0.0 ], [ 106351.252000004053116, 501791.60800002515316, 0.0 ], [ 106356.856200005859137, 501786.705600004643202, 0.0 ], [ 106359.714000005275011, 501784.347000017762184, 0.0 ], [ 106364.698000002652407, 501781.347000017762184, 0.0 ], [ 106369.564899999648333, 501779.762000031769276, 0.0 ], [ 106373.687899999320507, 501779.303100012242794, 0.0 ], [ 106381.585900012403727, 501779.314100012183189, 0.0 ], [ 106387.20890000462532, 501779.629099998623133, 0.0 ], [ 106390.294900003820658, 501780.215100005269051, 0.0 ], [ 106395.190900001674891, 501781.776100017130375, 0.0 ], [ 106399.855900008231401, 501784.058100026100874, 0.0 ], [ 106402.602900002151728, 501785.814099997282028, 0.0 ], [ 106411.809900000691414, 501792.140099994838238, 0.0 ], [ 106422.779900003224611, 501800.18010001257062, 0.0 ], [ 106431.599899999797344, 501806.950100019574165, 0.0 ], [ 106440.729900002479553, 501814.840100008994341, 0.0 ], [ 106449.099900007247925, 501822.370100025087595, 0.0 ], [ 106456.019900005310774, 501828.990100003778934, 0.0 ], [ 106464.369899999350309, 501837.670099999755621, 0.0 ], [ 106471.949900005012751, 501845.970099996775389, 0.0 ], [ 106480.759900003671646, 501855.240100014954805, 0.0 ], [ 106489.239900000393391, 501863.710100013762712, 0.0 ], [ 106496.289900001138449, 501870.270100023597479, 0.0 ], [ 106502.939900003373623, 501876.020100001245737, 0.0 ], [ 106514.889899998903275, 501885.430100008845329, 0.0 ], [ 106524.249900002032518, 501891.670100018382072, 0.0 ], [ 106534.669900000095367, 501897.610100004822016, 0.0 ], [ 106541.789900001138449, 501901.280100010335445, 0.0 ], [ 106549.779900006949902, 501905.000100005418062, 0.0 ], [ 106558.689899999648333, 501908.740100018680096, 0.0 ], [ 106565.499899998307228, 501911.050100013613701, 0.0 ], [ 106574.029900003224611, 501913.360100012272596, 0.0 ], [ 106581.849899999797344, 501914.970099996775389, 0.0 ], [ 106591.339900005608797, 501916.3800999969244, 0.0 ], [ 106603.239900004118681, 501917.760099999606609, 0.0 ], [ 106616.869800016283989, 501918.952500019222498, 0.0 ], [ 106616.973299998790026, 501918.96160002425313, 0.0 ], [ 106617.076600003987551, 501918.973200008273125, 0.0 ], [ 106617.282900005578995, 501918.99990002065897, 0.0 ], [ 106617.385999999940395, 501919.013300023972988, 0.0 ], [ 106617.488400008529425, 501919.031100019812584, 0.0 ], [ 106617.692800000309944, 501919.068800002336502, 0.0 ], [ 106617.894700009375811, 501919.119299996644258, 0.0 ], [ 106617.99550000205636, 501919.144500013440847, 0.0 ], [ 106618.095300003886223, 501919.173300009220839, 0.0 ], [ 106618.294100005179644, 501919.234699998050928, 0.0 ], [ 106618.393400002270937, 501919.265300009399652, 0.0 ], [ 106618.49100000411272, 501919.300800032913685, 0.0 ], [ 106618.685200002044439, 501919.375300001353025, 0.0 ], [ 106618.782200008630753, 501919.412600014358759, 0.0 ], [ 106618.877200003713369, 501919.454500015825033, 0.0 ], [ 106619.065900009125471, 501919.542000003159046, 0.0 ], [ 106619.160100009292364, 501919.585700009018183, 0.0 ], [ 106619.252099998295307, 501919.63400000333786, 0.0 ], [ 106619.434600003063679, 501919.734000023454428, 0.0 ], [ 106619.525700002908707, 501919.783900003880262, 0.0 ], [ 106619.614199999719858, 501919.838199995458126, 0.0 ], [ 106619.789600003510714, 501919.950100019574165, 0.0 ], [ 106619.877199999988079, 501920.006099998950958, 0.0 ], [ 106619.962000001221895, 501920.066000033169985, 0.0 ], [ 106620.129900004714727, 501920.188800010830164, 0.0 ], [ 106620.213900007307529, 501920.250100024044514, 0.0 ], [ 106626.296200003474951, 501912.924699995666742, 0.0 ], [ 106631.279899999499321, 501912.760100018233061, 0.0 ], [ 106636.299900006502867, 501912.460100013762712, 0.0 ], [ 106641.259900003671646, 501912.070100016891956, 0.0 ], [ 106646.252500001341105, 501911.549800008535385, 0.0 ], [ 106651.229900002479553, 501910.900100015103817, 0.0 ], [ 106656.189899999648333, 501910.130100004374981, 0.0 ], [ 106687.865899998694658, 501904.989100009202957, 0.0 ], [ 106706.531900007277727, 501901.921100009232759, 0.0 ], [ 106752.565900005400181, 501895.653099998831749, 0.0 ], [ 106790.716899998486042, 501890.489100027829409, 0.0 ], [ 106791.975900005549192, 501890.315000008791685, 0.0 ], [ 106793.239500008523464, 501890.17849999666214, 0.0 ], [ 106794.506700005382299, 501890.079799994826317, 0.0 ], [ 106794.782299999147654, 501890.092600021511316, 0.0 ], [ 106794.841300003230572, 501887.955000028014183, 0.0 ], [ 106794.77760000154376, 501885.193000018596649, 0.0 ], [ 106794.531300000846386, 501880.77590000629425, 0.0 ], [ 106794.382200006395578, 501874.729000005871058, 0.0 ], [ 106794.271800000220537, 501869.787400022149086, 0.0 ], [ 106794.246000003069639, 501864.291000004857779, 0.0 ], [ 106794.235800005495548, 501862.170700024813414, 0.0 ], [ 106794.22410000488162, 501859.723400007933378, 0.0 ], [ 106796.618400000035763, 501859.556800022721291, 0.0 ], [ 106796.689399998635054, 501859.551800008863211, 0.0 ], [ 106796.760800000280142, 501859.547300022095442, 0.0 ], [ 106796.83220000192523, 501859.542800020426512, 0.0 ], [ 106796.903500001877546, 501859.538300022482872, 0.0 ], [ 106796.939000003039837, 501859.535500019788742, 0.0 ], [ 106796.974199999123812, 501859.529800016433001, 0.0 ], [ 106797.044800002127886, 501859.518200032413006, 0.0 ], [ 106797.11540000513196, 501859.506600007414818, 0.0 ], [ 106797.152199998497963, 501859.499500025063753, 0.0 ], [ 106797.184799998998642, 501859.490499995648861, 0.0 ], [ 106797.253699999302626, 501859.471300017088652, 0.0 ], [ 106797.322599999606609, 501859.452199999243021, 0.0 ], [ 106797.356800004839897, 501859.442400004714727, 0.0 ], [ 106797.390100002288818, 501859.429400000721216, 0.0 ], [ 106797.456599999219179, 501859.403200000524521, 0.0 ], [ 106797.523200001567602, 501859.377100005745888, 0.0 ], [ 106797.589600007981062, 501859.351000018417835, 0.0 ], [ 106797.651599999517202, 501859.315499998629093, 0.0 ], [ 106797.713600002229214, 501859.280000016093254, 0.0 ], [ 106797.775700006633997, 501859.244400002062321, 0.0 ], [ 106797.837699998170137, 501859.208900019526482, 0.0 ], [ 106797.868500001728535, 501859.191600032150745, 0.0 ], [ 106798.403800006955862, 501858.61420001834631, 0.0 ], [ 106798.808899998664856, 501858.152999997138977, 0.0 ], [ 106799.229800008237362, 501857.706200014799833, 0.0 ], [ 106799.666000004857779, 501857.274300001561642, 0.0 ], [ 106800.116800002753735, 501856.857800010591745, 0.0 ], [ 106800.581800002604723, 501856.457200013101101, 0.0 ], [ 106801.060499999672174, 501856.072999995201826, 0.0 ], [ 106801.552200004458427, 501855.705600004643202, 0.0 ], [ 106802.056300010532141, 501855.355500016361475, 0.0 ], [ 106802.572300001978874, 501855.022999994456768, 0.0 ], [ 106803.200199998915195, 501854.667599998414516, 0.0 ], [ 106803.299600008875132, 501854.623100027441978, 0.0 ], [ 106803.49830000475049, 501854.534100018441677, 0.0 ], [ 106803.596700005233288, 501854.48800003528595, 0.0 ], [ 106803.692999999970198, 501854.437200006097555, 0.0 ], [ 106803.885600008070469, 501854.335600018501282, 0.0 ], [ 106803.985199999064207, 501854.280800011008978, 0.0 ], [ 106804.07430000975728, 501854.227500002831221, 0.0 ], [ 106804.261000003665686, 501854.115600004792213, 0.0 ], [ 106804.440400008112192, 501853.992200013250113, 0.0 ], [ 106804.529300015419722, 501853.929500006139278, 0.0 ], [ 106804.616300005465746, 501853.86420001834631, 0.0 ], [ 106804.7905000038445, 501853.733500011265278, 0.0 ], [ 106804.956399999558926, 501853.592499997466803, 0.0 ], [ 106805.038500003516674, 501853.521199997514486, 0.0 ], [ 106805.117500007152557, 501853.446400009095669, 0.0 ], [ 106805.275699999183416, 501853.296700000762939, 0.0 ], [ 106805.353199999779463, 501853.220500003546476, 0.0 ], [ 106805.427100002765656, 501853.140700001269579, 0.0 ], [ 106805.574900005012751, 501852.980900019407272, 0.0 ], [ 106805.647100005298853, 501852.89979999884963, 0.0 ], [ 106805.716600000858307, 501852.815900031477213, 0.0 ], [ 106805.855500005185604, 501852.648300021886826, 0.0 ], [ 106805.983600001782179, 501852.472100019454956, 0.0 ], [ 106806.046500001102686, 501852.383600022643805, 0.0 ], [ 106806.106899999082088, 501852.292900025844574, 0.0 ], [ 106806.227500002831221, 501852.111700013279915, 0.0 ], [ 106806.337000004947186, 501851.923500001430511, 0.0 ], [ 106806.390599999576807, 501851.828900031745434, 0.0 ], [ 106806.441700007766485, 501851.732700023800135, 0.0 ], [ 106806.515300001949072, 501851.592799998819828, 0.0 ], [ 106806.543299999088049, 501851.540200017392635, 0.0 ], [ 106806.579799998551607, 501851.472200017422438, 0.0 ], [ 106806.614900000393391, 501851.4031000174582, 0.0 ], [ 106806.685100004076958, 501851.265300028026104, 0.0 ], [ 106806.747400008141994, 501851.123800002038479, 0.0 ], [ 106806.777600005269051, 501851.052900012582541, 0.0 ], [ 106806.805799998342991, 501850.980800021439791, 0.0 ], [ 106806.862200003117323, 501850.83669999986887, 0.0 ], [ 106806.909699998795986, 501850.68960002809763, 0.0 ], [ 106806.932599999010563, 501850.615800008177757, 0.0 ], [ 106806.952300004661083, 501850.54109999537468, 0.0 ], [ 106806.991800002753735, 501850.391500029712915, 0.0 ], [ 106807.010000005364418, 501850.316600013524294, 0.0 ], [ 106807.02479999884963, 501850.240699995309114, 0.0 ], [ 106807.054200001060963, 501850.088800027966499, 0.0 ], [ 106807.067400004714727, 501850.012899998575449, 0.0 ], [ 106807.078000005334616, 501849.936200030148029, 0.0 ], [ 106807.098999999463558, 501849.783000018447638, 0.0 ], [ 106807.115699999034405, 501849.10130001604557, 0.0 ], [ 106807.108900003135204, 501848.41949999704957, 0.0 ], [ 106807.078600000590086, 501847.738300006836653, 0.0 ], [ 106807.024700004607439, 501847.058600012212992, 0.0 ], [ 106806.947399999946356, 501846.381100002676249, 0.0 ], [ 106806.846799999475479, 501845.706700015813112, 0.0 ], [ 106806.722900003194809, 501845.036200027912855, 0.0 ], [ 106806.575899999588728, 501844.37040001899004, 0.0 ], [ 106806.406000006943941, 501843.710099995136261, 0.0 ], [ 106821.10190000385046, 501839.040100015699863, 0.0 ], [ 106837.708000004291534, 501834.977000009268522, 0.0 ], [ 106838.331000003963709, 501834.768500007688999, 0.0 ], [ 106838.946400005370378, 501834.538700003176928, 0.0 ], [ 106839.553700007498264, 501834.288000032305717, 0.0 ], [ 106840.151900000870228, 501834.016500003635883, 0.0 ], [ 106840.740500003099442, 501833.724700022488832, 0.0 ], [ 106841.31870000064373, 501833.412799999117851, 0.0 ], [ 106841.885800007730722, 501833.081300001591444, 0.0 ], [ 106842.441300004720688, 501832.730400007218122, 0.0 ], [ 106842.984400004148483, 501832.360800005495548, 0.0 ], [ 106843.514400005340576, 501831.972599998116493, 0.0 ], [ 106844.030799999833107, 501831.566600017249584, 0.0 ], [ 106844.532999999821186, 501831.14300000295043, 0.0 ], [ 106853.797000002115965, 501823.791000004857779, 0.0 ], [ 106865.403000000864267, 501814.577000007033348, 0.0 ], [ 106878.818000003695488, 501802.706000030040741, 0.0 ], [ 106897.965999998152256, 501785.679000005125999, 0.0 ], [ 106909.849599998444319, 501779.015800006687641, 0.0 ], [ 106921.98590000346303, 501789.772100009024143, 0.0 ], [ 106930.421300001442432, 501797.296399995684624, 0.0 ], [ 106931.403999999165535, 501796.815100014209747, 0.0 ], [ 106938.355999998748302, 501793.409000005573034, 0.0 ], [ 106950.870000001043081, 501787.038000024855137, 0.0 ], [ 106962.00560000538826, 501781.052499998360872, 0.0 ], [ 106945.754900004714727, 501724.965100016444921, 0.0 ], [ 106940.980000004172325, 501708.550100021064281, 0.0 ], [ 106937.260000005364418, 501694.280000004917383, 0.0 ], [ 106930.150000002235174, 501671.160100013017654, 0.0 ], [ 106918.959900002926588, 501647.100099995732307, 0.0 ], [ 106899.579900003969669, 501618.820100020617247, 0.0 ], [ 106898.069899998605251, 501617.080100029706955, 0.0 ], [ 106872.749900002032518, 501592.000100009143353, 0.0 ], [ 106856.349900003522635, 501578.700100030750036, 0.0 ], [ 106839.94990000128746, 501567.110100001096725, 0.0 ], [ 106822.479900002479553, 501556.370100028812885, 0.0 ], [ 106804.219900000840425, 501546.430100034922361, 0.0 ], [ 106789.689899999648333, 501538.290099997073412, 0.0 ], [ 106779.65990000218153, 501530.970100019127131, 0.0 ], [ 106771.549900002777576, 501522.920100018382072, 0.0 ], [ 106764.009899999946356, 501512.750100012868643, 0.0 ], [ 106757.889900002628565, 501499.909999996423721, 0.0 ], [ 106754.550000004470348, 501486.320000015199184, 0.0 ], [ 106753.839999999850988, 501476.34000002220273, 0.0 ], [ 106754.120000004768372, 501473.840000011026859, 0.0 ], [ 106754.989999998360872, 501470.960000015795231, 0.0 ], [ 106757.506000004708767, 501465.288000013679266, 0.0 ], [ 106757.499200008809566, 501465.20600002259016, 0.0 ], [ 106757.485599998384714, 501465.042100008577108, 0.0 ], [ 106757.477400001138449, 501464.960600018501282, 0.0 ], [ 106757.466300003230572, 501464.879000015556812, 0.0 ], [ 106757.444200001657009, 501464.716000005602837, 0.0 ], [ 106757.411900006234646, 501464.554800029844046, 0.0 ], [ 106757.394800011068583, 501464.474500015377998, 0.0 ], [ 106757.374300006777048, 501464.394900031387806, 0.0 ], [ 106757.33330001309514, 501464.235700022429228, 0.0 ], [ 106757.311300002038479, 501464.156600009649992, 0.0 ], [ 106757.286499999463558, 501464.078200027346611, 0.0 ], [ 106757.236800003796816, 501463.921500001102686, 0.0 ], [ 106757.177400004118681, 501463.768100008368492, 0.0 ], [ 106757.146900001913309, 501463.691900014877319, 0.0 ], [ 106757.113000009208918, 501463.617000006139278, 0.0 ], [ 106757.045200001448393, 501463.467100020498037, 0.0 ], [ 106757.01010000705719, 501463.392900004982948, 0.0 ], [ 106756.9712999984622, 501463.320500019937754, 0.0 ], [ 106756.893700003623962, 501463.175600007176399, 0.0 ], [ 106756.85360000282526, 501463.104000013321638, 0.0 ], [ 106756.810000013560057, 501463.034299999475479, 0.0 ], [ 106756.722699999809265, 501462.894999999552965, 0.0 ], [ 106756.677800003439188, 501462.826400011777878, 0.0 ], [ 106756.629399999976158, 501462.759900007396936, 0.0 ], [ 106756.532600004225969, 501462.627000015228987, 0.0 ], [ 106756.4831000007689, 501462.561600010842085, 0.0 ], [ 106756.430300004780293, 501462.498500008136034, 0.0 ], [ 106756.324599999934435, 501462.372500006109476, 0.0 ], [ 106756.270700003951788, 501462.310600005090237, 0.0 ], [ 106756.213700000196695, 501462.251400016248226, 0.0 ], [ 106756.099599998444319, 501462.133000023663044, 0.0 ], [ 106756.041500002145767, 501462.074999995529652, 0.0 ], [ 106755.980599999427795, 501462.019899997860193, 0.0 ], [ 106755.858600005507469, 501461.909600012004375, 0.0 ], [ 106755.79670000448823, 501461.855700016021729, 0.0 ], [ 106755.732200007885695, 501461.804900016635656, 0.0 ], [ 106755.602900002151728, 501461.703200023621321, 0.0 ], [ 106755.537500005215406, 501461.65370000898838, 0.0 ], [ 106755.470100004225969, 501461.606600016355515, 0.0 ], [ 106755.335400007665157, 501461.512299999594688, 0.0 ], [ 106755.195000004023314, 501461.426800034940243, 0.0 ], [ 106755.124400001019239, 501461.384800016880035, 0.0 ], [ 106755.052400004118681, 501461.345100000500679, 0.0 ], [ 106754.908500000834465, 501461.265500001609325, 0.0 ], [ 106754.760000001639128, 501461.195000022649765, 0.0 ], [ 106754.685499999672174, 501461.160500023514032, 0.0 ], [ 106754.609400000423193, 501461.129300013184547, 0.0 ], [ 106754.457299999892712, 501461.067000012844801, 0.0 ], [ 106754.380700007081032, 501461.037200007587671, 0.0 ], [ 106754.302800003439188, 501461.011100009083748, 0.0 ], [ 106754.146900001913309, 501460.959000002592802, 0.0 ], [ 106754.067500002682209, 501460.934199996292591, 0.0 ], [ 106753.78770000115037, 501460.802500005811453, 0.0 ], [ 106753.693600002676249, 501460.757699999958277, 0.0 ], [ 106753.684400003403425, 501460.75330001488328, 0.0 ], [ 106753.580099999904633, 501460.706200007349253, 0.0 ], [ 106753.371400002390146, 501460.611900005489588, 0.0 ], [ 106753.157800003886223, 501460.529500007629395, 0.0 ], [ 106753.050599999725819, 501460.489499997347593, 0.0 ], [ 106752.942100003361702, 501460.452900014817715, 0.0 ], [ 106752.725099999457598, 501460.379700023680925, 0.0 ], [ 106752.504099998623133, 501460.320000011473894, 0.0 ], [ 106752.393300000578165, 501460.291400004178286, 0.0 ], [ 106752.281700003892183, 501460.26630000397563, 0.0 ], [ 106752.058200005441904, 501460.21610002964735, 0.0 ], [ 106751.83219999819994, 501460.179900016635656, 0.0 ], [ 106751.71900000795722, 501460.162899997085333, 0.0 ], [ 106751.60530000180006, 501460.151099994778633, 0.0 ], [ 106751.377500005066395, 501460.127299997955561, 0.0 ], [ 106751.263600006699562, 501460.117500003427267, 0.0 ], [ 106751.149300005286932, 501460.111800000071526, 0.0 ], [ 106750.920499999076128, 501460.100500009953976, 0.0 ], [ 106750.691700004041195, 501460.104700017720461, 0.0 ], [ 106750.577199999243021, 501460.106800001114607, 0.0 ], [ 106750.462999999523163, 501460.112500004470348, 0.0 ], [ 106750.234300002455711, 501460.126500032842159, 0.0 ], [ 106750.007200002670288, 501460.155100010335445, 0.0 ], [ 106749.893699999898672, 501460.169500008225441, 0.0 ], [ 106749.780900001525879, 501460.187999997287989, 0.0 ], [ 106749.555700000375509, 501460.229400001466274, 0.0 ], [ 106749.443200003355742, 501460.25, 0.0 ], [ 106749.331900000572205, 501460.2764000184834, 0.0 ], [ 106749.110100001096725, 501460.333300020545721, 0.0 ], [ 106748.99940000474453, 501460.361700005829334, 0.0 ], [ 106748.8902000002563, 501460.395600017160177, 0.0 ], [ 106748.672700002789497, 501460.467400014400482, 0.0 ], [ 106748.564000014215708, 501460.503300007432699, 0.0 ], [ 106748.457100003957748, 501460.54390000551939, 0.0 ], [ 106748.24380000680685, 501460.627500005066395, 0.0 ], [ 106748.036400005221367, 501460.724199999123812, 0.0 ], [ 106747.932600002735853, 501460.772600010037422, 0.0 ], [ 106747.830600000917912, 501460.824100002646446, 0.0 ], [ 106747.627100005745888, 501460.929600019007921, 0.0 ], [ 106747.430900000035763, 501461.047300022095442, 0.0 ], [ 106747.332700002938509, 501461.106300007551908, 0.0 ], [ 106747.236600004136562, 501461.168100021779537, 0.0 ], [ 106747.045300006866455, 501461.294299997389317, 0.0 ], [ 106746.862800002098083, 501461.432300020009279, 0.0 ], [ 106746.77140000090003, 501461.501300003379583, 0.0 ], [ 106746.682800002396107, 501461.573399994522333, 0.0 ], [ 106746.507699999958277, 501461.721099995076656, 0.0 ], [ 106746.420200005173683, 501461.794900014996529, 0.0 ], [ 106746.335900001227856, 501461.87219999730587, 0.0 ], [ 106746.16270000487566, 501462.033100020140409, 0.0 ], [ 106745.986099999397993, 501462.105600010603666, 0.0 ], [ 106745.900400009006262, 501462.140700023621321, 0.0 ], [ 106745.887800008058548, 501462.145500015467405, 0.0 ], [ 106745.801100000739098, 501462.178000006824732, 0.0 ], [ 106745.605900004506111, 501462.24830000847578, 0.0 ], [ 106745.423300001770258, 501462.301399998366833, 0.0 ], [ 106745.324700016528368, 501462.330100018531084, 0.0 ], [ 106745.231699999421835, 501462.353699997067451, 0.0 ], [ 106745.038100000470877, 501462.3986000046134, 0.0 ], [ 106744.936599999666214, 501462.422100033611059, 0.0 ], [ 106744.843700002878904, 501462.439000010490417, 0.0 ], [ 106744.647399999201298, 501462.470699995756149, 0.0 ], [ 106744.546000000089407, 501462.487000025808811, 0.0 ], [ 106744.450800001621246, 501462.497900020331144, 0.0 ], [ 106744.25279999896884, 501462.516600027680397, 0.0 ], [ 106744.158700000494719, 501462.525499999523163, 0.0 ], [ 106744.146700002253056, 501462.526200003921986, 0.0 ], [ 106744.054700005799532, 501462.531000025570393, 0.0 ], [ 106743.866400007158518, 501462.538500018417835, 0.0 ], [ 106743.855900004506111, 501462.538900014013052, 0.0 ], [ 106743.845100004225969, 501462.538799997419119, 0.0 ], [ 106743.657200016081333, 501462.535600028932095, 0.0 ], [ 106743.565500002354383, 501462.532900016754866, 0.0 ], [ 106743.55290000140667, 501462.532500021159649, 0.0 ], [ 106743.45890000462532, 501462.525700017809868, 0.0 ], [ 106743.260600000619888, 501462.511300019919872, 0.0 ], [ 106743.158100001513958, 501462.502200029790401, 0.0 ], [ 106743.063200004398823, 501462.489000007510185, 0.0 ], [ 106742.866300001740456, 501462.461800009012222, 0.0 ], [ 106742.77309999987483, 501462.446899998933077, 0.0 ], [ 106742.761000003665686, 501462.445000007748604, 0.0 ], [ 106742.670700002461672, 501462.42730001360178, 0.0 ], [ 106742.486900005489588, 501462.391100011765957, 0.0 ], [ 106742.475700002163649, 501462.388900011777878, 0.0 ], [ 106742.464300002902746, 501462.386099997907877, 0.0 ], [ 106742.283300001174212, 501462.338700011372566, 0.0 ], [ 106742.194600004702806, 501462.314300000667572, 0.0 ], [ 106742.182900004088879, 501462.311100017279387, 0.0 ], [ 106742.09290000423789, 501462.282200019806623, 0.0 ], [ 106741.903600003570318, 501462.221500020474195, 0.0 ], [ 106741.814100001007318, 501462.19080002233386, 0.0 ], [ 106741.802800010889769, 501462.186999995261431, 0.0 ], [ 106741.716699998825788, 501462.154100008308887, 0.0 ], [ 106741.5422000028193, 501462.087400011718273, 0.0 ], [ 106741.531000003218651, 501462.083100002259016, 0.0 ], [ 106741.520200002938509, 501462.078300021588802, 0.0 ], [ 106741.350000005215406, 501462.000700004398823, 0.0 ], [ 106741.256500001996756, 501461.956899996846914, 0.0 ], [ 106741.172000005841255, 501461.912700019776821, 0.0 ], [ 106740.995800003409386, 501461.820600003004074, 0.0 ], [ 106740.904500000178814, 501461.770799998193979, 0.0 ], [ 106740.823100000619888, 501461.722600031644106, 0.0 ], [ 106740.662100002169609, 501461.627100013196468, 0.0 ], [ 106740.652100000530481, 501461.621200032532215, 0.0 ], [ 106740.642499998211861, 501461.614799998700619, 0.0 ], [ 106740.487799998372793, 501461.509300008416176, 0.0 ], [ 106740.403900004923344, 501461.450800009071827, 0.0 ], [ 106740.327300004661083, 501461.392299994826317, 0.0 ], [ 106740.169300004839897, 501461.271499998867512, 0.0 ], [ 106740.088500004261732, 501461.207400001585484, 0.0 ], [ 106740.016699999570847, 501461.144600030034781, 0.0 ], [ 106739.866999998688698, 501461.013700004667044, 0.0 ], [ 106739.793600004166365, 501460.946900006383657, 0.0 ], [ 106739.723700016736984, 501460.876400016248226, 0.0 ], [ 106734.4054000005126, 501455.507400017231703, 0.0 ], [ 106734.199999999254942, 501455.300000015646219, 0.0 ], [ 106722.469900000840425, 501440.170100003480911, 0.0 ], [ 106710.819900002330542, 501427.850100003182888, 0.0 ], [ 106702.852300003170967, 501419.692600015550852, 0.0 ], [ 106677.819100003689528, 501394.062699999660254, 0.0 ], [ 106669.91890000924468, 501386.986600015312433, 0.0 ], [ 106662.420400001108646, 501382.094300024211407, 0.0 ], [ 106656.775100000202656, 501379.45990002527833, 0.0 ], [ 106649.071800004690886, 501376.517100010067225, 0.0 ], [ 106641.126600008457899, 501373.827199999243021, 0.0 ], [ 106632.452300015836954, 501371.754399996250868, 0.0 ], [ 106622.940500006079674, 501370.195199999958277, 0.0 ], [ 106597.975700002163649, 501367.065700009465218, 0.0 ], [ 106588.038600005209446, 501363.853700004518032, 0.0 ], [ 106579.680900000035763, 501358.485100004822016, 0.0 ], [ 106573.664099998772144, 501350.300200000405312, 0.0 ], [ 106570.324900005012751, 501338.250200007110834, 0.0 ], [ 106569.212600000202656, 501326.250900026410818, 0.0 ], [ 106567.037900000810623, 501315.79559999704361, 0.0 ], [ 106563.961400002241135, 501306.138200018554926, 0.0 ], [ 106562.705899998545647, 501302.72460001707077, 0.0 ], [ 106558.553700000047684, 501293.398799996823072, 0.0 ], [ 106552.546799998730421, 501285.559400022029877, 0.0 ], [ 106544.946800000965595, 501279.775500003248453, 0.0 ], [ 106536.070500001311302, 501275.036000028252602, 0.0 ], [ 106526.02870000526309, 501271.610400006175041, 0.0 ], [ 106513.882000010460615, 501269.316300004720688, 0.0 ], [ 106503.769400000572205, 501268.93690000474453, 0.0 ], [ 106499.543499998748302, 501269.058300003409386, 0.0 ], [ 106489.475600000470877, 501268.599999997764826, 0.0 ], [ 106478.443999998271465, 501279.279000021517277, 0.0 ], [ 106478.087000001221895, 501279.62500000372529, 0.0 ], [ 106463.141000010073185, 501293.686000015586615, 0.0 ], [ 106462.850000001490116, 501293.641000032424927, 0.0 ], [ 106462.859000004827976, 501293.573000032454729, 0.0 ], [ 106461.856000002473593, 501293.424000013619661, 0.0 ], [ 106461.377999998629093, 501292.960000019520521, 0.0 ], [ 106459.456000003963709, 501294.602000009268522, 0.0 ], [ 106450.859000001102686, 501301.941000003367662, 0.0 ], [ 106442.664000000804663, 501308.909000027924776, 0.0 ], [ 106442.333000000566244, 501309.172000013291836, 0.0 ], [ 106438.665000006556511, 501304.981000002473593, 0.0 ], [ 106428.852000005543232, 501313.692000020295382, 0.0 ], [ 106430.934999998658895, 501316.048000022768974, 0.0 ], [ 106417.651000004261732, 501327.773000027984381, 0.0 ], [ 106416.754000004380941, 501328.565000016242266, 0.0 ], [ 106415.195000011473894, 501328.584000017493963, 0.0 ], [ 106415.843000002205372, 501329.394000008702278, 0.0 ], [ 106415.724000006914139, 501329.504000000655651, 0.0 ], [ 106417.881000004708767, 501331.949999999254942, 0.0 ], [ 106417.608000002801418, 501332.129999998956919, 0.0 ], [ 106417.986000005155802, 501332.538999997079372, 0.0 ], [ 106414.696000006049871, 501335.734000008553267, 0.0 ], [ 106410.920000001788139, 501339.540000014007092, 0.0 ], [ 106410.084000002592802, 501340.26000002399087, 0.0 ], [ 106406.760000005364418, 501343.120000019669533, 0.0 ], [ 106392.271000005304813, 501355.690000001341105, 0.0 ], [ 106387.510000001639128, 501359.820000007748604, 0.0 ], [ 106382.840000003576279, 501363.859999995678663, 0.0 ], [ 106382.707000002264977, 501363.975000016391277, 0.0 ], [ 106380.380000002682209, 501365.989999994635582, 0.0 ], [ 106365.770000003278255, 501383.100000005215406, 0.0 ], [ 106364.20100000500679, 501381.749000016599894, 0.0 ], [ 106357.089999999850988, 501390.120000019669533, 0.0 ], [ 106357.379999998956919, 501390.360000014305115, 0.0 ], [ 106356.034000001847744, 501391.937000010162592, 0.0 ], [ 106350.127000015228987, 501398.838000018149614, 0.0 ], [ 106346.345000013709068, 501403.327999997884035, 0.0 ], [ 106340.477000005543232, 501410.093000005930662, 0.0 ], [ 106339.610000003129244, 501411.13000001758337, 0.0 ], [ 106340.150000002235174, 501411.610000018030405, 0.0 ], [ 106338.230000007897615, 501413.860000021755695, 0.0 ], [ 106336.360000003129244, 501416.060000017285347, 0.0 ], [ 106334.430000003427267, 501418.310000017285347, 0.0 ], [ 106333.190000005066395, 501419.760000001639128, 0.0 ], [ 106330.339999999850988, 501423.100000001490116, 0.0 ], [ 106326.450000014156103, 501427.650000017136335, 0.0 ], [ 106325.540000002831221, 501428.710000019520521, 0.0 ], [ 106325.510000005364418, 501428.75, 0.0 ], [ 106323.377000007778406, 501431.190000001341105, 0.0 ], [ 106322.504000004380941, 501432.212999995797873, 0.0 ], [ 106318.619000002741814, 501436.763999994844198, 0.0 ], [ 106317.583000004291534, 501437.977000001817942, 0.0 ], [ 106314.856000002473593, 501441.171000029891729, 0.0 ], [ 106309.708999998867512, 501447.201999999582767, 0.0 ], [ 106302.653999999165535, 501441.17500001937151, 0.0 ], [ 106298.800000008195639, 501437.750000011175871, 0.0 ], [ 106297.719999998807907, 501436.850000012665987, 0.0 ], [ 106293.593000002205372, 501433.327000021934509, 0.0 ], [ 106289.578000005334616, 501429.900000005960464, 0.0 ], [ 106289.495999999344349, 501429.99099999666214, 0.0 ], [ 106289.422000002115965, 501429.924000021070242, 0.0 ], [ 106268.211000002920628, 501453.318999994546175, 0.0 ], [ 106263.19200000166893, 501458.883000016212463, 0.0 ], [ 106228.261000003665686, 501497.492000013589859, 0.0 ], [ 106226.946000002324581, 501498.935000017285347, 0.0 ], [ 106225.98200000077486, 501500.000000029802322, 0.0 ], [ 106206.320999998599291, 501521.714000016450882, 0.0 ], [ 106205.010000001639128, 501523.162000019103289, 0.0 ], [ 106175.353000000119209, 501556.029000014066696, 0.0 ], [ 106171.752000000327826, 501559.997999995946884, 0.0 ], [ 106172.541000004857779, 501560.769000001251698, 0.0 ], [ 106180.660000003874302, 501568.750000007450581, 0.0 ], [ 106186.780000001192093, 501575.310000021010637, 0.0 ], [ 106194.590000003576279, 501582.63000001013279, 0.0 ], [ 106196.929999999701977, 501584.680000014603138, 0.0 ], [ 106190.180000003427267, 501593.840000003576279, 0.0 ], [ 106187.070000000298023, 501597.690000016242266, 0.0 ], [ 106185.38459999859333, 501599.903100002557039, 0.0 ], [ 106182.949999999254942, 501603.100000008940697, 0.0 ], [ 106175.760000001639128, 501612.740000009536743, 0.0 ], [ 106148.004000000655651, 501588.378000006079674, 0.0 ], [ 106145.758000001311302, 501590.863000005483627, 0.0 ], [ 106143.348000004887581, 501588.672000013291836, 0.0 ], [ 106078.950000002980232, 501659.865000002086163, 0.0 ], [ 106076.160000000149012, 501659.951000019907951, 0.0 ], [ 106075.066000007092953, 501661.17900000885129, 0.0 ], [ 106075.255000002682209, 501663.943000018596649, 0.0 ], [ 106048.646000001579523, 501693.339999996125698, 0.0 ], [ 106051.332000002264977, 501695.262000005692244, 0.0 ], [ 106070.284000001847744, 501708.66600001975894, 0.0 ], [ 106073.120000004768372, 501710.720999997109175, 0.0 ], [ 106073.209000006318092, 501710.785000022500753, 0.0 ], [ 106087.890000000596046, 501721.425999999046326, 0.0 ], [ 106080.331999998539686, 501731.831000011414289, 0.0 ], [ 106080.27700001001358, 501731.791000001132488, 0.0 ], [ 106080.243000004440546, 501731.766000002622604, 0.0 ], [ 106076.263000011444092, 501737.255000006407499, 0.0 ], [ 106075.820000000298023, 501736.934000004082918, 0.0 ], [ 106070.00900000333786, 501745.00000000372529, 0.0 ], [ 106074.863000005483627, 501748.564000003039837, 0.0 ], [ 106067.627000007778406, 501758.199000019580126, 0.0 ], [ 106066.530000004917383, 501759.660000000149012, 0.0 ], [ 106056.010000001639128, 501773.690000019967556, 0.0 ], [ 106050.852000005543232, 501780.717000026255846, 0.0 ], [ 106048.640000000596046, 501783.730000019073486, 0.0 ], [ 106043.280000004917383, 501790.71000000834465, 0.0 ], [ 106039.350000008940697, 501796.26000002771616, 0.0 ], [ 106034.794000003486872, 501802.292000018060207, 0.0 ], [ 106032.930000003427267, 501804.76000002399087, 0.0 ], [ 105992.953999999910593, 501785.642000015825033, 0.0 ], [ 105985.590000003576279, 501782.120000004768372, 0.0 ], [ 105980.750999998301268, 501780.102000005543232, 0.0 ], [ 105981.061999998986721, 501779.199000015854836, 0.0 ], [ 105980.421000003814697, 501778.964000020176172, 0.0 ], [ 105979.815000005066395, 501779.073000017553568, 0.0 ], [ 105979.199999999254942, 501779.118999995291233, 0.0 ], [ 105978.584000002592802, 501779.102000001817942, 0.0 ], [ 105977.974000003188848, 501779.022000007331371, 0.0 ], [ 105977.374000001698732, 501778.881000008434057, 0.0 ], [ 105976.792000003159046, 501778.679000001400709, 0.0 ], [ 105976.126000002026558, 501778.425000004470348, 0.0 ], [ 105974.487000003457069, 501777.800999995321035, 0.0 ], [ 105969.789000000804663, 501775.931000031530857, 0.0 ], [ 105957.736999999731779, 501771.114000014960766, 0.0 ], [ 105952.607999999076128, 501769.083000011742115, 0.0 ], [ 105948.964000005275011, 501767.640000008046627, 0.0 ], [ 105936.88399999961257, 501762.844000000506639, 0.0 ], [ 105933.32600000500679, 501761.431000009179115, 0.0 ], [ 105928.2010000012815, 501759.396000016480684, 0.0 ], [ 105925.930000007152557, 501758.491000019013882, 0.0 ], [ 105913.88400000333786, 501753.690999995917082, 0.0 ], [ 105905.050000004470348, 501750.000000011175871, 0.0 ], [ 105901.178000003099442, 501748.381999995559454, 0.0 ], [ 105889.961000002920628, 501743.595000002533197, 0.0 ], [ 105882.982999999076128, 501740.461000025272369, 0.0 ], [ 105877.798000000417233, 501738.009000029414892, 0.0 ], [ 105873.515000004321337, 501735.982999999076128, 0.0 ], [ 105860.359000004827976, 501729.869000006467104, 0.0 ], [ 105857.440000008791685, 501728.42000000551343, 0.0 ], [ 105855.833000004291534, 501727.631000023335218, 0.0 ], [ 105855.656000003218651, 501727.544000022113323, 0.0 ], [ 105851.788000002503395, 501725.651000026613474, 0.0 ], [ 105847.525000002235174, 501723.566000010818243, 0.0 ], [ 105846.774999998509884, 501723.154000021517277, 0.0 ], [ 105831.511000003665686, 501715.565000019967556, 0.0 ], [ 105825.736000001430511, 501712.536000020802021, 0.0 ], [ 105812.917000003159046, 501705.547999996691942, 0.0 ], [ 105807.973000001162291, 501702.654000014066696, 0.0 ], [ 105804.580000001937151, 501700.600000020116568, 0.0 ], [ 105799.660999998450279, 501697.553000003099442, 0.0 ], [ 105786.704000003635883, 501689.141000006347895, 0.0 ], [ 105783.972000002861023, 501687.305000014603138, 0.0 ], [ 105769.885999999940395, 501677.838000003248453, 0.0 ], [ 105752.778000004589558, 501666.370000027120113, 0.0 ], [ 105741.983000006526709, 501659.246000003069639, 0.0 ], [ 105739.675000004470348, 501657.728000033646822, 0.0 ], [ 105735.728999998420477, 501655.132000032812357, 0.0 ], [ 105733.022000003606081, 501653.366000022739172, 0.0 ], [ 105732.265000004321337, 501652.881000019609928, 0.0 ], [ 105726.422000002115965, 501649.138000003993511, 0.0 ], [ 105713.757000003010035, 501641.303000010550022, 0.0 ], [ 105709.239000000059605, 501638.533000007271767, 0.0 ], [ 105695.142000004649162, 501630.088000006973743, 0.0 ], [ 105694.254999998956919, 501629.550000015646219, 0.0 ], [ 105682.989999998360872, 501622.915000025182962, 0.0 ], [ 105678.793999999761581, 501620.547999996691942, 0.0 ], [ 105667.285999998450279, 501614.02300002425909, 0.0 ], [ 105666.71000000461936, 501613.701000027358532, 0.0 ], [ 105662.399000000208616, 501611.296000022441149, 0.0 ], [ 105661.159000001847744, 501610.570000000298023, 0.0 ], [ 105660.614999998360872, 501610.258000016212463, 0.0 ], [ 105645.096000004559755, 501601.899000033736229, 0.0 ], [ 105644.810000002384186, 501601.730000030249357, 0.0 ], [ 105642.175999999046326, 501599.903000026941299, 0.0 ], [ 105637.612000003457069, 501596.935000006109476, 0.0 ], [ 105636.666000004857779, 501596.320000026375055, 0.0 ], [ 105636.465999998152256, 501596.190000008791685, 0.0 ], [ 105633.4510000012815, 501594.230000011622906, 0.0 ], [ 105627.364000000059605, 501589.906000003218651, 0.0 ], [ 105627.169000003486872, 501589.735000018030405, 0.0 ], [ 105627.026999998837709, 501589.518000014126301, 0.0 ], [ 105626.947000004351139, 501589.270999997854233, 0.0 ], [ 105626.839000001549721, 501588.760999996215105, 0.0 ], [ 105626.530000001192093, 501587.303000021725893, 0.0 ], [ 105626.453000005334616, 501587.050000008195639, 0.0 ], [ 105626.309999998658895, 501586.828000031411648, 0.0 ], [ 105626.111999999731779, 501586.65200000628829, 0.0 ], [ 105620.784000005573034, 501582.764000002294779, 0.0 ], [ 105615.489999998360872, 501578.829000007361174, 0.0 ], [ 105610.232000004500151, 501574.847000021487474, 0.0 ], [ 105605.00899999961257, 501570.818000003695488, 0.0 ], [ 105604.838000003248453, 501570.716000016778708, 0.0 ], [ 105604.647999998182058, 501570.657000005245209, 0.0 ], [ 105604.450000006705523, 501570.646000009030104, 0.0 ], [ 105604.254000004380941, 501570.683000013232231, 0.0 ], [ 105603.198000006377697, 501570.886000003665686, 0.0 ], [ 105602.471999999135733, 501571.026000022888184, 0.0 ], [ 105602.21000000461936, 501571.004000026732683, 0.0 ], [ 105601.958000000566244, 501570.930000003427267, 0.0 ], [ 105601.726000003516674, 501570.807000007480383, 0.0 ], [ 105600.140000000596046, 501569.600000023841858, 0.0 ], [ 105587.112000003457069, 501559.686000011861324, 0.0 ], [ 105586.200000002980232, 501559.018000017851591, 0.0 ], [ 105586.015000004321337, 501558.819000016897917, 0.0 ], [ 105585.887000001966953, 501558.578000023961067, 0.0 ], [ 105585.824999999254942, 501558.313000004738569, 0.0 ], [ 105585.804999999701977, 501557.50899999588728, 0.0 ], [ 105585.787000007927418, 501556.772000003606081, 0.0 ], [ 105585.743999999016523, 501556.523000005632639, 0.0 ], [ 105585.638000003993511, 501556.293000023812056, 0.0 ], [ 105585.476000003516674, 501556.098000012338161, 0.0 ], [ 105576.311000004410744, 501549.18400002643466, 0.0 ], [ 105573.188000001013279, 501546.910000022500753, 0.0 ], [ 105565.813000001013279, 501541.754000015556812, 0.0 ], [ 105555.170000001788139, 501534.818999994546175, 0.0 ], [ 105546.164000004529953, 501529.099000014364719, 0.0 ], [ 105544.493999999016523, 501529.507000029087067, 0.0 ], [ 105543.521000001579523, 501529.744000032544136, 0.0 ], [ 105538.521000005304813, 501526.541000016033649, 0.0 ], [ 105538.29500000551343, 501525.50000000372529, 0.0 ], [ 105537.945000004023314, 501523.888999994844198, 0.0 ], [ 105515.809000004082918, 501509.856000013649464, 0.0 ], [ 105500.0, 501499.890999995172024, 0.0 ], [ 105490.222000002861023, 501493.729000013321638, 0.0 ], [ 105489.943999998271465, 501493.555000010877848, 0.0 ], [ 105485.0760000012815, 501490.505000028759241, 0.0 ], [ 105481.644000004976988, 501488.419000029563904, 0.0 ], [ 105466.217999998480082, 501478.895999997854233, 0.0 ], [ 105465.971999999135733, 501478.778000015765429, 0.0 ], [ 105465.703999999910593, 501478.727000009268522, 0.0 ], [ 105465.432000000029802, 501478.745000012218952, 0.0 ], [ 105463.489999998360872, 501479.254000030457973, 0.0 ], [ 105463.224000006914139, 501479.291000008583069, 0.0 ], [ 105462.958000004291534, 501479.252000022679567, 0.0 ], [ 105462.713000003248453, 501479.140000022947788, 0.0 ], [ 105461.475000005215406, 501478.344000019133091, 0.0 ], [ 105460.832000002264977, 501478.005000002682209, 0.0 ], [ 105460.280000001192093, 501477.692000020295382, 0.0 ], [ 105459.243000004440546, 501477.03999999538064, 0.0 ], [ 105458.245999999344349, 501476.329000014811754, 0.0 ], [ 105457.291000004857779, 501475.561999995261431, 0.0 ], [ 105456.381999999284744, 501474.741000033915043, 0.0 ], [ 105455.772000003606081, 501474.113000009208918, 0.0 ], [ 105455.203000005334616, 501473.447000008076429, 0.0 ], [ 105454.676000002771616, 501472.748000033199787, 0.0 ], [ 105454.193999998271465, 501472.016999997198582, 0.0 ], [ 105453.75899999961257, 501471.257000014185905, 0.0 ], [ 105453.570000004023314, 501470.888000000268221, 0.0 ], [ 105453.543000005185604, 501470.810999996960163, 0.0 ], [ 105453.480000004172325, 501470.631999995559454, 0.0 ], [ 105447.048600003123283, 501469.161299996078014, 0.0 ], [ 105441.743000004440546, 501467.948100011795759, 0.0 ], [ 105440.538000002503395, 501473.053100012242794, 0.0 ], [ 105440.023000001907349, 501475.235100001096725, 0.0 ], [ 105439.670000001788139, 501476.729800000786781, 0.0 ], [ 105427.820500005036592, 501474.102900020778179, 0.0 ], [ 105424.539000004529953, 501488.905100032687187, 0.0 ], [ 105419.672900013625622, 501510.57209999859333, 0.0 ], [ 105425.489799998700619, 501511.874300006777048, 0.0 ], [ 105423.565000008791685, 501520.472100008279085, 0.0 ], [ 105422.530999999493361, 501525.237100034952164, 0.0 ], [ 105419.90989999845624, 501536.833100020885468, 0.0 ], [ 105421.168999999761581, 501537.105099994689226, 0.0 ], [ 105420.841000005602837, 501538.551100015640259, 0.0 ], [ 105413.01800000667572, 501573.417099997401237, 0.0 ], [ 105408.121000003069639, 501593.946100018918514, 0.0 ], [ 105408.046000003814697, 501594.310100007802248, 0.0 ], [ 105405.729000002145767, 501605.228100012987852, 0.0 ], [ 105400.924000013619661, 501627.211100019514561, 0.0 ], [ 105396.072900000959635, 501649.16609999537468, 0.0 ], [ 105401.13399999961257, 501650.387100007385015, 0.0 ], [ 105396.118000000715256, 501673.279100000858307, 0.0 ], [ 105390.749000005424023, 501697.664000004529953, 0.0 ], [ 105389.925299998372793, 501700.963200002908707, 0.0 ], [ 105389.189800001680851, 501703.87270001322031, 0.0 ], [ 105387.490600004792213, 501708.149200029671192, 0.0 ], [ 105378.619100000709295, 501723.161100003868341, 0.0 ], [ 105376.983400005847216, 501722.194499999284744, 0.0 ], [ 105369.294599998742342, 501735.205200016498566, 0.0 ], [ 105367.302700009196997, 501737.400600019842386, 0.0 ], [ 105364.527200002223253, 501738.35360000655055, 0.0 ], [ 105361.330700006335974, 501739.826900001615286, 0.0 ], [ 105358.466299999505281, 501754.734200023114681, 0.0 ], [ 105357.381000000983477, 501760.382500007748604, 0.0 ], [ 105356.846999999135733, 501763.161600012332201, 0.0 ], [ 105356.412900000810623, 501765.420300010591745, 0.0 ], [ 105362.517800007015467, 501766.599600024521351, 0.0 ], [ 105362.602100003510714, 501766.61590001732111, 0.0 ], [ 105362.644000001251698, 501766.624000035226345, 0.0 ], [ 105362.68470000103116, 501766.636700019240379, 0.0 ], [ 105363.009500004351139, 501766.747799996286631, 0.0 ], [ 105363.049899999052286, 501766.761600006371737, 0.0 ], [ 105363.087200004607439, 501766.781700007617474, 0.0 ], [ 105363.390400003641844, 501766.942700006067753, 0.0 ], [ 105363.428000003099442, 501766.96270003169775, 0.0 ], [ 105363.462700001895428, 501766.987700019031763, 0.0 ], [ 105363.531900003552437, 501767.038500018417835, 0.0 ], [ 105363.601200006902218, 501767.08940002322197, 0.0 ], [ 105363.670299999415874, 501767.140099994838238, 0.0 ], [ 105363.732400000095367, 501767.199100006371737, 0.0 ], [ 105363.794700004160404, 501767.258300010114908, 0.0 ], [ 105363.856899999082088, 501767.317399997264147, 0.0 ], [ 105363.887899998575449, 501767.346900023519993, 0.0 ], [ 105363.915399998426437, 501767.379500016570091, 0.0 ], [ 105363.969300001859665, 501767.446199998259544, 0.0 ], [ 105364.023200016468763, 501767.513100001960993, 0.0 ], [ 105364.077200002968311, 501767.579899996519089, 0.0 ], [ 105364.130899999290705, 501767.646500017493963, 0.0 ], [ 105364.176500003784895, 501767.719000019133091, 0.0 ], [ 105364.222199998795986, 501767.791799999773502, 0.0 ], [ 105364.673700001090765, 501768.510500021278858, 0.0 ], [ 105365.144200008362532, 501769.216900028288364, 0.0 ], [ 105365.637299999594688, 501769.90769999474287, 0.0 ], [ 105366.152700003236532, 501770.582099996507168, 0.0 ], [ 105366.689600002020597, 501771.239500030875206, 0.0 ], [ 105367.247600004076958, 501771.878999996930361, 0.0 ], [ 105367.826099999248981, 501772.500100016593933, 0.0 ], [ 105368.424400005489588, 501773.102100018411875, 0.0 ], [ 105369.038500003516674, 501773.688100025057793, 0.0 ], [ 105369.101300001144409, 501773.747900001704693, 0.0 ], [ 105369.163900010287762, 501773.807700019329786, 0.0 ], [ 105369.218100000172853, 501773.875000029802322, 0.0 ], [ 105369.38120000436902, 501774.077600009739399, 0.0 ], [ 105369.435400005429983, 501774.144900020211935, 0.0 ], [ 105369.478200003504753, 501774.219900000840425, 0.0 ], [ 105369.564100004732609, 501774.370700009167194, 0.0 ], [ 105369.607000004500151, 501774.446000009775162, 0.0 ], [ 105369.628400016576052, 501774.483500000089407, 0.0 ], [ 105369.644900005310774, 501774.523300006985664, 0.0 ], [ 105369.677300006151199, 501774.603799998760223, 0.0 ], [ 105369.709800004959106, 501774.684300005435944, 0.0 ], [ 105369.74210000410676, 501774.76460000872612, 0.0 ], [ 105369.764000002294779, 501774.848299995064735, 0.0 ], [ 105369.78600000217557, 501774.932300005108118, 0.0 ], [ 105369.807900004088879, 501775.016199998557568, 0.0 ], [ 105369.818900000303984, 501775.05799999833107, 0.0 ], [ 105369.825300000607967, 501775.100600004196167, 0.0 ], [ 105369.836800001561642, 501775.186600022017956, 0.0 ], [ 105369.848200008273125, 501775.272599998861551, 0.0 ], [ 105369.859700005501509, 501775.358500014990568, 0.0 ], [ 105369.86540000140667, 501775.40140001475811, 0.0 ], [ 105369.866400003433228, 501775.444600008428097, 0.0 ], [ 105369.867700003087521, 501775.531300015747547, 0.0 ], [ 105369.868999999016523, 501775.618099998682737, 0.0 ], [ 105369.869700003415346, 501775.661400035023689, 0.0 ], [ 105369.866900004446507, 501775.704500012099743, 0.0 ], [ 105369.858600005507469, 501775.790899999439716, 0.0 ], [ 105369.850400000810623, 501775.877199999988079, 0.0 ], [ 105369.84630000218749, 501775.920500006526709, 0.0 ], [ 105369.838500004261732, 501775.962800018489361, 0.0 ], [ 105369.82209999859333, 501776.048000004142523, 0.0 ], [ 105315.512500002980232, 502058.719999998807907, 0.0 ], [ 105315.425600003451109, 502059.134200017899275, 0.0 ], [ 105315.324800003319979, 502059.545400012284517, 0.0 ], [ 105315.210200015455484, 502059.952900014817715, 0.0 ], [ 105315.082000002264977, 502060.35630002617836, 0.0 ], [ 105314.940099999308586, 502060.755100034177303, 0.0 ], [ 105314.78490000218153, 502061.148900002241135, 0.0 ], [ 105314.616500005125999, 502061.537300016731024, 0.0 ], [ 105314.435100000351667, 502061.919800031930208, 0.0 ], [ 105300.416300002485514, 502090.233500014990568, 0.0 ], [ 105300.397300001233816, 502090.271700009703636, 0.0 ], [ 105300.378100015223026, 502090.306600004434586, 0.0 ], [ 105300.3361000046134, 502090.377700012177229, 0.0 ], [ 105300.294000003486872, 502090.448899995535612, 0.0 ], [ 105300.273000001907349, 502090.484400004148483, 0.0 ], [ 105300.249000001698732, 502090.517600025981665, 0.0 ], [ 105300.199099998921156, 502090.583399999886751, 0.0 ], [ 105300.14919999986887, 502090.649300016462803, 0.0 ], [ 105300.099200002849102, 502090.715100020170212, 0.0 ], [ 105300.049400005489588, 502090.780800029635429, 0.0 ], [ 105299.992400001734495, 502090.840400017797947, 0.0 ], [ 105299.935400005429983, 502090.900000028312206, 0.0 ], [ 105299.426600005477667, 502091.431600011885166, 0.0 ], [ 105298.924199998378754, 502091.980400022119284, 0.0 ], [ 105298.445700004696846, 502092.527799997478724, 0.0 ], [ 105298.388300005346537, 502092.59349999576807, 0.0 ], [ 105298.359600003808737, 502092.626300022006035, 0.0 ], [ 105298.328400004655123, 502092.656399995088577, 0.0 ], [ 105298.26460000500083, 502092.715900018811226, 0.0 ], [ 105298.200600001960993, 502092.775299999862909, 0.0 ], [ 105298.1368000023067, 502092.834700006991625, 0.0 ], [ 105298.105000000447035, 502092.864400010555983, 0.0 ], [ 105298.070000004023314, 502092.889900021255016, 0.0 ], [ 105297.998700004070997, 502092.940099995583296, 0.0 ], [ 105297.927200000733137, 502092.990299995988607, 0.0 ], [ 105297.855900000780821, 502093.04050001129508, 0.0 ], [ 105297.820300001651049, 502093.065600011497736, 0.0 ], [ 105297.782200004905462, 502093.086400002241135, 0.0 ], [ 105297.705200001597404, 502093.127399995923042, 0.0 ], [ 105297.628200005739927, 502093.168400004506111, 0.0 ], [ 105297.551100000739098, 502093.209399998188019, 0.0 ], [ 105297.469800002872944, 502093.240100000053644, 0.0 ], [ 105297.388000000268221, 502093.270900003612041, 0.0 ], [ 105297.306400001049042, 502093.301600031554699, 0.0 ], [ 105297.265700001269579, 502093.316899996250868, 0.0 ], [ 105297.223700001835823, 502093.327700015157461, 0.0 ], [ 105297.138799998909235, 502093.347300004214048, 0.0 ], [ 105297.053700007498264, 502093.366900019347668, 0.0 ], [ 105296.968700002878904, 502093.386500008404255, 0.0 ], [ 105296.883900005370378, 502093.406099997460842, 0.0 ], [ 105296.7972999997437, 502093.414100002497435, 0.0 ], [ 105296.710400007665157, 502093.422200009226799, 0.0 ], [ 105296.623500004410744, 502093.430200014263391, 0.0 ], [ 105296.536800000816584, 502093.438200019299984, 0.0 ], [ 105296.449799999594688, 502093.432900011539459, 0.0 ], [ 105296.36260000243783, 502093.427600018680096, 0.0 ], [ 105296.275600001215935, 502093.422200009226799, 0.0 ], [ 105296.18860001116991, 502093.416900016367435, 0.0 ], [ 105296.103200003504753, 502093.400800004601479, 0.0 ], [ 105296.017400003969669, 502093.384600006043911, 0.0 ], [ 105293.526000004261732, 502092.914300031960011, 0.0 ], [ 105293.487000003457069, 502092.906900014728308, 0.0 ], [ 105293.053000003099442, 502095.165499996393919, 0.0 ], [ 105290.254599999636412, 502109.729100033640862, 0.0 ], [ 105289.899300005286932, 502111.577900011092424, 0.0 ], [ 105289.173900004476309, 502113.206899996846914, 0.0 ], [ 105288.299300000071526, 502115.170900024473667, 0.0 ], [ 105287.36370000243187, 502117.272000011056662, 0.0 ], [ 105294.006799999624491, 502120.239500019699335, 0.0 ], [ 105294.085299998521805, 502120.274600006639957, 0.0 ], [ 105294.163400001823902, 502120.309500001370907, 0.0 ], [ 105294.234800014644861, 502120.356400016695261, 0.0 ], [ 105294.521800000220537, 502120.54500000923872, 0.0 ], [ 105294.557399999350309, 502120.568399995565414, 0.0 ], [ 105294.588300004601479, 502120.597600016742945, 0.0 ], [ 105294.839300002902746, 502120.831999994814396, 0.0 ], [ 105294.87049999833107, 502120.861100010573864, 0.0 ], [ 105294.897700000554323, 502120.894200019538403, 0.0 ], [ 105294.951800003647804, 502120.960900012403727, 0.0 ], [ 105295.005900003015995, 502121.027600035071373, 0.0 ], [ 105295.032900001853704, 502121.061000034213066, 0.0 ], [ 105295.057100001722574, 502121.0962999984622, 0.0 ], [ 105295.103700004518032, 502121.168500006198883, 0.0 ], [ 105295.150400001555681, 502121.240599997341633, 0.0 ], [ 105295.173700004816055, 502121.276700034737587, 0.0 ], [ 105295.194099999964237, 502121.314400002360344, 0.0 ], [ 105295.235100001096725, 502121.389899995177984, 0.0 ], [ 105295.660799998790026, 502122.173600025475025, 0.0 ], [ 105296.110800016671419, 502122.943500004708767, 0.0 ], [ 105296.586800005286932, 502123.697600021958351, 0.0 ], [ 105297.088300004601479, 502124.435099996626377, 0.0 ], [ 105297.614600006490946, 502125.155000019818544, 0.0 ], [ 105298.165100004523993, 502125.856600005179644, 0.0 ], [ 105298.73930000141263, 502126.538999997079372, 0.0 ], [ 105299.334000002592802, 502127.203500028699636, 0.0 ], [ 105299.39190000295639, 502127.268200002610683, 0.0 ], [ 105299.420800000429153, 502127.300500001758337, 0.0 ], [ 105299.446699999272823, 502127.334899999201298, 0.0 ], [ 105299.497800007462502, 502127.404900006949902, 0.0 ], [ 105299.5489999987185, 502127.475000020116568, 0.0 ], [ 105299.600000001490116, 502127.545100014656782, 0.0 ], [ 105299.625500004738569, 502127.580000009387732, 0.0 ], [ 105299.646800000220537, 502127.617499999701977, 0.0 ], [ 105299.688900001347065, 502127.693300012499094, 0.0 ], [ 105299.731100004166365, 502127.769300017505884, 0.0 ], [ 105299.773100007325411, 502127.845000002533197, 0.0 ], [ 105299.804400004446507, 502127.92560001090169, 0.0 ], [ 105299.835900004953146, 502128.006500013172626, 0.0 ], [ 105299.867300007492304, 502128.08729999884963, 0.0 ], [ 105299.8986000046134, 502128.168000023812056, 0.0 ], [ 105299.918499998748302, 502128.252000022679567, 0.0 ], [ 105299.958599999547005, 502128.420900020748377, 0.0 ], [ 105299.978500001132488, 502128.505200013518333, 0.0 ], [ 105299.988500002771616, 502128.547200001776218, 0.0 ], [ 105299.992899999022484, 502128.589999999850988, 0.0 ], [ 105300.000300005078316, 502128.676299996674061, 0.0 ], [ 105300.007800009101629, 502128.762900002300739, 0.0 ], [ 105300.0152000002563, 502128.849200014024973, 0.0 ], [ 105300.018900003284216, 502128.89230003207922, 0.0 ], [ 105300.017700001597404, 502128.935500014573336, 0.0 ], [ 105300.014500003308058, 502129.022100016474724, 0.0 ], [ 105300.011200003325939, 502129.108799997717142, 0.0 ], [ 105300.00789999961853, 502129.195500005036592, 0.0 ], [ 105299.993900004774332, 502129.28080003336072, 0.0 ], [ 105299.979699999094009, 502129.366400003433228, 0.0 ], [ 105299.96560000628233, 502129.452000021934509, 0.0 ], [ 105299.958500005304813, 502129.494700003415346, 0.0 ], [ 105299.947300001978874, 502129.536400001496077, 0.0 ], [ 105299.924200002104044, 502129.620000001043081, 0.0 ], [ 105261.842999998480082, 502267.120700001716614, 0.0 ], [ 105261.545400004833937, 502268.157100010663271, 0.0 ], [ 105251.475900001823902, 502303.228799995034933, 0.0 ], [ 105251.442500002682209, 502303.345400024205446, 0.0 ], [ 105251.412000004202127, 502303.462399996817112, 0.0 ], [ 105251.354899998754263, 502303.698000006377697, 0.0 ], [ 105251.326200004667044, 502303.816799994558096, 0.0 ], [ 105251.302700009196997, 502303.934399995952845, 0.0 ], [ 105251.25730000436306, 502304.176600016653538, 0.0 ], [ 105251.226600002497435, 502304.412900030612946, 0.0 ], [ 105251.211000002920628, 502304.533100012689829, 0.0 ], [ 105251.198700003325939, 502304.653500013053417, 0.0 ], [ 105250.624700002372265, 502310.725999999791384, 0.0 ], [ 105246.796000003814697, 502323.481100022792816, 0.0 ], [ 105240.770000003278255, 502343.842100024223328, 0.0 ], [ 105237.982999999076128, 502353.449100013822317, 0.0 ], [ 105236.057900004088879, 502359.932100005447865, 0.0 ], [ 105236.412999998778105, 502360.102100018411875, 0.0 ], [ 105231.037999998778105, 502380.533100001513958, 0.0 ], [ 105227.703000005334616, 502393.352100007236004, 0.0 ], [ 105224.839000005275011, 502405.772100012749434, 0.0 ], [ 105224.043800007551908, 502409.808300029486418, 0.0 ], [ 105231.774900007992983, 502411.799100004136562, 0.0 ], [ 105241.499899998307228, 502413.750100016593933, 0.0 ], [ 105249.595600001513958, 502415.617400020360947, 0.0 ], [ 105249.925900004804134, 502417.300100024789572, 0.0 ], [ 105256.057900000363588, 502427.375100035220385, 0.0 ], [ 105254.345199998468161, 502428.401300013065338, 0.0 ], [ 105254.384500000625849, 502428.464800011366606, 0.0 ], [ 105254.438000001013279, 502428.549200020730495, 0.0 ], [ 105254.491500001400709, 502428.633599996566772, 0.0 ], [ 105254.553800016641617, 502428.711400032043457, 0.0 ], [ 105254.616300005465746, 502428.78940000385046, 0.0 ], [ 105254.678700000047684, 502428.867400016635656, 0.0 ], [ 105254.709899999201298, 502428.906300000846386, 0.0 ], [ 105254.744700003415346, 502428.941700007766485, 0.0 ], [ 105254.815499998629093, 502429.012100026011467, 0.0 ], [ 105254.886400006711483, 502429.082500003278255, 0.0 ], [ 105254.957100000232458, 502429.152800004929304, 0.0 ], [ 105255.035500001162291, 502429.214500017464161, 0.0 ], [ 105255.114100001752377, 502429.276300013065338, 0.0 ], [ 105255.192499998956919, 502429.337999995797873, 0.0 ], [ 105255.276900004595518, 502429.391200002282858, 0.0 ], [ 105255.361400004476309, 502429.444500010460615, 0.0 ], [ 105255.445799998939037, 502429.497700016945601, 0.0 ], [ 105255.535799998790026, 502429.540700018405914, 0.0 ], [ 105255.626000002026558, 502429.583799995481968, 0.0 ], [ 105255.716000001877546, 502429.626900017261505, 0.0 ], [ 105255.760900001972914, 502429.648400008678436, 0.0 ], [ 105255.807700008153915, 502429.665300026535988, 0.0 ], [ 105255.901999998837709, 502429.698200013488531, 0.0 ], [ 105264.876600001007318, 502432.828500010073185, 0.0 ], [ 105265.0709000043571, 502432.896100014448166, 0.0 ], [ 105281.630900003015995, 502438.659099996089935, 0.0 ], [ 105285.126900002360344, 502439.891100004315376, 0.0 ], [ 105294.102899998426437, 502443.003100030124187, 0.0 ], [ 105298.237900000065565, 502444.409099999815226, 0.0 ], [ 105299.455899998545647, 502444.784100025892258, 0.0 ], [ 105303.632900003343821, 502445.911100015044212, 0.0 ], [ 105306.841899998486042, 502446.673100031912327, 0.0 ], [ 105309.537900004535913, 502447.190100014209747, 0.0 ], [ 105313.893900003284216, 502447.81010003387928, 0.0 ], [ 105317.356900006532669, 502448.17110001668334, 0.0 ], [ 105319.983000002801418, 502448.332999996840954, 0.0 ], [ 105326.921999998390675, 502448.594999998807907, 0.0 ], [ 105327.719000000506639, 502440.945000004023314, 0.0 ], [ 105329.338100001215935, 502440.793800000101328, 0.0 ], [ 105346.764899998903275, 502439.164800014346838, 0.0 ], [ 105346.861700002104044, 502439.155000019818544, 0.0 ], [ 105346.879300002008677, 502439.153300005942583, 0.0 ], [ 105346.983800001442432, 502439.138600014150143, 0.0 ], [ 105347.202300008386374, 502439.10810000449419, 0.0 ], [ 105347.315600000321865, 502439.090300004929304, 0.0 ], [ 105347.419100008904934, 502439.068900000303984, 0.0 ], [ 105347.6351000033319, 502439.024099994450808, 0.0 ], [ 105347.746899999678135, 502438.998900018632412, 0.0 ], [ 105347.848800003528595, 502438.970500033348799, 0.0 ], [ 105348.061400003731251, 502438.911400005221367, 0.0 ], [ 105348.162399999797344, 502438.881100013852119, 0.0 ], [ 105348.173599999397993, 502438.877800028771162, 0.0 ], [ 105348.27140000090003, 502438.844600006937981, 0.0 ], [ 105348.480200003832579, 502438.773700017482042, 0.0 ], [ 105348.684300005435944, 502438.689800024032593, 0.0 ], [ 105348.790100004523993, 502438.645000021904707, 0.0 ], [ 105348.886000003665686, 502438.600800015032291, 0.0 ], [ 105349.086399998515844, 502438.508600022643805, 0.0 ], [ 105349.280900005251169, 502438.404500011354685, 0.0 ], [ 105349.377399999648333, 502438.351300004869699, 0.0 ], [ 105349.471700008958578, 502438.294100023806095, 0.0 ], [ 105349.660300001502037, 502438.17960000410676, 0.0 ], [ 105349.753299999982119, 502438.120700009167194, 0.0 ], [ 105349.844399999827147, 502438.05850001424551, 0.0 ], [ 105350.026599999517202, 502437.934100024402142, 0.0 ], [ 105350.200600001960993, 502437.798500020056963, 0.0 ], [ 105350.286700002849102, 502437.729900006204844, 0.0 ], [ 105350.369899999350309, 502437.657500006258488, 0.0 ], [ 105350.536400001496077, 502437.512600023299456, 0.0 ], [ 105350.618100002408028, 502437.438900019973516, 0.0 ], [ 105350.697399999946356, 502437.362100020051003, 0.0 ], [ 105350.855800002813339, 502437.208600014448166, 0.0 ], [ 105351.004300002008677, 502437.045400016009808, 0.0 ], [ 105351.08049999922514, 502436.959800008684397, 0.0 ], [ 105351.148400004953146, 502436.878600012511015, 0.0 ], [ 105351.289900001138449, 502436.709400020539761, 0.0 ], [ 105351.421000000089407, 502436.531900011003017, 0.0 ], [ 105351.485399998724461, 502436.442600008100271, 0.0 ], [ 105351.555200003087521, 502436.357300020754337, 0.0 ], [ 105352.019499998539686, 502435.790099997073412, 0.0 ], [ 105352.508000005036592, 502435.243500016629696, 0.0 ], [ 105353.014800008386374, 502434.713899996131659, 0.0 ], [ 105353.53940000012517, 502434.201800014823675, 0.0 ], [ 105354.0810999982059, 502433.708000011742115, 0.0 ], [ 105354.639400009065866, 502433.233000010251999, 0.0 ], [ 105355.213600005954504, 502432.777300011366606, 0.0 ], [ 105355.803000014275312, 502432.341400023549795, 0.0 ], [ 105356.406900003552437, 502431.925900015980005, 0.0 ], [ 105357.024600006639957, 502431.531300015747547, 0.0 ], [ 105357.655500002205372, 502431.157900001853704, 0.0 ], [ 105358.298700008541346, 502430.806400019675493, 0.0 ], [ 105358.953500002622604, 502430.476900029927492, 0.0 ], [ 105359.619200002402067, 502430.170000020414591, 0.0 ], [ 105360.295000001788139, 502429.885999999940395, 0.0 ], [ 105381.982900008559227, 502422.915000010281801, 0.0 ], [ 105382.584500003606081, 502422.748700018972158, 0.0 ], [ 105383.191300004720688, 502422.602600019425154, 0.0 ], [ 105383.802600003778934, 502422.476600002497435, 0.0 ], [ 105384.41780000180006, 502422.370900020003319, 0.0 ], [ 105385.036100000143051, 502422.285800009965897, 0.0 ], [ 105385.656899999827147, 502422.221200011670589, 0.0 ], [ 105386.279500007629395, 502422.177300028502941, 0.0 ], [ 105386.903299998492002, 502422.154000017791986, 0.0 ] ] ] ] } },
{ "type": "Feature", "properties": { "fid": 1161, "jrstatcode": "2026WK039610", "wk_code": "WK039610", "wk_naam": "Wijk 10 Broekpolder", "gm_code": "GM0396", "gm_naam": "Heemskerk", "water": "NEE", "jaar": "2026" }, "geometry": { "type": "MultiPolygon", "coordinates": [ [ [ [ 108232.407000008970499, 502050.025000017136335, 0.0 ], [ 108234.335999999195337, 502048.426000002771616, 0.0 ], [ 108234.638800010085106, 502049.068600002676249, 0.0 ], [ 108234.71170000731945, 502049.385400008410215, 0.0 ], [ 108236.887899998575449, 502047.879099998623133, 0.0 ], [ 108236.628000013530254, 502047.693399995565414, 0.0 ], [ 108235.921000000089407, 502046.890999998897314, 0.0 ], [ 108245.705000001937151, 502039.207000032067299, 0.0 ], [ 108269.321000002324581, 502016.604400001466274, 0.0 ], [ 108274.736100003123283, 502011.286700006574392, 0.0 ], [ 108276.413199998438358, 502008.968700002878904, 0.0 ], [ 108276.396000001579523, 502007.280999999493361, 0.0 ], [ 108276.072999998927116, 502006.458100005984306, 0.0 ], [ 108277.745999999344349, 502004.611100003123283, 0.0 ], [ 108280.308900006115437, 502003.906000014394522, 0.0 ], [ 108285.054999999701977, 502000.000000007450581, 0.0 ], [ 108290.609000001102686, 501995.430000033229589, 0.0 ], [ 108292.302000004798174, 501993.313999995589256, 0.0 ], [ 108297.767000004649162, 501989.519000019878149, 0.0 ], [ 108309.837000004947186, 501979.488000005483627, 0.0 ], [ 108356.666000001132488, 501937.56300000846386, 0.0 ], [ 108376.604000002145767, 501923.314000021666288, 0.0 ], [ 108440.29840000346303, 501855.945700015872717, 0.0 ], [ 108440.521000001579523, 501856.153999999165535, 0.0 ], [ 108444.537000000476837, 501852.357999995350838, 0.0 ], [ 108447.109900001436472, 501850.729900032281876, 0.0 ], [ 108444.013300005346537, 501842.765700001269579, 0.0 ], [ 108443.701900001615286, 501840.887700017541647, 0.0 ], [ 108443.328699998557568, 501839.020899996161461, 0.0 ], [ 108442.894100002944469, 501837.167500015348196, 0.0 ], [ 108442.398700002580881, 501835.3293999992311, 0.0 ], [ 108441.8429000005126, 501833.508700028061867, 0.0 ], [ 108441.227400001138449, 501831.707199994474649, 0.0 ], [ 108440.55290000513196, 501829.927100006490946, 0.0 ], [ 108439.820000004023314, 501828.17000000923872, 0.0 ], [ 108434.173000004142523, 501813.55400001257658, 0.0 ], [ 108427.964000005275011, 501796.202100001275539, 0.0 ], [ 108422.12500000372529, 501780.133100003004074, 0.0 ], [ 108419.419700000435114, 501771.980000026524067, 0.0 ], [ 108419.409500002861023, 501771.935600031167269, 0.0 ], [ 108419.406400002539158, 501771.921800021082163, 0.0 ], [ 108419.392100002616644, 501771.863200005143881, 0.0 ], [ 108419.363500002771616, 501771.745700024068356, 0.0 ], [ 108419.334899999201298, 501771.628300026059151, 0.0 ], [ 108419.30630000308156, 501771.511100009083748, 0.0 ], [ 108419.265900000929832, 501771.397200003266335, 0.0 ], [ 108419.225400000810623, 501771.283299997448921, 0.0 ], [ 108419.184999998658895, 501771.169599998742342, 0.0 ], [ 108419.134200010448694, 501771.060000002384186, 0.0 ], [ 108419.083400003612041, 501770.950300004333258, 0.0 ], [ 108419.056700002402067, 501770.896200031042099, 0.0 ], [ 108419.02589999884367, 501770.844300001859665, 0.0 ], [ 108418.964299999177456, 501770.740300007164478, 0.0 ], [ 108418.902600016444921, 501770.636400017887354, 0.0 ], [ 108418.8716000020504, 501770.584800034761429, 0.0 ], [ 108418.835400003939867, 501770.536500014364719, 0.0 ], [ 108418.763099998235703, 501770.439800005406141, 0.0 ], [ 108418.690600004047155, 501770.342999994754791, 0.0 ], [ 108418.618300002068281, 501770.246400021016598, 0.0 ], [ 108418.536200005561113, 501770.157900020480156, 0.0 ], [ 108418.454000003635883, 501770.069300007075071, 0.0 ], [ 108418.412000000476837, 501770.02589999511838, 0.0 ], [ 108418.367200002074242, 501769.985500030219555, 0.0 ], [ 108418.277500007301569, 501769.904500011354685, 0.0 ], [ 108418.187800001353025, 501769.823600009083748, 0.0 ], [ 108418.090000003576279, 501769.752900011837482, 0.0 ], [ 108417.991999998688698, 501769.682199999690056, 0.0 ], [ 108417.894000001251698, 501769.61140001565218, 0.0 ], [ 108417.844900004565716, 501769.576700009405613, 0.0 ], [ 108417.791999999433756, 501769.547900013625622, 0.0 ], [ 108417.473799999803305, 501769.374400023370981, 0.0 ], [ 108417.4206000007689, 501769.346500009298325, 0.0 ], [ 108417.364700004458427, 501769.323900014162064, 0.0 ], [ 108417.252600003033876, 501769.278600011020899, 0.0 ], [ 108417.140600003302097, 501769.233200021088123, 0.0 ], [ 108417.084000002592802, 501769.212300024926662, 0.0 ], [ 108417.026000000536442, 501769.196200013160706, 0.0 ], [ 108416.909499999135733, 501769.164000015705824, 0.0 ], [ 108416.793100003153086, 501769.13170001655817, 0.0 ], [ 108416.734900008887053, 501769.11600000038743, 0.0 ], [ 108416.675500001758337, 501769.10630002245307, 0.0 ], [ 108416.55630000308156, 501769.086800009012222, 0.0 ], [ 108416.436900001019239, 501769.067299995571375, 0.0 ], [ 108416.317800004035234, 501769.047800023108721, 0.0 ], [ 108416.197200000286102, 501769.042400013655424, 0.0 ], [ 108416.076400008052588, 501769.037000004202127, 0.0 ], [ 108415.955800004303455, 501769.031500019133091, 0.0 ], [ 108415.925599999725819, 501769.031900018453598, 0.0 ], [ 108415.835100002586842, 501769.029600013047457, 0.0 ], [ 108413.012600004673004, 501768.95710002630949, 0.0 ], [ 108412.93690000474453, 501768.955100018531084, 0.0 ], [ 108409.705899998545647, 501769.435100007802248, 0.0 ], [ 108403.605900000780821, 501770.186100002378225, 0.0 ], [ 108401.23589999973774, 501770.045100018382072, 0.0 ], [ 108400.636000003665686, 501768.690000008791685, 0.0 ], [ 108399.129000000655651, 501763.714000001549721, 0.0 ], [ 108392.740000002086163, 501745.583100020885468, 0.0 ], [ 108381.559000000357628, 501713.272100031375885, 0.0 ], [ 108372.153999999165535, 501686.026100017130375, 0.0 ], [ 108364.840000003576279, 501664.86710000410676, 0.0 ], [ 108358.828000005334616, 501648.213100023567677, 0.0 ], [ 108358.455000005662441, 501646.948100011795759, 0.0 ], [ 108356.832700006663799, 501642.566500011831522, 0.0 ], [ 108355.061500005424023, 501638.242900013923645, 0.0 ], [ 108353.143500000238419, 501633.982500020414591, 0.0 ], [ 108351.080900005996227, 501629.790100026875734, 0.0 ], [ 108348.876200001686811, 501625.670700006186962, 0.0 ], [ 108346.531900003552437, 501621.629100020974874, 0.0 ], [ 108343.506600003689528, 501616.976500004529953, 0.0 ], [ 108340.333200003951788, 501612.423700001090765, 0.0 ], [ 108337.014900002628565, 501607.975300017744303, 0.0 ], [ 108333.555300001055002, 501603.635900013148785, 0.0 ], [ 108329.957900002598763, 501599.410100035369396, 0.0 ], [ 108309.673900008201599, 501574.731100007891655, 0.0 ], [ 108289.774900000542402, 501550.795100010931492, 0.0 ], [ 108273.705900002270937, 501531.273100014775991, 0.0 ], [ 108258.772900000214577, 501512.295100007206202, 0.0 ], [ 108257.243900001049042, 501509.670100033283234, 0.0 ], [ 108252.192899998277426, 501501.677100006490946, 0.0 ], [ 108251.048700004816055, 501500.000100005418062, 0.0 ], [ 108249.17790000140667, 501497.258100017905235, 0.0 ], [ 108243.997900012880564, 501488.297100022435188, 0.0 ], [ 108240.343900013715029, 501479.588100023567677, 0.0 ], [ 108232.052999999374151, 501462.681000016629696, 0.0 ], [ 108230.899100001901388, 501459.07820001989603, 0.0 ], [ 108229.862800002098083, 501455.440000005066395, 0.0 ], [ 108228.945200003683567, 501451.769900016486645, 0.0 ], [ 108228.147400002926588, 501448.071999996900558, 0.0 ], [ 108227.470000002533197, 501444.350100006908178, 0.0 ], [ 108226.067999999970198, 501431.340100020170212, 0.0 ], [ 108224.845000002533197, 501417.426100004464388, 0.0 ], [ 108224.810100000351667, 501417.024800002574921, 0.0 ], [ 108224.761300005018711, 501416.624900009483099, 0.0 ], [ 108224.698899999260902, 501416.22690000757575, 0.0 ], [ 108224.622800000011921, 501415.831300012767315, 0.0 ], [ 108224.533100005239248, 501415.438499998301268, 0.0 ], [ 108224.429999999701977, 501415.049100019037724, 0.0 ], [ 108224.313499998301268, 501414.663400001823902, 0.0 ], [ 108224.183800008147955, 501414.281999997794628, 0.0 ], [ 108224.04110000282526, 501413.905299998819828, 0.0 ], [ 108223.885400004684925, 501413.533700004220009, 0.0 ], [ 108223.717099998146296, 501413.167600002139807, 0.0 ], [ 108223.536299999803305, 501412.807600002735853, 0.0 ], [ 108223.343199998140335, 501412.454100012779236, 0.0 ], [ 108223.138099998235703, 501412.107300009578466, 0.0 ], [ 108222.921200003474951, 501411.767900008708239, 0.0 ], [ 108222.692700002342463, 501411.436100021004677, 0.0 ], [ 108222.452899999916553, 501411.112300004810095, 0.0 ], [ 108222.202200006693602, 501410.796999994665384, 0.0 ], [ 108221.940699998289347, 501410.490499995648861, 0.0 ], [ 108221.6689000017941, 501410.193200029432774, 0.0 ], [ 108221.386900007724762, 501409.90539999678731, 0.0 ], [ 108221.095300000160933, 501409.627500001341105, 0.0 ], [ 108220.794200003147125, 501409.359800010919571, 0.0 ], [ 108220.48420001193881, 501409.102600004523993, 0.0 ], [ 108220.165399998426437, 501408.856200002133846, 0.0 ], [ 108219.83840000256896, 501408.621000029146671, 0.0 ], [ 108219.503500003367662, 501408.397100005298853, 0.0 ], [ 108219.16100000217557, 501408.184900008141994, 0.0 ], [ 108218.811500001698732, 501407.984600003808737, 0.0 ], [ 108218.455299999564886, 501407.796400006860495, 0.0 ], [ 108218.092799998819828, 501407.620600014925003, 0.0 ], [ 108217.724500007927418, 501407.457400020211935, 0.0 ], [ 108217.350699998438358, 501407.307000018656254, 0.0 ], [ 108216.972100000828505, 501407.169500023126602, 0.0 ], [ 108216.588899999856949, 501407.045100007206202, 0.0 ], [ 108203.542900003492832, 501400.776099998503923, 0.0 ], [ 108192.347899999469519, 501396.139100022614002, 0.0 ], [ 108191.87779999896884, 501396.036699999123812, 0.0 ], [ 108191.411500003188848, 501395.917899996042252, 0.0 ], [ 108190.949700001627207, 501395.782999996095896, 0.0 ], [ 108190.492800004780293, 501395.632100012153387, 0.0 ], [ 108190.041500005871058, 501395.465400010347366, 0.0 ], [ 108189.596200000494719, 501395.283000007271767, 0.0 ], [ 108189.157600000500679, 501395.085300013422966, 0.0 ], [ 108188.726100005209446, 501394.872399996966124, 0.0 ], [ 108188.302299998700619, 501394.644600000232458, 0.0 ], [ 108187.886700000613928, 501394.402100011706352, 0.0 ], [ 108187.479800000786781, 501394.145400017499924, 0.0 ], [ 108187.082100000232458, 501393.874600019305944, 0.0 ], [ 108186.694000001996756, 501393.590200014412403, 0.0 ], [ 108186.316100012511015, 501393.292300008237362, 0.0 ], [ 108185.948800005018711, 501392.981600001454353, 0.0 ], [ 108185.592500001192093, 501392.65820001065731, 0.0 ], [ 108185.247800007462502, 501392.322600021958351, 0.0 ], [ 108184.914900004863739, 501391.975100014358759, 0.0 ], [ 108184.594300013035536, 501391.616400007158518, 0.0 ], [ 108184.286400001496077, 501391.2466000020504, 0.0 ], [ 108183.991600006818771, 501390.866399995982647, 0.0 ], [ 108183.710200008004904, 501390.476100005209446, 0.0 ], [ 108183.442600000649691, 501390.076300013810396, 0.0 ], [ 108183.188999999314547, 501389.667300015687943, 0.0 ], [ 108182.949900005012751, 501389.249800000339746, 0.0 ], [ 108182.725400000810623, 501388.824200019240379, 0.0 ], [ 108182.515900008380413, 501388.391100004315376, 0.0 ], [ 108172.18690000846982, 501366.97010001540184, 0.0 ], [ 108159.380900003015995, 501340.251099996268749, 0.0 ], [ 108145.812900010496378, 501311.934100016951561, 0.0 ], [ 108137.071900002658367, 501294.076100017875433, 0.0 ], [ 108132.35190000012517, 501284.378099996596575, 0.0 ], [ 108129.350999999791384, 501276.417100016027689, 0.0 ], [ 108124.725000005215406, 501236.265100009739399, 0.0 ], [ 108124.695799998939037, 501235.786800034344196, 0.0 ], [ 108124.683200005441904, 501235.307700011879206, 0.0 ], [ 108124.687100004404783, 501234.828500013798475, 0.0 ], [ 108124.707600008696318, 501234.349800001829863, 0.0 ], [ 108124.744600001722574, 501233.872000023722649, 0.0 ], [ 108124.798100002110004, 501233.395800020545721, 0.0 ], [ 108124.868100002408028, 501232.92170000821352, 0.0 ], [ 108124.954300004988909, 501232.450299996882677, 0.0 ], [ 108125.056800004094839, 501231.982200011610985, 0.0 ], [ 108125.175400000065565, 501231.5179000236094, 0.0 ], [ 108125.310000002384186, 501231.05790001899004, 0.0 ], [ 108125.460400000214577, 501230.602900013327599, 0.0 ], [ 108125.626400005072355, 501230.153400018811226, 0.0 ], [ 108125.807799998670816, 501229.709899995476007, 0.0 ], [ 108126.004399999976158, 501229.272900007665157, 0.0 ], [ 108126.216099999845028, 501228.842900026589632, 0.0 ], [ 108126.442500002682209, 501228.420600019395351, 0.0 ], [ 108126.683300003409386, 501228.006300024688244, 0.0 ], [ 108126.938300009816885, 501227.600499998778105, 0.0 ], [ 108127.20719999819994, 501227.20380001142621, 0.0 ], [ 108127.489599999040365, 501226.816700004041195, 0.0 ], [ 108127.785199999809265, 501226.439500033855438, 0.0 ], [ 108128.093699999153614, 501226.072800006717443, 0.0 ], [ 108128.414600003510714, 501225.716899998486042, 0.0 ], [ 108128.747699998319149, 501225.372399996966124, 0.0 ], [ 108129.092500001192093, 501225.039600022137165, 0.0 ], [ 108129.448499999940395, 501224.718800000846386, 0.0 ], [ 108129.815499998629093, 501224.410600014030933, 0.0 ], [ 108130.192800004035234, 501224.115200012922287, 0.0 ], [ 108130.580200001597404, 501223.833100013434887, 0.0 ], [ 108130.977000005543232, 501223.564500011503696, 0.0 ], [ 108131.382900003343821, 501223.309800013899803, 0.0 ], [ 108131.797400001436472, 501223.069200001657009, 0.0 ], [ 108132.219900000840425, 501222.843100018799305, 0.0 ], [ 108162.082899998873472, 501211.675000004470348, 0.0 ], [ 108177.435600001364946, 501205.036800019443035, 0.0 ], [ 108177.717400003224611, 501204.96849999576807, 0.0 ], [ 108178.001400016248226, 501204.909900020807981, 0.0 ], [ 108178.287200000137091, 501204.861099999397993, 0.0 ], [ 108178.574500001966953, 501204.822300031781197, 0.0 ], [ 108178.863000009208918, 501204.793499995023012, 0.0 ], [ 108179.152400013059378, 501204.77470001205802, 0.0 ], [ 108179.442200001329184, 501204.766000017523766, 0.0 ], [ 108179.732200004160404, 501204.767299994826317, 0.0 ], [ 108180.021900001913309, 501204.778599999845028, 0.0 ], [ 108180.311100002378225, 501204.800000004470348, 0.0 ], [ 108180.599300015717745, 501204.831499997526407, 0.0 ], [ 108180.886300001293421, 501204.872800000011921, 0.0 ], [ 108181.17170000448823, 501204.924200002104044, 0.0 ], [ 108181.455100003629923, 501204.985299997031689, 0.0 ], [ 108181.736200001090765, 501205.05630000308156, 0.0 ], [ 108182.014699999243021, 501205.137000013142824, 0.0 ], [ 108182.290300004184246, 501205.227300014346838, 0.0 ], [ 108182.56250000372529, 501205.326999999582767, 0.0 ], [ 108182.8310999982059, 501205.436200011521578, 0.0 ], [ 108183.095800008624792, 501205.55460000410676, 0.0 ], [ 108183.356199998408556, 501205.682100001722574, 0.0 ], [ 108183.612100001424551, 501205.818600013852119, 0.0 ], [ 108183.863000005483627, 501205.963899996131659, 0.0 ], [ 108184.108800005167723, 501206.11769999563694, 0.0 ], [ 108184.348999999463558, 501206.280000012367964, 0.0 ], [ 108184.583500001579523, 501206.450600016862154, 0.0 ], [ 108184.812000002712011, 501206.629100017249584, 0.0 ], [ 108185.034100003540516, 501206.815500013530254, 0.0 ], [ 108185.249600004404783, 501207.00950001180172, 0.0 ], [ 108185.458299998193979, 501207.210800014436245, 0.0 ], [ 108185.659900013357401, 501207.419300016015768, 0.0 ], [ 108185.854100000113249, 501207.634600020945072, 0.0 ], [ 108186.040700003504753, 501207.856499996036291, 0.0 ], [ 108186.219500001519918, 501208.084700018167496, 0.0 ], [ 108186.390300001949072, 501208.319000020623207, 0.0 ], [ 108186.55290000513196, 501208.559100031852722, 0.0 ], [ 108200.164900001138449, 501227.476100020110607, 0.0 ], [ 108208.768899999558926, 501239.552099995315075, 0.0 ], [ 108215.135899998247623, 501247.604100007563829, 0.0 ], [ 108215.502599999308586, 501248.083400007337332, 0.0 ], [ 108215.885400015860796, 501248.549900021404028, 0.0 ], [ 108216.283900003880262, 501249.002999994903803, 0.0 ], [ 108216.697799999266863, 501249.442200008779764, 0.0 ], [ 108217.126400005072355, 501249.866999998688698, 0.0 ], [ 108217.569300003349781, 501250.276900004595518, 0.0 ], [ 108218.02589999884367, 501250.671400003135204, 0.0 ], [ 108218.495800007134676, 501251.050100009888411, 0.0 ], [ 108218.978399999439716, 501251.412400010973215, 0.0 ], [ 108219.473000001162291, 501251.758100017905235, 0.0 ], [ 108219.979299999773502, 501252.086599994450808, 0.0 ], [ 108220.496399998664856, 501252.397599995136261, 0.0 ], [ 108221.023899998515844, 501252.690700020641088, 0.0 ], [ 108221.561100002378225, 501252.96560001000762, 0.0 ], [ 108222.107400000095367, 501253.222000014036894, 0.0 ], [ 108222.662099998444319, 501253.459600001573563, 0.0 ], [ 108223.224600002169609, 501253.678000014275312, 0.0 ], [ 108223.794300004839897, 501253.877100016921759, 0.0 ], [ 108224.37050000205636, 501254.056500002741814, 0.0 ], [ 108224.952399998903275, 501254.216200023889542, 0.0 ], [ 108225.539500009268522, 501254.355800002813339, 0.0 ], [ 108226.131000000983477, 501254.475299995392561, 0.0 ], [ 108226.726300004869699, 501254.574499994516373, 0.0 ], [ 108227.324600003659725, 501254.653300013393164, 0.0 ], [ 108227.925200000405312, 501254.711500022560358, 0.0 ], [ 108228.527500003576279, 501254.749200001358986, 0.0 ], [ 108229.130699999630451, 501254.766199994832277, 0.0 ], [ 108229.73420000448823, 501254.762600015848875, 0.0 ], [ 108230.337200004607439, 501254.738400023430586, 0.0 ], [ 108230.939000003039837, 501254.6936000213027, 0.0 ], [ 108231.538900014013052, 501254.628100011497736, 0.0 ], [ 108232.136200003325939, 501254.542300011962652, 0.0 ], [ 108232.73020001500845, 501254.436000015586615, 0.0 ], [ 108233.320300005376339, 501254.309500001370907, 0.0 ], [ 108233.905699998140335, 501254.162700023502111, 0.0 ], [ 108234.485800009220839, 501253.996200002729893, 0.0 ], [ 108235.059599999338388, 501253.809800006449223, 0.0 ], [ 108235.626900002360344, 501253.604000017046928, 0.0 ], [ 108242.890900008380413, 501251.483000006526709, 0.0 ], [ 108246.448000002652407, 501249.968399997800589, 0.0 ], [ 108244.670100003480911, 501229.257400009781122, 0.0 ], [ 108243.305300004780293, 501208.515000030398369, 0.0 ], [ 108242.841900009661913, 501202.78770000860095, 0.0 ], [ 108242.178400002419949, 501197.080100018531084, 0.0 ], [ 108241.315400004386902, 501191.39919999986887, 0.0 ], [ 108240.254000004380941, 501185.752100020647049, 0.0 ], [ 108238.995600003749132, 501180.145500004291534, 0.0 ], [ 108237.541700001806021, 501174.586499996483326, 0.0 ], [ 108231.174200002104044, 501151.058100003749132, 0.0 ], [ 108211.044300004839897, 501084.164000011980534, 0.0 ], [ 108186.91040001064539, 501007.126500014215708, 0.0 ], [ 108182.492300003767014, 500993.610300023108721, 0.0 ], [ 108151.015000000596046, 500901.894000019878149, 0.0 ], [ 108116.512600004673004, 500807.141300026327372, 0.0 ], [ 108076.138700000941753, 500703.090700000524521, 0.0 ], [ 108034.502999998629093, 500602.639699999243021, 0.0 ], [ 108000.433700002729893, 500524.678599998354912, 0.0 ], [ 107993.617600005120039, 500509.484000012278557, 0.0 ], [ 107979.05460000410676, 500477.560600001364946, 0.0 ], [ 107974.207100003957748, 500467.092500027269125, 0.0 ], [ 107973.649100001901388, 500465.898599997162819, 0.0 ], [ 107958.344700001180172, 500433.155200023204088, 0.0 ], [ 107958.326999999582767, 500435.460000019520521, 0.0 ], [ 107958.708000000566244, 500442.463000014424324, 0.0 ], [ 107959.890000004321337, 500448.868000019341707, 0.0 ], [ 107965.047000002115965, 500464.287000000476837, 0.0 ], [ 107979.582000002264977, 500501.378000002354383, 0.0 ], [ 107981.528000004589558, 500506.342999998480082, 0.0 ], [ 107984.505000006407499, 500514.754000015556812, 0.0 ], [ 107985.287000004202127, 500521.157999996095896, 0.0 ], [ 107984.065000001341105, 500528.956999994814396, 0.0 ], [ 107981.42400000244379, 500543.754999998956919, 0.0 ], [ 107981.839700002223253, 500554.61650001257658, 0.0 ], [ 107981.983000002801418, 500558.360999997705221, 0.0 ], [ 107982.939000003039837, 500574.168000034987926, 0.0 ], [ 107983.055000003427267, 500604.178000014275312, 0.0 ], [ 107980.644999999552965, 500607.772000014781952, 0.0 ], [ 107975.63400000333786, 500611.760000009089708, 0.0 ], [ 107972.031000003218651, 500612.95100000873208, 0.0 ], [ 107962.929000005125999, 500612.425999995321035, 0.0 ], [ 107969.730999998748302, 500628.051000025123358, 0.0 ], [ 107741.12500000372529, 500628.051000025123358, 0.0 ], [ 107715.035999998450279, 500628.051000025123358, 0.0 ], [ 107705.438000004738569, 500628.051000025123358, 0.0 ], [ 107704.41499999910593, 500625.701000016182661, 0.0 ], [ 107695.550999999046326, 500625.701000016182661, 0.0 ], [ 107673.166999999433756, 500574.285000007599592, 0.0 ], [ 107670.760000001639128, 500576.191000007092953, 0.0 ], [ 107669.347000002861023, 500577.309000007808208, 0.0 ], [ 107636.726000003516674, 500603.129999995231628, 0.0 ], [ 107596.352000005543232, 500635.088000006973743, 0.0 ], [ 107586.614000003784895, 500642.796000014990568, 0.0 ], [ 107541.234000001102686, 500678.716000013053417, 0.0 ], [ 107488.388000000268221, 500720.543999999761581, 0.0 ], [ 107487.600000001490116, 500721.166999995708466, 0.0 ], [ 107487.56700000539422, 500721.192000020295382, 0.0 ], [ 107458.5489999987185, 500744.162000000476837, 0.0 ], [ 107454.186000004410744, 500747.614000000059605, 0.0 ], [ 107450.970000002533197, 500750.16100000217557, 0.0 ], [ 107423.654000002890825, 500715.643000010401011, 0.0 ], [ 107386.49100000411272, 500668.652000013738871, 0.0 ], [ 107374.598700005561113, 500678.063799999654293, 0.0 ], [ 107322.723000004887581, 500719.119000025093555, 0.0 ], [ 107322.269000001251698, 500719.511000003665686, 0.0 ], [ 107321.783000007271767, 500720.017000015825033, 0.0 ], [ 107321.350000001490116, 500720.568000011146069, 0.0 ], [ 107320.975000005215406, 500721.160999998450279, 0.0 ], [ 107320.660000007599592, 500721.787999998778105, 0.0 ], [ 107320.410000000149012, 500722.44300002977252, 0.0 ], [ 107320.227000001817942, 500723.120000012218952, 0.0 ], [ 107320.112000003457069, 500723.811999995261431, 0.0 ], [ 107320.068000011146069, 500724.511999994516373, 0.0 ], [ 107320.093000002205372, 500725.213000033050776, 0.0 ], [ 107320.188999999314547, 500725.907000008970499, 0.0 ], [ 107320.3530000038445, 500726.589000005275011, 0.0 ], [ 107320.58500000089407, 500727.251000016927719, 0.0 ], [ 107261.004000004380941, 500774.404000010341406, 0.0 ], [ 107241.462000001221895, 500789.868999999016523, 0.0 ], [ 107238.678000003099442, 500792.071999996900558, 0.0 ], [ 107234.482000004500151, 500786.771000001579523, 0.0 ], [ 107233.534000005573034, 500787.475000031292439, 0.0 ], [ 107232.539000000804663, 500788.215999998152256, 0.0 ], [ 107230.778500001877546, 500788.86880000308156, 0.0 ], [ 107233.17790000513196, 500791.920100003480911, 0.0 ], [ 107280.791900001466274, 500852.859100002795458, 0.0 ], [ 107281.992300000041723, 500854.389300014823675, 0.0 ], [ 107295.86090000718832, 500872.070099998265505, 0.0 ], [ 107311.057900004088879, 500891.765100013464689, 0.0 ], [ 107333.743900004774332, 500919.973100028932095, 0.0 ], [ 107356.039900004863739, 500948.101100012660027, 0.0 ], [ 107367.749899998307228, 500962.896099995821714, 0.0 ], [ 107371.221900004893541, 500962.420100007206202, 0.0 ], [ 107373.135200005024672, 500961.924000006169081, 0.0 ], [ 107383.65089999884367, 500975.504100006073713, 0.0 ], [ 107403.470900002866983, 501000.000100027769804, 0.0 ], [ 107433.713900003582239, 501037.377100020647049, 0.0 ], [ 107471.18189999833703, 501084.198100000619888, 0.0 ], [ 107499.999900002032518, 501121.44709999486804, 0.0 ], [ 107502.038900002837181, 501124.082099996507168, 0.0 ], [ 107537.336899999529123, 501168.773100011050701, 0.0 ], [ 107556.401900008320808, 501191.76409999653697, 0.0 ], [ 107564.550900001078844, 501203.111099999397993, 0.0 ], [ 107580.72690000012517, 501222.223099999129772, 0.0 ], [ 107589.867899999022484, 501234.538100026547909, 0.0 ], [ 107602.227900002151728, 501250.000100009143353, 0.0 ], [ 107604.018900003284216, 501252.241100024431944, 0.0 ], [ 107610.941500000655651, 501260.702199995517731, 0.0 ], [ 107621.440700013190508, 501273.951300013810396, 0.0 ], [ 107676.415400002151728, 501343.324700023978949, 0.0 ], [ 107697.364900004118681, 501369.761100001633167, 0.0 ], [ 107729.15089999884367, 501410.187100030481815, 0.0 ], [ 107759.915900003165007, 501450.777100007981062, 0.0 ], [ 107791.07090000808239, 501491.516100004315376, 0.0 ], [ 107797.943900000303984, 501500.000100005418062, 0.0 ], [ 107814.747900009155273, 501520.744100023061037, 0.0 ], [ 107817.590900000184774, 501525.112100031226873, 0.0 ], [ 107829.60190000012517, 501540.125100005418062, 0.0 ], [ 107859.276900000870228, 501576.691100019961596, 0.0 ], [ 107888.500900000333786, 501612.019100029021502, 0.0 ], [ 107907.261900003999472, 501635.554100032895803, 0.0 ], [ 107924.884900007396936, 501657.400100015103817, 0.0 ], [ 107938.304900005459785, 501675.789100024849176, 0.0 ], [ 107959.479900013655424, 501703.058100014925003, 0.0 ], [ 107984.261900003999472, 501735.044100016355515, 0.0 ], [ 107997.267900004982948, 501758.505100023001432, 0.0 ], [ 107999.999899998307228, 501761.763099994510412, 0.0 ], [ 108001.763900000602007, 501763.867100011557341, 0.0 ], [ 108016.694899998605251, 501781.86810003221035, 0.0 ], [ 108041.830899998545647, 501814.815100010484457, 0.0 ], [ 108050.8739, 501825.931100033223629, 0.0 ], [ 108104.085900004953146, 501893.260100014507771, 0.0 ], [ 108155.309900000691414, 501958.025100015103817, 0.0 ], [ 108172.437900006771088, 501979.790100023150444, 0.0 ], [ 108187.826900005340576, 502000.000100009143353, 0.0 ], [ 108190.257900003343821, 502003.19310001283884, 0.0 ], [ 108210.270899999886751, 502027.525100003927946, 0.0 ], [ 108219.220900002866983, 502038.350100010633469, 0.0 ], [ 108223.254900012165308, 502043.371100001037121, 0.0 ], [ 108226.845899999141693, 502048.657100014388561, 0.0 ], [ 108229.704900003969669, 502052.203400000929832, 0.0 ], [ 108232.407000008970499, 502050.025000017136335, 0.0 ] ] ] ] } },
{ "type": "Feature", "properties": { "fid": 1162, "jrstatcode": "2026WK039611", "wk_code": "WK039611", "wk_naam": "Wijk 11 Oostelijk Heemskerk", "gm_code": "GM0396", "gm_naam": "Heemskerk", "water": "NEE", "jaar": "2026" }, "geometry": { "type": "MultiPolygon", "coordinates": [ [ [ [ 108793.61600000038743, 502741.589000020176172, 0.0 ], [ 108794.339999999850988, 502741.504000015556812, 0.0 ], [ 108795.050999999046326, 502741.348000027239323, 0.0 ], [ 108795.743999999016523, 502741.122000019997358, 0.0 ], [ 108811.537999998778105, 502736.690999999642372, 0.0 ], [ 108827.763000000268221, 502733.359000016003847, 0.0 ], [ 108841.401000000536442, 502730.922000005841255, 0.0 ], [ 108856.380000002682209, 502728.711000002920628, 0.0 ], [ 108865.695000004023314, 502727.379000015556812, 0.0 ], [ 108880.463000003248453, 502726.351000022143126, 0.0 ], [ 108886.181000001728535, 502726.37100000679493, 0.0 ], [ 108888.152000002563, 502726.552000030875206, 0.0 ], [ 108902.901999998837709, 502717.754000011831522, 0.0 ], [ 108903.092000003904104, 502717.641000028699636, 0.0 ], [ 108967.706000000238419, 502679.104000005871058, 0.0 ], [ 108959.722000002861023, 502664.10300001129508, 0.0 ], [ 108953.276000000536442, 502648.38000001385808, 0.0 ], [ 108948.431000005453825, 502632.092000026255846, 0.0 ], [ 108945.236999999731779, 502615.40200001001358, 0.0 ], [ 108943.725000005215406, 502598.477000012993813, 0.0 ], [ 108943.91100000217557, 502581.484999999403954, 0.0 ], [ 108945.073000002652407, 502575.065000005066395, 0.0 ], [ 108945.183000005781651, 502574.458000015467405, 0.0 ], [ 108946.355000000447035, 502567.994000010192394, 0.0 ], [ 108957.75000000372529, 502505.150000020861626, 0.0 ], [ 108959.190000001341105, 502490.63000001385808, 0.0 ], [ 108958.969999998807907, 502475.640000019222498, 0.0 ], [ 108957.030000004917383, 502460.769999995827675, 0.0 ], [ 108953.390000000596046, 502446.230000004172325, 0.0 ], [ 108948.089999999850988, 502432.210000015795231, 0.0 ], [ 108905.609999999403954, 502341.510000016540289, 0.0 ], [ 108911.396000005304813, 502331.260000020265579, 0.0 ], [ 108881.399999998509884, 502266.500000018626451, 0.0 ], [ 108820.400000002235174, 502293.980000004172325, 0.0 ], [ 108756.920000001788139, 502325.229999996721745, 0.0 ], [ 108730.239999998360872, 502289.319999996572733, 0.0 ], [ 108728.525000005960464, 502287.008000031113625, 0.0 ], [ 108734.96000000089407, 502283.410000007599592, 0.0 ], [ 108740.339999999850988, 502280.060000032186508, 0.0 ], [ 108733.700000002980232, 502267.34000002220273, 0.0 ], [ 108718.910000003874302, 502239.030000019818544, 0.0 ], [ 108680.270000003278255, 502168.739999998360872, 0.0 ], [ 108671.361000001430511, 502152.53200002014637, 0.0 ], [ 108656.843000002205372, 502121.975000020116568, 0.0 ], [ 108648.559999998658895, 502104.530000008642673, 0.0 ], [ 108627.980000004172325, 502059.690000005066395, 0.0 ], [ 108601.252000004053116, 501998.908999998122454, 0.0 ], [ 108596.600000001490116, 501988.330000024288893, 0.0 ], [ 108583.574999999254942, 501956.907000012695789, 0.0 ], [ 108573.03999999910593, 501931.491000007838011, 0.0 ], [ 108575.916000004857779, 501930.428000029176474, 0.0 ], [ 108578.197000004351139, 501928.772999994456768, 0.0 ], [ 108579.355999998748302, 501927.539000004529953, 0.0 ], [ 108580.515000000596046, 501925.605000015348196, 0.0 ], [ 108584.104000002145767, 501919.828000005334616, 0.0 ], [ 108586.38400000333786, 501915.819000013172626, 0.0 ], [ 108589.151000000536442, 501909.397000011056662, 0.0 ], [ 108591.581000003963709, 501901.237000003457069, 0.0 ], [ 108593.376000002026558, 501893.919000018388033, 0.0 ], [ 108600.217999998480082, 501867.897000022232533, 0.0 ], [ 108603.43300000205636, 501854.522000022232533, 0.0 ], [ 108609.527000002563, 501823.313000023365021, 0.0 ], [ 108610.649000000208616, 501818.462000019848347, 0.0 ], [ 108612.10700000077486, 501813.778999995440245, 0.0 ], [ 108614.163000002503395, 501808.423000004142523, 0.0 ], [ 108616.743000000715256, 501802.787000007927418, 0.0 ], [ 108619.697000000625849, 501798.104000009596348, 0.0 ], [ 108646.354000002145767, 501753.014999996870756, 0.0 ], [ 108649.195000004023314, 501748.529000032693148, 0.0 ], [ 108655.738000005483627, 501738.855000015348196, 0.0 ], [ 108663.813999999314547, 501727.695000007748604, 0.0 ], [ 108675.179000005125999, 501712.861000008881092, 0.0 ], [ 108679.18299999833107, 501707.905000027269125, 0.0 ], [ 108680.413000002503395, 501705.726000029593706, 0.0 ], [ 108696.21900000423193, 501677.719000022858381, 0.0 ], [ 108707.372000005096197, 501656.245000023394823, 0.0 ], [ 108710.492000002413988, 501650.238000016659498, 0.0 ], [ 108718.25, 501635.301000017672777, 0.0 ], [ 108718.848000004887581, 501633.534000009298325, 0.0 ], [ 108719.221999999135733, 501631.319000020623207, 0.0 ], [ 108719.146999999880791, 501629.327999997884035, 0.0 ], [ 108718.473999999463558, 501626.636000007390976, 0.0 ], [ 108716.42000000551343, 501622.47000003233552, 0.0 ], [ 108712.708000004291534, 501616.869000032544136, 0.0 ], [ 108710.800999999046326, 501610.921000011265278, 0.0 ], [ 108704.407999999821186, 501596.775000032037497, 0.0 ], [ 108720.800000004470348, 501579.224000003188848, 0.0 ], [ 108727.982999999076128, 501571.635999999940395, 0.0 ], [ 108734.791999999433756, 501564.947999995201826, 0.0 ], [ 108737.665000002831221, 501562.127000011503696, 0.0 ], [ 108738.589000001549721, 501561.279000002890825, 0.0 ], [ 108745.295000001788139, 501555.127000007778406, 0.0 ], [ 108750.243999999016523, 501550.544000003486872, 0.0 ], [ 108755.462000001221895, 501546.293000034987926, 0.0 ], [ 108758.982999999076128, 501543.336000010371208, 0.0 ], [ 108767.467000000178814, 501536.790000002831221, 0.0 ], [ 108773.852000001817942, 501532.038000021129847, 0.0 ], [ 108782.074000000953674, 501526.425000000745058, 0.0 ], [ 108789.225000001490116, 501521.526000022888184, 0.0 ], [ 108793.214999999850988, 501518.678000006824732, 0.0 ], [ 108804.329999998211861, 501510.740000002086163, 0.0 ], [ 108815.958000004291534, 501501.855000022798777, 0.0 ], [ 108817.293999999761581, 501500.778999999165535, 0.0 ], [ 108824.464000001549721, 501495.003999996930361, 0.0 ], [ 108833.254000004380941, 501487.041000008583069, 0.0 ], [ 108841.495000001043081, 501478.988999996334314, 0.0 ], [ 108850.344999998807907, 501470.330000013113022, 0.0 ], [ 108859.669000003486872, 501461.300000000745058, 0.0 ], [ 108872.106000002473593, 501450.084999997168779, 0.0 ], [ 108885.765999998897314, 501438.734000019729137, 0.0 ], [ 108902.293999999761581, 501426.082000009715557, 0.0 ], [ 108920.053000003099442, 501413.33100001886487, 0.0 ], [ 108935.918000001460314, 501402.077000018209219, 0.0 ], [ 108943.311999998986721, 501394.552000012248755, 0.0 ], [ 108946.480000004172325, 501396.409999996423721, 0.0 ], [ 108952.480000000447035, 501391.420000027865171, 0.0 ], [ 108957.280000004917383, 501389.019999995827675, 0.0 ], [ 108959.680000003427267, 501387.420000024139881, 0.0 ], [ 108960.879999998956919, 501386.420000020414591, 0.0 ], [ 108963.070000000298023, 501384.419999998062849, 0.0 ], [ 108964.469999998807907, 501382.820000026375055, 0.0 ], [ 108966.070000000298023, 501380.230000022798777, 0.0 ], [ 108967.270000003278255, 501377.029999997466803, 0.0 ], [ 108967.469999998807907, 501371.430000022053719, 0.0 ], [ 108967.469999998807907, 501368.851999998092651, 0.0 ], [ 108972.270000003278255, 501363.651000007987022, 0.0 ], [ 108975.382000003010035, 501360.279000002890825, 0.0 ], [ 108982.061000004410744, 501353.905000016093254, 0.0 ], [ 109008.066000003367662, 501328.532999996095896, 0.0 ], [ 109026.84400000423193, 501310.125000026077032, 0.0 ], [ 109028.307000000029802, 501309.067000024020672, 0.0 ], [ 109041.662999998778105, 501299.410999994724989, 0.0 ], [ 109046.969000000506639, 501295.65200001001358, 0.0 ], [ 109049.975999999791384, 501292.717000022530556, 0.0 ], [ 109052.202000003308058, 501289.667000010609627, 0.0 ], [ 109053.857000004500151, 501287.041999995708466, 0.0 ], [ 109054.793999999761581, 501284.96500001475215, 0.0 ], [ 109056.813000004738569, 501282.631000012159348, 0.0 ], [ 109058.887000001966953, 501280.345000002533197, 0.0 ], [ 109061.015000000596046, 501278.110000010579824, 0.0 ], [ 109063.195999998599291, 501275.926000013947487, 0.0 ], [ 109065.427999999374151, 501273.795000031590462, 0.0 ], [ 109067.711000002920628, 501271.716999996453524, 0.0 ], [ 109070.041999999433756, 501269.695000022649765, 0.0 ], [ 109072.420000001788139, 501267.728000029921532, 0.0 ], [ 109074.844999998807907, 501265.818999998271465, 0.0 ], [ 109077.315000005066395, 501263.967999994754791, 0.0 ], [ 109079.541999999433756, 501262.376000013202429, 0.0 ], [ 109081.802999999374151, 501260.830999996513128, 0.0 ], [ 109084.094999998807907, 501259.335000023245811, 0.0 ], [ 109086.119000002741814, 501257.855000011622906, 0.0 ], [ 109088.850000005215406, 501255.922000020742416, 0.0 ], [ 109091.615000002086163, 501254.040000021457672, 0.0 ], [ 109099.986000005155802, 501244.202000014483929, 0.0 ], [ 109105.749000001698732, 501240.820000022649765, 0.0 ], [ 109118.135000001639128, 501234.323000013828278, 0.0 ], [ 109119.394000001251698, 501231.677000019699335, 0.0 ], [ 109127.427000004798174, 501226.646000016480684, 0.0 ], [ 109134.572999998927116, 501225.191000003367662, 0.0 ], [ 109148.059000004082918, 501215.152000028640032, 0.0 ], [ 109148.16100000217557, 501215.146000005304813, 0.0 ], [ 109163.624000005424023, 501214.204000014811754, 0.0 ], [ 109177.590000003576279, 501214.508000034838915, 0.0 ], [ 109249.733000002801418, 501193.947000008076429, 0.0 ], [ 109256.844999998807907, 501191.920000020414591, 0.0 ], [ 109411.226000003516674, 501147.922000028192997, 0.0 ], [ 109430.949000000953674, 501142.184000004082918, 0.0 ], [ 109434.046999998390675, 501141.240000005811453, 0.0 ], [ 109445.198000002652407, 501136.940999995917082, 0.0 ], [ 109461.041000001132488, 501130.122999999672174, 0.0 ], [ 109500.0, 501111.987000003457069, 0.0 ], [ 109503.377000000327826, 501110.415000021457672, 0.0 ], [ 109563.267000000923872, 501081.09900001809001, 0.0 ], [ 109565.73200000077486, 501079.390999995172024, 0.0 ], [ 109567.689000003039837, 501077.428000021725893, 0.0 ], [ 109569.517000000923872, 501075.118000008165836, 0.0 ], [ 109572.266000002622604, 501070.476000003516674, 0.0 ], [ 109573.166000001132488, 501068.539000023156404, 0.0 ], [ 109574.390000004321337, 501067.1210000179708, 0.0 ], [ 109576.416999999433756, 501065.676000021398067, 0.0 ], [ 109581.291000004857779, 501063.378000002354383, 0.0 ], [ 109642.657000001519918, 501043.153000000864267, 0.0 ], [ 109676.568000003695488, 501030.701000019907951, 0.0 ], [ 109689.353999998420477, 501025.933999996632338, 0.0 ], [ 109700.159000001847744, 501021.056000027805567, 0.0 ], [ 109706.03999999910593, 501018.325000010430813, 0.0 ], [ 109708.817999999970198, 501016.953999996185303, 0.0 ], [ 109710.010000005364418, 501016.22800001502037, 0.0 ], [ 109713.81700000539422, 501013.910999994724989, 0.0 ], [ 109647.370999999344349, 500993.173000000417233, 0.0 ], [ 109625.278000000864267, 500985.179000005125999, 0.0 ], [ 109613.385999999940395, 500981.622000001370907, 0.0 ], [ 109605.330000001937151, 500979.134000021964312, 0.0 ], [ 109596.947000004351139, 500977.143000029027462, 0.0 ], [ 109592.474000003188848, 500975.723999999463558, 0.0 ], [ 109587.231000002473593, 500973.359000019729137, 0.0 ], [ 109558.659000005573034, 500956.575000021606684, 0.0 ], [ 109549.929000001400709, 500951.994000013917685, 0.0 ], [ 109545.521000001579523, 500949.386000003665686, 0.0 ], [ 109533.381000000983477, 500944.302999995648861, 0.0 ], [ 109523.937000002712011, 500940.887000005692244, 0.0 ], [ 109516.554000001400709, 500937.51800000295043, 0.0 ], [ 109509.090000003576279, 500934.21000000834465, 0.0 ], [ 109499.598000001162291, 500929.877999994903803, 0.0 ], [ 109492.734000001102686, 500926.695000007748604, 0.0 ], [ 109482.997000001370907, 500923.052000008523464, 0.0 ], [ 109475.410000003874302, 500919.83500000461936, 0.0 ], [ 109468.6030000038445, 500917.748000010848045, 0.0 ], [ 109461.127000000327826, 500914.765000015497208, 0.0 ], [ 109453.818000003695488, 500910.645000007003546, 0.0 ], [ 109444.596000000834465, 500905.227000012993813, 0.0 ], [ 109437.30800000205636, 500900.0, 0.0 ], [ 109427.484999999403954, 500892.955000016838312, 0.0 ], [ 109405.535000003874302, 500876.307000003755093, 0.0 ], [ 109394.916000004857779, 500869.016000024974346, 0.0 ], [ 109364.557000000029802, 500846.597000014036894, 0.0 ], [ 109323.438000001013279, 500821.805000003427267, 0.0 ], [ 109317.820000000298023, 500814.01799999922514, 0.0 ], [ 109312.633000005036592, 500805.598000023514032, 0.0 ], [ 109311.037000000476837, 500803.327000014483929, 0.0 ], [ 109308.796000000089407, 500800.137000013142824, 0.0 ], [ 109302.845000002533197, 500793.704999998211861, 0.0 ], [ 109295.63400000333786, 500787.040000010281801, 0.0 ], [ 109285.320000004023314, 500778.568000003695488, 0.0 ], [ 109276.617000002413988, 500771.770000007003546, 0.0 ], [ 109269.954000003635883, 500765.370999995619059, 0.0 ], [ 109258.728999998420477, 500748.953000009059906, 0.0 ], [ 109250.616999998688698, 500737.406000010669231, 0.0 ], [ 109245.440000005066395, 500730.461000014096498, 0.0 ], [ 109232.5760000012815, 500716.364000007510185, 0.0 ], [ 109222.787999998778105, 500705.265000008046627, 0.0 ], [ 109216.855999998748302, 500696.168000020086765, 0.0 ], [ 109209.622000005096197, 500683.436000015586615, 0.0 ], [ 109204.369000002741814, 500672.705000005662441, 0.0 ], [ 109201.365000002086163, 500665.437000006437302, 0.0 ], [ 109199.581000000238419, 500659.964999996125698, 0.0 ], [ 109197.611000005155802, 500656.861000016331673, 0.0 ], [ 109194.546999998390675, 500652.169000003486872, 0.0 ], [ 109189.515000000596046, 500646.160000018775463, 0.0 ], [ 109179.530000001192093, 500634.601000022143126, 0.0 ], [ 109163.362000003457069, 500614.703000005334616, 0.0 ], [ 109155.918000005185604, 500605.810000006109476, 0.0 ], [ 109147.715999998152256, 500596.462000001221895, 0.0 ], [ 109141.791000004857779, 500590.269000012427568, 0.0 ], [ 109135.956999998539686, 500584.736000012606382, 0.0 ], [ 109134.094000000506639, 500583.171999994665384, 0.0 ], [ 109132.513999998569489, 500580.893000021576881, 0.0 ], [ 109130.090999998152256, 500576.335999995470047, 0.0 ], [ 109124.021000005304813, 500565.480000007897615, 0.0 ], [ 109121.423000004142523, 500561.704000029712915, 0.0 ], [ 109117.774000003933907, 500556.880000032484531, 0.0 ], [ 109112.526000007987022, 500550.372000016272068, 0.0 ], [ 109103.254999998956919, 500539.096000030636787, 0.0 ], [ 109098.156000003218651, 500531.776999995112419, 0.0 ], [ 109096.624000005424023, 500529.615000020712614, 0.0 ], [ 109088.20100000500679, 500516.931000001728535, 0.0 ], [ 109083.50899999961257, 500509.473000004887581, 0.0 ], [ 109081.089000001549721, 500505.966000020503998, 0.0 ], [ 109073.280000004917383, 500495.230000022798777, 0.0 ], [ 109064.331000000238419, 500483.469000022858381, 0.0 ], [ 109048.775000002235174, 500462.994000013917685, 0.0 ], [ 109047.951999999582767, 500461.710999999195337, 0.0 ], [ 109046.879000000655651, 500460.038000013679266, 0.0 ], [ 109043.925999999046326, 500456.828999999910593, 0.0 ], [ 109041.052999999374151, 500454.392000030726194, 0.0 ], [ 109036.05800000205636, 500450.824999999254942, 0.0 ], [ 109032.263000003993511, 500447.493000004440546, 0.0 ], [ 109029.920000001788139, 500444.814000017940998, 0.0 ], [ 109023.256000004708767, 500436.833999995142221, 0.0 ], [ 109013.333000004291534, 500427.010000016540289, 0.0 ], [ 109003.464999999850988, 500417.928000003099442, 0.0 ], [ 108993.213000003248453, 500407.965000033378601, 0.0 ], [ 108976.309000000357628, 500393.114000000059605, 0.0 ], [ 108962.087999999523163, 500380.232000008225441, 0.0 ], [ 108953.147999998182058, 500371.619000002741814, 0.0 ], [ 108943.506000000983477, 500362.186000004410744, 0.0 ], [ 108931.243999999016523, 500349.627000033855438, 0.0 ], [ 108924.475000005215406, 500342.631000019609928, 0.0 ], [ 108911.519999999552965, 500329.875999998301268, 0.0 ], [ 108903.969000000506639, 500323.442999999970198, 0.0 ], [ 108899.936000000685453, 500319.89400002732873, 0.0 ], [ 108897.584000002592802, 500317.327999997884035, 0.0 ], [ 108896.712999999523163, 500313.601000018417835, 0.0 ], [ 108895.083999998867512, 500305.788000021129847, 0.0 ], [ 108893.204999998211861, 500300.450000017881393, 0.0 ], [ 108890.219000000506639, 500292.219000030308962, 0.0 ], [ 108884.980999998748302, 500277.969000019133091, 0.0 ], [ 108882.927000004798174, 500270.519000023603439, 0.0 ], [ 108879.905000001192093, 500259.477000009268522, 0.0 ], [ 108878.436000000685453, 500252.527000002563, 0.0 ], [ 108876.698000002652407, 500241.75500001013279, 0.0 ], [ 108875.78999999910593, 500230.169000010937452, 0.0 ], [ 108874.078000001609325, 500203.120000004768372, 0.0 ], [ 108874.695999998599291, 500198.488999996334314, 0.0 ], [ 108877.561999998986721, 500181.965000033378601, 0.0 ], [ 108879.087999999523163, 500173.165000006556511, 0.0 ], [ 108880.570999998599291, 500163.638000000268221, 0.0 ], [ 108881.30400000885129, 500160.064999997615814, 0.0 ], [ 108881.081000000238419, 500156.910999994724989, 0.0 ], [ 108880.899999998509884, 500154.361000001430511, 0.0 ], [ 108878.05799999833107, 500135.959000013768673, 0.0 ], [ 108875.769999999552965, 500124.606000028550625, 0.0 ], [ 108874.415000002831221, 500119.45100000500679, 0.0 ], [ 108872.252000000327826, 500111.936999998986721, 0.0 ], [ 108870.010000001639128, 500105.067999996244907, 0.0 ], [ 108866.225000001490116, 500094.363000020384789, 0.0 ], [ 108865.148000001907349, 500089.287000007927418, 0.0 ], [ 108863.954000003635883, 500077.367000017315149, 0.0 ], [ 108863.184000004082918, 500069.082000032067299, 0.0 ], [ 108863.032000005245209, 500066.067000020295382, 0.0 ], [ 108862.850000005215406, 500062.476000014692545, 0.0 ], [ 108860.070000004023314, 500062.485000003129244, 0.0 ], [ 108853.383000001311302, 500064.176000006496906, 0.0 ], [ 108851.333000004291534, 500064.885000009089708, 0.0 ], [ 108847.026999998837709, 500066.213000006973743, 0.0 ], [ 108839.243000004440546, 500068.82200001180172, 0.0 ], [ 108825.917000003159046, 500074.405000023543835, 0.0 ], [ 108806.888000003993511, 500083.007000003010035, 0.0 ], [ 108781.177000001072884, 500094.657000001519918, 0.0 ], [ 108764.206000000238419, 500102.459000021219254, 0.0 ], [ 108754.64299999922514, 500106.952000003308058, 0.0 ], [ 108734.614000007510185, 500116.167000025510788, 0.0 ], [ 108722.543000005185604, 500121.705000024288893, 0.0 ], [ 108699.727000001817942, 500132.210999999195337, 0.0 ], [ 108669.193999998271465, 500145.790999997407198, 0.0 ], [ 108668.337999999523163, 500146.115000002086163, 0.0 ], [ 108668.274000000208616, 500146.139000002294779, 0.0 ], [ 108658.657999999821186, 500150.135000020265579, 0.0 ], [ 108649.480999998748302, 500154.045000027865171, 0.0 ], [ 108641.410000000149012, 500157.689000021666288, 0.0 ], [ 108632.74100000038743, 500162.033000014722347, 0.0 ], [ 108624.60700000077486, 500167.040000002831221, 0.0 ], [ 108613.416000004857779, 500171.803000021725893, 0.0 ], [ 108599.166999999433756, 500177.555000007152557, 0.0 ], [ 108580.061000004410744, 500185.380999997258186, 0.0 ], [ 108563.914000000804663, 500192.901000015437603, 0.0 ], [ 108554.504000004380941, 500196.363000027835369, 0.0 ], [ 108549.061000000685453, 500198.010000020265579, 0.0 ], [ 108542.730999998748302, 500199.614000018686056, 0.0 ], [ 108539.01800000295043, 500200.374000027775764, 0.0 ], [ 108534.822999998927116, 500201.395999997854233, 0.0 ], [ 108533.017000004649162, 500202.109000016003847, 0.0 ], [ 108529.907000001519918, 500203.337000008672476, 0.0 ], [ 108581.190000001341105, 500298.239000000059605, 0.0 ], [ 108576.653999999165535, 500309.995000001043081, 0.0 ], [ 108574.140000000596046, 500311.298000000417233, 0.0 ], [ 108573.05800000205636, 500311.860000006854534, 0.0 ], [ 108480.508000001311302, 500360.45600001886487, 0.0 ], [ 108469.925999999046326, 500366.118000008165836, 0.0 ], [ 108410.622000005096197, 500397.648000005632639, 0.0 ], [ 108395.532000001519918, 500405.609000001102686, 0.0 ], [ 108371.285000007599592, 500418.315000008791685, 0.0 ], [ 108302.550999999046326, 500453.528000026941299, 0.0 ], [ 108301.145000003278255, 500450.563999995589256, 0.0 ], [ 108299.08500000461936, 500447.17000000923872, 0.0 ], [ 108296.660999998450279, 500443.719000034034252, 0.0 ], [ 108293.228999998420477, 500437.920000016689301, 0.0 ], [ 108288.62500000372529, 500429.704000018537045, 0.0 ], [ 108280.418000005185604, 500414.994000010192394, 0.0 ], [ 108273.135999999940395, 500401.860000029206276, 0.0 ], [ 108271.95100000500679, 500398.875000014901161, 0.0 ], [ 108271.247999999672174, 500396.267000023275614, 0.0 ], [ 108270.964999999850988, 500394.089000020176172, 0.0 ], [ 108270.458000004291534, 500390.419000018388033, 0.0 ], [ 108270.203000005334616, 500389.322000026702881, 0.0 ], [ 108256.503000002354383, 500366.524999998509884, 0.0 ], [ 108238.585999999195337, 500337.074000019580126, 0.0 ], [ 108226.629999998956919, 500316.626000002026558, 0.0 ], [ 108211.385000001639128, 500291.0990000218153, 0.0 ], [ 108196.439000003039837, 500265.73700001463294, 0.0 ], [ 108185.074000004678965, 500247.150000028312206, 0.0 ], [ 108181.837999999523163, 500241.395000010728836, 0.0 ], [ 108174.293000001460314, 500226.907000008970499, 0.0 ], [ 108159.947000000625849, 500200.401000034064054, 0.0 ], [ 108159.171000000089407, 500196.909000013023615, 0.0 ], [ 108158.473000001162291, 500193.139000002294779, 0.0 ], [ 108150.168999999761581, 500194.18400003015995, 0.0 ], [ 108149.936999998986721, 500194.229999996721745, 0.0 ], [ 108140.28999999910593, 500195.37500000372529, 0.0 ], [ 108124.75899999961257, 500198.499000009149313, 0.0 ], [ 108112.878000002354383, 500199.555000007152557, 0.0 ], [ 108099.879000004380941, 500200.410000022500753, 0.0 ], [ 108087.679000001400709, 500200.476999998092651, 0.0 ], [ 108082.293000005185604, 500199.715000011026859, 0.0 ], [ 108076.078999999910593, 500199.030000019818544, 0.0 ], [ 108068.231000002473593, 500197.481000028550625, 0.0 ], [ 108054.644999999552965, 500196.04899999499321, 0.0 ], [ 108046.293000005185604, 500195.140000008046627, 0.0 ], [ 108043.596000000834465, 500194.816000003367662, 0.0 ], [ 108039.887000001966953, 500195.093000017106533, 0.0 ], [ 108036.868000000715256, 500195.623000003397465, 0.0 ], [ 108033.10700000077486, 500195.83899999782443, 0.0 ], [ 108030.679000005125999, 500195.337000001221895, 0.0 ], [ 108026.679000001400709, 500193.179999995976686, 0.0 ], [ 108019.503000002354383, 500188.47800001129508, 0.0 ], [ 108018.472000002861023, 500187.887000005692244, 0.0 ], [ 108017.639000002294779, 500187.65200001001358, 0.0 ], [ 108016.467000000178814, 500188.865000016987324, 0.0 ], [ 108006.681000005453825, 500203.017000019550323, 0.0 ], [ 108000.437000002712011, 500211.775000028312206, 0.0 ], [ 108000.092000000178814, 500212.190000023692846, 0.0 ], [ 107997.539000004529953, 500215.497000023722649, 0.0 ], [ 107995.729000005871058, 500217.597000021487474, 0.0 ], [ 107984.296999998390675, 500230.866000019013882, 0.0 ], [ 107973.855000000447035, 500246.042999997735023, 0.0 ], [ 107958.179000005125999, 500273.809999994933605, 0.0 ], [ 107955.96000000461936, 500280.405999999493361, 0.0 ], [ 107953.534000001847744, 500290.002000004053116, 0.0 ], [ 107953.111999999731779, 500297.603999994695187, 0.0 ], [ 107953.666999999433756, 500314.010000016540289, 0.0 ], [ 107952.796000000089407, 500339.215000003576279, 0.0 ], [ 107952.588000003248453, 500342.216000024229288, 0.0 ], [ 107956.736999999731779, 500360.232000030577183, 0.0 ], [ 107957.715000003576279, 500368.236999996006489, 0.0 ], [ 107958.640999998897314, 500394.6480000205338, 0.0 ], [ 107958.344700001180172, 500433.155200023204088, 0.0 ], [ 107973.649100001901388, 500465.898599997162819, 0.0 ], [ 107974.207100003957748, 500467.092500027269125, 0.0 ], [ 107979.05460000410676, 500477.560600001364946, 0.0 ], [ 107993.617600001394749, 500509.484000012278557, 0.0 ], [ 108000.433700002729893, 500524.678599998354912, 0.0 ], [ 108034.502999998629093, 500602.639699999243021, 0.0 ], [ 108076.138700000941753, 500703.090700000524521, 0.0 ], [ 108116.512600004673004, 500807.141300015151501, 0.0 ], [ 108151.015000000596046, 500901.894000019878149, 0.0 ], [ 108182.492300000041723, 500993.610300023108721, 0.0 ], [ 108186.910399999469519, 501007.126500014215708, 0.0 ], [ 108211.044300004839897, 501084.164000011980534, 0.0 ], [ 108231.174200002104044, 501151.058100003749132, 0.0 ], [ 108237.541700001806021, 501174.586499996483326, 0.0 ], [ 108238.995600003749132, 501180.145500004291534, 0.0 ], [ 108240.254000004380941, 501185.752100005745888, 0.0 ], [ 108241.315400004386902, 501191.39919999986887, 0.0 ], [ 108242.178400002419949, 501197.080100018531084, 0.0 ], [ 108242.841899998486042, 501202.78770000860095, 0.0 ], [ 108243.305300004780293, 501208.515000030398369, 0.0 ], [ 108244.670100003480911, 501229.257400009781122, 0.0 ], [ 108246.447999998927116, 501249.968399997800589, 0.0 ], [ 108242.890900004655123, 501251.483000006526709, 0.0 ], [ 108235.626899998635054, 501253.604000017046928, 0.0 ], [ 108235.059599999338388, 501253.809800006449223, 0.0 ], [ 108234.485800005495548, 501253.996200002729893, 0.0 ], [ 108233.905699998140335, 501254.162700023502111, 0.0 ], [ 108233.320300001651049, 501254.309500001370907, 0.0 ], [ 108232.730200003832579, 501254.436000015586615, 0.0 ], [ 108232.136199999600649, 501254.542300011962652, 0.0 ], [ 108231.538900002837181, 501254.628100011497736, 0.0 ], [ 108230.939000003039837, 501254.6936000213027, 0.0 ], [ 108230.337200004607439, 501254.738400023430586, 0.0 ], [ 108229.73420000448823, 501254.762600015848875, 0.0 ], [ 108229.130699999630451, 501254.766199994832277, 0.0 ], [ 108228.527500003576279, 501254.749200001358986, 0.0 ], [ 108227.925200000405312, 501254.711500007659197, 0.0 ], [ 108227.324600003659725, 501254.653300013393164, 0.0 ], [ 108226.726300004869699, 501254.574499994516373, 0.0 ], [ 108226.131000000983477, 501254.475299995392561, 0.0 ], [ 108225.539500005543232, 501254.355800002813339, 0.0 ], [ 108224.952399998903275, 501254.216200023889542, 0.0 ], [ 108224.37050000205636, 501254.056500002741814, 0.0 ], [ 108223.794300004839897, 501253.877100016921759, 0.0 ], [ 108223.224600002169609, 501253.678000014275312, 0.0 ], [ 108222.662099998444319, 501253.459600001573563, 0.0 ], [ 108222.107400000095367, 501253.222000014036894, 0.0 ], [ 108221.561100002378225, 501252.96560001000762, 0.0 ], [ 108221.023899998515844, 501252.690700020641088, 0.0 ], [ 108220.496399998664856, 501252.397599995136261, 0.0 ], [ 108219.979299999773502, 501252.086599994450808, 0.0 ], [ 108219.473000001162291, 501251.758100003004074, 0.0 ], [ 108218.978399999439716, 501251.412400010973215, 0.0 ], [ 108218.495800003409386, 501251.050100009888411, 0.0 ], [ 108218.02589999884367, 501250.671400003135204, 0.0 ], [ 108217.569300003349781, 501250.276900004595518, 0.0 ], [ 108217.126400001347065, 501249.866999998688698, 0.0 ], [ 108216.697799999266863, 501249.442200008779764, 0.0 ], [ 108216.283900003880262, 501249.002999994903803, 0.0 ], [ 108215.885400004684925, 501248.549900021404028, 0.0 ], [ 108215.502599999308586, 501248.083400007337332, 0.0 ], [ 108215.135899998247623, 501247.604100007563829, 0.0 ], [ 108208.768899999558926, 501239.552099995315075, 0.0 ], [ 108200.164900001138449, 501227.476100020110607, 0.0 ], [ 108186.55290000513196, 501208.559100031852722, 0.0 ], [ 108186.390300001949072, 501208.319000020623207, 0.0 ], [ 108186.219500001519918, 501208.084700018167496, 0.0 ], [ 108186.040700003504753, 501207.856499996036291, 0.0 ], [ 108185.854100000113249, 501207.634600020945072, 0.0 ], [ 108185.65990000218153, 501207.419300016015768, 0.0 ], [ 108185.458299998193979, 501207.210800014436245, 0.0 ], [ 108185.249600004404783, 501207.00950001180172, 0.0 ], [ 108185.034100003540516, 501206.815500013530254, 0.0 ], [ 108184.812000002712011, 501206.629100017249584, 0.0 ], [ 108184.583500001579523, 501206.450600016862154, 0.0 ], [ 108184.348999999463558, 501206.280000012367964, 0.0 ], [ 108184.108800005167723, 501206.11769999563694, 0.0 ], [ 108183.863000005483627, 501205.963899996131659, 0.0 ], [ 108183.612100001424551, 501205.818600013852119, 0.0 ], [ 108183.356199998408556, 501205.682100001722574, 0.0 ], [ 108183.095800004899502, 501205.55460000410676, 0.0 ], [ 108182.8310999982059, 501205.436200011521578, 0.0 ], [ 108182.56250000372529, 501205.326999999582767, 0.0 ], [ 108182.290300000458956, 501205.227300014346838, 0.0 ], [ 108182.014699999243021, 501205.137000013142824, 0.0 ], [ 108181.736200001090765, 501205.05630000308156, 0.0 ], [ 108181.455100003629923, 501204.985299997031689, 0.0 ], [ 108181.17170000448823, 501204.924200002104044, 0.0 ], [ 108180.886300001293421, 501204.872800000011921, 0.0 ], [ 108180.599300004541874, 501204.831499997526407, 0.0 ], [ 108180.311100002378225, 501204.800000004470348, 0.0 ], [ 108180.021900001913309, 501204.778599999845028, 0.0 ], [ 108179.732200004160404, 501204.767299994826317, 0.0 ], [ 108179.442200001329184, 501204.766000017523766, 0.0 ], [ 108179.152400001883507, 501204.77470001205802, 0.0 ], [ 108178.863000009208918, 501204.793499995023012, 0.0 ], [ 108178.574500001966953, 501204.822300031781197, 0.0 ], [ 108178.287200000137091, 501204.861099999397993, 0.0 ], [ 108178.001400005072355, 501204.909900020807981, 0.0 ], [ 108177.717400003224611, 501204.96849999576807, 0.0 ], [ 108177.435600001364946, 501205.036800019443035, 0.0 ], [ 108162.082899998873472, 501211.675000004470348, 0.0 ], [ 108132.219900000840425, 501222.843100018799305, 0.0 ], [ 108131.797400001436472, 501223.069200001657009, 0.0 ], [ 108131.382900003343821, 501223.309800013899803, 0.0 ], [ 108130.977000001817942, 501223.564500011503696, 0.0 ], [ 108130.580200001597404, 501223.833100013434887, 0.0 ], [ 108130.192800000309944, 501224.115200012922287, 0.0 ], [ 108129.815499998629093, 501224.410600014030933, 0.0 ], [ 108129.448499999940395, 501224.718800000846386, 0.0 ], [ 108129.092500001192093, 501225.039600022137165, 0.0 ], [ 108128.747699998319149, 501225.372399996966124, 0.0 ], [ 108128.414600003510714, 501225.716899998486042, 0.0 ], [ 108128.093699999153614, 501226.072800006717443, 0.0 ], [ 108127.785199999809265, 501226.439500033855438, 0.0 ], [ 108127.489599999040365, 501226.816700004041195, 0.0 ], [ 108127.20719999819994, 501227.20380001142621, 0.0 ], [ 108126.938299998641014, 501227.600499998778105, 0.0 ], [ 108126.683300003409386, 501228.006300024688244, 0.0 ], [ 108126.442500002682209, 501228.420600019395351, 0.0 ], [ 108126.216099999845028, 501228.842900026589632, 0.0 ], [ 108126.004399999976158, 501229.272900007665157, 0.0 ], [ 108125.807799998670816, 501229.709899995476007, 0.0 ], [ 108125.626400005072355, 501230.153400018811226, 0.0 ], [ 108125.460400000214577, 501230.602900013327599, 0.0 ], [ 108125.310000002384186, 501231.05790001899004, 0.0 ], [ 108125.175400000065565, 501231.5179000236094, 0.0 ], [ 108125.056800004094839, 501231.982200011610985, 0.0 ], [ 108124.954300004988909, 501232.450299996882677, 0.0 ], [ 108124.868100002408028, 501232.92170000821352, 0.0 ], [ 108124.798100002110004, 501233.395800020545721, 0.0 ], [ 108124.744600001722574, 501233.872000023722649, 0.0 ], [ 108124.707600008696318, 501234.349800001829863, 0.0 ], [ 108124.687100000679493, 501234.828500013798475, 0.0 ], [ 108124.683200005441904, 501235.307700011879206, 0.0 ], [ 108124.695799998939037, 501235.786800034344196, 0.0 ], [ 108124.725000005215406, 501236.265100009739399, 0.0 ], [ 108129.350999999791384, 501276.417100016027689, 0.0 ], [ 108132.35190000012517, 501284.378099996596575, 0.0 ], [ 108137.071900002658367, 501294.076100017875433, 0.0 ], [ 108145.812899999320507, 501311.934100016951561, 0.0 ], [ 108159.380900003015995, 501340.251099996268749, 0.0 ], [ 108172.18690000474453, 501366.97010001540184, 0.0 ], [ 108182.515900004655123, 501388.391100004315376, 0.0 ], [ 108182.725400000810623, 501388.824200019240379, 0.0 ], [ 108182.94990000128746, 501389.249800000339746, 0.0 ], [ 108183.188999999314547, 501389.667300015687943, 0.0 ], [ 108183.442600000649691, 501390.076300013810396, 0.0 ], [ 108183.710200004279613, 501390.476100005209446, 0.0 ], [ 108183.991600003093481, 501390.866399995982647, 0.0 ], [ 108184.286400001496077, 501391.2466000020504, 0.0 ], [ 108184.594300001859665, 501391.616400007158518, 0.0 ], [ 108184.914900004863739, 501391.975100014358759, 0.0 ], [ 108185.247800007462502, 501392.322600021958351, 0.0 ], [ 108185.592500001192093, 501392.65820001065731, 0.0 ], [ 108185.948800005018711, 501392.981600001454353, 0.0 ], [ 108186.316100001335144, 501393.292300008237362, 0.0 ], [ 108186.694000001996756, 501393.590200014412403, 0.0 ], [ 108187.082100000232458, 501393.874600019305944, 0.0 ], [ 108187.479800000786781, 501394.145400017499924, 0.0 ], [ 108187.886700000613928, 501394.402100011706352, 0.0 ], [ 108188.302299998700619, 501394.644600000232458, 0.0 ], [ 108188.726100005209446, 501394.872399996966124, 0.0 ], [ 108189.157600000500679, 501395.085300013422966, 0.0 ], [ 108189.596200000494719, 501395.283000007271767, 0.0 ], [ 108190.041500002145767, 501395.465400010347366, 0.0 ], [ 108190.492800004780293, 501395.632100012153387, 0.0 ], [ 108190.949700001627207, 501395.782999996095896, 0.0 ], [ 108191.411500003188848, 501395.917899996042252, 0.0 ], [ 108191.87779999896884, 501396.036699999123812, 0.0 ], [ 108192.347899999469519, 501396.139100022614002, 0.0 ], [ 108203.542899999767542, 501400.776099998503923, 0.0 ], [ 108216.588899999856949, 501407.045100007206202, 0.0 ], [ 108216.972100000828505, 501407.169500023126602, 0.0 ], [ 108217.350699998438358, 501407.307000018656254, 0.0 ], [ 108217.724500004202127, 501407.457400020211935, 0.0 ], [ 108218.092799998819828, 501407.620600014925003, 0.0 ], [ 108218.455299999564886, 501407.796400006860495, 0.0 ], [ 108218.811500001698732, 501407.984600003808737, 0.0 ], [ 108219.16100000217557, 501408.184900008141994, 0.0 ], [ 108219.503500003367662, 501408.397100005298853, 0.0 ], [ 108219.83840000256896, 501408.621000029146671, 0.0 ], [ 108220.165399998426437, 501408.856200002133846, 0.0 ], [ 108220.484200000762939, 501409.102600004523993, 0.0 ], [ 108220.794200003147125, 501409.359800010919571, 0.0 ], [ 108221.095300000160933, 501409.627500001341105, 0.0 ], [ 108221.386900003999472, 501409.90539999678731, 0.0 ], [ 108221.6689000017941, 501410.193200029432774, 0.0 ], [ 108221.940699998289347, 501410.490499995648861, 0.0 ], [ 108222.202200002968311, 501410.796999994665384, 0.0 ], [ 108222.452899999916553, 501411.112300004810095, 0.0 ], [ 108222.692700002342463, 501411.436100021004677, 0.0 ], [ 108222.921200003474951, 501411.767900008708239, 0.0 ], [ 108223.138099998235703, 501412.107300009578466, 0.0 ], [ 108223.343199998140335, 501412.454100012779236, 0.0 ], [ 108223.536299999803305, 501412.807600002735853, 0.0 ], [ 108223.717099998146296, 501413.167600002139807, 0.0 ], [ 108223.885400004684925, 501413.533700004220009, 0.0 ], [ 108224.04110000282526, 501413.905299998819828, 0.0 ], [ 108224.183800004422665, 501414.281999997794628, 0.0 ], [ 108224.313499998301268, 501414.663400001823902, 0.0 ], [ 108224.429999999701977, 501415.049100004136562, 0.0 ], [ 108224.533100005239248, 501415.438499998301268, 0.0 ], [ 108224.622800000011921, 501415.831300012767315, 0.0 ], [ 108224.698899999260902, 501416.22690000757575, 0.0 ], [ 108224.761300005018711, 501416.624900009483099, 0.0 ], [ 108224.810100000351667, 501417.024800002574921, 0.0 ], [ 108224.845000002533197, 501417.426100004464388, 0.0 ], [ 108226.067999999970198, 501431.340100020170212, 0.0 ], [ 108227.470000002533197, 501444.350100006908178, 0.0 ], [ 108228.147400002926588, 501448.071999996900558, 0.0 ], [ 108228.945200003683567, 501451.769900001585484, 0.0 ], [ 108229.862800002098083, 501455.440000005066395, 0.0 ], [ 108230.899100001901388, 501459.07820001989603, 0.0 ], [ 108232.052999999374151, 501462.681000016629696, 0.0 ], [ 108240.343900002539158, 501479.588100023567677, 0.0 ], [ 108243.997900001704693, 501488.297100007534027, 0.0 ], [ 108249.17790000140667, 501497.258100017905235, 0.0 ], [ 108251.048700004816055, 501500.000100005418062, 0.0 ], [ 108252.192899998277426, 501501.677100006490946, 0.0 ], [ 108257.243900001049042, 501509.670100022107363, 0.0 ], [ 108258.772900000214577, 501512.295100007206202, 0.0 ], [ 108273.705900002270937, 501531.273100014775991, 0.0 ], [ 108289.774900000542402, 501550.795100010931492, 0.0 ], [ 108309.673900004476309, 501574.731100007891655, 0.0 ], [ 108329.957900002598763, 501599.410100024193525, 0.0 ], [ 108333.555300001055002, 501603.635900013148785, 0.0 ], [ 108337.014900002628565, 501607.975300017744303, 0.0 ], [ 108340.333200003951788, 501612.423700001090765, 0.0 ], [ 108343.506600003689528, 501616.976500004529953, 0.0 ], [ 108346.531900003552437, 501621.629100020974874, 0.0 ], [ 108348.876200001686811, 501625.670700006186962, 0.0 ], [ 108351.080900002270937, 501629.790100026875734, 0.0 ], [ 108353.143500000238419, 501633.982500020414591, 0.0 ], [ 108355.061500001698732, 501638.242900013923645, 0.0 ], [ 108356.832700002938509, 501642.566500011831522, 0.0 ], [ 108358.455000001937151, 501646.948100011795759, 0.0 ], [ 108358.828000005334616, 501648.213100023567677, 0.0 ], [ 108364.840000003576279, 501664.86710000410676, 0.0 ], [ 108372.153999999165535, 501686.026100017130375, 0.0 ], [ 108381.559000000357628, 501713.272100020200014, 0.0 ], [ 108392.739999998360872, 501745.583100020885468, 0.0 ], [ 108399.129000000655651, 501763.714000001549721, 0.0 ], [ 108400.636000003665686, 501768.690000008791685, 0.0 ], [ 108401.23589999973774, 501770.045100018382072, 0.0 ], [ 108403.605900000780821, 501770.186100002378225, 0.0 ], [ 108409.705899998545647, 501769.435100007802248, 0.0 ], [ 108412.93690000474453, 501768.955100018531084, 0.0 ], [ 108413.012600004673004, 501768.95710002630949, 0.0 ], [ 108415.835100002586842, 501769.029600013047457, 0.0 ], [ 108415.925599999725819, 501769.031900018453598, 0.0 ], [ 108415.955800004303455, 501769.031500019133091, 0.0 ], [ 108416.076400004327297, 501769.037000004202127, 0.0 ], [ 108416.197200000286102, 501769.042400013655424, 0.0 ], [ 108416.317800004035234, 501769.047800023108721, 0.0 ], [ 108416.436900001019239, 501769.067299995571375, 0.0 ], [ 108416.55630000308156, 501769.086800009012222, 0.0 ], [ 108416.675500001758337, 501769.10630002245307, 0.0 ], [ 108416.734900005161762, 501769.11600000038743, 0.0 ], [ 108416.793100003153086, 501769.13170001655817, 0.0 ], [ 108416.909499999135733, 501769.164000015705824, 0.0 ], [ 108417.026000000536442, 501769.196200013160706, 0.0 ], [ 108417.084000002592802, 501769.212300024926662, 0.0 ], [ 108417.140600003302097, 501769.233200021088123, 0.0 ], [ 108417.252600003033876, 501769.278600011020899, 0.0 ], [ 108417.364700004458427, 501769.323900014162064, 0.0 ], [ 108417.4206000007689, 501769.346500009298325, 0.0 ], [ 108417.473799999803305, 501769.374400023370981, 0.0 ], [ 108417.791999999433756, 501769.547900013625622, 0.0 ], [ 108417.844900000840425, 501769.576700009405613, 0.0 ], [ 108417.894000001251698, 501769.61140001565218, 0.0 ], [ 108417.991999998688698, 501769.682199999690056, 0.0 ], [ 108418.090000003576279, 501769.752900011837482, 0.0 ], [ 108418.187800001353025, 501769.823600009083748, 0.0 ], [ 108418.277500003576279, 501769.904500011354685, 0.0 ], [ 108418.367200002074242, 501769.985500019043684, 0.0 ], [ 108418.412000000476837, 501770.02589999511838, 0.0 ], [ 108418.454000003635883, 501770.069300007075071, 0.0 ], [ 108418.536200005561113, 501770.157900020480156, 0.0 ], [ 108418.618300002068281, 501770.246400021016598, 0.0 ], [ 108418.690600000321865, 501770.342999994754791, 0.0 ], [ 108418.763099998235703, 501770.439800005406141, 0.0 ], [ 108418.835400003939867, 501770.536499999463558, 0.0 ], [ 108418.8716000020504, 501770.584800023585558, 0.0 ], [ 108418.902600005269051, 501770.636400002986193, 0.0 ], [ 108418.964299999177456, 501770.740300007164478, 0.0 ], [ 108419.02589999884367, 501770.844300001859665, 0.0 ], [ 108419.056699998676777, 501770.896200031042099, 0.0 ], [ 108419.083400003612041, 501770.950300004333258, 0.0 ], [ 108419.134199999272823, 501771.060000002384186, 0.0 ], [ 108419.184999998658895, 501771.169599998742342, 0.0 ], [ 108419.225400000810623, 501771.283299997448921, 0.0 ], [ 108419.265900000929832, 501771.397200003266335, 0.0 ], [ 108419.30630000308156, 501771.511100009083748, 0.0 ], [ 108419.334899999201298, 501771.628300026059151, 0.0 ], [ 108419.363500002771616, 501771.745700024068356, 0.0 ], [ 108419.392100002616644, 501771.863200005143881, 0.0 ], [ 108419.406400002539158, 501771.921800021082163, 0.0 ], [ 108419.409499999135733, 501771.935600031167269, 0.0 ], [ 108419.419700000435114, 501771.980000026524067, 0.0 ], [ 108422.12500000372529, 501780.133100003004074, 0.0 ], [ 108427.964000005275011, 501796.202100001275539, 0.0 ], [ 108434.173000004142523, 501813.55400001257658, 0.0 ], [ 108439.820000004023314, 501828.17000000923872, 0.0 ], [ 108440.55290000513196, 501829.927100006490946, 0.0 ], [ 108441.227400001138449, 501831.707199994474649, 0.0 ], [ 108441.8429000005126, 501833.508700028061867, 0.0 ], [ 108442.398700002580881, 501835.3293999992311, 0.0 ], [ 108442.894100002944469, 501837.167500015348196, 0.0 ], [ 108443.328699998557568, 501839.020899996161461, 0.0 ], [ 108443.701900001615286, 501840.887700017541647, 0.0 ], [ 108444.013300005346537, 501842.765700001269579, 0.0 ], [ 108447.109900001436472, 501850.729900032281876, 0.0 ], [ 108447.677000004798174, 501850.371000021696091, 0.0 ], [ 108448.012899998575449, 501850.271600000560284, 0.0 ], [ 108448.352099999785423, 501850.184100016951561, 0.0 ], [ 108448.694200005382299, 501850.108400005847216, 0.0 ], [ 108449.038699999451637, 501850.044700015336275, 0.0 ], [ 108449.385299999266863, 501849.993100021034479, 0.0 ], [ 108449.733400002121925, 501849.953600019216537, 0.0 ], [ 108450.082699999213219, 501849.926399994641542, 0.0 ], [ 108450.432799998670816, 501849.911300007253885, 0.0 ], [ 108450.783100001513958, 501849.908500034362078, 0.0 ], [ 108451.133299998939037, 501849.917900018393993, 0.0 ], [ 108451.482999999076128, 501849.939500015228987, 0.0 ], [ 108451.831800002604723, 501849.973400000482798, 0.0 ], [ 108452.179099999368191, 501850.019400034099817, 0.0 ], [ 108452.524599999189377, 501850.077499996870756, 0.0 ], [ 108452.867899999022484, 501850.147600021213293, 0.0 ], [ 108453.208500001579523, 501850.229700025171041, 0.0 ], [ 108453.546000000089407, 501850.323700007051229, 0.0 ], [ 108453.880100000649691, 501850.429400015622377, 0.0 ], [ 108454.210200004279613, 501850.546700023114681, 0.0 ], [ 108454.536100007593632, 501850.675400007516146, 0.0 ], [ 108454.857200004160404, 501850.815500013530254, 0.0 ], [ 108455.173300005495548, 501850.96670001745224, 0.0 ], [ 108455.483900003135204, 501851.128800004720688, 0.0 ], [ 108455.788600001484156, 501851.30170001834631, 0.0 ], [ 108456.087100002914667, 501851.485100019723177, 0.0 ], [ 108456.379000004380941, 501851.67890002951026, 0.0 ], [ 108456.664000004529953, 501851.882700011134148, 0.0 ], [ 108456.941700000315905, 501852.096400003880262, 0.0 ], [ 108457.21169999986887, 501852.319599997252226, 0.0 ], [ 108457.473800003528595, 501852.552200015634298, 0.0 ], [ 108457.727600004523993, 501852.793700020760298, 0.0 ], [ 108457.972800001502037, 501853.044000022113323, 0.0 ], [ 108458.209100008010864, 501853.302699998021126, 0.0 ], [ 108458.436200004070997, 501853.569500006735325, 0.0 ], [ 108458.653900004923344, 501853.844000000506639, 0.0 ], [ 108458.861800003796816, 501854.12600002810359, 0.0 ], [ 108459.059800002723932, 501854.415099997073412, 0.0 ], [ 108459.247499998658895, 501854.710900034755468, 0.0 ], [ 108459.424800001084805, 501855.013100024312735, 0.0 ], [ 108459.591400001198053, 501855.321300011128187, 0.0 ], [ 108459.74720000103116, 501855.635200001299381, 0.0 ], [ 108459.89190000295639, 501855.954200033098459, 0.0 ], [ 108460.025400001555681, 501856.278199996799231, 0.0 ], [ 108460.14750000461936, 501856.606600001454353, 0.0 ], [ 108460.258000001311302, 501856.939100008457899, 0.0 ], [ 108471.835200004279613, 501886.836399998515844, 0.0 ], [ 108471.802000001072884, 501908.105100013315678, 0.0 ], [ 108474.783900007605553, 501913.816100001335144, 0.0 ], [ 108509.852000005543232, 502000.000100009143353, 0.0 ], [ 108529.662900000810623, 502046.57710000872612, 0.0 ], [ 108574.605999998748302, 502148.832000020891428, 0.0 ], [ 108574.935000002384186, 502149.621600020676851, 0.0 ], [ 108625.637499999254942, 502271.28710001334548, 0.0 ], [ 108625.687400002032518, 502271.365900032222271, 0.0 ], [ 108625.790500000119209, 502271.524200022220612, 0.0 ], [ 108625.796100001782179, 502271.532500017434359, 0.0 ], [ 108625.802200000733137, 502271.540599998086691, 0.0 ], [ 108625.915100000798702, 502271.691800002008677, 0.0 ], [ 108625.976700004190207, 502271.774099998176098, 0.0 ], [ 108626.036800000816584, 502271.848800014704466, 0.0 ], [ 108626.164700001478195, 502272.001200031489134, 0.0 ], [ 108626.230900004506111, 502272.080000009387732, 0.0 ], [ 108626.296000000089407, 502272.150200009346008, 0.0 ], [ 108626.434099998325109, 502272.29330000653863, 0.0 ], [ 108626.505000002682209, 502272.366700015962124, 0.0 ], [ 108626.575399998575449, 502272.43300000205636, 0.0 ], [ 108626.722800005227327, 502272.566500008106232, 0.0 ], [ 108626.799600005149841, 502272.636000018566847, 0.0 ], [ 108626.872800000011921, 502272.696800019592047, 0.0 ], [ 108627.018800001591444, 502272.815099995583296, 0.0 ], [ 108627.027400005608797, 502272.821899998933077, 0.0 ], [ 108627.036700002849102, 502272.828500010073185, 0.0 ], [ 108627.189500004053116, 502272.937100008130074, 0.0 ], [ 108627.265500001609325, 502272.991100020706654, 0.0 ], [ 108627.27420000359416, 502272.996800024062395, 0.0 ], [ 108627.353700000792742, 502273.04890001937747, 0.0 ], [ 108627.522200003266335, 502273.154499996453524, 0.0 ], [ 108627.610200002789497, 502273.209500018507242, 0.0 ], [ 108627.692900002002716, 502273.255999997258186, 0.0 ], [ 108627.868400000035763, 502273.349700000137091, 0.0 ], [ 108627.96000000461936, 502273.398600023239851, 0.0 ], [ 108628.0456000007689, 502273.439200021326542, 0.0 ], [ 108628.227100003510714, 502273.520699996501207, 0.0 ], [ 108628.313000004738569, 502273.559200011193752, 0.0 ], [ 108628.322599999606609, 502273.563000023365021, 0.0 ], [ 108628.410300005227327, 502273.597200013697147, 0.0 ], [ 108628.597100000828505, 502273.665699999779463, 0.0 ], [ 108628.693900004029274, 502273.701200008392334, 0.0 ], [ 108628.785100005567074, 502273.72970001026988, 0.0 ], [ 108628.975999999791384, 502273.785200018435717, 0.0 ], [ 108629.075100004673004, 502273.814000014215708, 0.0 ], [ 108629.168000005185604, 502273.836300000548363, 0.0 ], [ 108629.362199999392033, 502273.87940001860261, 0.0 ], [ 108629.459300000220537, 502273.900900013744831, 0.0 ], [ 108629.800799999386072, 502274.012000031769276, 0.0 ], [ 108630.039700001478195, 502274.117300003767014, 0.0 ], [ 108630.159100003540516, 502274.169900022447109, 0.0 ], [ 108630.276400003582239, 502274.226800009608269, 0.0 ], [ 108630.509100005030632, 502274.345000024884939, 0.0 ], [ 108630.625300005078316, 502274.403999995440245, 0.0 ], [ 108630.738600000739098, 502274.468600008636713, 0.0 ], [ 108630.962799999862909, 502274.602200005203485, 0.0 ], [ 108631.074800003319979, 502274.668900016695261, 0.0 ], [ 108631.183400001376867, 502274.741000019013882, 0.0 ], [ 108631.39809999987483, 502274.889400009065866, 0.0 ], [ 108631.505399998277426, 502274.963600024580956, 0.0 ], [ 108631.608800001442432, 502275.042900014668703, 0.0 ], [ 108631.813100002706051, 502275.205400008708239, 0.0 ], [ 108631.915100000798702, 502275.28660000488162, 0.0 ], [ 108632.013099998235703, 502275.372500009834766, 0.0 ], [ 108632.206199999898672, 502275.548099994659424, 0.0 ], [ 108632.302800003439188, 502275.635900001972914, 0.0 ], [ 108632.395399998873472, 502275.727700024843216, 0.0 ], [ 108632.57880000025034, 502275.913400027900934, 0.0 ], [ 108632.750900004059076, 502276.10970001667738, 0.0 ], [ 108632.836899999529123, 502276.207800004631281, 0.0 ], [ 108632.919799998402596, 502276.308499999344349, 0.0 ], [ 108633.083500001579523, 502276.511800013482571, 0.0 ], [ 108633.2347999997437, 502276.724500019103289, 0.0 ], [ 108633.310400001704693, 502276.830900020897388, 0.0 ], [ 108633.382599998265505, 502276.939400013536215, 0.0 ], [ 108633.524999998509884, 502277.158200021833181, 0.0 ], [ 108633.653900001198053, 502277.385099995881319, 0.0 ], [ 108633.718400005251169, 502277.498700007796288, 0.0 ], [ 108633.779199998825788, 502277.614000033587217, 0.0 ], [ 108633.897800002247095, 502277.846500009298325, 0.0 ], [ 108633.957600001245737, 502277.963600009679794, 0.0 ], [ 108634.015000000596046, 502278.079200003296137, 0.0 ], [ 108690.252099998295307, 502383.051500026136637, 0.0 ], [ 108691.09569999948144, 502384.625900015234947, 0.0 ], [ 108659.941600002348423, 502408.674900006502867, 0.0 ], [ 108570.169200003147125, 502466.581900000572205, 0.0 ], [ 108586.108800001442432, 502486.461800012737513, 0.0 ], [ 108606.395500004291534, 502511.763099994510412, 0.0 ], [ 108606.537399999797344, 502512.508600030094385, 0.0 ], [ 108606.516600001603365, 502512.524700000882149, 0.0 ], [ 108609.785999998450279, 502516.994000006467104, 0.0 ], [ 108612.287000000476837, 502520.650000005960464, 0.0 ], [ 108622.900000002235174, 502533.71000000461936, 0.0 ], [ 108637.116000007838011, 502551.423000000417233, 0.0 ], [ 108650.515000004321337, 502568.464000027626753, 0.0 ], [ 108661.879000004380941, 502582.813000023365021, 0.0 ], [ 108669.44200000539422, 502592.470000006258488, 0.0 ], [ 108683.015000000596046, 502609.552000027149916, 0.0 ], [ 108694.953000001609325, 502624.551000013947487, 0.0 ], [ 108704.74100000038743, 502636.535999998450279, 0.0 ], [ 108715.372000005096197, 502649.67399999499321, 0.0 ], [ 108727.625999998301268, 502664.618000000715256, 0.0 ], [ 108737.019000001251698, 502676.320999998599291, 0.0 ], [ 108747.427999999374151, 502689.259000010788441, 0.0 ], [ 108754.640999998897314, 502698.009000014513731, 0.0 ], [ 108790.06700000539422, 502740.943000003695488, 0.0 ], [ 108790.744000002741814, 502741.212000027298927, 0.0 ], [ 108791.445000000298023, 502741.412999995052814, 0.0 ], [ 108792.160999998450279, 502741.543000012636185, 0.0 ], [ 108792.888000003993511, 502741.602000024169683, 0.0 ], [ 108793.61600000038743, 502741.589000020176172, 0.0 ] ] ] ] } },
{ "type": "Feature", "properties": { "fid": 1163, "jrstatcode": "2026WK039699", "wk_code": "WK039699", "wk_naam": "Groot water", "gm_code": "GM0396", "gm_naam": "Heemskerk", "water": "JA", "jaar": "2026" }, "geometry": { "type": "MultiPolygon", "coordinates": [ [ [ [ 101480.354198817163706, 505119.733494020998478, 0.0 ], [ 101476.403799999505281, 505091.892800018191338, 0.0 ], [ 101452.921900004148483, 504953.647700008004904, 0.0 ], [ 101449.685500003397465, 504937.947900004684925, 0.0 ], [ 101449.13120000064373, 504935.259100008755922, 0.0 ], [ 101437.377599999308586, 504878.241300020366907, 0.0 ], [ 101429.585900001227856, 504854.346599996089935, 0.0 ], [ 101421.761300005018711, 504830.351100016385317, 0.0 ], [ 101408.598800003528595, 504771.293100018054247, 0.0 ], [ 101403.5878000035882, 504742.761300016194582, 0.0 ], [ 101402.498599998652935, 504736.559500016272068, 0.0 ], [ 101399.674400005489588, 504689.725299995392561, 0.0 ], [ 101395.710900001227856, 504640.180800002068281, 0.0 ], [ 101393.72130000218749, 504615.311099998652935, 0.0 ], [ 101370.239400003105402, 504463.175299998372793, 0.0 ], [ 101365.278500001877546, 504430.433100011199713, 0.0 ], [ 101357.010299999266863, 504388.761100001633167, 0.0 ], [ 101347.749800000339746, 504372.22460001707077, 0.0 ], [ 101345.43470000103116, 504361.310600001364946, 0.0 ], [ 101341.135300002992153, 504346.758399996906519, 0.0 ], [ 101333.197700001299381, 504323.276599999517202, 0.0 ], [ 101332.013200003653765, 504320.704600013792515, 0.0 ], [ 101321.622200004756451, 504298.141200017184019, 0.0 ], [ 101316.661299999803305, 504287.227099996060133, 0.0 ], [ 101318.645599998533726, 504273.66710002347827, 0.0 ], [ 101318.289100002497435, 504264.576400015503168, 0.0 ], [ 101317.984099999070168, 504256.799900021404028, 0.0 ], [ 101310.708099998533726, 504209.505600024014711, 0.0 ], [ 101289.541400004178286, 504107.971500016748905, 0.0 ], [ 101282.92680000141263, 504074.237100023776293, 0.0 ], [ 101246.931499999016523, 503874.013100001960993, 0.0 ], [ 101245.885099999606609, 503868.192400012165308, 0.0 ], [ 101241.354499999433756, 503844.517800018191338, 0.0 ], [ 101212.150600001215935, 503691.913400016725063, 0.0 ], [ 101205.866799999028444, 503640.981000017374754, 0.0 ], [ 101181.062000002712011, 503488.183800019323826, 0.0 ], [ 101157.910900000482798, 503395.579400021582842, 0.0 ], [ 101149.993100002408028, 503372.16550001129508, 0.0 ], [ 101134.759800001978874, 503327.118399996310472, 0.0 ], [ 101110.099700000137091, 503234.017600003629923, 0.0 ], [ 101089.119100004434586, 503154.808100003749132, 0.0 ], [ 101053.531300004571676, 503012.072200007736683, 0.0 ], [ 101049.367400001734495, 502995.371600020676851, 0.0 ], [ 101042.693500004708767, 502968.603800021111965, 0.0 ], [ 101027.934099998325109, 502909.406600009649992, 0.0 ], [ 101007.645300004631281, 502824.902900002896786, 0.0 ], [ 100993.868900001049042, 502767.523500002920628, 0.0 ], [ 100939.629200004041195, 502555.856400012969971, 0.0 ], [ 100882.082300003618002, 502356.757100019603968, 0.0 ], [ 100817.259199999272823, 502139.136800017207861, 0.0 ], [ 100785.523300003260374, 502039.103500008583069, 0.0 ], [ 100760.70440000295639, 501960.873399998992682, 0.0 ], [ 100758.761100001633167, 501955.898700010031462, 0.0 ], [ 100756.238800000399351, 501949.441699996590614, 0.0 ], [ 100753.546399999409914, 501938.9166000187397, 0.0 ], [ 100750.934900000691414, 501936.885500002652407, 0.0 ], [ 100749.459600005298853, 501935.738000012934208, 0.0 ], [ 100725.532800000160933, 501884.552800007164478, 0.0 ], [ 100723.331900000572205, 501879.844600006937981, 0.0 ], [ 100703.488099999725819, 501849.417500007897615, 0.0 ], [ 100695.219900000840425, 501831.888800006359816, 0.0 ], [ 100682.652100000530481, 501812.375799998641014, 0.0 ], [ 100672.068800002336502, 501786.909600019454956, 0.0 ], [ 100666.446400009095669, 501771.365299999713898, 0.0 ], [ 100664.131300002336502, 501749.206399999558926, 0.0 ], [ 100660.824000004678965, 501710.510999999940395, 0.0 ], [ 100662.477600000798702, 501672.477100014686584, 0.0 ], [ 100656.524500001221895, 501654.617600005120039, 0.0 ], [ 100649.248400006443262, 501647.672300018370152, 0.0 ], [ 100642.964600000530481, 501643.042100004851818, 0.0 ], [ 100637.011399999260902, 501631.135800007730722, 0.0 ], [ 100633.373400002717972, 501612.945699997246265, 0.0 ], [ 100623.377494178712368, 501577.04468011111021, 0.0 ], [ 100584.906000003218651, 501589.542999997735023, 0.0 ], [ 99774.408000003546476, 501852.852000001817942, 0.0 ], [ 99612.75000000372529, 501905.370000001043081, 0.0 ], [ 99676.358000002801418, 502101.168000001460314, 0.0 ], [ 99739.0, 502294.00000000372529, 0.0 ], [ 99991.00000000372529, 503215.000000022351742, 0.0 ], [ 100163.0, 504124.00000000372529, 0.0 ], [ 100383.0, 505129.000000033527613, 0.0 ], [ 100402.972000002861023, 505215.366000007838011, 0.0 ], [ 100409.798000004142523, 505244.881999995559454, 0.0 ], [ 100455.109999999403954, 505440.829999998211861, 0.0 ], [ 101480.354198817163706, 505119.733494020998478, 0.0 ] ] ] ] } }
]
}
