{
"type": "FeatureCollection",
"name": "nijmegen-wijken",
"crs": { "type": "name", "properties": { "name": "urn:ogc:def:crs:OGC:1.3:CRS84" } },
"features": [
{ "type": "Feature", "properties": { "fid": 725, "wijkcode": "WK026801", "wijknaam": "Nijmegen-Centrum", "gemeentecode": "GM0268", "gemeentenaam": "Nijmegen", "indelingswijziging_wijken_en_buurten": 1, "water": "NEE", "omgevingsadressendichtheid": 4013, "stedelijkheid_adressen_per_km2": 1, "bevolkingsdichtheid_inwoners_per_km2": 10114, "aantal_inwoners": 12965, "mannen": 6360, "vrouwen": 6605, "percentage_personen_0_tot_15_jaar": 2, "percentage_personen_15_tot_25_jaar": 32, "percentage_personen_25_tot_45_jaar": 43, "percentage_personen_45_tot_65_jaar": 13, "percentage_personen_65_jaar_en_ouder": 10, "percentage_ongehuwd": 83, "percentage_gehuwd": 10, "percentage_gescheid": 5, "percentage_verweduwd": 2, "aantal_huishoudens": 9725, "percentage_eenpersoonshuishoudens": 76, "percentage_huishoudens_zonder_kinderen": 19, "percentage_huishoudens_met_kinderen": 4, "gemiddelde_huishoudsgrootte": 1.3, "percentage_met_herkomstland_nederland": 75, "percentage_met_herkomstland_uit_europa_excl_nl": 10, "percentage_met_herkomstland_buiten_europa": 15, "percentage_geb_in_nl_met_herkomstland_nederland": 75, "perc_geb_in_nl_met_herkomstland_in_europa_ex_nl": 5, "perc_geb_in_nl_met_herkomstland_buiten_europa": 5, "perc_geb_buiten_nl_met_herkomstlnd_in_europa_ex_nl": 10, "perc_geb_buiten_nl_met_herkomstlnd_buiten_europa": 10, "oppervlakte_totaal_in_ha": 146, "oppervlakte_land_in_ha": 128, "oppervlakte_water_in_ha": 18, "jrstatcode": "2025WK026801", "jaar": 2025 }, "geometry": { "type": "MultiPolygon", "coordinates": [ [ [ [ 5.854966496201804, 51.848771527534112 ], [ 5.855140540262306, 51.84909831929609 ], [ 5.855410868327521, 51.849634319633026 ], [ 5.855765744877891, 51.850316682454796 ], [ 5.855910915437678, 51.850598610066697 ], [ 5.856043766454672, 51.850737112905463 ], [ 5.856106407491282, 51.850854054184133 ], [ 5.856732338453891, 51.852126052293777 ], [ 5.856908045225961, 51.852095094037722 ], [ 5.857921265400369, 51.851922015437239 ], [ 5.859045188430113, 51.851722263692942 ], [ 5.861189548367707, 51.851495032205996 ], [ 5.864239246682129, 51.851313126006545 ], [ 5.870286948150826, 51.851384915526793 ], [ 5.871353822276736, 51.851573825082774 ], [ 5.872173694667501, 51.849951608453289 ], [ 5.872792282631359, 51.848766662030208 ], [ 5.872808244513882, 51.848739504726304 ], [ 5.872847912182687, 51.848671172002163 ], [ 5.872922761348299, 51.848542461900394 ], [ 5.872902881867955, 51.848538760032049 ], [ 5.872982155890544, 51.848388414298604 ], [ 5.87301971926113, 51.848320144153426 ], [ 5.873380444982414, 51.84771028252645 ], [ 5.873813259364362, 51.84690567403851 ], [ 5.873818565869509, 51.846906541893304 ], [ 5.873887467221938, 51.846813477122033 ], [ 5.873875407666142, 51.846809491310502 ], [ 5.873939753281605, 51.846744750108222 ], [ 5.874008777555122, 51.846681886029359 ], [ 5.87406238044511, 51.846636990932708 ], [ 5.874181245840131, 51.846543763624531 ], [ 5.874473932435437, 51.8463169460152 ], [ 5.874683345957133, 51.846151964681312 ], [ 5.874710719174464, 51.846133460544451 ], [ 5.874730564206582, 51.845882141196775 ], [ 5.874722737085053, 51.845703455834347 ], [ 5.874721473157042, 51.845586745714485 ], [ 5.874696933506436, 51.845495668551784 ], [ 5.874618686945899, 51.845339153648354 ], [ 5.87457067451769, 51.845255472595532 ], [ 5.874493178924341, 51.845168255646627 ], [ 5.874386240031218, 51.845081168977927 ], [ 5.874291307013383, 51.845015911230561 ], [ 5.87417291565195, 51.844958040412486 ], [ 5.874036889305223, 51.844903900948822 ], [ 5.873871459099012, 51.844853523610986 ], [ 5.873771162657706, 51.844835701905161 ], [ 5.873594358378956, 51.844821846578988 ], [ 5.873328711693057, 51.844760944848204 ], [ 5.872998533817639, 51.844598092726038 ], [ 5.872985815890502, 51.844596239818578 ], [ 5.872634359590364, 51.844444899115487 ], [ 5.872834151436302, 51.844304283658261 ], [ 5.872756660963007, 51.844122892370677 ], [ 5.871834364170402, 51.843551199826926 ], [ 5.871598835324511, 51.843562796706109 ], [ 5.871268939639961, 51.843582692290887 ], [ 5.871162105499343, 51.843331626374045 ], [ 5.870383924910722, 51.843458658494214 ], [ 5.870375736815054, 51.843461029213699 ], [ 5.870368092181414, 51.843464008911141 ], [ 5.870361106808262, 51.843467570144703 ], [ 5.870354896010666, 51.84347164053181 ], [ 5.870349560786511, 51.843476165725811 ], [ 5.870345187333037, 51.843481064475533 ], [ 5.870341832922866, 51.843486264637747 ], [ 5.870339569242398, 51.843491685020908 ], [ 5.870338424349549, 51.843497235624817 ], [ 5.870338397376506, 51.843502835556812 ], [ 5.870339516380927, 51.843508394816574 ], [ 5.869869876957429, 51.84334312297301 ], [ 5.870290044181383, 51.843237711874423 ], [ 5.870561456252192, 51.843194815751438 ], [ 5.870537593279966, 51.843073947119564 ], [ 5.870508616603374, 51.842920093854737 ], [ 5.870492596877216, 51.842836360260144 ], [ 5.870489499972916, 51.842823636342509 ], [ 5.870445959357588, 51.842604011430545 ], [ 5.870422115142717, 51.842491591860053 ], [ 5.870412201997094, 51.842426511160618 ], [ 5.870359201470606, 51.842409768145089 ], [ 5.869715284562876, 51.842307216572536 ], [ 5.869665713098398, 51.842350430266521 ], [ 5.869661805621234, 51.84235412261981 ], [ 5.869658771955597, 51.842358107999935 ], [ 5.869656669469254, 51.842362323251827 ], [ 5.869655526220988, 51.842366678375356 ], [ 5.869655370268485, 51.842371083370551 ], [ 5.869656215352258, 51.842375466273069 ], [ 5.869658016881522, 51.842379728392736 ], [ 5.869660774085728, 51.842383797825228 ], [ 5.869664413449343, 51.842387584987513 ], [ 5.869668876255946, 51.842391027202105 ], [ 5.869624864986059, 51.842365411221557 ], [ 5.869436751492961, 51.842248453376548 ], [ 5.869448162306635, 51.842251633344745 ], [ 5.869460593521591, 51.84225253503341 ], [ 5.869462186598849, 51.84222379232353 ], [ 5.869362437274353, 51.841840367276106 ], [ 5.869148543167658, 51.841800914683937 ], [ 5.869084595169436, 51.841883808391913 ], [ 5.869012277152652, 51.841868006993515 ], [ 5.868999225784198, 51.841889147551129 ], [ 5.868991937217324, 51.841887415735876 ], [ 5.868982357727265, 51.841904838783606 ], [ 5.86897775283505, 51.84191523039344 ], [ 5.86896320385347, 51.8419225348403 ], [ 5.868953901592216, 51.841919759638337 ], [ 5.868855555083588, 51.842050855827644 ], [ 5.868474690900845, 51.841947136518115 ], [ 5.86848051833041, 51.841945216048217 ], [ 5.868485774183926, 51.841942767602106 ], [ 5.868490342762206, 51.841939827608506 ], [ 5.868494123549254, 51.841936495352911 ], [ 5.868497015548743, 51.841932825180734 ], [ 5.868553865462214, 51.841842833051828 ], [ 5.868606287938543, 51.841751357083339 ], [ 5.868662629696173, 51.841645097838601 ], [ 5.868666583975664, 51.841634924633837 ], [ 5.868367632420786, 51.841582282947037 ], [ 5.867789139149136, 51.841476261640317 ], [ 5.867695235608504, 51.841458264764832 ], [ 5.86791019708297, 51.841116846861986 ], [ 5.867913538604443, 51.841113147896749 ], [ 5.867917696341401, 51.841109787149612 ], [ 5.86792259841432, 51.841106827834508 ], [ 5.867928129317767, 51.841104324355236 ], [ 5.867934173738345, 51.841102349092139 ], [ 5.867940615786753, 51.841100920496686 ], [ 5.867947325351813, 51.841100084044541 ], [ 5.867954157428212, 51.841099849317949 ], [ 5.867960966914683, 51.841100216911641 ], [ 5.867691145635831, 51.841046474411549 ], [ 5.867357802569186, 51.840978295081975 ], [ 5.867093844581877, 51.840925866502339 ], [ 5.866493402501042, 51.840781152306214 ], [ 5.866288443959196, 51.840725703472039 ], [ 5.86597959397487, 51.840648827247868 ], [ 5.865606836371165, 51.841257123734032 ], [ 5.865301084777068, 51.841182561105377 ], [ 5.865427320647341, 51.840980965482082 ], [ 5.865146968236814, 51.84091627614518 ], [ 5.865228187050528, 51.840794852539318 ], [ 5.864467650134609, 51.840607069141562 ], [ 5.864427728585968, 51.840662933101441 ], [ 5.864397031617925, 51.840700611798916 ], [ 5.864468968797233, 51.840795803805129 ], [ 5.864453092116213, 51.840883227381767 ], [ 5.864433736969326, 51.84099705526824 ], [ 5.86443054113292, 51.841018631620074 ], [ 5.864209275997037, 51.840996242175564 ], [ 5.863975339340807, 51.840980339550889 ], [ 5.863896187410541, 51.840976625309857 ], [ 5.863878524592923, 51.840976319548382 ], [ 5.863766246018018, 51.840974106036668 ], [ 5.863756323521619, 51.840973004799444 ], [ 5.863746640943171, 51.840971264405134 ], [ 5.863737328874201, 51.840968884323601 ], [ 5.863220921598524, 51.840953893322215 ], [ 5.863224246483435, 51.840948585621767 ], [ 5.863225304083578, 51.840942936568645 ], [ 5.863224459433225, 51.840937160405538 ], [ 5.863221370182384, 51.84093181580662 ], [ 5.863216489186089, 51.840927188566006 ], [ 5.862975890736404, 51.84074493429663 ], [ 5.862900075297782, 51.84078228318932 ], [ 5.862832818933867, 51.840816685072724 ], [ 5.862794615294177, 51.840797739414491 ], [ 5.862728199279425, 51.840768831999881 ], [ 5.862650824441934, 51.840736858940623 ], [ 5.862668623615987, 51.840725353477318 ], [ 5.862619486963621, 51.840696160259107 ], [ 5.862505177367404, 51.840625191936006 ], [ 5.86242892755375, 51.840580162907486 ], [ 5.862379929330985, 51.840599803415358 ], [ 5.862196356216933, 51.840679654247822 ], [ 5.862063633038183, 51.840552248592523 ], [ 5.861952595271245, 51.84044466542138 ], [ 5.861772073817019, 51.840529078378175 ], [ 5.861509934317684, 51.840612580592413 ], [ 5.861497217986617, 51.840616236372519 ], [ 5.861772842555887, 51.840775468242484 ], [ 5.861764049207838, 51.840780986776046 ], [ 5.861805292652169, 51.840803399013069 ], [ 5.861811952437155, 51.840799210411994 ], [ 5.861988137633072, 51.840902071842379 ], [ 5.86197180787108, 51.840919467695443 ], [ 5.862099863638612, 51.841030766118955 ], [ 5.862173176235911, 51.841055924743294 ], [ 5.862136874626573, 51.841075594648352 ], [ 5.861932022837804, 51.841196401773587 ], [ 5.861662891467479, 51.841341054224287 ], [ 5.861384482072799, 51.841488098524323 ], [ 5.861123895444988, 51.841612194508485 ], [ 5.860464178399729, 51.841125731415985 ], [ 5.860368373692295, 51.841238527635333 ], [ 5.860134751005662, 51.841524637779443 ], [ 5.860132692695993, 51.841537283868625 ], [ 5.860133411773833, 51.841549100812358 ], [ 5.860137366812468, 51.841559538465788 ], [ 5.860145798640372, 51.841577589288903 ], [ 5.86016756341597, 51.841605060221113 ], [ 5.860108335069046, 51.841573794342104 ], [ 5.860045826961013, 51.841545256168686 ], [ 5.859966186153319, 51.841513011832767 ], [ 5.859906921133961, 51.841493431015081 ], [ 5.859846995716571, 51.841477286424372 ], [ 5.859774080409076, 51.841459504286419 ], [ 5.85970719409475, 51.841442380949587 ], [ 5.859632890698662, 51.841431974861408 ], [ 5.859645281423949, 51.841430441875318 ], [ 5.859657418493932, 51.841428244762255 ], [ 5.859669200525108, 51.841425401907458 ], [ 5.8596805406437, 51.841421931637669 ], [ 5.859691352259643, 51.841417879244254 ], [ 5.859701548405121, 51.841413254065984 ], [ 5.859711071416385, 51.841408092288937 ], [ 5.859719820287291, 51.841402448251095 ], [ 5.859727751770015, 51.841396349091966 ], [ 5.859734808389756, 51.841389848974245 ], [ 5.85974091806709, 51.841382993130622 ], [ 5.859796120843813, 51.841314197748979 ], [ 5.859674743969737, 51.841277474263691 ], [ 5.859615535683428, 51.841129114317944 ], [ 5.85954629985986, 51.841069179263187 ], [ 5.859491006311097, 51.841024198801165 ], [ 5.859448005285113, 51.840990458363216 ], [ 5.859408110331525, 51.840955402081129 ], [ 5.859379446016836, 51.840947949137067 ], [ 5.859464897019992, 51.840823186797508 ], [ 5.859578798558553, 51.840668962493986 ], [ 5.859073788137124, 51.840602843860914 ], [ 5.858538318233903, 51.840687501214404 ], [ 5.858605161710067, 51.840801853699531 ], [ 5.858612664378098, 51.840800529217447 ], [ 5.85863967760675, 51.840856805378699 ], [ 5.85835146849294, 51.840909736583932 ], [ 5.858605483647463, 51.841041871596943 ], [ 5.858553922910179, 51.841078913489866 ], [ 5.858584589815979, 51.841169538814711 ], [ 5.85849580123512, 51.841234980998465 ], [ 5.858507809660126, 51.841260693727925 ], [ 5.858508313161317, 51.841268592572753 ], [ 5.858554613394094, 51.84141375917995 ], [ 5.858560429266703, 51.841546531505898 ], [ 5.858578024506507, 51.841555611088445 ], [ 5.858638338629185, 51.841563179761721 ], [ 5.858667200615757, 51.841561769459105 ], [ 5.858631265226085, 51.841594425144109 ], [ 5.858589033142522, 51.841627187009898 ], [ 5.858513874243483, 51.841675064902653 ], [ 5.858474960327584, 51.841703220289595 ], [ 5.858443768772697, 51.841727461630406 ], [ 5.858413900263136, 51.841751949326955 ], [ 5.858369544971326, 51.841798166392238 ], [ 5.858351660703337, 51.841819711662374 ], [ 5.858353695458682, 51.841814472201847 ], [ 5.858354156292608, 51.841809976115599 ], [ 5.858353456388561, 51.841805493678457 ], [ 5.858351625896185, 51.84180113263109 ], [ 5.858348695059582, 51.841797009702169 ], [ 5.858344737465668, 51.841793223469175 ], [ 5.858339870326105, 51.841789881323123 ], [ 5.858283212334939, 51.841755925641834 ], [ 5.857601182865268, 51.841396381436809 ], [ 5.857394540915783, 51.841544377903226 ], [ 5.857389055491657, 51.841545739166115 ], [ 5.857378271078492, 51.841546860996054 ], [ 5.857366952164049, 51.841542654803014 ], [ 5.857343033284804, 51.841529681403053 ], [ 5.857267938328178, 51.841490675674436 ], [ 5.857150291334858, 51.841577580054455 ], [ 5.8572186599097, 51.841613053366821 ], [ 5.857231150832671, 51.84166836332718 ], [ 5.857304598541406, 51.841969281750387 ], [ 5.857283413724253, 51.841972189001417 ], [ 5.856886765314059, 51.842005281949781 ], [ 5.85687560684261, 51.841959431482401 ], [ 5.856448847308547, 51.842000831967908 ], [ 5.856177696700565, 51.842024827604206 ], [ 5.856191433427249, 51.842080042805343 ], [ 5.856137101745227, 51.842086803553443 ], [ 5.855783972604132, 51.842120115234316 ], [ 5.855772792131215, 51.842070651388653 ], [ 5.85571779347551, 51.842077468536836 ], [ 5.855077112239364, 51.842131744550514 ], [ 5.855088246286517, 51.842176813283594 ], [ 5.854645296032556, 51.842217525715775 ], [ 5.854614132718639, 51.842097959398316 ], [ 5.854425154893779, 51.842123151666542 ], [ 5.854390350270605, 51.841970054821303 ], [ 5.854349705491629, 51.841930963995431 ], [ 5.854218301788729, 51.841982128095395 ], [ 5.854092113639589, 51.842028309659788 ], [ 5.853746841232002, 51.842149139723986 ], [ 5.853720060047373, 51.842137147723825 ], [ 5.853679041964527, 51.842120807966488 ], [ 5.853596979924244, 51.842087022930023 ], [ 5.853548772001014, 51.842063008587019 ], [ 5.853513022422071, 51.842041146890068 ], [ 5.853489874779216, 51.842021293464569 ], [ 5.853416271631476, 51.841985973613539 ], [ 5.85335810139475, 51.841914944139816 ], [ 5.853309524555948, 51.841835643092281 ], [ 5.853114748968803, 51.841874060343351 ], [ 5.853034226509393, 51.841716911055578 ], [ 5.852990682964415, 51.841630327211334 ], [ 5.852539492913335, 51.840745728480286 ], [ 5.852463294717515, 51.840578368715967 ], [ 5.852365262879905, 51.840381918884752 ], [ 5.852142100068536, 51.840051209716066 ], [ 5.852014666619551, 51.839896330911003 ], [ 5.851814654286079, 51.839667018224041 ], [ 5.851673037037937, 51.839522612846949 ], [ 5.85144693151805, 51.839299631829597 ], [ 5.851194569482899, 51.838975714808846 ], [ 5.851154151580369, 51.83929043515343 ], [ 5.851113637083628, 51.839840734663667 ], [ 5.851105322040283, 51.840326540391665 ], [ 5.851113443980553, 51.840941571239846 ], [ 5.851139376772862, 51.841040350851863 ], [ 5.851143862329788, 51.841051784425552 ], [ 5.851354232064398, 51.841487414510269 ], [ 5.851975027066634, 51.842768358523706 ], [ 5.852304924821754, 51.843452179296655 ], [ 5.852388385122052, 51.84362113723968 ], [ 5.852749815656889, 51.844351320061286 ], [ 5.853074560556164, 51.84500472410199 ], [ 5.853459246225407, 51.845759998926482 ], [ 5.853750827325365, 51.846336942100962 ], [ 5.853910087416153, 51.846646320937772 ], [ 5.854117628688228, 51.847068582331175 ], [ 5.854356723940564, 51.847550895499587 ], [ 5.854442403627306, 51.847721065534934 ], [ 5.854495119982198, 51.847834830238298 ], [ 5.854569602821698, 51.84797903215194 ], [ 5.854867770765489, 51.848566975083216 ], [ 5.854966496201804, 51.848771527534112 ] ] ] ] } },
{ "type": "Feature", "properties": { "fid": 726, "wijkcode": "WK026802", "wijknaam": "Nijmegen-Oost", "gemeentecode": "GM0268", "gemeentenaam": "Nijmegen", "indelingswijziging_wijken_en_buurten": 1, "water": "NEE", "omgevingsadressendichtheid": 3143, "stedelijkheid_adressen_per_km2": 1, "bevolkingsdichtheid_inwoners_per_km2": 4768, "aantal_inwoners": 35265, "mannen": 16420, "vrouwen": 18845, "percentage_personen_0_tot_15_jaar": 8, "percentage_personen_15_tot_25_jaar": 25, "percentage_personen_25_tot_45_jaar": 28, "percentage_personen_45_tot_65_jaar": 20, "percentage_personen_65_jaar_en_ouder": 19, "percentage_ongehuwd": 69, "percentage_gehuwd": 21, "percentage_gescheid": 6, "percentage_verweduwd": 3, "aantal_huishoudens": 22870, "percentage_eenpersoonshuishoudens": 68, "percentage_huishoudens_zonder_kinderen": 20, "percentage_huishoudens_met_kinderen": 12, "gemiddelde_huishoudsgrootte": 1.5, "percentage_met_herkomstland_nederland": 75, "percentage_met_herkomstland_uit_europa_excl_nl": 10, "percentage_met_herkomstland_buiten_europa": 15, "percentage_geb_in_nl_met_herkomstland_nederland": 75, "perc_geb_in_nl_met_herkomstland_in_europa_ex_nl": 5, "perc_geb_in_nl_met_herkomstland_buiten_europa": 5, "perc_geb_buiten_nl_met_herkomstlnd_in_europa_ex_nl": 5, "perc_geb_buiten_nl_met_herkomstlnd_buiten_europa": 10, "oppervlakte_totaal_in_ha": 766, "oppervlakte_land_in_ha": 740, "oppervlakte_water_in_ha": 26, "jrstatcode": "2025WK026802", "jaar": 2025 }, "geometry": { "type": "MultiPolygon", "coordinates": [ [ [ [ 5.870492596877216, 51.842836360260144 ], [ 5.870508616603374, 51.842920093854737 ], [ 5.870537593279966, 51.843073947119564 ], [ 5.870561456252192, 51.843194815751438 ], [ 5.870290044181383, 51.843237711874423 ], [ 5.869869876957429, 51.84334312297301 ], [ 5.870339516380927, 51.843508394816574 ], [ 5.870338397376506, 51.843502835556812 ], [ 5.870338424349549, 51.843497235624817 ], [ 5.870339569242398, 51.843491685020908 ], [ 5.870341832922866, 51.843486264637747 ], [ 5.870345187333037, 51.843481064475533 ], [ 5.870349560786511, 51.843476165725811 ], [ 5.870354896010666, 51.84347164053181 ], [ 5.870361106808262, 51.843467570144703 ], [ 5.870368092181414, 51.843464008911141 ], [ 5.870375736815054, 51.843461029213699 ], [ 5.870383924910722, 51.843458658494214 ], [ 5.871162105499343, 51.843331626374045 ], [ 5.871268939639961, 51.843582692290887 ], [ 5.871598835324511, 51.843562796706109 ], [ 5.871834364170402, 51.843551199826926 ], [ 5.872756660963007, 51.844122892370677 ], [ 5.872834151436302, 51.844304283658261 ], [ 5.872634359590364, 51.844444899115487 ], [ 5.872985815890502, 51.844596239818578 ], [ 5.872998533817639, 51.844598092726038 ], [ 5.873328711693057, 51.844760944848204 ], [ 5.873594358378956, 51.844821846578988 ], [ 5.873771162657706, 51.844835701905161 ], [ 5.873871459099012, 51.844853523610986 ], [ 5.874036889305223, 51.844903900948822 ], [ 5.87417291565195, 51.844958040412486 ], [ 5.874291307013383, 51.845015911230561 ], [ 5.874386240031218, 51.845081168977927 ], [ 5.874493178924341, 51.845168255646627 ], [ 5.87457067451769, 51.845255472595532 ], [ 5.874618686945899, 51.845339153648354 ], [ 5.874696933506436, 51.845495668551784 ], [ 5.874721473157042, 51.845586745714485 ], [ 5.874722737085053, 51.845703455834347 ], [ 5.874730564206582, 51.845882141196775 ], [ 5.874710719174464, 51.846133460544451 ], [ 5.874683345957133, 51.846151964681312 ], [ 5.874473932435437, 51.8463169460152 ], [ 5.874181245840131, 51.846543763624531 ], [ 5.87406238044511, 51.846636990932708 ], [ 5.874008777555122, 51.846681886029359 ], [ 5.873939753281605, 51.846744750108222 ], [ 5.873875407666142, 51.846809491310502 ], [ 5.873887467221938, 51.846813477122033 ], [ 5.873818565869509, 51.846906541893304 ], [ 5.873813259364362, 51.84690567403851 ], [ 5.873380444982414, 51.84771028252645 ], [ 5.87301971926113, 51.848320144153426 ], [ 5.872982155890544, 51.848388414298604 ], [ 5.872902881867955, 51.848538760032049 ], [ 5.872922761348299, 51.848542461900394 ], [ 5.872847912182687, 51.848671172002163 ], [ 5.872808244513882, 51.848739504726304 ], [ 5.872792282631359, 51.848766662030208 ], [ 5.872173694667501, 51.849951608453289 ], [ 5.871353822276736, 51.851573825082774 ], [ 5.872028082785725, 51.851683406399744 ], [ 5.872625549804251, 51.85181703106911 ], [ 5.87289219804233, 51.851905103350028 ], [ 5.873422103438799, 51.852127126508684 ], [ 5.874962589281055, 51.852783876501924 ], [ 5.876309901700646, 51.853508941932731 ], [ 5.877475200921315, 51.854149218169376 ], [ 5.877572644726065, 51.854206921521346 ], [ 5.877690503973704, 51.854285248906564 ], [ 5.877805953805939, 51.854367541171932 ], [ 5.878201920440961, 51.854717028818513 ], [ 5.87862202875848, 51.855145961997557 ], [ 5.879174306748168, 51.855738064673467 ], [ 5.879848962720908, 51.856645389041084 ], [ 5.88041757910375, 51.85741650349577 ], [ 5.880704480580278, 51.857812839434295 ], [ 5.881303808831966, 51.858683942060104 ], [ 5.881584195290995, 51.859100368210449 ], [ 5.883556698932773, 51.858922970294337 ], [ 5.883980350174615, 51.858884855571134 ], [ 5.884410802270692, 51.858846135245827 ], [ 5.884527680205589, 51.858834799984166 ], [ 5.885012838820469, 51.8587877290501 ], [ 5.885014245364294, 51.858787588257535 ], [ 5.886050987933031, 51.858686982978803 ], [ 5.886072115323753, 51.858684897742762 ], [ 5.886119358249798, 51.858680229667641 ], [ 5.88616109094619, 51.858676106329064 ], [ 5.886175287094098, 51.858679946974988 ], [ 5.886221529980029, 51.858692442097052 ], [ 5.886284677270086, 51.85870951236128 ], [ 5.88643472679785, 51.858742868627928 ], [ 5.886579154861461, 51.858785039343367 ], [ 5.886787493534509, 51.858851521333698 ], [ 5.886818180704585, 51.858860603894108 ], [ 5.887319533070652, 51.859009043582176 ], [ 5.887323086884813, 51.858995734493725 ], [ 5.887354080350786, 51.858879543312959 ], [ 5.887371750585031, 51.858813258949539 ], [ 5.887394954612616, 51.858578776733452 ], [ 5.887501717875966, 51.857499786155003 ], [ 5.887538858255979, 51.857124502977975 ], [ 5.887557721533386, 51.856276504053703 ], [ 5.887558002666394, 51.856263927982269 ], [ 5.887557204441408, 51.856258718071238 ], [ 5.887550362739167, 51.856213894760543 ], [ 5.887497888419772, 51.855870471164259 ], [ 5.887487477868233, 51.855802311008105 ], [ 5.887459415422543, 51.855356665274705 ], [ 5.887408207059586, 51.854543210928739 ], [ 5.887396957867503, 51.854521012398003 ], [ 5.887185246208178, 51.854103456068053 ], [ 5.886780457976355, 51.853305034762791 ], [ 5.886530795934761, 51.853283338412417 ], [ 5.886276905339202, 51.85325333618546 ], [ 5.886180543115155, 51.853233791502603 ], [ 5.886173764030215, 51.853232418122197 ], [ 5.886158387422348, 51.853229301575062 ], [ 5.886102488451012, 51.853170125390911 ], [ 5.886073359304971, 51.853094341541357 ], [ 5.885743773388321, 51.852604153348203 ], [ 5.885704197546291, 51.852482752325024 ], [ 5.885702048791503, 51.852430277743082 ], [ 5.885704596432704, 51.852390340112997 ], [ 5.885741170427884, 51.85231149963964 ], [ 5.885932341069041, 51.852071899555654 ], [ 5.885952457658845, 51.852027339087428 ], [ 5.885965164017836, 51.851983376381803 ], [ 5.885973248647187, 51.851938858054019 ], [ 5.885975727581567, 51.851887505341821 ], [ 5.885925220420725, 51.851798662158686 ], [ 5.885876551599413, 51.851704112448132 ], [ 5.885804615858801, 51.851588520671456 ], [ 5.885772609851747, 51.851497908984093 ], [ 5.885765067225808, 51.851474750756843 ], [ 5.885754775459675, 51.851443190993329 ], [ 5.885761333919493, 51.851423361518059 ], [ 5.885842855193134, 51.851176641023052 ], [ 5.885905116955242, 51.850951008375773 ], [ 5.885924386826247, 51.850852340868322 ], [ 5.885930800920327, 51.850819496679648 ], [ 5.885785638859151, 51.850799107401258 ], [ 5.885621556135905, 51.850742502829284 ], [ 5.88546342403163, 51.850664875681304 ], [ 5.884622194828023, 51.850168055702149 ], [ 5.884660989822355, 51.850152278277228 ], [ 5.884674383812234, 51.850146828414786 ], [ 5.884770065675216, 51.850154062990271 ], [ 5.884965118730724, 51.850223903258858 ], [ 5.885216044053294, 51.850325963513292 ], [ 5.88536418998185, 51.850336795062532 ], [ 5.885493387797977, 51.85030760029084 ], [ 5.88560395437356, 51.850267024192718 ], [ 5.885738833389166, 51.850193878329513 ], [ 5.885864678760767, 51.850139871210992 ], [ 5.885922147710941, 51.850105326972432 ], [ 5.886065630986152, 51.850042534845514 ], [ 5.886191244633048, 51.8499925731739 ], [ 5.886333604056299, 51.849944985012527 ], [ 5.886474871072543, 51.849914083941684 ], [ 5.886621328633661, 51.849887951470748 ], [ 5.886796026809785, 51.849853725817269 ], [ 5.88697079547369, 51.849825872434472 ], [ 5.8870915563753, 51.849803030724217 ], [ 5.887189157792185, 51.849781887509742 ], [ 5.887286670543633, 51.84975277181028 ], [ 5.88736121058676, 51.849730405413396 ], [ 5.887395048260363, 51.849717929002566 ], [ 5.887336661144286, 51.849690592199451 ], [ 5.887265975234832, 51.849657501216349 ], [ 5.887189672096024, 51.849619130919748 ], [ 5.887101178369768, 51.84955468299195 ], [ 5.887040413746775, 51.849507950042089 ], [ 5.886999720476559, 51.849461131582387 ], [ 5.886976847400912, 51.849411477757137 ], [ 5.886967430949555, 51.84936728554905 ], [ 5.886962576557965, 51.849331370279423 ], [ 5.886847432770447, 51.849211621668921 ], [ 5.886711230230875, 51.849072214891187 ], [ 5.88656920463936, 51.848942908819922 ], [ 5.886490147050535, 51.848857549029034 ], [ 5.886444984318754, 51.848809374154598 ], [ 5.88641557499216, 51.848773554330151 ], [ 5.886247769364387, 51.848532406012055 ], [ 5.886020821758455, 51.848215043849919 ], [ 5.885845770907051, 51.847978464931685 ], [ 5.885684324875244, 51.847816980650066 ], [ 5.885490982343307, 51.847659586517629 ], [ 5.885420524250663, 51.847640111009426 ], [ 5.884377718285855, 51.847012463640439 ], [ 5.883605987534011, 51.846525265211042 ], [ 5.883381182306269, 51.846407559007382 ], [ 5.883201277961722, 51.846309437260793 ], [ 5.883078870061976, 51.846211072295048 ], [ 5.882847319662584, 51.846061745133873 ], [ 5.882629194026551, 51.84597169380497 ], [ 5.882430456709513, 51.845901334910764 ], [ 5.88218696611616, 51.845827209530135 ], [ 5.881962805534581, 51.84576882187563 ], [ 5.881668322522838, 51.845702829254535 ], [ 5.881425094755757, 51.845652430779907 ], [ 5.881290428691007, 51.845601574761339 ], [ 5.881181317899356, 51.845550620005149 ], [ 5.880905803440591, 51.845340253547846 ], [ 5.880877895128552, 51.84531895141015 ], [ 5.880864855589001, 51.845308993098399 ], [ 5.880834304253768, 51.845320608896834 ], [ 5.880808276375436, 51.845330506837279 ], [ 5.880628533156259, 51.845316350871713 ], [ 5.880610508040309, 51.845314934574787 ], [ 5.880575195062269, 51.845273439418037 ], [ 5.880389295583874, 51.845054973840661 ], [ 5.881215177693292, 51.844773270475336 ], [ 5.881798868918157, 51.844596686903351 ], [ 5.88373924808477, 51.844131212395347 ], [ 5.884020811439567, 51.844063353068634 ], [ 5.884158918923551, 51.844014625948638 ], [ 5.884472647358357, 51.843888410897293 ], [ 5.884567391366507, 51.8438420413584 ], [ 5.884994278091788, 51.843633164411941 ], [ 5.885407713941734, 51.843429879012454 ], [ 5.886257602740854, 51.843032347200072 ], [ 5.886690081317743, 51.842843492653294 ], [ 5.887193994820007, 51.842645433538856 ], [ 5.887563999341522, 51.842503986539938 ], [ 5.888064570216184, 51.842334853877162 ], [ 5.888445329198909, 51.842213582273949 ], [ 5.888812854807943, 51.842105588065102 ], [ 5.88934776078994, 51.8419595563375 ], [ 5.889869262741928, 51.841829803804316 ], [ 5.890773411695387, 51.841597089180034 ], [ 5.891252745043096, 51.841486234455104 ], [ 5.891648142216617, 51.841381608116677 ], [ 5.891901463984041, 51.841312143370004 ], [ 5.891954095138621, 51.841296627561476 ], [ 5.892039882591806, 51.841273256959568 ], [ 5.892136060728538, 51.841246093381756 ], [ 5.892238310235617, 51.841218166537423 ], [ 5.892322176214011, 51.84119557700857 ], [ 5.892419937938564, 51.841168613115286 ], [ 5.892557632571011, 51.841129944931851 ], [ 5.892625434877766, 51.841111244474895 ], [ 5.89271856914903, 51.841085738421967 ], [ 5.892792689426459, 51.841064979249957 ], [ 5.892954024351988, 51.841020105550825 ], [ 5.893196596101997, 51.840952508991229 ], [ 5.893328785346073, 51.840913441179019 ], [ 5.893457347702373, 51.840875755115903 ], [ 5.893914274711483, 51.840740213849841 ], [ 5.894530377880543, 51.840556757147588 ], [ 5.894402704293516, 51.840526334732608 ], [ 5.893951607130765, 51.840418866787843 ], [ 5.893455165436138, 51.840300968359074 ], [ 5.893430285878328, 51.840295053406479 ], [ 5.89316786346478, 51.840234452284271 ], [ 5.893157358343428, 51.840230623540819 ], [ 5.89312811884525, 51.840220224088618 ], [ 5.893113838718554, 51.840214901550844 ], [ 5.893047169851742, 51.840188403265131 ], [ 5.893007095564022, 51.840171947303581 ], [ 5.892940092986125, 51.840163526256148 ], [ 5.892834592805166, 51.840176960303147 ], [ 5.892730601850068, 51.840194288759186 ], [ 5.892635618169093, 51.840209996350005 ], [ 5.892608213904731, 51.840214419877299 ], [ 5.892577347838897, 51.840219397617673 ], [ 5.892550580784832, 51.840223710525173 ], [ 5.892479315371877, 51.840234974396637 ], [ 5.8924417922285, 51.84018722730093 ], [ 5.892433946039784, 51.840177238914762 ], [ 5.892429573791311, 51.840171657909174 ], [ 5.892358736562997, 51.840078815135961 ], [ 5.892169494405495, 51.840013150792736 ], [ 5.892398631920324, 51.839734060490699 ], [ 5.892565870004232, 51.83952904085875 ], [ 5.892583432480662, 51.83950750968252 ], [ 5.892608063077408, 51.839510684395201 ], [ 5.892633752335603, 51.839511220913813 ], [ 5.892659762581903, 51.839509329150651 ], [ 5.892703422968484, 51.839496305497313 ], [ 5.892731450027675, 51.83948794230237 ], [ 5.892805058601511, 51.839465783110199 ], [ 5.892859269513365, 51.839449028653988 ], [ 5.892908790507454, 51.839429418067184 ], [ 5.892972417382873, 51.839400937934137 ], [ 5.893036074983594, 51.83937132508364 ], [ 5.89310504999783, 51.839339729780505 ], [ 5.893118481530461, 51.839332831625278 ], [ 5.893136280565114, 51.839327217968851 ], [ 5.893152252404791, 51.839325576114298 ], [ 5.893171299593263, 51.839325152420365 ], [ 5.8932062569437, 51.839322763541638 ], [ 5.89323787800569, 51.8393204699371 ], [ 5.893283549714193, 51.839317306759654 ], [ 5.89330971397026, 51.83931492880906 ], [ 5.893337134535436, 51.839306846727979 ], [ 5.893357512774949, 51.839297042262366 ], [ 5.893369820879126, 51.83928702092819 ], [ 5.893376312174285, 51.839277159512889 ], [ 5.89338066331261, 51.839270534199223 ], [ 5.893384225075183, 51.839263390957932 ], [ 5.893384849365847, 51.839253096438249 ], [ 5.893383460107656, 51.839244392579936 ], [ 5.89337608880907, 51.839232766300881 ], [ 5.893363643148025, 51.839218932763998 ], [ 5.893341443117166, 51.839193168626878 ], [ 5.893303522787747, 51.839153980560823 ], [ 5.893253453466623, 51.839107977668917 ], [ 5.893191170772789, 51.83904942555364 ], [ 5.893295804753539, 51.839000481368593 ], [ 5.893355059601701, 51.838971678318501 ], [ 5.893580466872233, 51.838875526596837 ], [ 5.893871706552434, 51.838761427793848 ], [ 5.894234688569554, 51.838600206186413 ], [ 5.89424003049465, 51.838597828117017 ], [ 5.89438645340784, 51.838540073407287 ], [ 5.89459739974192, 51.83847827333436 ], [ 5.894923940112251, 51.838386328692884 ], [ 5.894976127296853, 51.83842061869133 ], [ 5.895000364458635, 51.838436549280431 ], [ 5.895040233008801, 51.838419397463937 ], [ 5.895246383386052, 51.838295317704493 ], [ 5.895284294324735, 51.838271864355391 ], [ 5.89536362286601, 51.838216834808868 ], [ 5.895463008789296, 51.838126249717526 ], [ 5.895655345131798, 51.837950931709528 ], [ 5.895804663446039, 51.837854404265322 ], [ 5.895930413606242, 51.837792224991382 ], [ 5.896307728056072, 51.837571745505095 ], [ 5.896386921905593, 51.837531969321063 ], [ 5.896410426132475, 51.837522860844679 ], [ 5.896528221676447, 51.837477218326988 ], [ 5.89668072453937, 51.837395713687428 ], [ 5.896905530560051, 51.837256736917865 ], [ 5.897075010489995, 51.837111366629792 ], [ 5.897263069379679, 51.836937233026013 ], [ 5.897318575772521, 51.836839286729777 ], [ 5.897393514707407, 51.836689248449517 ], [ 5.897340501786171, 51.836576933940478 ], [ 5.897577019984109, 51.836482299133117 ], [ 5.89770174894588, 51.836444499187422 ], [ 5.89770919927636, 51.83645919892404 ], [ 5.897942954343659, 51.836412735782282 ], [ 5.898002550294751, 51.836392818499966 ], [ 5.898087840588604, 51.836404734444521 ], [ 5.898289760729353, 51.836363307952531 ], [ 5.898271865229968, 51.83632318932586 ], [ 5.898216884456755, 51.836210227613186 ], [ 5.89817914870431, 51.836159328282136 ], [ 5.898011031995757, 51.835974016306352 ], [ 5.897925058197497, 51.8358787349351 ], [ 5.897816384008453, 51.835751993664424 ], [ 5.897774258525211, 51.835702875052597 ], [ 5.897720269700151, 51.835623480840887 ], [ 5.897644813660693, 51.835487013128976 ], [ 5.897643347080423, 51.8354843499243 ], [ 5.897617943599572, 51.835439706688746 ], [ 5.897605729870644, 51.835418196405286 ], [ 5.897543011012368, 51.835317366557483 ], [ 5.897519845098359, 51.835242260524403 ], [ 5.8975092113783, 51.835207808904805 ], [ 5.897483599060541, 51.835174159485376 ], [ 5.897464233634806, 51.835150181486597 ], [ 5.897405011877172, 51.835089029578889 ], [ 5.897369917944359, 51.835059843707278 ], [ 5.897327120590561, 51.835037127085293 ], [ 5.897093057690207, 51.834932817239221 ], [ 5.896754964867271, 51.834773113205252 ], [ 5.896802285121295, 51.834737843543017 ], [ 5.896725307574529, 51.834669128184707 ], [ 5.896570986826249, 51.834531375318441 ], [ 5.896247538990095, 51.834215161373734 ], [ 5.896224087802176, 51.834186454968247 ], [ 5.896178259790084, 51.834127815046251 ], [ 5.89613969345475, 51.834071103101053 ], [ 5.896104803908847, 51.834016208849718 ], [ 5.896052585658863, 51.833921013391567 ], [ 5.89598946919221, 51.833829442593682 ], [ 5.895961150161143, 51.833791049661919 ], [ 5.895943240523, 51.833762247262683 ], [ 5.895934695659255, 51.833750743076422 ], [ 5.895861168575257, 51.833667405874564 ], [ 5.895835178453228, 51.833637371111372 ], [ 5.895794020343126, 51.833578477092892 ], [ 5.895761399302465, 51.833512409185026 ], [ 5.895735288349487, 51.833449818567281 ], [ 5.895720437643795, 51.833415645727605 ], [ 5.895709350611825, 51.833355021387916 ], [ 5.895706722210623, 51.833309838588399 ], [ 5.895704471882629, 51.833278864972712 ], [ 5.895705419581324, 51.833239446280949 ], [ 5.895715726094338, 51.833180841515826 ], [ 5.895760121741594, 51.832913645608663 ], [ 5.895773011313797, 51.832866669751056 ], [ 5.895778348017942, 51.832847195497038 ], [ 5.895829462061964, 51.832720182093546 ], [ 5.89584782616538, 51.83267237352775 ], [ 5.895869454296451, 51.832638671746494 ], [ 5.895893555439783, 51.832604276112427 ], [ 5.895889041347411, 51.832584825686638 ], [ 5.895925321587183, 51.832567734939779 ], [ 5.895973464386248, 51.832545063912882 ], [ 5.89636514218521, 51.832360601537495 ], [ 5.896665000613632, 51.832240669564705 ], [ 5.896903648171213, 51.832187364886636 ], [ 5.896984881714841, 51.832169221903378 ], [ 5.897087448865149, 51.832146315724621 ], [ 5.897654090868333, 51.832093048747502 ], [ 5.897894665135762, 51.832069090123071 ], [ 5.898024643246343, 51.832056452719698 ], [ 5.898116994815034, 51.832045713812001 ], [ 5.898261232406695, 51.832029095061245 ], [ 5.898632385267181, 51.831985420541464 ], [ 5.899176224680517, 51.831922609920504 ], [ 5.899340825875649, 51.831895375436268 ], [ 5.900083447593993, 51.831772512394096 ], [ 5.900143730070882, 51.831762541267949 ], [ 5.900853599809719, 51.831672435818206 ], [ 5.901325776008042, 51.831628463239028 ], [ 5.901722180321783, 51.831566978886478 ], [ 5.901751810659488, 51.831562381651764 ], [ 5.90193136783865, 51.831547958463446 ], [ 5.902073022043203, 51.831536586652199 ], [ 5.902130304029322, 51.831531984821765 ], [ 5.902216486159997, 51.8315249101041 ], [ 5.902502144015982, 51.831524950160421 ], [ 5.90279528213669, 51.831524489246462 ], [ 5.903023186176449, 51.831514525936065 ], [ 5.903229418393915, 51.831494680258672 ], [ 5.903394469131901, 51.831463977522304 ], [ 5.904388456624127, 51.831242105084947 ], [ 5.904823859354143, 51.8311309475719 ], [ 5.904850677731969, 51.831124096854268 ], [ 5.905277312737539, 51.830996293658245 ], [ 5.905446797673291, 51.830970467181828 ], [ 5.905643895765238, 51.83091234856149 ], [ 5.905650069582514, 51.830910532566058 ], [ 5.905650966003864, 51.830910267937945 ], [ 5.905851111219806, 51.830853501756017 ], [ 5.905862730893876, 51.830849648248247 ], [ 5.906080772276145, 51.830777288385136 ], [ 5.906286479158129, 51.830692129115398 ], [ 5.906290204285085, 51.830690584586826 ], [ 5.906371103618365, 51.830657094970235 ], [ 5.906376879058552, 51.830654705434412 ], [ 5.906508129450128, 51.830590656671149 ], [ 5.906672285818523, 51.830491694500616 ], [ 5.906800173677797, 51.830399076825252 ], [ 5.906839486474929, 51.830366193512823 ], [ 5.906856876264924, 51.830351968571051 ], [ 5.906878477177852, 51.830334318327218 ], [ 5.9069016588666, 51.83031536673127 ], [ 5.906925027254713, 51.830296252510337 ], [ 5.907100491018153, 51.830152755489515 ], [ 5.907113296214606, 51.830142290046211 ], [ 5.907181450348363, 51.830089414189416 ], [ 5.907196648338565, 51.830077616820198 ], [ 5.907279123110147, 51.830013621561548 ], [ 5.907316722594586, 51.829984439959652 ], [ 5.907370533880443, 51.829945838414545 ], [ 5.907480889887584, 51.829871697198875 ], [ 5.907594725099626, 51.82980113585085 ], [ 5.907684591714309, 51.829745430877963 ], [ 5.907728393912815, 51.829710720653573 ], [ 5.907819746328689, 51.829630470340213 ], [ 5.907928425396388, 51.829539401776955 ], [ 5.907986928348669, 51.829501399327441 ], [ 5.908069059811281, 51.829448047427519 ], [ 5.908249444098484, 51.829353028832024 ], [ 5.908275153479289, 51.829339485807289 ], [ 5.908346896634456, 51.829302377152004 ], [ 5.908279494049697, 51.829260745117487 ], [ 5.908230470220619, 51.829232756886455 ], [ 5.908206024077259, 51.829217549021863 ], [ 5.908153728928451, 51.829161333373278 ], [ 5.908131483332453, 51.829129424049796 ], [ 5.908089554336138, 51.829062609827531 ], [ 5.908042508231739, 51.829011170690926 ], [ 5.908037976864287, 51.82900695721721 ], [ 5.908017837538309, 51.828990327985309 ], [ 5.90794570454975, 51.828946020204782 ], [ 5.907883977306588, 51.828912110852848 ], [ 5.907842261738588, 51.828892575183183 ], [ 5.907822675561495, 51.828883628643283 ], [ 5.907759409755086, 51.828858417947494 ], [ 5.907695949691608, 51.828831455319076 ], [ 5.907649463875029, 51.828813378906872 ], [ 5.907573739567395, 51.82877961238129 ], [ 5.9074538906314, 51.828724936452296 ], [ 5.907337405215458, 51.828675081310536 ], [ 5.907229229751204, 51.828624991472033 ], [ 5.907110182703487, 51.828578131647014 ], [ 5.90696634774854, 51.828520298684715 ], [ 5.906944441667792, 51.828511425196453 ], [ 5.906828816295524, 51.828469376760985 ], [ 5.906755138374255, 51.828443133020848 ], [ 5.906648989526094, 51.828406399596133 ], [ 5.906597849594229, 51.828388469214886 ], [ 5.906492976591095, 51.828347873928415 ], [ 5.906418504552168, 51.828316887557044 ], [ 5.906362916671865, 51.828293134224566 ], [ 5.906278703557808, 51.828258999948147 ], [ 5.906222849749714, 51.828233557885547 ], [ 5.906144953896124, 51.828196222620093 ], [ 5.906121955754219, 51.828184450519238 ], [ 5.906102185639037, 51.828168295718335 ], [ 5.906043134059846, 51.828124656983682 ], [ 5.905985511043068, 51.828077829968237 ], [ 5.905942917307843, 51.828037327305125 ], [ 5.905862049707109, 51.827956033179291 ], [ 5.90577814313217, 51.827866536928411 ], [ 5.905700796037289, 51.827781011516585 ], [ 5.905610864225627, 51.827684719492652 ], [ 5.905556939936471, 51.82762768294733 ], [ 5.905492224995154, 51.827564518939553 ], [ 5.905456658633104, 51.827534564536208 ], [ 5.905433087228155, 51.827517051172492 ], [ 5.905410858300487, 51.827501482381919 ], [ 5.905379202157053, 51.827484822673505 ], [ 5.905349825025599, 51.827470813491537 ], [ 5.905303620635753, 51.827450514748136 ], [ 5.905252263088717, 51.827436225093031 ], [ 5.905218575189384, 51.827428311149873 ], [ 5.905195788271324, 51.827426020818827 ], [ 5.904942392492027, 51.827385846134632 ], [ 5.904799709157863, 51.827364534769877 ], [ 5.904524899705664, 51.82732157733583 ], [ 5.904503855466809, 51.827318182587362 ], [ 5.904481256132978, 51.827314534025014 ], [ 5.904456224402311, 51.827308765904959 ], [ 5.904409008045397, 51.827296300268635 ], [ 5.904179486409856, 51.827238014691723 ], [ 5.904144236119408, 51.827229181508962 ], [ 5.903981349285443, 51.827189163190567 ], [ 5.903975806766422, 51.82718780337413 ], [ 5.903933888415771, 51.82725019752192 ], [ 5.903557033657489, 51.827270975375988 ], [ 5.903223249801634, 51.82728937836908 ], [ 5.90294082924822, 51.827304938966449 ], [ 5.902799336294211, 51.827312742723613 ], [ 5.902724168094198, 51.827316884187226 ], [ 5.902601260519472, 51.827323662240623 ], [ 5.902269505433265, 51.827341945743548 ], [ 5.901995333316445, 51.827357063366186 ], [ 5.901820235290372, 51.82736671222704 ], [ 5.901431824201913, 51.827388118195515 ], [ 5.901361034504219, 51.827278966357525 ], [ 5.901311907438252, 51.827203237711231 ], [ 5.90126279504337, 51.827127508980062 ], [ 5.901213682813951, 51.827051780227229 ], [ 5.901163891597739, 51.82697501176083 ], [ 5.901067602542033, 51.826826556825388 ], [ 5.901040344603969, 51.826784529080072 ], [ 5.901018653503742, 51.826751087942277 ], [ 5.900971151794289, 51.826677859828557 ], [ 5.900922040547358, 51.826602130948267 ], [ 5.900872929465883, 51.826526402046518 ], [ 5.900823804044293, 51.826450673186976 ], [ 5.90078855824444, 51.826396321148543 ], [ 5.900739411715392, 51.826384878192485 ], [ 5.900630078936667, 51.826215581699479 ], [ 5.900561184206519, 51.826111993959984 ], [ 5.900533530923486, 51.82606956334299 ], [ 5.900323659631029, 51.825747506221063 ], [ 5.900333417018118, 51.825724395421084 ], [ 5.900362997098287, 51.825654338992301 ], [ 5.900443914139863, 51.825538788217663 ], [ 5.900512815628692, 51.825438129996613 ], [ 5.900123482832579, 51.825359349745419 ], [ 5.899916866948724, 51.825057672592528 ], [ 5.899815562634116, 51.824943233100413 ], [ 5.899714561707373, 51.824852863436668 ], [ 5.899635652898084, 51.824791798617355 ], [ 5.899443625160854, 51.824707345250552 ], [ 5.89925635795171, 51.824654968775818 ], [ 5.899095307755583, 51.824615807573849 ], [ 5.898821260885834, 51.824563952857105 ], [ 5.89836934633345, 51.824513187267193 ], [ 5.897821798178785, 51.824449614138999 ], [ 5.896313797709722, 51.824268766809531 ], [ 5.894827507803643, 51.824087770235757 ], [ 5.894375557814404, 51.824034310867447 ], [ 5.894158261234913, 51.824045299272022 ], [ 5.893936693978165, 51.823986123422465 ], [ 5.893711177152784, 51.82392781811749 ], [ 5.893523133071832, 51.824280341344263 ], [ 5.892339192252721, 51.823893959751466 ], [ 5.892115193133057, 51.823819420589118 ], [ 5.891825619999193, 51.823720579518096 ], [ 5.891360011367638, 51.823563251138204 ], [ 5.890966641330516, 51.823430553839337 ], [ 5.890880954656422, 51.823401574289171 ], [ 5.890867646668034, 51.823397074252846 ], [ 5.89086591401005, 51.823396488450378 ], [ 5.890627185842069, 51.823315744704168 ], [ 5.890612669218798, 51.823310818377401 ], [ 5.890490406708722, 51.823269348662237 ], [ 5.890174993840098, 51.823162812363009 ], [ 5.890107133531315, 51.82314020956629 ], [ 5.890055171914134, 51.823122904720989 ], [ 5.889855943847268, 51.82305516724 ], [ 5.889709048014434, 51.823005424970944 ], [ 5.889349988151737, 51.822884098564614 ], [ 5.889247876152932, 51.822849210776063 ], [ 5.889124142207576, 51.822806936973926 ], [ 5.889042575211368, 51.822779071011674 ], [ 5.888799075687758, 51.822697804660848 ], [ 5.88875037587669, 51.82269197260846 ], [ 5.888604603031877, 51.822827612176809 ], [ 5.888502355088389, 51.822922518402386 ], [ 5.888346263043236, 51.823068169995786 ], [ 5.888313914160187, 51.823100523004356 ], [ 5.888148207111103, 51.823036450561347 ], [ 5.888063393464397, 51.823003309844005 ], [ 5.887937200300533, 51.822954000998422 ], [ 5.887727906415284, 51.822874213336 ], [ 5.88736464407523, 51.822730454495506 ], [ 5.886958060868494, 51.822571257071296 ], [ 5.886542516412158, 51.822409426802231 ], [ 5.886098401151409, 51.822238476393331 ], [ 5.885830639834484, 51.822138530088331 ], [ 5.885563458842879, 51.822035866179519 ], [ 5.885293463019798, 51.821934319203336 ], [ 5.885026071668957, 51.821832086417317 ], [ 5.884837018544309, 51.821759856939543 ], [ 5.884462135318124, 51.821618133895122 ], [ 5.884266371718958, 51.821544889280275 ], [ 5.884013361808202, 51.821448175118789 ], [ 5.884031331441061, 51.821409906839094 ], [ 5.883876420437818, 51.821381979385329 ], [ 5.883698457330894, 51.82135230665444 ], [ 5.883454618757525, 51.821309780145583 ], [ 5.883369292919928, 51.821295633630022 ], [ 5.883096952874977, 51.821247752928201 ], [ 5.882834972393173, 51.821202767067426 ], [ 5.882606102035118, 51.821163756576389 ], [ 5.88256583202266, 51.821156894030793 ], [ 5.882301731663717, 51.821108967703502 ], [ 5.882219114622115, 51.821095752713589 ], [ 5.882055650212516, 51.821066681461623 ], [ 5.881931577727081, 51.821045344751901 ], [ 5.88191768841529, 51.821040594477651 ], [ 5.881890105745436, 51.821030445925182 ], [ 5.881863068305825, 51.821019755756623 ], [ 5.881836605301803, 51.821008541826217 ], [ 5.881810716832494, 51.820996813122377 ], [ 5.881756905970217, 51.820974370985574 ], [ 5.881189677893924, 51.820725010937814 ], [ 5.881172134383879, 51.820717678285291 ], [ 5.881155165405108, 51.820709830866065 ], [ 5.881138843672526, 51.820701486350949 ], [ 5.881123183886993, 51.820692662655532 ], [ 5.881108229756419, 51.820683377572955 ], [ 5.881094010682151, 51.820673666933743 ], [ 5.881080555671286, 51.820663530615995 ], [ 5.881067923230455, 51.820653013316324 ], [ 5.881056113457825, 51.82064212402296 ], [ 5.881045155852876, 51.820630907554552 ], [ 5.881035093925924, 51.820619363728142 ], [ 5.881025942672846, 51.820607537423371 ], [ 5.881007540154648, 51.820582698749703 ], [ 5.881008194431803, 51.820580197190139 ], [ 5.880992144712988, 51.820558287851497 ], [ 5.880976991666039, 51.820536141035014 ], [ 5.880962764297212, 51.820513756618958 ], [ 5.88094944829879, 51.820491152640749 ], [ 5.880937058468474, 51.820468356004064 ], [ 5.880925609308482, 51.820445366648237 ], [ 5.880919069580863, 51.82043095862997 ], [ 5.880841930143707, 51.820419786976217 ], [ 5.880628929132267, 51.820388630126871 ], [ 5.880616783365301, 51.820386775653127 ], [ 5.880539821663057, 51.820375926639727 ], [ 5.880536188120325, 51.820375240817661 ], [ 5.880533026499223, 51.820373941792155 ], [ 5.880530584440917, 51.820372127395402 ], [ 5.880529095871244, 51.820369967425442 ], [ 5.880528664184037, 51.820367632228908 ], [ 5.880529320453133, 51.820365310433928 ], [ 5.880537456148098, 51.82033739386727 ], [ 5.880535245423076, 51.820336836888849 ], [ 5.880492500996663, 51.820326167520207 ], [ 5.880619029822945, 51.820133685776362 ], [ 5.880742604320416, 51.819945683607386 ], [ 5.880748317648871, 51.819936302531652 ], [ 5.880753144106329, 51.819926727440063 ], [ 5.88075706958377, 51.819916994345832 ], [ 5.880760079972386, 51.81990713926286 ], [ 5.880762161064927, 51.819897189216299 ], [ 5.880763313354296, 51.819887189146591 ], [ 5.880763522534767, 51.819877157091064 ], [ 5.880763335426833, 51.819874641096071 ], [ 5.880762803602484, 51.819867137929272 ], [ 5.880761142350313, 51.81985715868646 ], [ 5.880751011041613, 51.819794245801624 ], [ 5.880746762649637, 51.819767882404427 ], [ 5.880744793320344, 51.819756259560393 ], [ 5.880743925845632, 51.819744596126242 ], [ 5.880744174925354, 51.819732910017244 ], [ 5.880745512240739, 51.819721264271955 ], [ 5.88074795249176, 51.819709676805637 ], [ 5.880751481764718, 51.819698201607835 ], [ 5.880756100452788, 51.819686874630669 ], [ 5.88079540243634, 51.81962565031921 ], [ 5.880838621987467, 51.819597666989949 ], [ 5.880850764972988, 51.819590020598326 ], [ 5.880862236375048, 51.819581972548988 ], [ 5.880872978476298, 51.819573550050464 ], [ 5.880882962565845, 51.819564780189211 ], [ 5.88089230329063, 51.819555536643861 ], [ 5.880900570775325, 51.819546297615005 ], [ 5.880908137572296, 51.819536648062936 ], [ 5.880914845920199, 51.819526750445611 ], [ 5.8810265417187, 51.819358851315371 ], [ 5.881035221022992, 51.819344846633022 ], [ 5.881043601076725, 51.819331328589207 ], [ 5.881059831667458, 51.81930362059105 ], [ 5.881075262596653, 51.819275736187095 ], [ 5.881089864859527, 51.819247675499916 ], [ 5.881103638654738, 51.819219456505792 ], [ 5.881116569578973, 51.819191088254321 ], [ 5.881391180814233, 51.818446429064402 ], [ 5.881396287785131, 51.818433365219832 ], [ 5.881400435988935, 51.818420161598404 ], [ 5.881403640520698, 51.818406872067492 ], [ 5.88140587237549, 51.81839349674943 ], [ 5.881407131948422, 51.8183800715967 ], [ 5.881407419635279, 51.81836663256157 ], [ 5.881406735534933, 51.818353188632422 ], [ 5.881405080141594, 51.81833978474944 ], [ 5.881402125155594, 51.818321613442848 ], [ 5.881390787849534, 51.818251937332825 ], [ 5.881387428690912, 51.818231295888154 ], [ 5.881337195092544, 51.81792243757625 ], [ 5.881335144800793, 51.81791005105709 ], [ 5.881334022187639, 51.817897615687222 ], [ 5.881333827548053, 51.817885158431203 ], [ 5.881334561275631, 51.817872715241243 ], [ 5.881336238069553, 51.81786030403255 ], [ 5.88133884372199, 51.817847951830487 ], [ 5.881342364025313, 51.817835685660334 ], [ 5.881346799372839, 51.817823541474255 ], [ 5.881497540707811, 51.817443591173223 ], [ 5.88150620039526, 51.81742255751805 ], [ 5.881515819014861, 51.817401681614179 ], [ 5.881526396861173, 51.817380990425839 ], [ 5.881537934031781, 51.817360492940701 ], [ 5.881550401717629, 51.817340207256933 ], [ 5.881563814617331, 51.817320151289323 ], [ 5.881578143922457, 51.817300343136075 ], [ 5.881736464226357, 51.817081371765383 ], [ 5.881972975627517, 51.816753417239632 ], [ 5.882078277122483, 51.816615682476076 ], [ 5.8822469457731, 51.816396540884647 ], [ 5.882359978616254, 51.816224769681789 ], [ 5.882368437614391, 51.816211925340781 ], [ 5.882350714257172, 51.816190724348516 ], [ 5.882345448321303, 51.816183996204487 ], [ 5.882339387537034, 51.816177523094012 ], [ 5.882332575904273, 51.816171349773583 ], [ 5.882329708897356, 51.81616912373611 ], [ 5.882404628254729, 51.816055462308348 ], [ 5.882416469627888, 51.816054792107749 ], [ 5.882428377188453, 51.816053546361537 ], [ 5.88244008989861, 51.816051726172049 ], [ 5.882451535544277, 51.816049358809721 ], [ 5.882462656215339, 51.816046453507518 ], [ 5.882482970239055, 51.816039464554379 ], [ 5.882570572215616, 51.815923879852932 ], [ 5.882702854567949, 51.815752737097711 ], [ 5.882752819350651, 51.815689732256274 ], [ 5.882766723067286, 51.815672199843085 ], [ 5.882780014459819, 51.815655694705839 ], [ 5.882896273997761, 51.815511288341156 ], [ 5.882979179727799, 51.815417214705811 ], [ 5.883043467049838, 51.8153102492915 ], [ 5.883046579190023, 51.815305759855178 ], [ 5.883072725543193, 51.815267394203438 ], [ 5.883118238783021, 51.815200596888701 ], [ 5.883334328976202, 51.814883494067971 ], [ 5.883478925596195, 51.814672236497231 ], [ 5.883484605965728, 51.814663925051548 ], [ 5.883573110228334, 51.814534619274646 ], [ 5.883574651644835, 51.81453236562259 ], [ 5.883614351390337, 51.814476405891931 ], [ 5.884020379042711, 51.813906360858617 ], [ 5.884191475514855, 51.813714513174823 ], [ 5.884670859011069, 51.813274991809784 ], [ 5.885132732808395, 51.812851506380007 ], [ 5.885655223062252, 51.812372419180228 ], [ 5.88595252452268, 51.812498648488109 ], [ 5.885958209128876, 51.812501266939854 ], [ 5.8860449850814, 51.812430382968962 ], [ 5.886163564758285, 51.812333494680153 ], [ 5.886060929406771, 51.812196550727307 ], [ 5.885975441277563, 51.812028694154748 ], [ 5.885948311930672, 51.811939859128572 ], [ 5.885929899783129, 51.811849872452434 ], [ 5.885925556940022, 51.811719530413107 ], [ 5.885930351191102, 51.811650882676005 ], [ 5.885932902982214, 51.811615466044309 ], [ 5.885953388299369, 51.811537709130931 ], [ 5.885978077439753, 51.811476850731104 ], [ 5.886132839124692, 51.811172056903033 ], [ 5.886152468963636, 51.811129718360505 ], [ 5.88617279307541, 51.811068887473262 ], [ 5.886187127603553, 51.811001457524441 ], [ 5.886191845489476, 51.810936432468203 ], [ 5.886188960807088, 51.810872356585612 ], [ 5.886178840247975, 51.810808293509659 ], [ 5.88616057960537, 51.810746395342029 ], [ 5.886135416257504, 51.810684472604436 ], [ 5.886074835491171, 51.810585326242695 ], [ 5.886028685273213, 51.810528265652465 ], [ 5.885981575291935, 51.810477501090674 ], [ 5.885919266278628, 51.810421300164911 ], [ 5.885852773421273, 51.810372262868853 ], [ 5.885799683575157, 51.810336696282356 ], [ 5.885783119101482, 51.810325809691903 ], [ 5.885710284574317, 51.810284178850111 ], [ 5.885628976203882, 51.810242053652296 ], [ 5.885546965948548, 51.810203320053283 ], [ 5.885284566081446, 51.810093812971274 ], [ 5.885045301497879, 51.809993968637613 ], [ 5.884984172689441, 51.809968305203306 ], [ 5.884762493005255, 51.809886317759364 ], [ 5.884673702265039, 51.809858497416641 ], [ 5.884489835886945, 51.809806217920425 ], [ 5.884382088635169, 51.809779313665224 ], [ 5.884179746637916, 51.809734707303953 ], [ 5.884115716216853, 51.809720668883543 ], [ 5.88402850654185, 51.8097072948975 ], [ 5.883883252004136, 51.809688782549891 ], [ 5.883322512312818, 51.809616533175571 ], [ 5.883034495941431, 51.8095792623159 ], [ 5.882808343928911, 51.809550277428016 ], [ 5.882619611678582, 51.809525960880791 ], [ 5.882448451053893, 51.809503978756361 ], [ 5.882303708437075, 51.80949102618893 ], [ 5.882140005712523, 51.809481317416115 ], [ 5.882009610953906, 51.809476887973744 ], [ 5.88185936786754, 51.809476694797631 ], [ 5.881755654833751, 51.809480242204266 ], [ 5.881715028624204, 51.809481977510529 ], [ 5.881527571476101, 51.809493185451757 ], [ 5.881066618501286, 51.809530919661526 ], [ 5.881058650411932, 51.80953158241023 ], [ 5.88062911935998, 51.809566647820283 ], [ 5.880016203163993, 51.809616792091255 ], [ 5.879856675515064, 51.809629524897666 ], [ 5.879297537803011, 51.809675421628995 ], [ 5.879279225181607, 51.809671597446588 ], [ 5.879264783550677, 51.809661069562928 ], [ 5.879251093621138, 51.809652983400689 ], [ 5.879067186521072, 51.809668055552685 ], [ 5.879076881760681, 51.809635647237727 ], [ 5.879110108282696, 51.80952987481605 ], [ 5.878609222785105, 51.80959861543591 ], [ 5.877144202830401, 51.809799660612981 ], [ 5.877104240496368, 51.809805148748104 ], [ 5.876904327081678, 51.809832580655041 ], [ 5.876736730843345, 51.8098555718352 ], [ 5.87670441771375, 51.809860006810673 ], [ 5.876706343514347, 51.809988171424514 ], [ 5.876721862000596, 51.81033148595656 ], [ 5.876744549656826, 51.810974303846322 ], [ 5.876757727570133, 51.811282312228748 ], [ 5.876776884508204, 51.811780249924603 ], [ 5.876788183462095, 51.812096796218889 ], [ 5.876806586992263, 51.812525328603506 ], [ 5.876821156435351, 51.812961183732511 ], [ 5.876837972223028, 51.813425037667059 ], [ 5.876852600322035, 51.813866366506751 ], [ 5.876860651270331, 51.814065419457698 ], [ 5.876878024928873, 51.81457919319368 ], [ 5.876884846440559, 51.814754503611894 ], [ 5.87689711830337, 51.815161757781802 ], [ 5.876908478520571, 51.815483777689913 ], [ 5.876917820468601, 51.815710824420776 ], [ 5.876917616394821, 51.815781448000152 ], [ 5.876924192223513, 51.815935456648383 ], [ 5.876930702967751, 51.81617286995084 ], [ 5.876933542107147, 51.816252613146567 ], [ 5.87693720049792, 51.816409060864359 ], [ 5.876944995503684, 51.816583153729113 ], [ 5.876960160660789, 51.817075022540777 ], [ 5.876967941279049, 51.817249106462413 ], [ 5.876978713591738, 51.81751694601143 ], [ 5.876982484911169, 51.817593035966794 ], [ 5.876989836821196, 51.817817052831025 ], [ 5.876991432935072, 51.818143976186462 ], [ 5.876991075455987, 51.81829253075 ], [ 5.876982315967544, 51.818480696792975 ], [ 5.876952350635418, 51.818796803900575 ], [ 5.876933163462647, 51.818928997088655 ], [ 5.876901562918064, 51.819094724283225 ], [ 5.876850932505571, 51.819317769714267 ], [ 5.876794327145204, 51.819532912191811 ], [ 5.876760152604501, 51.819642040464551 ], [ 5.876708700533396, 51.819789585794297 ], [ 5.876626619714327, 51.82001092868979 ], [ 5.876564308937312, 51.820153656471483 ], [ 5.876509608579625, 51.820271993621191 ], [ 5.876366246328987, 51.820550821737605 ], [ 5.876349057430437, 51.820582748677708 ], [ 5.876336462673788, 51.820602315240954 ], [ 5.875986573530779, 51.821145996249442 ], [ 5.875797683832609, 51.821410856426645 ], [ 5.875669724111301, 51.821563223138895 ], [ 5.875348590725584, 51.821912253212972 ], [ 5.875157080973114, 51.822097898554802 ], [ 5.875028652571464, 51.822207364370747 ], [ 5.874745459342138, 51.82245500644656 ], [ 5.874342341481832, 51.822776860598168 ], [ 5.874074437600145, 51.822959522568297 ], [ 5.873675861300833, 51.823209843023598 ], [ 5.87331606796675, 51.823434689781166 ], [ 5.872503066770055, 51.823948593760711 ], [ 5.872185627701244, 51.824150153242073 ], [ 5.871896387637041, 51.824331801770995 ], [ 5.871619502105371, 51.824507888610903 ], [ 5.871407836619108, 51.824638601322889 ], [ 5.870961609339709, 51.824918807091464 ], [ 5.870555870066269, 51.825165847551261 ], [ 5.870229536686614, 51.825367446398552 ], [ 5.869947326642158, 51.825544647754178 ], [ 5.869536261830362, 51.82579390873439 ], [ 5.869077702336101, 51.826084063259792 ], [ 5.868903006717379, 51.826187114728647 ], [ 5.868576587076316, 51.826387450877341 ], [ 5.868333181539294, 51.826536040475105 ], [ 5.8674106412012, 51.82711197397316 ], [ 5.867126636721713, 51.827290281375589 ], [ 5.866667835699106, 51.82756062568491 ], [ 5.86598334760991, 51.827984828634975 ], [ 5.865524696261581, 51.828270574075106 ], [ 5.865094839308965, 51.828552622985825 ], [ 5.864466795500935, 51.828942484687005 ], [ 5.863574120319383, 51.829498455452374 ], [ 5.862900224395944, 51.829921499651086 ], [ 5.862265196644793, 51.830326774993793 ], [ 5.861676124095105, 51.830712059368167 ], [ 5.860317715029942, 51.831569168233493 ], [ 5.859414471434563, 51.832142757948525 ], [ 5.858687648808321, 51.832607796943044 ], [ 5.858464157141528, 51.83274550855495 ], [ 5.858192346377183, 51.832918747440161 ], [ 5.858094402577994, 51.832981250995338 ], [ 5.856335927986595, 51.834062176286082 ], [ 5.854916872972555, 51.834915059850637 ], [ 5.854207846091164, 51.835391010634552 ], [ 5.85387615482376, 51.835603577578517 ], [ 5.853241330264927, 51.836044019404689 ], [ 5.852740799669485, 51.836417905521138 ], [ 5.852489099094973, 51.83663895977174 ], [ 5.85248911042583, 51.836640056320654 ], [ 5.852360710497437, 51.836761595239103 ], [ 5.852202389715246, 51.836909660734129 ], [ 5.852063861338375, 51.837081862542391 ], [ 5.851891728391377, 51.837269585542167 ], [ 5.851809382341451, 51.83737884294932 ], [ 5.851720357735728, 51.837529932123807 ], [ 5.851607099535798, 51.837742742114159 ], [ 5.851348093328113, 51.838289502065223 ], [ 5.851284149853567, 51.83846139884934 ], [ 5.851246482288872, 51.838597983835449 ], [ 5.851229788701124, 51.838701480195077 ], [ 5.851194569482899, 51.838975714808846 ], [ 5.85144693151805, 51.839299631829597 ], [ 5.851673037037937, 51.839522612846949 ], [ 5.851814654286079, 51.839667018224041 ], [ 5.852014666619551, 51.839896330911003 ], [ 5.852142100068536, 51.840051209716066 ], [ 5.852365262879905, 51.840381918884752 ], [ 5.852463294717515, 51.840578368715967 ], [ 5.852539492913335, 51.840745728480286 ], [ 5.852990682964415, 51.841630327211334 ], [ 5.853034226509393, 51.841716911055578 ], [ 5.853114748968803, 51.841874060343351 ], [ 5.853309524555948, 51.841835643092281 ], [ 5.85335810139475, 51.841914944139816 ], [ 5.853416271631476, 51.841985973613539 ], [ 5.853489874779216, 51.842021293464569 ], [ 5.853513022422071, 51.842041146890068 ], [ 5.853548772001014, 51.842063008587019 ], [ 5.853596979924244, 51.842087022930023 ], [ 5.853679041964527, 51.842120807966488 ], [ 5.853720060047373, 51.842137147723825 ], [ 5.853746841232002, 51.842149139723986 ], [ 5.854092113639589, 51.842028309659788 ], [ 5.854218301788729, 51.841982128095395 ], [ 5.854349705491629, 51.841930963995431 ], [ 5.854390350270605, 51.841970054821303 ], [ 5.854425154893779, 51.842123151666542 ], [ 5.854614132718639, 51.842097959398316 ], [ 5.854645296032556, 51.842217525715775 ], [ 5.855088246286517, 51.842176813283594 ], [ 5.855077112239364, 51.842131744550514 ], [ 5.85571779347551, 51.842077468536836 ], [ 5.855772792131215, 51.842070651388653 ], [ 5.855783972604132, 51.842120115234316 ], [ 5.856137101745227, 51.842086803553443 ], [ 5.856191433427249, 51.842080042805343 ], [ 5.856177696700565, 51.842024827604206 ], [ 5.856448847308547, 51.842000831967908 ], [ 5.85687560684261, 51.841959431482401 ], [ 5.856886765314059, 51.842005281949781 ], [ 5.857283413724253, 51.841972189001417 ], [ 5.857304598541406, 51.841969281750387 ], [ 5.857231150832671, 51.84166836332718 ], [ 5.8572186599097, 51.841613053366821 ], [ 5.857150291334858, 51.841577580054455 ], [ 5.857267938328178, 51.841490675674436 ], [ 5.857343033284804, 51.841529681403053 ], [ 5.857366952164049, 51.841542654803014 ], [ 5.857378271078492, 51.841546860996054 ], [ 5.857389055491657, 51.841545739166115 ], [ 5.857394540915783, 51.841544377903226 ], [ 5.857601182865268, 51.841396381436809 ], [ 5.858283212334939, 51.841755925641834 ], [ 5.858339870326105, 51.841789881323123 ], [ 5.858344737465668, 51.841793223469175 ], [ 5.858348695059582, 51.841797009702169 ], [ 5.858351625896185, 51.84180113263109 ], [ 5.858353456388561, 51.841805493678457 ], [ 5.858354156292608, 51.841809976115599 ], [ 5.858353695458682, 51.841814472201847 ], [ 5.858351660703337, 51.841819711662374 ], [ 5.858369544971326, 51.841798166392238 ], [ 5.858413900263136, 51.841751949326955 ], [ 5.858443768772697, 51.841727461630406 ], [ 5.858474960327584, 51.841703220289595 ], [ 5.858513874243483, 51.841675064902653 ], [ 5.858589033142522, 51.841627187009898 ], [ 5.858631265226085, 51.841594425144109 ], [ 5.858667200615757, 51.841561769459105 ], [ 5.858638338629185, 51.841563179761721 ], [ 5.858578024506507, 51.841555611088445 ], [ 5.858560429266703, 51.841546531505898 ], [ 5.858554613394094, 51.84141375917995 ], [ 5.858508313161317, 51.841268592572753 ], [ 5.858507809660126, 51.841260693727925 ], [ 5.85849580123512, 51.841234980998465 ], [ 5.858584589815979, 51.841169538814711 ], [ 5.858553922910179, 51.841078913489866 ], [ 5.858605483647463, 51.841041871596943 ], [ 5.85835146849294, 51.840909736583932 ], [ 5.85863967760675, 51.840856805378699 ], [ 5.858612664378098, 51.840800529217447 ], [ 5.858605161710067, 51.840801853699531 ], [ 5.858538318233903, 51.840687501214404 ], [ 5.859073788137124, 51.840602843860914 ], [ 5.859578798558553, 51.840668962493986 ], [ 5.859464897019992, 51.840823186797508 ], [ 5.859379446016836, 51.840947949137067 ], [ 5.859408110331525, 51.840955402081129 ], [ 5.859448005285113, 51.840990458363216 ], [ 5.859491006311097, 51.841024198801165 ], [ 5.85954629985986, 51.841069179263187 ], [ 5.859615535683428, 51.841129114317944 ], [ 5.859674743969737, 51.841277474263691 ], [ 5.859796120843813, 51.841314197748979 ], [ 5.85974091806709, 51.841382993130622 ], [ 5.859734808389756, 51.841389848974245 ], [ 5.859727751770015, 51.841396349091966 ], [ 5.859719820287291, 51.841402448251095 ], [ 5.859711071416385, 51.841408092288937 ], [ 5.859701548405121, 51.841413254065984 ], [ 5.859691352259643, 51.841417879244254 ], [ 5.8596805406437, 51.841421931637669 ], [ 5.859669200525108, 51.841425401907458 ], [ 5.859657418493932, 51.841428244762255 ], [ 5.859645281423949, 51.841430441875318 ], [ 5.859632890698662, 51.841431974861408 ], [ 5.85970719409475, 51.841442380949587 ], [ 5.859774080409076, 51.841459504286419 ], [ 5.859846995716571, 51.841477286424372 ], [ 5.859906921133961, 51.841493431015081 ], [ 5.859966186153319, 51.841513011832767 ], [ 5.860045826961013, 51.841545256168686 ], [ 5.860108335069046, 51.841573794342104 ], [ 5.86016756341597, 51.841605060221113 ], [ 5.860145798640372, 51.841577589288903 ], [ 5.860137366812468, 51.841559538465788 ], [ 5.860133411773833, 51.841549100812358 ], [ 5.860132692695993, 51.841537283868625 ], [ 5.860134751005662, 51.841524637779443 ], [ 5.860368373692295, 51.841238527635333 ], [ 5.860464178399729, 51.841125731415985 ], [ 5.861123895444988, 51.841612194508485 ], [ 5.861384482072799, 51.841488098524323 ], [ 5.861662891467479, 51.841341054224287 ], [ 5.861932022837804, 51.841196401773587 ], [ 5.862136874626573, 51.841075594648352 ], [ 5.862173176235911, 51.841055924743294 ], [ 5.862099863638612, 51.841030766118955 ], [ 5.86197180787108, 51.840919467695443 ], [ 5.861988137633072, 51.840902071842379 ], [ 5.861811952437155, 51.840799210411994 ], [ 5.861805292652169, 51.840803399013069 ], [ 5.861764049207838, 51.840780986776046 ], [ 5.861772842555887, 51.840775468242484 ], [ 5.861497217986617, 51.840616236372519 ], [ 5.861509934317684, 51.840612580592413 ], [ 5.861772073817019, 51.840529078378175 ], [ 5.861952595271245, 51.84044466542138 ], [ 5.862063633038183, 51.840552248592523 ], [ 5.862196356216933, 51.840679654247822 ], [ 5.862379929330985, 51.840599803415358 ], [ 5.86242892755375, 51.840580162907486 ], [ 5.862505177367404, 51.840625191936006 ], [ 5.862619486963621, 51.840696160259107 ], [ 5.862668623615987, 51.840725353477318 ], [ 5.862650824441934, 51.840736858940623 ], [ 5.862728199279425, 51.840768831999881 ], [ 5.862794615294177, 51.840797739414491 ], [ 5.862832818933867, 51.840816685072724 ], [ 5.862900075297782, 51.84078228318932 ], [ 5.862975890736404, 51.84074493429663 ], [ 5.863216489186089, 51.840927188566006 ], [ 5.863221370182384, 51.84093181580662 ], [ 5.863224459433225, 51.840937160405538 ], [ 5.863225304083578, 51.840942936568645 ], [ 5.863224246483435, 51.840948585621767 ], [ 5.863220921598524, 51.840953893322215 ], [ 5.863737328874201, 51.840968884323601 ], [ 5.863746640943171, 51.840971264405134 ], [ 5.863756323521619, 51.840973004799444 ], [ 5.863766246018018, 51.840974106036668 ], [ 5.863878524592923, 51.840976319548382 ], [ 5.863896187410541, 51.840976625309857 ], [ 5.863975339340807, 51.840980339550889 ], [ 5.864209275997037, 51.840996242175564 ], [ 5.86443054113292, 51.841018631620074 ], [ 5.864433736969326, 51.84099705526824 ], [ 5.864453092116213, 51.840883227381767 ], [ 5.864468968797233, 51.840795803805129 ], [ 5.864397031617925, 51.840700611798916 ], [ 5.864427728585968, 51.840662933101441 ], [ 5.864467650134609, 51.840607069141562 ], [ 5.865228187050528, 51.840794852539318 ], [ 5.865146968236814, 51.84091627614518 ], [ 5.865427320647341, 51.840980965482082 ], [ 5.865301084777068, 51.841182561105377 ], [ 5.865606836371165, 51.841257123734032 ], [ 5.86597959397487, 51.840648827247868 ], [ 5.866288443959196, 51.840725703472039 ], [ 5.866493402501042, 51.840781152306214 ], [ 5.867093844581877, 51.840925866502339 ], [ 5.867357802569186, 51.840978295081975 ], [ 5.867691145635831, 51.841046474411549 ], [ 5.867960966914683, 51.841100216911641 ], [ 5.867954157428212, 51.841099849317949 ], [ 5.867947325351813, 51.841100084044541 ], [ 5.867940615786753, 51.841100920496686 ], [ 5.867934173738345, 51.841102349092139 ], [ 5.867928129317767, 51.841104324355236 ], [ 5.86792259841432, 51.841106827834508 ], [ 5.867917696341401, 51.841109787149612 ], [ 5.867913538604443, 51.841113147896749 ], [ 5.86791019708297, 51.841116846861986 ], [ 5.867695235608504, 51.841458264764832 ], [ 5.867789139149136, 51.841476261640317 ], [ 5.868367632420786, 51.841582282947037 ], [ 5.868666583975664, 51.841634924633837 ], [ 5.868662629696173, 51.841645097838601 ], [ 5.868606287938543, 51.841751357083339 ], [ 5.868553865462214, 51.841842833051828 ], [ 5.868497015548743, 51.841932825180734 ], [ 5.868494123549254, 51.841936495352911 ], [ 5.868490342762206, 51.841939827608506 ], [ 5.868485774183926, 51.841942767602106 ], [ 5.86848051833041, 51.841945216048217 ], [ 5.868474690900845, 51.841947136518115 ], [ 5.868855555083588, 51.842050855827644 ], [ 5.868953901592216, 51.841919759638337 ], [ 5.86896320385347, 51.8419225348403 ], [ 5.86897775283505, 51.84191523039344 ], [ 5.868982357727265, 51.841904838783606 ], [ 5.868991937217324, 51.841887415735876 ], [ 5.868999225784198, 51.841889147551129 ], [ 5.869012277152652, 51.841868006993515 ], [ 5.869084595169436, 51.841883808391913 ], [ 5.869148543167658, 51.841800914683937 ], [ 5.869362437274353, 51.841840367276106 ], [ 5.869462186598849, 51.84222379232353 ], [ 5.869460593521591, 51.84225253503341 ], [ 5.869448162306635, 51.842251633344745 ], [ 5.869436751492961, 51.842248453376548 ], [ 5.869624864986059, 51.842365411221557 ], [ 5.869668876255946, 51.842391027202105 ], [ 5.869664413449343, 51.842387584987513 ], [ 5.869660774085728, 51.842383797825228 ], [ 5.869658016881522, 51.842379728392736 ], [ 5.869656215352258, 51.842375466273069 ], [ 5.869655370268485, 51.842371083370551 ], [ 5.869655526220988, 51.842366678375356 ], [ 5.869656669469254, 51.842362323251827 ], [ 5.869658771955597, 51.842358107999935 ], [ 5.869661805621234, 51.84235412261981 ], [ 5.869665713098398, 51.842350430266521 ], [ 5.869715284562876, 51.842307216572536 ], [ 5.870359201470606, 51.842409768145089 ], [ 5.870412201997094, 51.842426511160618 ], [ 5.870422115142717, 51.842491591860053 ], [ 5.870445959357588, 51.842604011430545 ], [ 5.870489499972916, 51.842823636342509 ], [ 5.870492596877216, 51.842836360260144 ] ] ] ] } },
{ "type": "Feature", "properties": { "fid": 727, "wijkcode": "WK026803", "wijknaam": "Nijmegen-Oud-West", "gemeentecode": "GM0268", "gemeentenaam": "Nijmegen", "indelingswijziging_wijken_en_buurten": 1, "water": "NEE", "omgevingsadressendichtheid": 3381, "stedelijkheid_adressen_per_km2": 1, "bevolkingsdichtheid_inwoners_per_km2": 8872, "aantal_inwoners": 16055, "mannen": 7475, "vrouwen": 8585, "percentage_personen_0_tot_15_jaar": 12, "percentage_personen_15_tot_25_jaar": 16, "percentage_personen_25_tot_45_jaar": 35, "percentage_personen_45_tot_65_jaar": 23, "percentage_personen_65_jaar_en_ouder": 14, "percentage_ongehuwd": 66, "percentage_gehuwd": 22, "percentage_gescheid": 8, "percentage_verweduwd": 3, "aantal_huishoudens": 9325, "percentage_eenpersoonshuishoudens": 57, "percentage_huishoudens_zonder_kinderen": 23, "percentage_huishoudens_met_kinderen": 21, "gemiddelde_huishoudsgrootte": 1.7, "percentage_met_herkomstland_nederland": 70, "percentage_met_herkomstland_uit_europa_excl_nl": 10, "percentage_met_herkomstland_buiten_europa": 20, "percentage_geb_in_nl_met_herkomstland_nederland": 70, "perc_geb_in_nl_met_herkomstland_in_europa_ex_nl": 5, "perc_geb_in_nl_met_herkomstland_buiten_europa": 10, "perc_geb_buiten_nl_met_herkomstlnd_in_europa_ex_nl": 5, "perc_geb_buiten_nl_met_herkomstlnd_buiten_europa": 10, "oppervlakte_totaal_in_ha": 200, "oppervlakte_land_in_ha": 181, "oppervlakte_water_in_ha": 19, "jrstatcode": "2025WK026803", "jaar": 2025 }, "geometry": { "type": "MultiPolygon", "coordinates": [ [ [ [ 5.840945445078475, 51.844514840200418 ], [ 5.841088799276751, 51.844675197188764 ], [ 5.840784625788292, 51.844761251357419 ], [ 5.840278731293473, 51.8448858982159 ], [ 5.840338152005027, 51.845003534427534 ], [ 5.840064661448896, 51.845067311679188 ], [ 5.840171557985687, 51.845220269150232 ], [ 5.840036651061522, 51.845247431624394 ], [ 5.839982338833977, 51.845255299369335 ], [ 5.839898493125424, 51.845271694224515 ], [ 5.839854245443237, 51.845278884901823 ], [ 5.839844763887982, 51.845278373180136 ], [ 5.839836986239522, 51.845278457111853 ], [ 5.839826886614239, 51.845277093869335 ], [ 5.838866760782505, 51.845441533939024 ], [ 5.838837658659652, 51.845451137761124 ], [ 5.838449365010358, 51.845553463186242 ], [ 5.83841611155065, 51.845551415850068 ], [ 5.838408403451816, 51.845548308517458 ], [ 5.838395861124563, 51.845537795306967 ], [ 5.838389941046794, 51.845530645281102 ], [ 5.83833605089746, 51.845448770785907 ], [ 5.838272633754181, 51.845356181794394 ], [ 5.837684168772286, 51.845546515927893 ], [ 5.837629431198898, 51.845564163655162 ], [ 5.83748494060138, 51.845608429053378 ], [ 5.837287361180843, 51.845669832161512 ], [ 5.836723084654547, 51.845854676494575 ], [ 5.836728076538342, 51.84586045492572 ], [ 5.8366564382918, 51.845883155530984 ], [ 5.836932434695909, 51.846191247027775 ], [ 5.837163134630871, 51.846479790899608 ], [ 5.837718602623186, 51.847118033155375 ], [ 5.838256439481336, 51.847741869133337 ], [ 5.839154853247952, 51.848787607753074 ], [ 5.839899537948482, 51.849645796185477 ], [ 5.840230483279806, 51.850024398059098 ], [ 5.840283756121793, 51.850092936080593 ], [ 5.840360890659416, 51.850212031869255 ], [ 5.840432264165906, 51.850338385560498 ], [ 5.840492100575646, 51.850479246190893 ], [ 5.840599570106696, 51.850507558126516 ], [ 5.840575075537243, 51.850608889697128 ], [ 5.840595589029189, 51.85101127737564 ], [ 5.840578741738544, 51.852700317326665 ], [ 5.840640112685522, 51.852993131551827 ], [ 5.840895588490903, 51.853415437250675 ], [ 5.841047518189016, 51.853565523193005 ], [ 5.841057627505983, 51.853567659303266 ], [ 5.841065670535578, 51.853570720225463 ], [ 5.841074446608279, 51.853575944528572 ], [ 5.841081240307457, 51.853581778723658 ], [ 5.841362843318281, 51.853797688454506 ], [ 5.841875024472755, 51.854188015156112 ], [ 5.842349279633145, 51.854550388825963 ], [ 5.842511901184101, 51.854503916953199 ], [ 5.842579070802405, 51.854530558774712 ], [ 5.843068265968499, 51.854984104335358 ], [ 5.842880513787464, 51.855033092441559 ], [ 5.843330640541733, 51.855671240530185 ], [ 5.843247999863078, 51.855710940069962 ], [ 5.844159292958434, 51.856819949614724 ], [ 5.844326005592676, 51.856734036000596 ], [ 5.845753614910399, 51.856117881679516 ], [ 5.847837015916729, 51.855182312886015 ], [ 5.849090383749322, 51.854615141254321 ], [ 5.850452752349491, 51.854003860009428 ], [ 5.851457186343738, 51.85361976925882 ], [ 5.852878078735773, 51.853086248797737 ], [ 5.85484197889601, 51.852559275446779 ], [ 5.856732338453891, 51.852126052293777 ], [ 5.856106407491282, 51.850854054184133 ], [ 5.856043766454672, 51.850737112905463 ], [ 5.855910915437678, 51.850598610066697 ], [ 5.855765744877891, 51.850316682454796 ], [ 5.855410868327521, 51.849634319633026 ], [ 5.855140540262306, 51.84909831929609 ], [ 5.854966496201804, 51.848771527534112 ], [ 5.854867770765489, 51.848566975083216 ], [ 5.854569602821698, 51.84797903215194 ], [ 5.854495119982198, 51.847834830238298 ], [ 5.854442403627306, 51.847721065534934 ], [ 5.854356723940564, 51.847550895499587 ], [ 5.854117628688228, 51.847068582331175 ], [ 5.853910087416153, 51.846646320937772 ], [ 5.853750827325365, 51.846336942100962 ], [ 5.853459246225407, 51.845759998926482 ], [ 5.853074560556164, 51.84500472410199 ], [ 5.852749815656889, 51.844351320061286 ], [ 5.852388385122052, 51.84362113723968 ], [ 5.852304924821754, 51.843452179296655 ], [ 5.851975027066634, 51.842768358523706 ], [ 5.851354232064398, 51.841487414510269 ], [ 5.851143862329788, 51.841051784425552 ], [ 5.851139376772862, 51.841040350851863 ], [ 5.851113443980553, 51.840941571239846 ], [ 5.849939011637742, 51.839292006769504 ], [ 5.849039309316503, 51.838051601180759 ], [ 5.848638899096026, 51.837542091220783 ], [ 5.848477328441414, 51.8373743814536 ], [ 5.84841623211285, 51.837305311530258 ], [ 5.848170469226253, 51.83706861316989 ], [ 5.848034130480617, 51.83693601150074 ], [ 5.847792278470065, 51.836732311643978 ], [ 5.847674049374071, 51.836633749713855 ], [ 5.847521870998311, 51.836515510271894 ], [ 5.847258650852702, 51.836307488798532 ], [ 5.847005596309632, 51.836117179129978 ], [ 5.846993767543653, 51.836108281956264 ], [ 5.846879286362442, 51.836028310676397 ], [ 5.846673604098571, 51.835884626647456 ], [ 5.846653890790879, 51.835870852610377 ], [ 5.846399950254211, 51.835701299490829 ], [ 5.846121080237757, 51.835524140215632 ], [ 5.845870859915573, 51.835368881050783 ], [ 5.84569035845518, 51.835259558663388 ], [ 5.845349172697364, 51.835066138225336 ], [ 5.845031273806399, 51.834892436523674 ], [ 5.844643780140143, 51.834685990669726 ], [ 5.84428858639114, 51.834512432366346 ], [ 5.843829964448404, 51.834297461206425 ], [ 5.843535619434589, 51.834167671353235 ], [ 5.843278725301208, 51.834055343604049 ], [ 5.842870413566958, 51.833896288156325 ], [ 5.842568433318516, 51.833782803662217 ], [ 5.842491336545587, 51.833856080272838 ], [ 5.842155804786024, 51.834140896226756 ], [ 5.84194654405107, 51.834022664183749 ], [ 5.84193923420886, 51.83402003192861 ], [ 5.84184881346209, 51.834117367959266 ], [ 5.841816341407969, 51.834105673948272 ], [ 5.84174176302707, 51.834154087178085 ], [ 5.841675613721188, 51.83411622332958 ], [ 5.841578108170671, 51.834180104538035 ], [ 5.841683223582712, 51.834240585301657 ], [ 5.841658536589973, 51.834261363400678 ], [ 5.841629853097378, 51.834290111770414 ], [ 5.841224275267899, 51.83466661803714 ], [ 5.840941790547127, 51.834564343439354 ], [ 5.840756239487547, 51.834761710631888 ], [ 5.840621240955469, 51.834899108844311 ], [ 5.840278802478242, 51.834783500735732 ], [ 5.840287963942722, 51.834789910089313 ], [ 5.840295262408972, 51.834798618696517 ], [ 5.840299294239676, 51.834808553361881 ], [ 5.840299054517435, 51.83481789330758 ], [ 5.840294561908005, 51.834827051930901 ], [ 5.840287447242388, 51.834835169028906 ], [ 5.840049833349972, 51.835032412545161 ], [ 5.8400275236229, 51.835050205936874 ], [ 5.840002519229786, 51.835038096098636 ], [ 5.839870562105505, 51.834971758045533 ], [ 5.839709314667295, 51.83488689971977 ], [ 5.839676965223497, 51.834865748775407 ], [ 5.839616714445609, 51.834910923466765 ], [ 5.83964820067983, 51.834927026236734 ], [ 5.839485265404566, 51.835056863694852 ], [ 5.839369170757418, 51.835148382338652 ], [ 5.839260074947004, 51.835095977504807 ], [ 5.839223781246035, 51.83507792467806 ], [ 5.839036469809203, 51.834990918727904 ], [ 5.838937021200119, 51.835072827082769 ], [ 5.83891689572871, 51.83509145676814 ], [ 5.838773145194197, 51.835211835402752 ], [ 5.839017196680095, 51.835340311800437 ], [ 5.83923316322147, 51.835441624887288 ], [ 5.839132961600689, 51.835522295894457 ], [ 5.839163206379168, 51.835536111516653 ], [ 5.839105655853424, 51.835584475430871 ], [ 5.839154703417926, 51.835606874526661 ], [ 5.839059474419543, 51.835684308441706 ], [ 5.839149231122753, 51.835723727713663 ], [ 5.83883679521831, 51.835985722206978 ], [ 5.838406242311407, 51.835858816713724 ], [ 5.838122114540546, 51.836203996542338 ], [ 5.838054692590226, 51.836176688013744 ], [ 5.837844581757437, 51.836428606003587 ], [ 5.837782987758295, 51.836500885119811 ], [ 5.837728229280591, 51.836563196711474 ], [ 5.837697595329189, 51.836598971583236 ], [ 5.837658614624475, 51.83665176669345 ], [ 5.837645929231956, 51.836661495973303 ], [ 5.837624529075232, 51.836692067006886 ], [ 5.837574868865929, 51.836750619750312 ], [ 5.83750078206966, 51.83680555398518 ], [ 5.83773073287807, 51.836926527862587 ], [ 5.837692699612805, 51.836953675250349 ], [ 5.837726203114872, 51.836971199954597 ], [ 5.838009152384218, 51.837123447379341 ], [ 5.837955806532635, 51.837196468793671 ], [ 5.837863175141499, 51.837326671998774 ], [ 5.837861422894501, 51.837321213742037 ], [ 5.837858613200989, 51.837315930327712 ], [ 5.837854775888893, 51.837310902537389 ], [ 5.837849984223217, 51.837306201997137 ], [ 5.837844296869622, 51.837301891400813 ], [ 5.837837801691823, 51.837298051307272 ], [ 5.837830600702169, 51.837294726266556 ], [ 5.837695928307125, 51.837250283119893 ], [ 5.837605280149442, 51.837216205309673 ], [ 5.83746374435052, 51.83716006728519 ], [ 5.837448111915218, 51.837176908739771 ], [ 5.837284935333381, 51.837085186413688 ], [ 5.837182427771577, 51.83704181475504 ], [ 5.837084062241068, 51.837108023484049 ], [ 5.837095876832652, 51.837115672308627 ], [ 5.836918033795407, 51.837247838269761 ], [ 5.837203867066767, 51.83741291210206 ], [ 5.837380455868796, 51.83751812779807 ], [ 5.837215153207287, 51.837676904972753 ], [ 5.837207813210329, 51.837682901465108 ], [ 5.836362547425035, 51.837180548174572 ], [ 5.835957162862898, 51.837458251958232 ], [ 5.835954012618529, 51.837462452631399 ], [ 5.835951924041418, 51.837466900920866 ], [ 5.835950954183093, 51.837471497735457 ], [ 5.835951087459609, 51.837476135273455 ], [ 5.835952366234169, 51.83748069652242 ], [ 5.835954731574864, 51.837485091823268 ], [ 5.835958138879858, 51.83748921348495 ], [ 5.835962500289331, 51.837492980947104 ], [ 5.836306075531359, 51.837705609780443 ], [ 5.836459713656827, 51.837802564417508 ], [ 5.836367251247362, 51.837867356717268 ], [ 5.836529591741069, 51.837965347575562 ], [ 5.836693811487304, 51.838061110860004 ], [ 5.836613410138229, 51.838111727279802 ], [ 5.836406639446428, 51.838243472014533 ], [ 5.836567744436046, 51.838342555153581 ], [ 5.836260541090524, 51.838538933760212 ], [ 5.836527019633767, 51.838715220009526 ], [ 5.836387451748252, 51.838804317728986 ], [ 5.836520520127601, 51.838888344723173 ], [ 5.836438291044987, 51.838937727604822 ], [ 5.836433469260148, 51.838940190927964 ], [ 5.836428032605053, 51.838942108308736 ], [ 5.836422169344589, 51.838943443072488 ], [ 5.836416024035909, 51.838944140734903 ], [ 5.836409770704223, 51.838944191641261 ], [ 5.836403597972952, 51.838943595069416 ], [ 5.836397665537069, 51.838942359396327 ], [ 5.83639216246883, 51.838940528840716 ], [ 5.836688762477871, 51.839132357305481 ], [ 5.836687709470247, 51.839132981543301 ], [ 5.8367299469595, 51.839157538003612 ], [ 5.83680341054615, 51.839202459506936 ], [ 5.836900928707252, 51.839200548766691 ], [ 5.8371897684398, 51.839207872566554 ], [ 5.837342365681728, 51.839195656167995 ], [ 5.837345211826282, 51.83920457978131 ], [ 5.837353881347409, 51.839211081133698 ], [ 5.837399653332148, 51.839250958111862 ], [ 5.83748139709904, 51.839318498349016 ], [ 5.837504574156069, 51.839327631565794 ], [ 5.837463943392248, 51.839354977592066 ], [ 5.837488164021059, 51.839369796504535 ], [ 5.837530048312336, 51.839341564789493 ], [ 5.837561189007979, 51.839347548433651 ], [ 5.837607384082937, 51.839371666931235 ], [ 5.837402354885685, 51.839531297907413 ], [ 5.837393110736115, 51.83953553997658 ], [ 5.837367835558513, 51.839538612131548 ], [ 5.837344012145286, 51.839535953060761 ], [ 5.83756317248147, 51.839669148025301 ], [ 5.83755224724909, 51.839659095915124 ], [ 5.837549564041825, 51.839654863659241 ], [ 5.837548029117728, 51.83964937759972 ], [ 5.837548681459396, 51.839640611344791 ], [ 5.837551686195039, 51.839634919103588 ], [ 5.837555548622699, 51.839629385362706 ], [ 5.837716870031182, 51.839505722997131 ], [ 5.837972711592264, 51.839631495698825 ], [ 5.837992368782248, 51.83961802736895 ], [ 5.838017366232048, 51.839632142087943 ], [ 5.838053559504513, 51.839607967872325 ], [ 5.838100804946712, 51.839573189729926 ], [ 5.838198645550452, 51.839503440742241 ], [ 5.838247884630069, 51.83946925710358 ], [ 5.83834059546587, 51.839401684946154 ], [ 5.838532160185268, 51.83926425168535 ], [ 5.838586701790502, 51.83922640717779 ], [ 5.838739009336092, 51.839311211555973 ], [ 5.83901463786783, 51.839144223482364 ], [ 5.839305790948823, 51.839279331151296 ], [ 5.83930515694364, 51.839304339501531 ], [ 5.839530339963597, 51.839411162414713 ], [ 5.838563842092273, 51.839949501047165 ], [ 5.838569108706629, 51.839952330130487 ], [ 5.838820960754379, 51.840108074883425 ], [ 5.838655998776464, 51.840214440987644 ], [ 5.83855274568227, 51.840279923671602 ], [ 5.838545566137856, 51.840283133204501 ], [ 5.838534495408418, 51.840284658884983 ], [ 5.838529443154982, 51.840284399676108 ], [ 5.838520694654502, 51.840283085057202 ], [ 5.838505902459816, 51.840278144367666 ], [ 5.838644719324948, 51.840374595870983 ], [ 5.838635716926595, 51.840365327448026 ], [ 5.838632988965796, 51.840355198957639 ], [ 5.838634507106871, 51.840348865239122 ], [ 5.838641223689432, 51.840340003739122 ], [ 5.838752273938257, 51.840270679863494 ], [ 5.838803895406105, 51.840236720527678 ], [ 5.838954424571146, 51.840333351299215 ], [ 5.839117810593753, 51.840455989914894 ], [ 5.839221462508865, 51.840538671018365 ], [ 5.839174427016811, 51.840566914186354 ], [ 5.839066405322415, 51.840635831303302 ], [ 5.839056215797968, 51.840641308562702 ], [ 5.83904599236694, 51.840644853432366 ], [ 5.839027258733327, 51.840647703006141 ], [ 5.839015164638201, 51.840647030499113 ], [ 5.839003163714066, 51.840644074562519 ], [ 5.838993203647884, 51.840639160270236 ], [ 5.839137273022919, 51.840739698695629 ], [ 5.839186671046735, 51.840709720658303 ], [ 5.839149916939064, 51.840686725928364 ], [ 5.839212868448697, 51.84064813865804 ], [ 5.83929083607012, 51.840599210697114 ], [ 5.839295393077545, 51.84060216832048 ], [ 5.839724754512649, 51.840338679288678 ], [ 5.839730361749922, 51.840342181141075 ], [ 5.839743889248111, 51.840333886548045 ], [ 5.840148631371573, 51.840593529580381 ], [ 5.840427616330949, 51.840769794678401 ], [ 5.840556466219625, 51.840847137001852 ], [ 5.840039310595325, 51.841163604350967 ], [ 5.839964506147619, 51.841206758995263 ], [ 5.83993404292633, 51.841187497412953 ], [ 5.839853851486757, 51.841236092814015 ], [ 5.83984099206175, 51.841245912879387 ], [ 5.839830608904813, 51.841248011290766 ], [ 5.839809864847494, 51.84124864859357 ], [ 5.839798468426728, 51.841248108302594 ], [ 5.839791610298416, 51.841244323647771 ], [ 5.839930759724917, 51.841354515710051 ], [ 5.840058057701132, 51.841450605508605 ], [ 5.840114899776409, 51.841492730762567 ], [ 5.840212621445517, 51.841562481507729 ], [ 5.840185631961957, 51.841576985220016 ], [ 5.840355838085856, 51.841697393612343 ], [ 5.840451968679461, 51.841767572761071 ], [ 5.840510664724012, 51.841816485939752 ], [ 5.840604286374345, 51.841883879244847 ], [ 5.840632694431839, 51.841881989755969 ], [ 5.840638117138515, 51.841913248648652 ], [ 5.840653256467395, 51.841912237367275 ], [ 5.84065633744483, 51.841929986661661 ], [ 5.840753224425911, 51.842065068324452 ], [ 5.841058673809573, 51.842103058989537 ], [ 5.841004104453336, 51.84223474427754 ], [ 5.840927887398673, 51.842427230304182 ], [ 5.840907515814109, 51.84242168229769 ], [ 5.84082742751965, 51.842567038741393 ], [ 5.840819461455437, 51.842584381313678 ], [ 5.84081003452184, 51.842607958536462 ], [ 5.840794580889282, 51.842609483394504 ], [ 5.840780808751014, 51.842648276899631 ], [ 5.840482049381136, 51.842561659052237 ], [ 5.840471939156648, 51.842557743184386 ], [ 5.84046574072526, 51.842550324682136 ], [ 5.840464234367533, 51.842544838551177 ], [ 5.84046957934393, 51.8425337890625 ], [ 5.840384352094039, 51.842641629235331 ], [ 5.840394485834121, 51.842633464528461 ], [ 5.840406934993755, 51.842630432277318 ], [ 5.840421177767977, 51.842631150273995 ], [ 5.840705047470413, 51.842713304627829 ], [ 5.840675194552027, 51.842786460235686 ], [ 5.840683129188825, 51.842787598071254 ], [ 5.84061347546239, 51.842959115395551 ], [ 5.84070249365437, 51.842982707661228 ], [ 5.840802713906204, 51.843007658756683 ], [ 5.840855929413624, 51.843156212057004 ], [ 5.840197110654823, 51.842990376446942 ], [ 5.840189823504873, 51.842987249629246 ], [ 5.840181348540852, 51.842981448835232 ], [ 5.840176856775385, 51.842976351740909 ], [ 5.840173876346132, 51.842970026381785 ], [ 5.84017651939273, 51.842954358280402 ], [ 5.840128926731714, 51.843109152502649 ], [ 5.840203267221216, 51.843447910249829 ], [ 5.840721890660983, 51.843437439810117 ], [ 5.840722444274014, 51.843469346704431 ], [ 5.840705240630866, 51.843468604233088 ], [ 5.840697982985545, 51.843478501611685 ], [ 5.840657721837434, 51.843479331338429 ], [ 5.84065315048092, 51.843466342702058 ], [ 5.840601525057153, 51.843468438755373 ], [ 5.840601631664417, 51.843480464903315 ], [ 5.840595379156416, 51.843480659843173 ], [ 5.84070978929377, 51.843603224798613 ], [ 5.840732861414609, 51.843598776223054 ], [ 5.840889670567617, 51.843559609550439 ], [ 5.841033546937042, 51.84352593070556 ], [ 5.841168765793926, 51.843681375418946 ], [ 5.841273685704663, 51.843796579039619 ], [ 5.841214185370659, 51.843789124135597 ], [ 5.840925466225259, 51.843877383991313 ], [ 5.840491026764136, 51.844012478724544 ], [ 5.840945445078475, 51.844514840200418 ] ] ] ] } },
{ "type": "Feature", "properties": { "fid": 728, "wijkcode": "WK026804", "wijknaam": "Nijmegen-Nieuw-West", "gemeentecode": "GM0268", "gemeentenaam": "Nijmegen", "indelingswijziging_wijken_en_buurten": 1, "water": "NEE", "omgevingsadressendichtheid": 2294, "stedelijkheid_adressen_per_km2": 2, "bevolkingsdichtheid_inwoners_per_km2": 3093, "aantal_inwoners": 17470, "mannen": 8420, "vrouwen": 9045, "percentage_personen_0_tot_15_jaar": 13, "percentage_personen_15_tot_25_jaar": 17, "percentage_personen_25_tot_45_jaar": 30, "percentage_personen_45_tot_65_jaar": 22, "percentage_personen_65_jaar_en_ouder": 18, "percentage_ongehuwd": 62, "percentage_gehuwd": 26, "percentage_gescheid": 8, "percentage_verweduwd": 5, "aantal_huishoudens": 9510, "percentage_eenpersoonshuishoudens": 55, "percentage_huishoudens_zonder_kinderen": 22, "percentage_huishoudens_met_kinderen": 22, "gemiddelde_huishoudsgrootte": 1.8, "percentage_met_herkomstland_nederland": 65, "percentage_met_herkomstland_uit_europa_excl_nl": 10, "percentage_met_herkomstland_buiten_europa": 25, "percentage_geb_in_nl_met_herkomstland_nederland": 65, "perc_geb_in_nl_met_herkomstland_in_europa_ex_nl": 5, "perc_geb_in_nl_met_herkomstland_buiten_europa": 10, "perc_geb_buiten_nl_met_herkomstlnd_in_europa_ex_nl": 5, "perc_geb_buiten_nl_met_herkomstlnd_buiten_europa": 15, "oppervlakte_totaal_in_ha": 653, "oppervlakte_land_in_ha": 565, "oppervlakte_water_in_ha": 88, "jrstatcode": "2025WK026804", "jaar": 2025 }, "geometry": { "type": "MultiPolygon", "coordinates": [ [ [ [ 5.836723084654547, 51.845854676494575 ], [ 5.837287361180843, 51.845669832161512 ], [ 5.83748494060138, 51.845608429053378 ], [ 5.837629431198898, 51.845564163655162 ], [ 5.837684168772286, 51.845546515927893 ], [ 5.838272633754181, 51.845356181794394 ], [ 5.83833605089746, 51.845448770785907 ], [ 5.838389941046794, 51.845530645281102 ], [ 5.838395861124563, 51.845537795306967 ], [ 5.838408403451816, 51.845548308517458 ], [ 5.83841611155065, 51.845551415850068 ], [ 5.838449365010358, 51.845553463186242 ], [ 5.838837658659652, 51.845451137761124 ], [ 5.838866760782505, 51.845441533939024 ], [ 5.839826886614239, 51.845277093869335 ], [ 5.839836986239522, 51.845278457111853 ], [ 5.839844763887982, 51.845278373180136 ], [ 5.839854245443237, 51.845278884901823 ], [ 5.839898493125424, 51.845271694224515 ], [ 5.839982338833977, 51.845255299369335 ], [ 5.840036651061522, 51.845247431624394 ], [ 5.840171557985687, 51.845220269150232 ], [ 5.840064661448896, 51.845067311679188 ], [ 5.840338152005027, 51.845003534427534 ], [ 5.840278731293473, 51.8448858982159 ], [ 5.840784625788292, 51.844761251357419 ], [ 5.841088799276751, 51.844675197188764 ], [ 5.840945445078475, 51.844514840200418 ], [ 5.840491026764136, 51.844012478724544 ], [ 5.840925466225259, 51.843877383991313 ], [ 5.841214185370659, 51.843789124135597 ], [ 5.841273685704663, 51.843796579039619 ], [ 5.841168765793926, 51.843681375418946 ], [ 5.841033546937042, 51.84352593070556 ], [ 5.840889670567617, 51.843559609550439 ], [ 5.840732861414609, 51.843598776223054 ], [ 5.84070978929377, 51.843603224798613 ], [ 5.840595379156416, 51.843480659843173 ], [ 5.840601631664417, 51.843480464903315 ], [ 5.840601525057153, 51.843468438755373 ], [ 5.84065315048092, 51.843466342702058 ], [ 5.840657721837434, 51.843479331338429 ], [ 5.840697982985545, 51.843478501611685 ], [ 5.840705240630866, 51.843468604233088 ], [ 5.840722444274014, 51.843469346704431 ], [ 5.840721890660983, 51.843437439810117 ], [ 5.840203267221216, 51.843447910249829 ], [ 5.840128926731714, 51.843109152502649 ], [ 5.84017651939273, 51.842954358280402 ], [ 5.840173876346132, 51.842970026381785 ], [ 5.840176856775385, 51.842976351740909 ], [ 5.840181348540852, 51.842981448835232 ], [ 5.840189823504873, 51.842987249629246 ], [ 5.840197110654823, 51.842990376446942 ], [ 5.840855929413624, 51.843156212057004 ], [ 5.840802713906204, 51.843007658756683 ], [ 5.84070249365437, 51.842982707661228 ], [ 5.84061347546239, 51.842959115395551 ], [ 5.840683129188825, 51.842787598071254 ], [ 5.840675194552027, 51.842786460235686 ], [ 5.840705047470413, 51.842713304627829 ], [ 5.840421177767977, 51.842631150273995 ], [ 5.840406934993755, 51.842630432277318 ], [ 5.840394485834121, 51.842633464528461 ], [ 5.840384352094039, 51.842641629235331 ], [ 5.84046957934393, 51.8425337890625 ], [ 5.840464234367533, 51.842544838551177 ], [ 5.84046574072526, 51.842550324682136 ], [ 5.840471939156648, 51.842557743184386 ], [ 5.840482049381136, 51.842561659052237 ], [ 5.840780808751014, 51.842648276899631 ], [ 5.840794580889282, 51.842609483394504 ], [ 5.84081003452184, 51.842607958536462 ], [ 5.840819461455437, 51.842584381313678 ], [ 5.84082742751965, 51.842567038741393 ], [ 5.840907515814109, 51.84242168229769 ], [ 5.840927887398673, 51.842427230304182 ], [ 5.841004104453336, 51.84223474427754 ], [ 5.841058673809573, 51.842103058989537 ], [ 5.840753224425911, 51.842065068324452 ], [ 5.84065633744483, 51.841929986661661 ], [ 5.840653256467395, 51.841912237367275 ], [ 5.840638117138515, 51.841913248648652 ], [ 5.840632694431839, 51.841881989755969 ], [ 5.840604286374345, 51.841883879244847 ], [ 5.840510664724012, 51.841816485939752 ], [ 5.840451968679461, 51.841767572761071 ], [ 5.840355838085856, 51.841697393612343 ], [ 5.840185631961957, 51.841576985220016 ], [ 5.840212621445517, 51.841562481507729 ], [ 5.840114899776409, 51.841492730762567 ], [ 5.840058057701132, 51.841450605508605 ], [ 5.839930759724917, 51.841354515710051 ], [ 5.839791610298416, 51.841244323647771 ], [ 5.839798468426728, 51.841248108302594 ], [ 5.839809864847494, 51.84124864859357 ], [ 5.839830608904813, 51.841248011290766 ], [ 5.83984099206175, 51.841245912879387 ], [ 5.839853851486757, 51.841236092814015 ], [ 5.83993404292633, 51.841187497412953 ], [ 5.839964506147619, 51.841206758995263 ], [ 5.840039310595325, 51.841163604350967 ], [ 5.840556466219625, 51.840847137001852 ], [ 5.840427616330949, 51.840769794678401 ], [ 5.840148631371573, 51.840593529580381 ], [ 5.839743889248111, 51.840333886548045 ], [ 5.839730361749922, 51.840342181141075 ], [ 5.839724754512649, 51.840338679288678 ], [ 5.839295393077545, 51.84060216832048 ], [ 5.83929083607012, 51.840599210697114 ], [ 5.839212868448697, 51.84064813865804 ], [ 5.839149916939064, 51.840686725928364 ], [ 5.839186671046735, 51.840709720658303 ], [ 5.839137273022919, 51.840739698695629 ], [ 5.838993203647884, 51.840639160270236 ], [ 5.839003163714066, 51.840644074562519 ], [ 5.839015164638201, 51.840647030499113 ], [ 5.839027258733327, 51.840647703006141 ], [ 5.83904599236694, 51.840644853432366 ], [ 5.839056215797968, 51.840641308562702 ], [ 5.839066405322415, 51.840635831303302 ], [ 5.839174427016811, 51.840566914186354 ], [ 5.839221462508865, 51.840538671018365 ], [ 5.839117810593753, 51.840455989914894 ], [ 5.838954424571146, 51.840333351299215 ], [ 5.838803895406105, 51.840236720527678 ], [ 5.838752273938257, 51.840270679863494 ], [ 5.838641223689432, 51.840340003739122 ], [ 5.838634507106871, 51.840348865239122 ], [ 5.838632988965796, 51.840355198957639 ], [ 5.838635716926595, 51.840365327448026 ], [ 5.838644719324948, 51.840374595870983 ], [ 5.838505902459816, 51.840278144367666 ], [ 5.838520694654502, 51.840283085057202 ], [ 5.838529443154982, 51.840284399676108 ], [ 5.838534495408418, 51.840284658884983 ], [ 5.838545566137856, 51.840283133204501 ], [ 5.83855274568227, 51.840279923671602 ], [ 5.838655998776464, 51.840214440987644 ], [ 5.838820960754379, 51.840108074883425 ], [ 5.838569108706629, 51.839952330130487 ], [ 5.838563842092273, 51.839949501047165 ], [ 5.839530339963597, 51.839411162414713 ], [ 5.83930515694364, 51.839304339501531 ], [ 5.839305790948823, 51.839279331151296 ], [ 5.83901463786783, 51.839144223482364 ], [ 5.838739009336092, 51.839311211555973 ], [ 5.838586701790502, 51.83922640717779 ], [ 5.838532160185268, 51.83926425168535 ], [ 5.83834059546587, 51.839401684946154 ], [ 5.838247884630069, 51.83946925710358 ], [ 5.838198645550452, 51.839503440742241 ], [ 5.838100804946712, 51.839573189729926 ], [ 5.838053559504513, 51.839607967872325 ], [ 5.838017366232048, 51.839632142087943 ], [ 5.837992368782248, 51.83961802736895 ], [ 5.837972711592264, 51.839631495698825 ], [ 5.837716870031182, 51.839505722997131 ], [ 5.837555548622699, 51.839629385362706 ], [ 5.837551686195039, 51.839634919103588 ], [ 5.837548681459396, 51.839640611344791 ], [ 5.837548029117728, 51.83964937759972 ], [ 5.837549564041825, 51.839654863659241 ], [ 5.83755224724909, 51.839659095915124 ], [ 5.83756317248147, 51.839669148025301 ], [ 5.837344012145286, 51.839535953060761 ], [ 5.837367835558513, 51.839538612131548 ], [ 5.837393110736115, 51.83953553997658 ], [ 5.837402354885685, 51.839531297907413 ], [ 5.837607384082937, 51.839371666931235 ], [ 5.837561189007979, 51.839347548433651 ], [ 5.837530048312336, 51.839341564789493 ], [ 5.837488164021059, 51.839369796504535 ], [ 5.837463943392248, 51.839354977592066 ], [ 5.837504574156069, 51.839327631565794 ], [ 5.83748139709904, 51.839318498349016 ], [ 5.837399653332148, 51.839250958111862 ], [ 5.837353881347409, 51.839211081133698 ], [ 5.837345211826282, 51.83920457978131 ], [ 5.837342365681728, 51.839195656167995 ], [ 5.8371897684398, 51.839207872566554 ], [ 5.836900928707252, 51.839200548766691 ], [ 5.83680341054615, 51.839202459506936 ], [ 5.8367299469595, 51.839157538003612 ], [ 5.836687709470247, 51.839132981543301 ], [ 5.836688762477871, 51.839132357305481 ], [ 5.83639216246883, 51.838940528840716 ], [ 5.836397665537069, 51.838942359396327 ], [ 5.836403597972952, 51.838943595069416 ], [ 5.836409770704223, 51.838944191641261 ], [ 5.836416024035909, 51.838944140734903 ], [ 5.836422169344589, 51.838943443072488 ], [ 5.836428032605053, 51.838942108308736 ], [ 5.836433469260148, 51.838940190927964 ], [ 5.836438291044987, 51.838937727604822 ], [ 5.836520520127601, 51.838888344723173 ], [ 5.836387451748252, 51.838804317728986 ], [ 5.836527019633767, 51.838715220009526 ], [ 5.836260541090524, 51.838538933760212 ], [ 5.836567744436046, 51.838342555153581 ], [ 5.836406639446428, 51.838243472014533 ], [ 5.836613410138229, 51.838111727279802 ], [ 5.836693811487304, 51.838061110860004 ], [ 5.836529591741069, 51.837965347575562 ], [ 5.836367251247362, 51.837867356717268 ], [ 5.836459713656827, 51.837802564417508 ], [ 5.836306075531359, 51.837705609780443 ], [ 5.835962500289331, 51.837492980947104 ], [ 5.835958138879858, 51.83748921348495 ], [ 5.835954731574864, 51.837485091823268 ], [ 5.835952366234169, 51.83748069652242 ], [ 5.835951087459609, 51.837476135273455 ], [ 5.835950954183093, 51.837471497735457 ], [ 5.835951924041418, 51.837466900920866 ], [ 5.835954012618529, 51.837462452631399 ], [ 5.835957162862898, 51.837458251958232 ], [ 5.836362547425035, 51.837180548174572 ], [ 5.837207813210329, 51.837682901465108 ], [ 5.837215153207287, 51.837676904972753 ], [ 5.837380455868796, 51.83751812779807 ], [ 5.837203867066767, 51.83741291210206 ], [ 5.836918033795407, 51.837247838269761 ], [ 5.837095876832652, 51.837115672308627 ], [ 5.837084062241068, 51.837108023484049 ], [ 5.837182427771577, 51.83704181475504 ], [ 5.837284935333381, 51.837085186413688 ], [ 5.837448111915218, 51.837176908739771 ], [ 5.83746374435052, 51.83716006728519 ], [ 5.837605280149442, 51.837216205309673 ], [ 5.837695928307125, 51.837250283119893 ], [ 5.837830600702169, 51.837294726266556 ], [ 5.837837801691823, 51.837298051307272 ], [ 5.837844296869622, 51.837301891400813 ], [ 5.837849984223217, 51.837306201997137 ], [ 5.837854775888893, 51.837310902537389 ], [ 5.837858613200989, 51.837315930327712 ], [ 5.837861422894501, 51.837321213742037 ], [ 5.837863175141499, 51.837326671998774 ], [ 5.837955806532635, 51.837196468793671 ], [ 5.838009152384218, 51.837123447379341 ], [ 5.837726203114872, 51.836971199954597 ], [ 5.837692699612805, 51.836953675250349 ], [ 5.83773073287807, 51.836926527862587 ], [ 5.83750078206966, 51.83680555398518 ], [ 5.837574868865929, 51.836750619750312 ], [ 5.837624529075232, 51.836692067006886 ], [ 5.837645929231956, 51.836661495973303 ], [ 5.837658614624475, 51.83665176669345 ], [ 5.837697595329189, 51.836598971583236 ], [ 5.837728229280591, 51.836563196711474 ], [ 5.837782987758295, 51.836500885119811 ], [ 5.837844581757437, 51.836428606003587 ], [ 5.838054692590226, 51.836176688013744 ], [ 5.838122114540546, 51.836203996542338 ], [ 5.838406242311407, 51.835858816713724 ], [ 5.83883679521831, 51.835985722206978 ], [ 5.839149231122753, 51.835723727713663 ], [ 5.839059474419543, 51.835684308441706 ], [ 5.839154703417926, 51.835606874526661 ], [ 5.839105655853424, 51.835584475430871 ], [ 5.839163206379168, 51.835536111516653 ], [ 5.839132961600689, 51.835522295894457 ], [ 5.83923316322147, 51.835441624887288 ], [ 5.839017196680095, 51.835340311800437 ], [ 5.838773145194197, 51.835211835402752 ], [ 5.83891689572871, 51.83509145676814 ], [ 5.838937021200119, 51.835072827082769 ], [ 5.839036469809203, 51.834990918727904 ], [ 5.839223781246035, 51.83507792467806 ], [ 5.839260074947004, 51.835095977504807 ], [ 5.839369170757418, 51.835148382338652 ], [ 5.839485265404566, 51.835056863694852 ], [ 5.83964820067983, 51.834927026236734 ], [ 5.839616714445609, 51.834910923466765 ], [ 5.839676965223497, 51.834865748775407 ], [ 5.839709314667295, 51.83488689971977 ], [ 5.839870562105505, 51.834971758045533 ], [ 5.840002519229786, 51.835038096098636 ], [ 5.8400275236229, 51.835050205936874 ], [ 5.840049833349972, 51.835032412545161 ], [ 5.840287447242388, 51.834835169028906 ], [ 5.840294561908005, 51.834827051930901 ], [ 5.840299054517435, 51.83481789330758 ], [ 5.840299294239676, 51.834808553361881 ], [ 5.840295262408972, 51.834798618696517 ], [ 5.840287963942722, 51.834789910089313 ], [ 5.840278802478242, 51.834783500735732 ], [ 5.840621240955469, 51.834899108844311 ], [ 5.840756239487547, 51.834761710631888 ], [ 5.840941790547127, 51.834564343439354 ], [ 5.841224275267899, 51.83466661803714 ], [ 5.841629853097378, 51.834290111770414 ], [ 5.841658536589973, 51.834261363400678 ], [ 5.841683223582712, 51.834240585301657 ], [ 5.841578108170671, 51.834180104538035 ], [ 5.841675613721188, 51.83411622332958 ], [ 5.84174176302707, 51.834154087178085 ], [ 5.841816341407969, 51.834105673948272 ], [ 5.84184881346209, 51.834117367959266 ], [ 5.84193923420886, 51.83402003192861 ], [ 5.84194654405107, 51.834022664183749 ], [ 5.842155804786024, 51.834140896226756 ], [ 5.842491336545587, 51.833856080272838 ], [ 5.842568433318516, 51.833782803662217 ], [ 5.842166227384216, 51.833631649906472 ], [ 5.835000429092883, 51.831040103976335 ], [ 5.834667111079474, 51.830919599958264 ], [ 5.834248951395471, 51.830766547483719 ], [ 5.833363397687266, 51.830449686360261 ], [ 5.832744084480495, 51.830224335072849 ], [ 5.831702725343483, 51.829849601043229 ], [ 5.830645601049546, 51.82946760976801 ], [ 5.829387340644656, 51.829014532346861 ], [ 5.828975132587418, 51.828862661138494 ], [ 5.828679302777424, 51.828755409787618 ], [ 5.828296752316901, 51.828622902606497 ], [ 5.828133612022695, 51.828572775982444 ], [ 5.82813199690809, 51.828572278698573 ], [ 5.828014894646358, 51.828536297496676 ], [ 5.827646302239762, 51.828424436198425 ], [ 5.82702173601067, 51.828259962422273 ], [ 5.826495794507657, 51.828131645197544 ], [ 5.825516900200797, 51.827904564636214 ], [ 5.824961447018296, 51.827773312710526 ], [ 5.824199301594544, 51.82760385429367 ], [ 5.823812393735118, 51.827526762678239 ], [ 5.823436349725355, 51.82745388093759 ], [ 5.822775973010539, 51.827342486826353 ], [ 5.822400061697559, 51.827283003085505 ], [ 5.82120586042767, 51.827140087389097 ], [ 5.820069684151725, 51.827002429326008 ], [ 5.818822389383089, 51.826854823447704 ], [ 5.818379721024022, 51.826800444200806 ], [ 5.817181596757823, 51.826655678269596 ], [ 5.816638608776771, 51.82659069420032 ], [ 5.815769036443601, 51.826484898097469 ], [ 5.814688004960485, 51.826356730025182 ], [ 5.813034469300654, 51.826157573380407 ], [ 5.812058709036272, 51.826041780530453 ], [ 5.811285573340698, 51.825950819413322 ], [ 5.810808516538243, 51.825893488871976 ], [ 5.810179981173369, 51.825819651569226 ], [ 5.809553432042977, 51.825747026184175 ], [ 5.809136375111208, 51.825697391651417 ], [ 5.808418850845211, 51.825620278578427 ], [ 5.808050737772577, 51.826483395607553 ], [ 5.807722089648306, 51.827275828451704 ], [ 5.807526400244737, 51.827911618448155 ], [ 5.80731602903758, 51.828776495565762 ], [ 5.807190642793668, 51.829745190273876 ], [ 5.807147804458755, 51.830557414817633 ], [ 5.807136815682367, 51.831182124934337 ], [ 5.807264149904218, 51.832222792933891 ], [ 5.807406652928089, 51.83308640570521 ], [ 5.807617237206491, 51.834043488796219 ], [ 5.808083025795804, 51.835332803293802 ], [ 5.808493844873691, 51.836132990894576 ], [ 5.808886887742521, 51.836829127677838 ], [ 5.809313560371796, 51.837525142130801 ], [ 5.809879333337887, 51.838253192170505 ], [ 5.810610516184095, 51.839177822287155 ], [ 5.811419575284558, 51.840176132228144 ], [ 5.812000900704867, 51.840885942000263 ], [ 5.81292552219201, 51.842063070692433 ], [ 5.813023196795887, 51.842187412996623 ], [ 5.814238442096313, 51.843628401735387 ], [ 5.815277971352546, 51.844897431855628 ], [ 5.817268984032924, 51.847317130598057 ], [ 5.816143385456806, 51.847638039129578 ], [ 5.81752293494105, 51.849479582944042 ], [ 5.817374644479739, 51.849494082081485 ], [ 5.817381044313606, 51.84950935694868 ], [ 5.817557319287156, 51.849868535916059 ], [ 5.817706242940297, 51.850172005722236 ], [ 5.817751389791151, 51.850264016552984 ], [ 5.818034619231282, 51.850841140541213 ], [ 5.818104709737031, 51.850983952203016 ], [ 5.818292143217925, 51.851365874753057 ], [ 5.818855851447182, 51.852157023474192 ], [ 5.818929840015665, 51.852260864399135 ], [ 5.819145195973633, 51.852579143560007 ], [ 5.819203573884433, 51.852650296883532 ], [ 5.819302706694115, 51.852771132031997 ], [ 5.819449277162793, 51.852949767813506 ], [ 5.819579708419839, 51.853108751227936 ], [ 5.819688360010044, 51.853241164041428 ], [ 5.819780298896281, 51.853353225614093 ], [ 5.819862662379898, 51.853453610481139 ], [ 5.819975732533844, 51.853453651984097 ], [ 5.82032736778191, 51.853870056468537 ], [ 5.82030543941322, 51.853950368192891 ], [ 5.820897557449518, 51.85479358905048 ], [ 5.821510027403252, 51.855604705777729 ], [ 5.82204716409681, 51.855450641463179 ], [ 5.822151776644232, 51.855420627920459 ], [ 5.822776729257262, 51.856282278716215 ], [ 5.82281912270952, 51.856343062972201 ], [ 5.823154239609584, 51.856772454634694 ], [ 5.823406621155859, 51.857128375779283 ], [ 5.82381958913353, 51.8576689417512 ], [ 5.823916672067385, 51.857796009599987 ], [ 5.824514489109186, 51.858741434355458 ], [ 5.824911332611317, 51.859369001653469 ], [ 5.825390988926086, 51.860127507555234 ], [ 5.825695330454237, 51.861564520211481 ], [ 5.825559356652876, 51.862508813426857 ], [ 5.825503666570832, 51.862650355485293 ], [ 5.825488522095033, 51.862688846566655 ], [ 5.825416811567168, 51.862778998622872 ], [ 5.825201240773089, 51.863004514006022 ], [ 5.824407156845829, 51.863456895999526 ], [ 5.824190704773157, 51.863592528479025 ], [ 5.823974687670015, 51.863773101079225 ], [ 5.823759540958334, 51.864043554320105 ], [ 5.823689568791742, 51.864313467387994 ], [ 5.823764773785649, 51.864582840539612 ], [ 5.823912569114121, 51.864851943585499 ], [ 5.824298837788006, 51.86512756512326 ], [ 5.824351162321822, 51.865164905939054 ], [ 5.825694879885832, 51.866213472463684 ], [ 5.827538403980853, 51.86529735222323 ], [ 5.830050469152102, 51.864054572108117 ], [ 5.831438627973387, 51.863327392772575 ], [ 5.833727676762733, 51.862108117705354 ], [ 5.834118915740428, 51.861898249763897 ], [ 5.834545589082018, 51.861663662085277 ], [ 5.836128129380953, 51.860774568837243 ], [ 5.837249522009742, 51.860155231434724 ], [ 5.838307374007043, 51.85962140076245 ], [ 5.839478044995069, 51.859056466195376 ], [ 5.84025584927425, 51.858689524359441 ], [ 5.840952930093302, 51.858351365715968 ], [ 5.841522281043781, 51.858065838457357 ], [ 5.84182345165781, 51.857920938052921 ], [ 5.842308775616062, 51.857697438059851 ], [ 5.844159292958434, 51.856819949614724 ], [ 5.843247999863078, 51.855710940069962 ], [ 5.843330640541733, 51.855671240530185 ], [ 5.842880513787464, 51.855033092441559 ], [ 5.843068265968499, 51.854984104335358 ], [ 5.842579070802405, 51.854530558774712 ], [ 5.842511901184101, 51.854503916953199 ], [ 5.842349279633145, 51.854550388825963 ], [ 5.841875024472755, 51.854188015156112 ], [ 5.841362843318281, 51.853797688454506 ], [ 5.841081240307457, 51.853581778723658 ], [ 5.841074446608279, 51.853575944528572 ], [ 5.841065670535578, 51.853570720225463 ], [ 5.841057627505983, 51.853567659303266 ], [ 5.841047518189016, 51.853565523193005 ], [ 5.840895588490903, 51.853415437250675 ], [ 5.840640112685522, 51.852993131551827 ], [ 5.840578741738544, 51.852700317326665 ], [ 5.840595589029189, 51.85101127737564 ], [ 5.840575075537243, 51.850608889697128 ], [ 5.840599570106696, 51.850507558126516 ], [ 5.840492100575646, 51.850479246190893 ], [ 5.840432264165906, 51.850338385560498 ], [ 5.840360890659416, 51.850212031869255 ], [ 5.840283756121793, 51.850092936080593 ], [ 5.840230483279806, 51.850024398059098 ], [ 5.839899537948482, 51.849645796185477 ], [ 5.839154853247952, 51.848787607753074 ], [ 5.838256439481336, 51.847741869133337 ], [ 5.837718602623186, 51.847118033155375 ], [ 5.837163134630871, 51.846479790899608 ], [ 5.836932434695909, 51.846191247027775 ], [ 5.8366564382918, 51.845883155530984 ], [ 5.836728076538342, 51.84586045492572 ], [ 5.836723084654547, 51.845854676494575 ] ] ] ] } },
{ "type": "Feature", "properties": { "fid": 729, "wijkcode": "WK026805", "wijknaam": "Nijmegen-Midden", "gemeentecode": "GM0268", "gemeentenaam": "Nijmegen", "indelingswijziging_wijken_en_buurten": 1, "water": "NEE", "omgevingsadressendichtheid": 2556, "stedelijkheid_adressen_per_km2": 1, "bevolkingsdichtheid_inwoners_per_km2": 2851, "aantal_inwoners": 20005, "mannen": 9690, "vrouwen": 10315, "percentage_personen_0_tot_15_jaar": 12, "percentage_personen_15_tot_25_jaar": 19, "percentage_personen_25_tot_45_jaar": 30, "percentage_personen_45_tot_65_jaar": 22, "percentage_personen_65_jaar_en_ouder": 17, "percentage_ongehuwd": 65, "percentage_gehuwd": 25, "percentage_gescheid": 7, "percentage_verweduwd": 3, "aantal_huishoudens": 11355, "percentage_eenpersoonshuishoudens": 58, "percentage_huishoudens_zonder_kinderen": 22, "percentage_huishoudens_met_kinderen": 20, "gemiddelde_huishoudsgrootte": 1.7, "percentage_met_herkomstland_nederland": 75, "percentage_met_herkomstland_uit_europa_excl_nl": 10, "percentage_met_herkomstland_buiten_europa": 15, "percentage_geb_in_nl_met_herkomstland_nederland": 75, "perc_geb_in_nl_met_herkomstland_in_europa_ex_nl": 5, "perc_geb_in_nl_met_herkomstland_buiten_europa": 5, "perc_geb_buiten_nl_met_herkomstlnd_in_europa_ex_nl": 5, "perc_geb_buiten_nl_met_herkomstlnd_buiten_europa": 10, "oppervlakte_totaal_in_ha": 711, "oppervlakte_land_in_ha": 702, "oppervlakte_water_in_ha": 9, "jrstatcode": "2025WK026805", "jaar": 2025 }, "geometry": { "type": "MultiPolygon", "coordinates": [ [ [ [ 5.855633562393353, 51.819119744664484 ], [ 5.855346856823465, 51.819145355955371 ], [ 5.85525476946325, 51.819150622174632 ], [ 5.854710303552597, 51.819198473005279 ], [ 5.854347321648584, 51.819230920470147 ], [ 5.854079083485954, 51.819259726922574 ], [ 5.853508680252783, 51.819345211352669 ], [ 5.853111685724058, 51.819397367135217 ], [ 5.852985471146339, 51.819412546599658 ], [ 5.852625125844373, 51.819444978258389 ], [ 5.852393620013603, 51.819462210722506 ], [ 5.852041028979239, 51.819481558541206 ], [ 5.85142529037291, 51.819511735498253 ], [ 5.851183287984011, 51.819532269935664 ], [ 5.85084670588021, 51.819571127772342 ], [ 5.850452431994985, 51.819633052256066 ], [ 5.850055498404624, 51.819691723084063 ], [ 5.849503501232742, 51.819777115373867 ], [ 5.849282722691819, 51.819813876345449 ], [ 5.848830632920292, 51.819885811573648 ], [ 5.848615149275744, 51.819924186352885 ], [ 5.848094751554735, 51.820011074609823 ], [ 5.847737354429391, 51.820074480949899 ], [ 5.847316931416159, 51.820154447545839 ], [ 5.847119997820804, 51.820205798092147 ], [ 5.846883787242161, 51.820278515067834 ], [ 5.846663486645308, 51.820362584627951 ], [ 5.846338238797258, 51.820481337708905 ], [ 5.846065518207574, 51.820329034298581 ], [ 5.845840481202434, 51.820205909216142 ], [ 5.84570004668955, 51.820118353064316 ], [ 5.845556921213491, 51.820024281617542 ], [ 5.84527580406824, 51.81982306686816 ], [ 5.844825011521575, 51.819505033988783 ], [ 5.844589038675693, 51.819341168405977 ], [ 5.844313277466395, 51.819148083031898 ], [ 5.844048097520942, 51.818959854526867 ], [ 5.843605311141019, 51.81865158324586 ], [ 5.843159872688524, 51.818340048798149 ], [ 5.842679900538689, 51.817997654459639 ], [ 5.842226552548928, 51.817682884371706 ], [ 5.841762568776304, 51.817358365291128 ], [ 5.841314468568105, 51.817041944435729 ], [ 5.840972017738248, 51.81680668373874 ], [ 5.839917677163367, 51.816096020216015 ], [ 5.838961653976209, 51.816645226696991 ], [ 5.836165405375572, 51.814892646674366 ], [ 5.835978567031892, 51.815059451005709 ], [ 5.834393864397422, 51.814142107353589 ], [ 5.834180401345637, 51.81402446175418 ], [ 5.834067352417911, 51.813971267201524 ], [ 5.833987003183411, 51.813930972301407 ], [ 5.833812325383501, 51.813829914848618 ], [ 5.833805938431046, 51.813797113207869 ], [ 5.833867802845178, 51.813756051908669 ], [ 5.834125176524013, 51.813600361591071 ], [ 5.833838048930754, 51.813431680762655 ], [ 5.833764033437689, 51.813387981918787 ], [ 5.83328270471042, 51.813108383974466 ], [ 5.832400255921868, 51.812594386468149 ], [ 5.831537710198611, 51.813158467195912 ], [ 5.830953729946455, 51.812845406925177 ], [ 5.830613360020243, 51.813117885903999 ], [ 5.830595001163062, 51.813128238140429 ], [ 5.830355599565756, 51.813024346165314 ], [ 5.829623933141127, 51.813599207659522 ], [ 5.82881596356986, 51.813206031185643 ], [ 5.828666651463172, 51.813128878837389 ], [ 5.828522287561108, 51.813242991667053 ], [ 5.828345029610546, 51.813399734595862 ], [ 5.828019058337107, 51.813675549468307 ], [ 5.827318567554828, 51.813382638742254 ], [ 5.827242064087395, 51.813350809938065 ], [ 5.826100583312071, 51.812923639767561 ], [ 5.824350752488626, 51.812401994410578 ], [ 5.823966558959429, 51.812278809419105 ], [ 5.822785893063022, 51.811900839133813 ], [ 5.819967337399351, 51.810556959496218 ], [ 5.819940712163896, 51.810573407795268 ], [ 5.819060409915235, 51.811120168297236 ], [ 5.818786884426883, 51.811286105758661 ], [ 5.817791528951883, 51.811901062096631 ], [ 5.817416688153961, 51.812132399018196 ], [ 5.816397944970888, 51.811276383235118 ], [ 5.816315225204275, 51.811278879113459 ], [ 5.815542684945278, 51.811792311866704 ], [ 5.815178185115864, 51.811725671645256 ], [ 5.815353470355116, 51.811280893015258 ], [ 5.814208839341339, 51.811118940072127 ], [ 5.814054441285803, 51.811499589938173 ], [ 5.813546500836196, 51.812738799792889 ], [ 5.812713097786015, 51.814793922886949 ], [ 5.811640330065973, 51.817602834293332 ], [ 5.808418850845211, 51.825620278578427 ], [ 5.809136375111208, 51.825697391651417 ], [ 5.809553432042977, 51.825747026184175 ], [ 5.810179981173369, 51.825819651569226 ], [ 5.810808516538243, 51.825893488871976 ], [ 5.811285573340698, 51.825950819413322 ], [ 5.812058709036272, 51.826041780530453 ], [ 5.813034469300654, 51.826157573380407 ], [ 5.814688004960485, 51.826356730025182 ], [ 5.815769036443601, 51.826484898097469 ], [ 5.816638608776771, 51.82659069420032 ], [ 5.817181596757823, 51.826655678269596 ], [ 5.818379721024022, 51.826800444200806 ], [ 5.818822389383089, 51.826854823447704 ], [ 5.820069684151725, 51.827002429326008 ], [ 5.82120586042767, 51.827140087389097 ], [ 5.822400061697559, 51.827283003085505 ], [ 5.822775973010539, 51.827342486826353 ], [ 5.823436349725355, 51.82745388093759 ], [ 5.823812393735118, 51.827526762678239 ], [ 5.824199301594544, 51.82760385429367 ], [ 5.824961447018296, 51.827773312710526 ], [ 5.825516900200797, 51.827904564636214 ], [ 5.826495794507657, 51.828131645197544 ], [ 5.82702173601067, 51.828259962422273 ], [ 5.827646302239762, 51.828424436198425 ], [ 5.828014894646358, 51.828536297496676 ], [ 5.82813199690809, 51.828572278698573 ], [ 5.828133612022695, 51.828572775982444 ], [ 5.828296752316901, 51.828622902606497 ], [ 5.828679302777424, 51.828755409787618 ], [ 5.828975132587418, 51.828862661138494 ], [ 5.829387340644656, 51.829014532346861 ], [ 5.830645601049546, 51.82946760976801 ], [ 5.831702725343483, 51.829849601043229 ], [ 5.832744084480495, 51.830224335072849 ], [ 5.833363397687266, 51.830449686360261 ], [ 5.834248951395471, 51.830766547483719 ], [ 5.834667111079474, 51.830919599958264 ], [ 5.835000429092883, 51.831040103976335 ], [ 5.842166227384216, 51.833631649906472 ], [ 5.842568433318516, 51.833782803662217 ], [ 5.842870413566958, 51.833896288156325 ], [ 5.843278725301208, 51.834055343604049 ], [ 5.843535619434589, 51.834167671353235 ], [ 5.843829964448404, 51.834297461206425 ], [ 5.84428858639114, 51.834512432366346 ], [ 5.844643780140143, 51.834685990669726 ], [ 5.845031273806399, 51.834892436523674 ], [ 5.845349172697364, 51.835066138225336 ], [ 5.84569035845518, 51.835259558663388 ], [ 5.845870859915573, 51.835368881050783 ], [ 5.846121080237757, 51.835524140215632 ], [ 5.846399950254211, 51.835701299490829 ], [ 5.846653890790879, 51.835870852610377 ], [ 5.846673604098571, 51.835884626647456 ], [ 5.846879286362442, 51.836028310676397 ], [ 5.846993767543653, 51.836108281956264 ], [ 5.847005596309632, 51.836117179129978 ], [ 5.847258650852702, 51.836307488798532 ], [ 5.847521870998311, 51.836515510271894 ], [ 5.847674049374071, 51.836633749713855 ], [ 5.847792278470065, 51.836732311643978 ], [ 5.848034130480617, 51.83693601150074 ], [ 5.848170469226253, 51.83706861316989 ], [ 5.84841623211285, 51.837305311530258 ], [ 5.848477328441414, 51.8373743814536 ], [ 5.848638899096026, 51.837542091220783 ], [ 5.849039309316503, 51.838051601180759 ], [ 5.849939011637742, 51.839292006769504 ], [ 5.851113443980553, 51.840941571239846 ], [ 5.851105322040283, 51.840326540391665 ], [ 5.851113637083628, 51.839840734663667 ], [ 5.851154151580369, 51.83929043515343 ], [ 5.851194569482899, 51.838975714808846 ], [ 5.851229788701124, 51.838701480195077 ], [ 5.851246482288872, 51.838597983835449 ], [ 5.851284149853567, 51.83846139884934 ], [ 5.851348093328113, 51.838289502065223 ], [ 5.851607099535798, 51.837742742114159 ], [ 5.851720357735728, 51.837529932123807 ], [ 5.851809382341451, 51.83737884294932 ], [ 5.851891728391377, 51.837269585542167 ], [ 5.852063861338375, 51.837081862542391 ], [ 5.852202389715246, 51.836909660734129 ], [ 5.852360710497437, 51.836761595239103 ], [ 5.85248911042583, 51.836640056320654 ], [ 5.852489099094973, 51.83663895977174 ], [ 5.852740799669485, 51.836417905521138 ], [ 5.853241330264927, 51.836044019404689 ], [ 5.85387615482376, 51.835603577578517 ], [ 5.854207846091164, 51.835391010634552 ], [ 5.854916872972555, 51.834915059850637 ], [ 5.856335927986595, 51.834062176286082 ], [ 5.858094402577994, 51.832981250995338 ], [ 5.858192346377183, 51.832918747440161 ], [ 5.858464157141528, 51.83274550855495 ], [ 5.858687648808321, 51.832607796943044 ], [ 5.859414471434563, 51.832142757948525 ], [ 5.860317715029942, 51.831569168233493 ], [ 5.861676124095105, 51.830712059368167 ], [ 5.862265196644793, 51.830326774993793 ], [ 5.862900224395944, 51.829921499651086 ], [ 5.863574120319383, 51.829498455452374 ], [ 5.864466795500935, 51.828942484687005 ], [ 5.865094839308965, 51.828552622985825 ], [ 5.865524696261581, 51.828270574075106 ], [ 5.86598334760991, 51.827984828634975 ], [ 5.866667835699106, 51.82756062568491 ], [ 5.867126636721713, 51.827290281375589 ], [ 5.8674106412012, 51.82711197397316 ], [ 5.868333181539294, 51.826536040475105 ], [ 5.868576587076316, 51.826387450877341 ], [ 5.868903006717379, 51.826187114728647 ], [ 5.869077702336101, 51.826084063259792 ], [ 5.869536261830362, 51.82579390873439 ], [ 5.869947326642158, 51.825544647754178 ], [ 5.870229536686614, 51.825367446398552 ], [ 5.870555870066269, 51.825165847551261 ], [ 5.870961609339709, 51.824918807091464 ], [ 5.871407836619108, 51.824638601322889 ], [ 5.871619502105371, 51.824507888610903 ], [ 5.871896387637041, 51.824331801770995 ], [ 5.872185627701244, 51.824150153242073 ], [ 5.872503066770055, 51.823948593760711 ], [ 5.87331606796675, 51.823434689781166 ], [ 5.873675861300833, 51.823209843023598 ], [ 5.874074437600145, 51.822959522568297 ], [ 5.874342341481832, 51.822776860598168 ], [ 5.874745459342138, 51.82245500644656 ], [ 5.875028652571464, 51.822207364370747 ], [ 5.875157080973114, 51.822097898554802 ], [ 5.875348590725584, 51.821912253212972 ], [ 5.875669724111301, 51.821563223138895 ], [ 5.875797683832609, 51.821410856426645 ], [ 5.875986573530779, 51.821145996249442 ], [ 5.876336462673788, 51.820602315240954 ], [ 5.875185903216752, 51.820365361427584 ], [ 5.874430149934288, 51.820028603576262 ], [ 5.874896568979203, 51.81955421960123 ], [ 5.874533469678926, 51.819407176550115 ], [ 5.872204978799656, 51.818474364628564 ], [ 5.871830013154999, 51.81832006274248 ], [ 5.870973676577742, 51.817980218794858 ], [ 5.87081966841258, 51.817910231189629 ], [ 5.870795840194829, 51.817885979571734 ], [ 5.870700118018592, 51.817754863363 ], [ 5.870468880177818, 51.817444103935742 ], [ 5.870584468802949, 51.816864030843298 ], [ 5.870257545092753, 51.816789883203157 ], [ 5.870167009936846, 51.816775640707569 ], [ 5.869903529027019, 51.816754811321196 ], [ 5.869805212072132, 51.816747908225693 ], [ 5.868983862253896, 51.816736669427897 ], [ 5.868264693189937, 51.816727450725601 ], [ 5.867785242969862, 51.816719672577271 ], [ 5.867466715775877, 51.816696627361885 ], [ 5.867120925970039, 51.816695606804984 ], [ 5.867047487093362, 51.816810366868872 ], [ 5.866966706113084, 51.816973856627712 ], [ 5.866951570534026, 51.817027499004006 ], [ 5.866948184856071, 51.817078648447804 ], [ 5.866933682920771, 51.817193167362298 ], [ 5.866906093414982, 51.817553701194555 ], [ 5.866882185897942, 51.817892305977367 ], [ 5.866866579309707, 51.818272277836869 ], [ 5.866850326429252, 51.818528903109595 ], [ 5.866716403077063, 51.818525019332142 ], [ 5.866679493854138, 51.818523866878174 ], [ 5.866566061362757, 51.818522460890335 ], [ 5.864508845930669, 51.818497134233859 ], [ 5.864347947495892, 51.818497465262155 ], [ 5.863695378530818, 51.818499021375459 ], [ 5.86322488023283, 51.818497228450198 ], [ 5.862362805223291, 51.81849576213569 ], [ 5.86229683540538, 51.818459257402978 ], [ 5.86204723412614, 51.818451369490631 ], [ 5.862041090046869, 51.817941216122151 ], [ 5.862029697765566, 51.816435050216903 ], [ 5.861072982452438, 51.816441354256717 ], [ 5.860169263119929, 51.816443779389267 ], [ 5.858662475798495, 51.816453503886159 ], [ 5.85788060029047, 51.816457857461366 ], [ 5.857047620559918, 51.816461197098818 ], [ 5.856519245804135, 51.816473055960635 ], [ 5.855971145966922, 51.816476461191471 ], [ 5.854906562088781, 51.816501411523895 ], [ 5.855107580049571, 51.817145992877684 ], [ 5.85524955360278, 51.817634904007306 ], [ 5.855320786096034, 51.81790219828806 ], [ 5.85540289003406, 51.818203713271423 ], [ 5.855491172889718, 51.818591672847653 ], [ 5.855633562393353, 51.819119744664484 ] ] ] ] } },
{ "type": "Feature", "properties": { "fid": 730, "wijkcode": "WK026806", "wijknaam": "Nijmegen-Zuid", "gemeentecode": "GM0268", "gemeentenaam": "Nijmegen", "indelingswijziging_wijken_en_buurten": 1, "water": "NEE", "omgevingsadressendichtheid": 2026, "stedelijkheid_adressen_per_km2": 2, "bevolkingsdichtheid_inwoners_per_km2": 5181, "aantal_inwoners": 23835, "mannen": 11275, "vrouwen": 12560, "percentage_personen_0_tot_15_jaar": 12, "percentage_personen_15_tot_25_jaar": 16, "percentage_personen_25_tot_45_jaar": 26, "percentage_personen_45_tot_65_jaar": 25, "percentage_personen_65_jaar_en_ouder": 21, "percentage_ongehuwd": 58, "percentage_gehuwd": 27, "percentage_gescheid": 10, "percentage_verweduwd": 5, "aantal_huishoudens": 13380, "percentage_eenpersoonshuishoudens": 55, "percentage_huishoudens_zonder_kinderen": 23, "percentage_huishoudens_met_kinderen": 22, "gemiddelde_huishoudsgrootte": 1.8, "percentage_met_herkomstland_nederland": 70, "percentage_met_herkomstland_uit_europa_excl_nl": 10, "percentage_met_herkomstland_buiten_europa": 25, "percentage_geb_in_nl_met_herkomstland_nederland": 70, "perc_geb_in_nl_met_herkomstland_in_europa_ex_nl": 5, "perc_geb_in_nl_met_herkomstland_buiten_europa": 10, "perc_geb_buiten_nl_met_herkomstlnd_in_europa_ex_nl": 5, "perc_geb_buiten_nl_met_herkomstlnd_buiten_europa": 15, "oppervlakte_totaal_in_ha": 467, "oppervlakte_land_in_ha": 460, "oppervlakte_water_in_ha": 7, "jrstatcode": "2025WK026806", "jaar": 2025 }, "geometry": { "type": "MultiPolygon", "coordinates": [ [ [ [ 5.839917677163367, 51.816096020216015 ], [ 5.840972017738248, 51.81680668373874 ], [ 5.841314468568105, 51.817041944435729 ], [ 5.841762568776304, 51.817358365291128 ], [ 5.842226552548928, 51.817682884371706 ], [ 5.842679900538689, 51.817997654459639 ], [ 5.843159872688524, 51.818340048798149 ], [ 5.843605311141019, 51.81865158324586 ], [ 5.844048097520942, 51.818959854526867 ], [ 5.844313277466395, 51.819148083031898 ], [ 5.844589038675693, 51.819341168405977 ], [ 5.844825011521575, 51.819505033988783 ], [ 5.84527580406824, 51.81982306686816 ], [ 5.845556921213491, 51.820024281617542 ], [ 5.84570004668955, 51.820118353064316 ], [ 5.845840481202434, 51.820205909216142 ], [ 5.846065518207574, 51.820329034298581 ], [ 5.846338238797258, 51.820481337708905 ], [ 5.846663486645308, 51.820362584627951 ], [ 5.846883787242161, 51.820278515067834 ], [ 5.847119997820804, 51.820205798092147 ], [ 5.847316931416159, 51.820154447545839 ], [ 5.847737354429391, 51.820074480949899 ], [ 5.848094751554735, 51.820011074609823 ], [ 5.848615149275744, 51.819924186352885 ], [ 5.848830632920292, 51.819885811573648 ], [ 5.849282722691819, 51.819813876345449 ], [ 5.849503501232742, 51.819777115373867 ], [ 5.850055498404624, 51.819691723084063 ], [ 5.850452431994985, 51.819633052256066 ], [ 5.85084670588021, 51.819571127772342 ], [ 5.851183287984011, 51.819532269935664 ], [ 5.85142529037291, 51.819511735498253 ], [ 5.852041028979239, 51.819481558541206 ], [ 5.852393620013603, 51.819462210722506 ], [ 5.852625125844373, 51.819444978258389 ], [ 5.852985471146339, 51.819412546599658 ], [ 5.853111685724058, 51.819397367135217 ], [ 5.853508680252783, 51.819345211352669 ], [ 5.854079083485954, 51.819259726922574 ], [ 5.854347321648584, 51.819230920470147 ], [ 5.854710303552597, 51.819198473005279 ], [ 5.85525476946325, 51.819150622174632 ], [ 5.855346856823465, 51.819145355955371 ], [ 5.855633562393353, 51.819119744664484 ], [ 5.855491172889718, 51.818591672847653 ], [ 5.85540289003406, 51.818203713271423 ], [ 5.855320786096034, 51.81790219828806 ], [ 5.85524955360278, 51.817634904007306 ], [ 5.855107580049571, 51.817145992877684 ], [ 5.854906562088781, 51.816501411523895 ], [ 5.855971145966922, 51.816476461191471 ], [ 5.856519245804135, 51.816473055960635 ], [ 5.857047620559918, 51.816461197098818 ], [ 5.85788060029047, 51.816457857461366 ], [ 5.858662475798495, 51.816453503886159 ], [ 5.860169263119929, 51.816443779389267 ], [ 5.861072982452438, 51.816441354256717 ], [ 5.862029697765566, 51.816435050216903 ], [ 5.862041090046869, 51.817941216122151 ], [ 5.86204723412614, 51.818451369490631 ], [ 5.86229683540538, 51.818459257402978 ], [ 5.862362805223291, 51.81849576213569 ], [ 5.86322488023283, 51.818497228450198 ], [ 5.863695378530818, 51.818499021375459 ], [ 5.864347947495892, 51.818497465262155 ], [ 5.864508845930669, 51.818497134233859 ], [ 5.866566061362757, 51.818522460890335 ], [ 5.866679493854138, 51.818523866878174 ], [ 5.866716403077063, 51.818525019332142 ], [ 5.866850326429252, 51.818528903109595 ], [ 5.866866579309707, 51.818272277836869 ], [ 5.866882185897942, 51.817892305977367 ], [ 5.866906093414982, 51.817553701194555 ], [ 5.866933682920771, 51.817193167362298 ], [ 5.866948184856071, 51.817078648447804 ], [ 5.866951570534026, 51.817027499004006 ], [ 5.866966706113084, 51.816973856627712 ], [ 5.867047487093362, 51.816810366868872 ], [ 5.867120925970039, 51.816695606804984 ], [ 5.867466715775877, 51.816696627361885 ], [ 5.867785242969862, 51.816719672577271 ], [ 5.868264693189937, 51.816727450725601 ], [ 5.868983862253896, 51.816736669427897 ], [ 5.869805212072132, 51.816747908225693 ], [ 5.869903529027019, 51.816754811321196 ], [ 5.870167009936846, 51.816775640707569 ], [ 5.870257545092753, 51.816789883203157 ], [ 5.870584468802949, 51.816864030843298 ], [ 5.870468880177818, 51.817444103935742 ], [ 5.870700118018592, 51.817754863363 ], [ 5.870795840194829, 51.817885979571734 ], [ 5.87081966841258, 51.817910231189629 ], [ 5.870973676577742, 51.817980218794858 ], [ 5.871830013154999, 51.81832006274248 ], [ 5.872204978799656, 51.818474364628564 ], [ 5.874533469678926, 51.819407176550115 ], [ 5.874896568979203, 51.81955421960123 ], [ 5.874430149934288, 51.820028603576262 ], [ 5.875185903216752, 51.820365361427584 ], [ 5.876336462673788, 51.820602315240954 ], [ 5.876349057430437, 51.820582748677708 ], [ 5.876366246328987, 51.820550821737605 ], [ 5.876509608579625, 51.820271993621191 ], [ 5.876564308937312, 51.820153656471483 ], [ 5.876626619714327, 51.82001092868979 ], [ 5.876708700533396, 51.819789585794297 ], [ 5.876760152604501, 51.819642040464551 ], [ 5.876794327145204, 51.819532912191811 ], [ 5.876850932505571, 51.819317769714267 ], [ 5.876901562918064, 51.819094724283225 ], [ 5.876933163462647, 51.818928997088655 ], [ 5.876952350635418, 51.818796803900575 ], [ 5.876982315967544, 51.818480696792975 ], [ 5.876991075455987, 51.81829253075 ], [ 5.876991432935072, 51.818143976186462 ], [ 5.876989836821196, 51.817817052831025 ], [ 5.876982484911169, 51.817593035966794 ], [ 5.876978713591738, 51.81751694601143 ], [ 5.876967941279049, 51.817249106462413 ], [ 5.876960160660789, 51.817075022540777 ], [ 5.876944995503684, 51.816583153729113 ], [ 5.87693720049792, 51.816409060864359 ], [ 5.876933542107147, 51.816252613146567 ], [ 5.876930702967751, 51.81617286995084 ], [ 5.876924192223513, 51.815935456648383 ], [ 5.876917616394821, 51.815781448000152 ], [ 5.876917820468601, 51.815710824420776 ], [ 5.876908478520571, 51.815483777689913 ], [ 5.87689711830337, 51.815161757781802 ], [ 5.876884846440559, 51.814754503611894 ], [ 5.876878024928873, 51.81457919319368 ], [ 5.876860651270331, 51.814065419457698 ], [ 5.876852600322035, 51.813866366506751 ], [ 5.876837972223028, 51.813425037667059 ], [ 5.876821156435351, 51.812961183732511 ], [ 5.876806586992263, 51.812525328603506 ], [ 5.876788183462095, 51.812096796218889 ], [ 5.876776884508204, 51.811780249924603 ], [ 5.876757727570133, 51.811282312228748 ], [ 5.876744549656826, 51.810974303846322 ], [ 5.876721862000596, 51.81033148595656 ], [ 5.876706343514347, 51.809988171424514 ], [ 5.87670441771375, 51.809860006810673 ], [ 5.87667156017516, 51.809864517755052 ], [ 5.87650683061819, 51.809887119124397 ], [ 5.876331212623071, 51.809911221812428 ], [ 5.876310652134195, 51.809914040066936 ], [ 5.874250149300106, 51.809911073668495 ], [ 5.874154123771396, 51.80991093308873 ], [ 5.872202291487389, 51.809908090700645 ], [ 5.871833403211659, 51.809902361853197 ], [ 5.871792824952546, 51.809901882348818 ], [ 5.871619382598685, 51.80990198763233 ], [ 5.871474365658341, 51.809903808948413 ], [ 5.87113108601963, 51.809929153302953 ], [ 5.870592749826151, 51.80998905262102 ], [ 5.86976754430681, 51.810076160881465 ], [ 5.869361896463174, 51.810096273659326 ], [ 5.868975779544425, 51.810093204330542 ], [ 5.868659046384775, 51.810073597696139 ], [ 5.867812769507043, 51.809997879897921 ], [ 5.867686063006539, 51.809989841994373 ], [ 5.864756488013595, 51.809803934238126 ], [ 5.864682258281474, 51.809797036669849 ], [ 5.864368086797739, 51.809753300849394 ], [ 5.864276029742077, 51.809736237641445 ], [ 5.861000424956933, 51.809075557898439 ], [ 5.860940279928659, 51.809063423684904 ], [ 5.860020627682607, 51.808877908809933 ], [ 5.859616981759891, 51.808796490599875 ], [ 5.857945146040033, 51.808459222821661 ], [ 5.857511737426688, 51.808388801927357 ], [ 5.857279625531829, 51.808374290251415 ], [ 5.857177709379761, 51.8083679213727 ], [ 5.857176432357338, 51.808362263730537 ], [ 5.85714839281485, 51.808359859308595 ], [ 5.855265194279395, 51.808198469320338 ], [ 5.85495069537284, 51.808171509154569 ], [ 5.854354657934139, 51.80812042121763 ], [ 5.85433062429639, 51.808118359706519 ], [ 5.854243995829179, 51.808110929664636 ], [ 5.853971890801064, 51.808087609170002 ], [ 5.853886887983292, 51.808080325199214 ], [ 5.853864668507105, 51.808078418166765 ], [ 5.853133506443462, 51.808046926249673 ], [ 5.853026310339476, 51.807852546897266 ], [ 5.853003527111721, 51.807811233636656 ], [ 5.852922013760912, 51.807707982812694 ], [ 5.852843647835717, 51.807568298010466 ], [ 5.852839084060906, 51.807557431050178 ], [ 5.852815908970529, 51.807502297683193 ], [ 5.85275648925205, 51.807512232174055 ], [ 5.85274936495422, 51.807511766087352 ], [ 5.852630834564835, 51.807504003078492 ], [ 5.852625730011125, 51.807503667391636 ], [ 5.852522577098495, 51.807496909282591 ], [ 5.852448954516055, 51.807492086912248 ], [ 5.852431912052801, 51.807494410634668 ], [ 5.852189046465062, 51.80752757962852 ], [ 5.851481486300866, 51.807624195894959 ], [ 5.851475926120663, 51.807624954963984 ], [ 5.851593219774744, 51.807954530483549 ], [ 5.850535108644708, 51.807922590771383 ], [ 5.850503213049003, 51.807921629169094 ], [ 5.849036578464315, 51.807909526764504 ], [ 5.848756405272715, 51.808174037819335 ], [ 5.848756243415515, 51.808267249229743 ], [ 5.848221528876936, 51.808283769964767 ], [ 5.84819893546135, 51.808280730778215 ], [ 5.847012831287453, 51.808121400891991 ], [ 5.846964556542884, 51.808114924279799 ], [ 5.846913949898356, 51.808108135000126 ], [ 5.846884663004305, 51.808104204970974 ], [ 5.846859019449532, 51.808100647160586 ], [ 5.84684324798126, 51.80809826410151 ], [ 5.846830426252625, 51.808096489686541 ], [ 5.84670993982879, 51.80808749693611 ], [ 5.84545977409397, 51.807994144254657 ], [ 5.845458467947504, 51.807994032507828 ], [ 5.845447931503542, 51.807993111908445 ], [ 5.845210078701954, 51.807972405723362 ], [ 5.84520153071361, 51.807971675083316 ], [ 5.844408017398321, 51.807903564379139 ], [ 5.843621063606321, 51.80779996315156 ], [ 5.843024285512249, 51.807689622317504 ], [ 5.843012387740581, 51.807687421435297 ], [ 5.841972464069192, 51.807495149784742 ], [ 5.841059553399879, 51.80723372330408 ], [ 5.840944375954502, 51.807199957856632 ], [ 5.840951662586404, 51.807186465790693 ], [ 5.840969047537009, 51.80714322676166 ], [ 5.840988567253141, 51.807088797775769 ], [ 5.841112768963625, 51.806715564027691 ], [ 5.841267729274112, 51.806263876254228 ], [ 5.841337434883465, 51.806058731443436 ], [ 5.84133560145242, 51.805999090850321 ], [ 5.841332705357528, 51.805904498091024 ], [ 5.841316471099629, 51.805897810591176 ], [ 5.841294645916173, 51.805888825704692 ], [ 5.841005752889894, 51.805747080732445 ], [ 5.840943183475479, 51.805716384415824 ], [ 5.84089801221751, 51.805694213765527 ], [ 5.840270282420576, 51.80532124484084 ], [ 5.839770525836738, 51.804967841105125 ], [ 5.839254682392014, 51.804576772518637 ], [ 5.839220159937808, 51.804539153883859 ], [ 5.839120152795707, 51.804597685933111 ], [ 5.839074701651103, 51.804634165633047 ], [ 5.838805405961931, 51.804836221823045 ], [ 5.838499797639765, 51.805063908519323 ], [ 5.837402001311009, 51.805861578857929 ], [ 5.837107754997148, 51.806075582692408 ], [ 5.836599733545349, 51.805913894944077 ], [ 5.836604597747637, 51.80586369351601 ], [ 5.836408760007881, 51.805762460319237 ], [ 5.836034349420057, 51.805584096945054 ], [ 5.835624149937717, 51.8053903910399 ], [ 5.835461462889696, 51.805318430880675 ], [ 5.834796380007581, 51.805039325597747 ], [ 5.834784049294763, 51.805032838021866 ], [ 5.834005883136065, 51.804623664794072 ], [ 5.833938721638009, 51.804588353173394 ], [ 5.833937016319776, 51.804587451831324 ], [ 5.833250773774887, 51.804226605106301 ], [ 5.83286387527241, 51.804021772064488 ], [ 5.832804335927042, 51.803990250941617 ], [ 5.831805369992265, 51.803461375182728 ], [ 5.831060586506538, 51.803051822213767 ], [ 5.830337198404896, 51.802686173396509 ], [ 5.830293446446342, 51.802665952806414 ], [ 5.83027792246751, 51.802658964479669 ], [ 5.827973647573162, 51.801445895625633 ], [ 5.827156143743275, 51.801010129129104 ], [ 5.826497668009387, 51.80066672934494 ], [ 5.825537275313461, 51.80015343968077 ], [ 5.825506135985827, 51.800128244465604 ], [ 5.825954383884594, 51.799928416664741 ], [ 5.826779883785392, 51.799568400664874 ], [ 5.826860178750462, 51.799538794425821 ], [ 5.826988605691144, 51.79949144049683 ], [ 5.827097099202677, 51.799458270456256 ], [ 5.827108009001075, 51.799451640957429 ], [ 5.827129972766777, 51.799438300519455 ], [ 5.827158750108812, 51.799424943501464 ], [ 5.826963831660157, 51.799316293605237 ], [ 5.826938774563915, 51.799302329559787 ], [ 5.826938235289893, 51.799302034961599 ], [ 5.826666145871603, 51.799152920084182 ], [ 5.826384536171736, 51.799002581845336 ], [ 5.826112177274286, 51.798843282725542 ], [ 5.825654021144156, 51.798583683060109 ], [ 5.825444470560496, 51.798472316900806 ], [ 5.825422743198601, 51.798460766983041 ], [ 5.825119182715507, 51.798309312278811 ], [ 5.825053293612845, 51.798276444696477 ], [ 5.82468528585982, 51.798093390440378 ], [ 5.823146665609669, 51.79920259668382 ], [ 5.821448852201589, 51.800516866633977 ], [ 5.820363478810656, 51.801341673547761 ], [ 5.81977637517519, 51.801790910535018 ], [ 5.81857839053909, 51.802889969308055 ], [ 5.817845914956599, 51.803656323776131 ], [ 5.817359944894427, 51.804286465834046 ], [ 5.817090196169161, 51.804704826549965 ], [ 5.816831579156064, 51.805127738948755 ], [ 5.816653040916411, 51.805412752743763 ], [ 5.816117195260686, 51.806333310337976 ], [ 5.815348110942041, 51.808219829665489 ], [ 5.815012173577183, 51.809086269167707 ], [ 5.814208839341339, 51.811118940072127 ], [ 5.815353470355116, 51.811280893015258 ], [ 5.815178185115864, 51.811725671645256 ], [ 5.815542684945278, 51.811792311866704 ], [ 5.816315225204275, 51.811278879113459 ], [ 5.816397944970888, 51.811276383235118 ], [ 5.817416688153961, 51.812132399018196 ], [ 5.817791528951883, 51.811901062096631 ], [ 5.818786884426883, 51.811286105758661 ], [ 5.819060409915235, 51.811120168297236 ], [ 5.819940712163896, 51.810573407795268 ], [ 5.819967337399351, 51.810556959496218 ], [ 5.822785893063022, 51.811900839133813 ], [ 5.823966558959429, 51.812278809419105 ], [ 5.824350752488626, 51.812401994410578 ], [ 5.826100583312071, 51.812923639767561 ], [ 5.827242064087395, 51.813350809938065 ], [ 5.827318567554828, 51.813382638742254 ], [ 5.828019058337107, 51.813675549468307 ], [ 5.828345029610546, 51.813399734595862 ], [ 5.828522287561108, 51.813242991667053 ], [ 5.828666651463172, 51.813128878837389 ], [ 5.82881596356986, 51.813206031185643 ], [ 5.829623933141127, 51.813599207659522 ], [ 5.830355599565756, 51.813024346165314 ], [ 5.830595001163062, 51.813128238140429 ], [ 5.830613360020243, 51.813117885903999 ], [ 5.830953729946455, 51.812845406925177 ], [ 5.831537710198611, 51.813158467195912 ], [ 5.832400255921868, 51.812594386468149 ], [ 5.83328270471042, 51.813108383974466 ], [ 5.833764033437689, 51.813387981918787 ], [ 5.833838048930754, 51.813431680762655 ], [ 5.834125176524013, 51.813600361591071 ], [ 5.833867802845178, 51.813756051908669 ], [ 5.833805938431046, 51.813797113207869 ], [ 5.833812325383501, 51.813829914848618 ], [ 5.833987003183411, 51.813930972301407 ], [ 5.834067352417911, 51.813971267201524 ], [ 5.834180401345637, 51.81402446175418 ], [ 5.834393864397422, 51.814142107353589 ], [ 5.835978567031892, 51.815059451005709 ], [ 5.836165405375572, 51.814892646674366 ], [ 5.838961653976209, 51.816645226696991 ], [ 5.839917677163367, 51.816096020216015 ] ] ] ] } },
{ "type": "Feature", "properties": { "fid": 731, "wijkcode": "WK026807", "wijknaam": "Dukenburg", "gemeentecode": "GM0268", "gemeentenaam": "Nijmegen", "indelingswijziging_wijken_en_buurten": 1, "water": "NEE", "omgevingsadressendichtheid": 2039, "stedelijkheid_adressen_per_km2": 2, "bevolkingsdichtheid_inwoners_per_km2": 3234, "aantal_inwoners": 22500, "mannen": 11005, "vrouwen": 11495, "percentage_personen_0_tot_15_jaar": 15, "percentage_personen_15_tot_25_jaar": 11, "percentage_personen_25_tot_45_jaar": 27, "percentage_personen_45_tot_65_jaar": 25, "percentage_personen_65_jaar_en_ouder": 22, "percentage_ongehuwd": 52, "percentage_gehuwd": 31, "percentage_gescheid": 11, "percentage_verweduwd": 5, "aantal_huishoudens": 11340, "percentage_eenpersoonshuishoudens": 46, "percentage_huishoudens_zonder_kinderen": 24, "percentage_huishoudens_met_kinderen": 29, "gemiddelde_huishoudsgrootte": 2.0, "percentage_met_herkomstland_nederland": 60, "percentage_met_herkomstland_uit_europa_excl_nl": 10, "percentage_met_herkomstland_buiten_europa": 30, "percentage_geb_in_nl_met_herkomstland_nederland": 60, "perc_geb_in_nl_met_herkomstland_in_europa_ex_nl": 5, "perc_geb_in_nl_met_herkomstland_buiten_europa": 15, "perc_geb_buiten_nl_met_herkomstlnd_in_europa_ex_nl": 5, "perc_geb_buiten_nl_met_herkomstlnd_buiten_europa": 15, "oppervlakte_totaal_in_ha": 720, "oppervlakte_land_in_ha": 696, "oppervlakte_water_in_ha": 24, "jrstatcode": "2025WK026807", "jaar": 2025 }, "geometry": { "type": "MultiPolygon", "coordinates": [ [ [ [ 5.81977637517519, 51.801790910535018 ], [ 5.820363478810656, 51.801341673547761 ], [ 5.821448852201589, 51.800516866633977 ], [ 5.823146665609669, 51.79920259668382 ], [ 5.82468528585982, 51.798093390440378 ], [ 5.824504374262863, 51.798003400965783 ], [ 5.824052236084298, 51.797778494300246 ], [ 5.823962940462086, 51.797735592256451 ], [ 5.823960173194342, 51.797734263277519 ], [ 5.823803764368964, 51.797659126635565 ], [ 5.823725794787037, 51.79763006947249 ], [ 5.823553596880635, 51.79754415114494 ], [ 5.823464475598493, 51.797499693063621 ], [ 5.822722727156935, 51.797129616447727 ], [ 5.822071154324206, 51.79680563534717 ], [ 5.821462080260965, 51.796502769030539 ], [ 5.820261425316694, 51.795904647501132 ], [ 5.819757132425743, 51.795647927774532 ], [ 5.818906339324209, 51.795223947773565 ], [ 5.817581499418352, 51.794564073619725 ], [ 5.817222995181821, 51.794388333512607 ], [ 5.816286007363112, 51.793920840706598 ], [ 5.815241070729048, 51.793402284400955 ], [ 5.814172505180812, 51.79287335123982 ], [ 5.814114610716073, 51.792836556398498 ], [ 5.814077823352419, 51.792819873754631 ], [ 5.813999721259951, 51.792784454861135 ], [ 5.813984799615206, 51.792777686905389 ], [ 5.813906878319703, 51.792795048666896 ], [ 5.813811576562144, 51.792810809845982 ], [ 5.813801692237768, 51.792809426526091 ], [ 5.813777907604896, 51.792806573823704 ], [ 5.813762322092551, 51.792804706987837 ], [ 5.813699486556142, 51.792797169510742 ], [ 5.813616096330784, 51.792748197861691 ], [ 5.813589932796299, 51.792731367666065 ], [ 5.8135316118438, 51.792693855008942 ], [ 5.813286676531954, 51.79253630508228 ], [ 5.812994982840738, 51.792346628780791 ], [ 5.812695550140429, 51.792150687890974 ], [ 5.812477360187702, 51.792008112930752 ], [ 5.812395120689555, 51.791956367783918 ], [ 5.812143198136847, 51.791787128798752 ], [ 5.811847537988561, 51.791590812536803 ], [ 5.811540032633178, 51.79138312300698 ], [ 5.811159188542729, 51.791127807158269 ], [ 5.811153635331066, 51.791124537447324 ], [ 5.811147448771401, 51.791121737428455 ], [ 5.811140730745714, 51.791119451675428 ], [ 5.811133583220083, 51.791117733750596 ], [ 5.811126151304836, 51.791116601106147 ], [ 5.811118536627929, 51.79111607135173 ], [ 5.811110869721009, 51.7911161530036 ], [ 5.811103295609959, 51.791116854526031 ], [ 5.811095929994524, 51.791118148535254 ], [ 5.81108888882731, 51.791120034612113 ], [ 5.811082302049165, 51.79112245835578 ], [ 5.811071408975963, 51.791127818930484 ], [ 5.8110671656537, 51.791125119743839 ], [ 5.810989861234225, 51.791075306277563 ], [ 5.810987484240735, 51.791073777835749 ], [ 5.810337032926806, 51.790653245137335 ], [ 5.810221199822863, 51.790589107713402 ], [ 5.810220507138578, 51.790589432899921 ], [ 5.808190976814135, 51.791541268422563 ], [ 5.807047949277697, 51.792089476879454 ], [ 5.80600430954863, 51.792596394496016 ], [ 5.805201672217808, 51.792990537005267 ], [ 5.804443709248553, 51.793370483955982 ], [ 5.80376076550843, 51.793711562859443 ], [ 5.803710495156835, 51.793736666545456 ], [ 5.803657345290716, 51.793765465720163 ], [ 5.803607848156008, 51.79379268789998 ], [ 5.803166103611223, 51.794014878515085 ], [ 5.803127140955073, 51.794033892574767 ], [ 5.802796932338892, 51.794186519609617 ], [ 5.802273503049364, 51.794433022583647 ], [ 5.802198722030147, 51.7944710749167 ], [ 5.802193917448771, 51.794473518815266 ], [ 5.800948664789278, 51.795151436371349 ], [ 5.80078230380209, 51.79525670327471 ], [ 5.800780271644059, 51.795257986808579 ], [ 5.800630253521533, 51.795352913011463 ], [ 5.800609557355423, 51.795366010308989 ], [ 5.800600318954864, 51.795371849447385 ], [ 5.800500743555367, 51.795434850270105 ], [ 5.800495728020263, 51.795438022909778 ], [ 5.800364430572923, 51.795521107854817 ], [ 5.800368111725059, 51.795527341884615 ], [ 5.800302424677174, 51.795558394869367 ], [ 5.799912739991363, 51.795779949238543 ], [ 5.799899400440372, 51.79578752854664 ], [ 5.799419132019527, 51.796060589510198 ], [ 5.798702465974415, 51.796441612175833 ], [ 5.79816447891546, 51.796748712157886 ], [ 5.797762106566116, 51.796992882852344 ], [ 5.79764407552202, 51.797064502881234 ], [ 5.796919902131929, 51.79752569115702 ], [ 5.796881831139867, 51.797581229217322 ], [ 5.796849591244364, 51.797643533200684 ], [ 5.796075710131013, 51.798135639454074 ], [ 5.795536654723408, 51.798005728746801 ], [ 5.794632370678878, 51.797468549538038 ], [ 5.794374074451487, 51.797315114468333 ], [ 5.793828707285869, 51.797673085905387 ], [ 5.793605401510262, 51.797819653334763 ], [ 5.793344366723285, 51.797992822112732 ], [ 5.793255582201993, 51.798051725542898 ], [ 5.793192319586127, 51.798093768025801 ], [ 5.793112600003951, 51.798146761489505 ], [ 5.792651468097366, 51.798531976452637 ], [ 5.792246855244345, 51.79893037819506 ], [ 5.792095760510645, 51.799155728970881 ], [ 5.792026250498137, 51.79942576728309 ], [ 5.7920557892022, 51.800038356232761 ], [ 5.792003791415802, 51.800024360916318 ], [ 5.792001419201138, 51.800123431169354 ], [ 5.791995136105756, 51.800313289602961 ], [ 5.79192339901173, 51.800572908861533 ], [ 5.791798994866133, 51.800803919697067 ], [ 5.791629493059469, 51.801013019220512 ], [ 5.791221244663038, 51.801391025923117 ], [ 5.790508727805959, 51.801962880957376 ], [ 5.790435038916955, 51.802023411122889 ], [ 5.790461148471626, 51.80213990191438 ], [ 5.790281839535036, 51.802289565379048 ], [ 5.790144598837466, 51.802257085290464 ], [ 5.79010711698444, 51.802284215473527 ], [ 5.789884627757335, 51.802462789813461 ], [ 5.789439135407947, 51.802821431053857 ], [ 5.789000318236719, 51.803183148723136 ], [ 5.788565210518451, 51.80354703622254 ], [ 5.78813339811767, 51.80391054228155 ], [ 5.787708784114961, 51.804278875911066 ], [ 5.787289507103369, 51.804648142540998 ], [ 5.78722988716649, 51.804692236661822 ], [ 5.787093518803663, 51.804768447654773 ], [ 5.786920228736434, 51.8048635253163 ], [ 5.786719040802879, 51.804971587240829 ], [ 5.786700353482809, 51.804981628112564 ], [ 5.786669775503097, 51.804998055350502 ], [ 5.786479377272053, 51.805297993018876 ], [ 5.786046820798048, 51.805727019749384 ], [ 5.785877341137496, 51.805904381347737 ], [ 5.785502076794709, 51.806207255754828 ], [ 5.785302591483276, 51.806366319010074 ], [ 5.785162507454036, 51.806492300520382 ], [ 5.784999487668261, 51.806648237345392 ], [ 5.784654076627069, 51.806986817784924 ], [ 5.784581466048822, 51.807057991883887 ], [ 5.784364139876526, 51.807264869712071 ], [ 5.784352013930699, 51.807270986985237 ], [ 5.784131927252766, 51.807381993703444 ], [ 5.783760608009084, 51.807567432688025 ], [ 5.783050308297566, 51.807822570266694 ], [ 5.782470483000914, 51.808118592803183 ], [ 5.782006641301524, 51.808492871137638 ], [ 5.781651952909664, 51.808880676686144 ], [ 5.781408480293812, 51.809321894329123 ], [ 5.781350832795231, 51.809599481185366 ], [ 5.781302423343965, 51.809827537471016 ], [ 5.781380704093396, 51.81035538275799 ], [ 5.781317981900405, 51.810482339923482 ], [ 5.781189472915523, 51.810742448505785 ], [ 5.781151115131401, 51.810820084903575 ], [ 5.781052746592533, 51.810953498521592 ], [ 5.781035406000476, 51.810977025639247 ], [ 5.780951984142538, 51.811090155938601 ], [ 5.780828864401648, 51.811257152470027 ], [ 5.780615495170084, 51.811546155463809 ], [ 5.780487125651502, 51.811720045407682 ], [ 5.780477325650768, 51.811717049158602 ], [ 5.780194827254654, 51.811630664217915 ], [ 5.78000163815231, 51.8118681125218 ], [ 5.780281045456675, 51.811957429538985 ], [ 5.780410135413773, 51.811998865066151 ], [ 5.780327998898636, 51.812096827051889 ], [ 5.780294022823645, 51.812136795787062 ], [ 5.780292329038811, 51.81213878791479 ], [ 5.780282021316629, 51.812150741166796 ], [ 5.78028044377385, 51.812152759870131 ], [ 5.780024939286086, 51.812453327293561 ], [ 5.779650180420452, 51.812901569226099 ], [ 5.779279857991408, 51.813422197152768 ], [ 5.778929031035977, 51.813914337228937 ], [ 5.7785599433449, 51.814435444034991 ], [ 5.778244115419192, 51.814878172459835 ], [ 5.777945721482415, 51.815288411552928 ], [ 5.777640661629158, 51.815713269303004 ], [ 5.77726355140233, 51.816244195977134 ], [ 5.777167910884732, 51.816405605160881 ], [ 5.776920148096191, 51.816808257693566 ], [ 5.77676045249966, 51.817064383991394 ], [ 5.776755491442869, 51.817076004567269 ], [ 5.776739613050496, 51.817113179632109 ], [ 5.776732929280528, 51.817133551697218 ], [ 5.776720766753856, 51.817161024861448 ], [ 5.776706755165415, 51.817192701774211 ], [ 5.776702846417966, 51.817200229104976 ], [ 5.776689374620013, 51.817220533825001 ], [ 5.776235547328689, 51.817904245880072 ], [ 5.775922994145602, 51.818420985822272 ], [ 5.775698811691488, 51.818788924959918 ], [ 5.775674363396448, 51.818831512339663 ], [ 5.775639055496762, 51.818893020422124 ], [ 5.775598660626057, 51.818963389978023 ], [ 5.77559425975031, 51.818971071702798 ], [ 5.775568911040085, 51.819015226031894 ], [ 5.775459242502343, 51.819206279170103 ], [ 5.775455541703279, 51.819212736142219 ], [ 5.77545024039769, 51.819221966855913 ], [ 5.775417975539539, 51.819278179583755 ], [ 5.775394798453947, 51.819318551534266 ], [ 5.775202846149968, 51.819670976780593 ], [ 5.774778452845198, 51.820450123784902 ], [ 5.774722848094095, 51.820533351822412 ], [ 5.775141831219382, 51.82061913772251 ], [ 5.775524446973705, 51.820689464648716 ], [ 5.776130594292959, 51.820800881604583 ], [ 5.777369867112409, 51.821021027727284 ], [ 5.779041818718204, 51.821326517656324 ], [ 5.780456662624364, 51.821584326409493 ], [ 5.780457413537244, 51.821583946376919 ], [ 5.788011081372706, 51.822950556222914 ], [ 5.788856169887726, 51.823104046690212 ], [ 5.789872468821192, 51.823282138114784 ], [ 5.790638819249544, 51.823420731496931 ], [ 5.791454057300497, 51.823565874778467 ], [ 5.792163406011809, 51.823677949946436 ], [ 5.792749301335226, 51.823757406146342 ], [ 5.79367883055737, 51.823869492722295 ], [ 5.794743688658906, 51.823994962051785 ], [ 5.795975367683215, 51.824138499654438 ], [ 5.797086992837373, 51.824273923746262 ], [ 5.797655446225543, 51.824336518126813 ], [ 5.798545713209693, 51.824444919436495 ], [ 5.799460682332621, 51.824551042993015 ], [ 5.800347374502421, 51.824652890628577 ], [ 5.800700687430827, 51.824697567765106 ], [ 5.802531541682167, 51.824910328233969 ], [ 5.804076169051568, 51.825092870669643 ], [ 5.805478026272575, 51.825257825268693 ], [ 5.806417214234556, 51.825369129466203 ], [ 5.807228821739053, 51.825471858626656 ], [ 5.808418850845211, 51.825620278578427 ], [ 5.811640330065973, 51.817602834293332 ], [ 5.812713097786015, 51.814793922886949 ], [ 5.813546500836196, 51.812738799792889 ], [ 5.814054441285803, 51.811499589938173 ], [ 5.814208839341339, 51.811118940072127 ], [ 5.815012173577183, 51.809086269167707 ], [ 5.815348110942041, 51.808219829665489 ], [ 5.816117195260686, 51.806333310337976 ], [ 5.816653040916411, 51.805412752743763 ], [ 5.816831579156064, 51.805127738948755 ], [ 5.817090196169161, 51.804704826549965 ], [ 5.817359944894427, 51.804286465834046 ], [ 5.817845914956599, 51.803656323776131 ], [ 5.81857839053909, 51.802889969308055 ], [ 5.81977637517519, 51.801790910535018 ] ] ] ] } },
{ "type": "Feature", "properties": { "fid": 732, "wijkcode": "WK026808", "wijknaam": "Lindenholt", "gemeentecode": "GM0268", "gemeentenaam": "Nijmegen", "indelingswijziging_wijken_en_buurten": 1, "water": "NEE", "omgevingsadressendichtheid": 1566, "stedelijkheid_adressen_per_km2": 2, "bevolkingsdichtheid_inwoners_per_km2": 2023, "aantal_inwoners": 14530, "mannen": 7375, "vrouwen": 7155, "percentage_personen_0_tot_15_jaar": 15, "percentage_personen_15_tot_25_jaar": 12, "percentage_personen_25_tot_45_jaar": 27, "percentage_personen_45_tot_65_jaar": 28, "percentage_personen_65_jaar_en_ouder": 18, "percentage_ongehuwd": 51, "percentage_gehuwd": 37, "percentage_gescheid": 8, "percentage_verweduwd": 3, "aantal_huishoudens": 6660, "percentage_eenpersoonshuishoudens": 36, "percentage_huishoudens_zonder_kinderen": 29, "percentage_huishoudens_met_kinderen": 35, "gemiddelde_huishoudsgrootte": 2.2, "percentage_met_herkomstland_nederland": 65, "percentage_met_herkomstland_uit_europa_excl_nl": 10, "percentage_met_herkomstland_buiten_europa": 25, "percentage_geb_in_nl_met_herkomstland_nederland": 65, "perc_geb_in_nl_met_herkomstland_in_europa_ex_nl": 5, "perc_geb_in_nl_met_herkomstland_buiten_europa": 10, "perc_geb_buiten_nl_met_herkomstlnd_in_europa_ex_nl": 5, "perc_geb_buiten_nl_met_herkomstlnd_buiten_europa": 15, "oppervlakte_totaal_in_ha": 753, "oppervlakte_land_in_ha": 718, "oppervlakte_water_in_ha": 35, "jrstatcode": "2025WK026808", "jaar": 2025 }, "geometry": { "type": "MultiPolygon", "coordinates": [ [ [ [ 5.797929516845339, 51.846192589393432 ], [ 5.798272926445915, 51.846367601556004 ], [ 5.798847962140927, 51.8466606580659 ], [ 5.798903965776654, 51.846689197617259 ], [ 5.798957490755244, 51.846716469481592 ], [ 5.799259818708049, 51.846870539638154 ], [ 5.799432608576313, 51.846953264536523 ], [ 5.799782337455884, 51.847123094329127 ], [ 5.799846379770299, 51.847156108373973 ], [ 5.799973250120982, 51.847217880112325 ], [ 5.800698991401383, 51.847576983690118 ], [ 5.80076937291057, 51.847611116426087 ], [ 5.801048929919639, 51.847762251112535 ], [ 5.801090905816348, 51.847784852796785 ], [ 5.801171170549888, 51.84782837930166 ], [ 5.801309301230937, 51.847876941818136 ], [ 5.801939007267785, 51.848184630193366 ], [ 5.802021870718336, 51.84822651103849 ], [ 5.802077308525337, 51.848253064636076 ], [ 5.802127944065941, 51.84828922584822 ], [ 5.802173151741727, 51.848323806291752 ], [ 5.802239342960139, 51.848373862497048 ], [ 5.803064121024625, 51.848999027375399 ], [ 5.80331070634554, 51.849189490071872 ], [ 5.803342385962788, 51.849208001770862 ], [ 5.803343246626548, 51.849208475105875 ], [ 5.803387371318952, 51.849229324594681 ], [ 5.803439087472639, 51.849247136014426 ], [ 5.803497358685777, 51.849261265864683 ], [ 5.803564351304411, 51.849262718014486 ], [ 5.803996866488174, 51.849255133403226 ], [ 5.804068795492758, 51.849256783454578 ], [ 5.804106736123603, 51.849260208089397 ], [ 5.804151600562866, 51.849274699840123 ], [ 5.804198766610276, 51.849297938130768 ], [ 5.804241392030628, 51.84933079218785 ], [ 5.804278309937226, 51.849363235070165 ], [ 5.804356330668807, 51.84939732952197 ], [ 5.804451386722649, 51.849438868695508 ], [ 5.804516611339057, 51.84946718403269 ], [ 5.804654409502788, 51.849500867946986 ], [ 5.804726009900576, 51.849520243959596 ], [ 5.804777274331426, 51.849544024719584 ], [ 5.804809097076706, 51.84957317782181 ], [ 5.804830322033278, 51.849606701057546 ], [ 5.804845199460925, 51.849685027263185 ], [ 5.804855382900879, 51.849739227236412 ], [ 5.804882600527166, 51.849792917158616 ], [ 5.804905216389965, 51.849816781850663 ], [ 5.804936305823249, 51.849837263688762 ], [ 5.804981014244388, 51.849866128186122 ], [ 5.80506458395524, 51.849917783792073 ], [ 5.805170279345327, 51.849981108419271 ], [ 5.8052766965426, 51.850047108933744 ], [ 5.805372434866309, 51.850097795159492 ], [ 5.805449609960666, 51.850134372708148 ], [ 5.805546969356304, 51.8501829766859 ], [ 5.805632154737388, 51.850222509718954 ], [ 5.805825446410702, 51.850289449334667 ], [ 5.805912916691707, 51.850323365230444 ], [ 5.805964853822261, 51.850349084574887 ], [ 5.805997515588454, 51.850371555954339 ], [ 5.806047153904097, 51.850410694210979 ], [ 5.806101603480981, 51.850463073213461 ], [ 5.806261345779002, 51.850634963980525 ], [ 5.80668090995389, 51.851011707292116 ], [ 5.806720735744669, 51.85104747372214 ], [ 5.806743422280159, 51.85106940529424 ], [ 5.806771615489509, 51.851098193326386 ], [ 5.806864262825657, 51.851220113742777 ], [ 5.807032071500842, 51.851457940730313 ], [ 5.807129209861642, 51.851557032223582 ], [ 5.807176444029235, 51.851607369205759 ], [ 5.807206677807244, 51.851641677717147 ], [ 5.807256935681575, 51.851704947189759 ], [ 5.80728518523571, 51.85176146421486 ], [ 5.807296593670713, 51.851792595264662 ], [ 5.807309041152239, 51.851823084414939 ], [ 5.807325772385624, 51.851840109733573 ], [ 5.807339005608239, 51.851842509009884 ], [ 5.807412801599392, 51.851855565649394 ], [ 5.807792023661564, 51.85188763513586 ], [ 5.807831123669409, 51.851889049996004 ], [ 5.807868111651895, 51.85188500744627 ], [ 5.807909514299035, 51.851873452704538 ], [ 5.807937821010427, 51.85186145952482 ], [ 5.807947803800773, 51.85185803509458 ], [ 5.808009677519707, 51.851834712968355 ], [ 5.809651592045761, 51.851265203062006 ], [ 5.809873820479948, 51.851186841657608 ], [ 5.811623853832707, 51.850587495381504 ], [ 5.811642270447223, 51.850581190798081 ], [ 5.812358089401187, 51.850335183745877 ], [ 5.812367246894524, 51.8503320405691 ], [ 5.812400723078063, 51.850320548905913 ], [ 5.812350157324536, 51.850099292948997 ], [ 5.812346634314883, 51.850082793951309 ], [ 5.812346493972093, 51.850066399548453 ], [ 5.812344584626984, 51.850045571265795 ], [ 5.812340834056309, 51.849842104585647 ], [ 5.812339075592505, 51.849809590785696 ], [ 5.812335221378694, 51.849770316283838 ], [ 5.812324081720075, 51.849732614186024 ], [ 5.812318075528442, 51.849694453057168 ], [ 5.812315083534044, 51.849684999070071 ], [ 5.812324266680685, 51.849640023609403 ], [ 5.812427302833414, 51.849615956772766 ], [ 5.812577460030672, 51.849586847314882 ], [ 5.8131664327437, 51.849539436138343 ], [ 5.813493477980097, 51.849540846213969 ], [ 5.813823021569744, 51.849539405949159 ], [ 5.814240223490481, 51.849548360022851 ], [ 5.8145386169803, 51.849570931362145 ], [ 5.814718587493084, 51.849575875651681 ], [ 5.815178294450925, 51.84957967396339 ], [ 5.815356762722137, 51.849567050352633 ], [ 5.815624617252376, 51.849574027545636 ], [ 5.816056019151191, 51.849594176853664 ], [ 5.816087262603522, 51.849596795157311 ], [ 5.816145473623425, 51.849601094594149 ], [ 5.816248769933322, 51.849583225471093 ], [ 5.816811240929579, 51.849554445031288 ], [ 5.816962518662088, 51.849539644441187 ], [ 5.817191899185021, 51.849516351054582 ], [ 5.817374644479739, 51.849494082081485 ], [ 5.81752293494105, 51.849479582944042 ], [ 5.816143385456806, 51.847638039129578 ], [ 5.817268984032924, 51.847317130598057 ], [ 5.815277971352546, 51.844897431855628 ], [ 5.814238442096313, 51.843628401735387 ], [ 5.813023196795887, 51.842187412996623 ], [ 5.81292552219201, 51.842063070692433 ], [ 5.812000900704867, 51.840885942000263 ], [ 5.811419575284558, 51.840176132228144 ], [ 5.810610516184095, 51.839177822287155 ], [ 5.809879333337887, 51.838253192170505 ], [ 5.809313560371796, 51.837525142130801 ], [ 5.808886887742521, 51.836829127677838 ], [ 5.808493844873691, 51.836132990894576 ], [ 5.808083025795804, 51.835332803293802 ], [ 5.807617237206491, 51.834043488796219 ], [ 5.807406652928089, 51.83308640570521 ], [ 5.807264149904218, 51.832222792933891 ], [ 5.807136815682367, 51.831182124934337 ], [ 5.807147804458755, 51.830557414817633 ], [ 5.807190642793668, 51.829745190273876 ], [ 5.80731602903758, 51.828776495565762 ], [ 5.807526400244737, 51.827911618448155 ], [ 5.807722089648306, 51.827275828451704 ], [ 5.808050737772577, 51.826483395607553 ], [ 5.808418850845211, 51.825620278578427 ], [ 5.807228821739053, 51.825471858626656 ], [ 5.806417214234556, 51.825369129466203 ], [ 5.805478026272575, 51.825257825268693 ], [ 5.804076169051568, 51.825092870669643 ], [ 5.802531541682167, 51.824910328233969 ], [ 5.800700687430827, 51.824697567765106 ], [ 5.800347374502421, 51.824652890628577 ], [ 5.799460682332621, 51.824551042993015 ], [ 5.798545713209693, 51.824444919436495 ], [ 5.797655446225543, 51.824336518126813 ], [ 5.797086992837373, 51.824273923746262 ], [ 5.795975367683215, 51.824138499654438 ], [ 5.794743688658906, 51.823994962051785 ], [ 5.79367883055737, 51.823869492722295 ], [ 5.792749301335226, 51.823757406146342 ], [ 5.792163406011809, 51.823677949946436 ], [ 5.791454057300497, 51.823565874778467 ], [ 5.790638819249544, 51.823420731496931 ], [ 5.789872468821192, 51.823282138114784 ], [ 5.788856169887726, 51.823104046690212 ], [ 5.788011081372706, 51.822950556222914 ], [ 5.780457413537244, 51.821583946376919 ], [ 5.780456662624364, 51.821584326409493 ], [ 5.779041818718204, 51.821326517656324 ], [ 5.777369867112409, 51.821021027727284 ], [ 5.776130594292959, 51.820800881604583 ], [ 5.775524446973705, 51.820689464648716 ], [ 5.775141831219382, 51.82061913772251 ], [ 5.774722848094095, 51.820533351822412 ], [ 5.774714525482852, 51.820545809449797 ], [ 5.774671914252208, 51.820609589363073 ], [ 5.774671656509933, 51.820609976717989 ], [ 5.774664009716957, 51.820621417312907 ], [ 5.774583475327399, 51.820762217771055 ], [ 5.774514956000222, 51.820888543042422 ], [ 5.774485677813935, 51.820939828951744 ], [ 5.774377540570899, 51.821116054000733 ], [ 5.774330465325459, 51.82117915550895 ], [ 5.774263899603155, 51.821256163531409 ], [ 5.774167791262826, 51.8213504009709 ], [ 5.77399003390619, 51.821503359499957 ], [ 5.773922882666876, 51.821551147799951 ], [ 5.77385857252774, 51.821590297782492 ], [ 5.773810798426529, 51.821616054365968 ], [ 5.773716307726803, 51.821657290189734 ], [ 5.773631415871629, 51.821691420403155 ], [ 5.773505163436327, 51.821739816624529 ], [ 5.77327743560256, 51.8218252466012 ], [ 5.773118643055492, 51.821883133446967 ], [ 5.773098048485734, 51.821890122310748 ], [ 5.772742416749074, 51.822024554543823 ], [ 5.772513710018693, 51.822109491881719 ], [ 5.77228414391014, 51.822194108008112 ], [ 5.772015441541188, 51.822303974799709 ], [ 5.77194539379752, 51.822340778584952 ], [ 5.771761761580311, 51.82246953808243 ], [ 5.771718838132929, 51.822508149362442 ], [ 5.771651218473064, 51.822577986548644 ], [ 5.771501592288717, 51.822782559594728 ], [ 5.771443058893562, 51.823018149830496 ], [ 5.77133417504999, 51.823062882429696 ], [ 5.769954013671787, 51.823036644668619 ], [ 5.769930082711801, 51.823036893535786 ], [ 5.76959001381734, 51.823040114937385 ], [ 5.769103719876615, 51.823043200317322 ], [ 5.768704954526228, 51.823043581139487 ], [ 5.768297173508087, 51.823043001169594 ], [ 5.768213894926849, 51.823044008762999 ], [ 5.76803579459378, 51.823044632088134 ], [ 5.767724286669237, 51.823049687864575 ], [ 5.76749700312147, 51.823054092260612 ], [ 5.767004740188156, 51.823068360932645 ], [ 5.766634674413513, 51.823081872780129 ], [ 5.766531541297106, 51.823086655631649 ], [ 5.766132289759115, 51.823105149989736 ], [ 5.765830617157705, 51.823122474146508 ], [ 5.765614863970711, 51.823133722825048 ], [ 5.765281090836981, 51.82315268614785 ], [ 5.764980109550405, 51.823171228316774 ], [ 5.764653386777685, 51.823188639110036 ], [ 5.764319183051239, 51.823209974029957 ], [ 5.763761424217019, 51.823251593737275 ], [ 5.763357511862898, 51.823281985323106 ], [ 5.762738305558137, 51.823333729431866 ], [ 5.762342247479237, 51.823375588593059 ], [ 5.762225359389824, 51.823386964223481 ], [ 5.761789064820673, 51.823428986106833 ], [ 5.761448216680227, 51.823466270571785 ], [ 5.760716363993647, 51.82354828588084 ], [ 5.759867885768414, 51.823656347190173 ], [ 5.759172275425763, 51.823748897995067 ], [ 5.759134997789467, 51.823754229499876 ], [ 5.75888489117916, 51.823790005303771 ], [ 5.758338307750246, 51.823874357763067 ], [ 5.758244622049563, 51.823888819937658 ], [ 5.758205536789755, 51.823894848974518 ], [ 5.758203639106239, 51.823895151595345 ], [ 5.758082957025076, 51.823914633679337 ], [ 5.757686332197614, 51.823978662367587 ], [ 5.757620556917231, 51.823989943860589 ], [ 5.757655578759523, 51.824027746502885 ], [ 5.757659705788569, 51.824032191735583 ], [ 5.75767890147228, 51.824029308738083 ], [ 5.758038869770659, 51.824438907049576 ], [ 5.758079971162561, 51.824487413554102 ], [ 5.758209314185323, 51.824635187955906 ], [ 5.758571294974053, 51.825057227250092 ], [ 5.759097588937456, 51.825670827552187 ], [ 5.759120569687289, 51.825697621137707 ], [ 5.759416231259582, 51.826042315806411 ], [ 5.759966148031479, 51.826682011565985 ], [ 5.76018738365136, 51.826927681433354 ], [ 5.760395138845733, 51.827158553856826 ], [ 5.760416218907489, 51.827183366788994 ], [ 5.761006095343184, 51.827880168883738 ], [ 5.761113146880326, 51.828005243384872 ], [ 5.761114597088522, 51.828006937577179 ], [ 5.761269983145135, 51.828191172561397 ], [ 5.761351445741141, 51.828281228588949 ], [ 5.761405672623844, 51.828365187399001 ], [ 5.761566581201463, 51.828548586423118 ], [ 5.762427195098622, 51.829557431489498 ], [ 5.762676851025928, 51.829853844330124 ], [ 5.762811043087351, 51.830007090046017 ], [ 5.762975817058373, 51.830193351050568 ], [ 5.763484554061887, 51.83077830570128 ], [ 5.763908202917565, 51.831274815534428 ], [ 5.764252490663449, 51.831684831535938 ], [ 5.764546330795317, 51.832034759317082 ], [ 5.764576541671627, 51.832070058596763 ], [ 5.76466258870186, 51.832170596058958 ], [ 5.764629623742181, 51.832166756197651 ], [ 5.764731540795398, 51.832291295602531 ], [ 5.764788857987691, 51.83227185790588 ], [ 5.76496623726417, 51.832445527673642 ], [ 5.764982140444619, 51.832459660213168 ], [ 5.765020261528332, 51.832493558674443 ], [ 5.765055147475228, 51.832537840197531 ], [ 5.765124511253248, 51.83263133917805 ], [ 5.765114280943281, 51.83263972239034 ], [ 5.765503927219158, 51.833087636620277 ], [ 5.765771562687203, 51.833395292311032 ], [ 5.765942116925755, 51.833594851336507 ], [ 5.766131911556837, 51.833816917926484 ], [ 5.766088034284646, 51.833831962465212 ], [ 5.766302567579698, 51.834076437939785 ], [ 5.766379548148355, 51.83416415896118 ], [ 5.766429852983738, 51.834221477396305 ], [ 5.766464572183561, 51.834209464474618 ], [ 5.766477801620079, 51.834224693054992 ], [ 5.76661535610178, 51.834383037946232 ], [ 5.766678149551845, 51.834451955906609 ], [ 5.766690397084887, 51.834466001165779 ], [ 5.766934222138063, 51.834745714259803 ], [ 5.76705249615311, 51.834872913199717 ], [ 5.767287077819674, 51.83513647630452 ], [ 5.767362235743321, 51.83522268353807 ], [ 5.767466387636416, 51.835342125859263 ], [ 5.767483603672535, 51.83536203336606 ], [ 5.76755327375628, 51.835442586563623 ], [ 5.767693145856533, 51.835616760290222 ], [ 5.767847975883149, 51.83578898875929 ], [ 5.767882885002686, 51.83582851447995 ], [ 5.767952513064964, 51.835907359773309 ], [ 5.768119237647509, 51.836096159903398 ], [ 5.768360990637635, 51.83638267200017 ], [ 5.768361620907126, 51.836383424980916 ], [ 5.768863940944884, 51.836978776650518 ], [ 5.769061471042122, 51.837214790323038 ], [ 5.769216133354048, 51.837359144397112 ], [ 5.769883047638521, 51.83812556277087 ], [ 5.770131491572648, 51.838407986605112 ], [ 5.770379574072085, 51.838702132004777 ], [ 5.770692057460361, 51.83907488594285 ], [ 5.771724404201263, 51.840279363379366 ], [ 5.771845215425786, 51.840420004831074 ], [ 5.771918838191752, 51.840570724121804 ], [ 5.771946594219525, 51.840617957188783 ], [ 5.772002662230793, 51.840662005379045 ], [ 5.773302178394511, 51.842183935525334 ], [ 5.773375624457058, 51.842275933067697 ], [ 5.773498416492976, 51.842429725346598 ], [ 5.773758440051068, 51.842732039669443 ], [ 5.773930782274346, 51.842888229941437 ], [ 5.7740265256381, 51.843011262529032 ], [ 5.774216355364493, 51.84324163913908 ], [ 5.774322564493627, 51.843364843696641 ], [ 5.77501943217793, 51.844173271640663 ], [ 5.775082959429518, 51.844246963601201 ], [ 5.775377007923669, 51.844246486453599 ], [ 5.775619988120034, 51.844254410131889 ], [ 5.775709770236505, 51.844260908143362 ], [ 5.775860317333954, 51.844277990940114 ], [ 5.776372451258287, 51.84435522084182 ], [ 5.776884587011317, 51.844432457494975 ], [ 5.777149703449355, 51.844468706125134 ], [ 5.777917107200496, 51.844573629722014 ], [ 5.777984857892852, 51.844583075651308 ], [ 5.778100764387233, 51.844594823954068 ], [ 5.778217941837002, 51.844602523114567 ], [ 5.778358152664397, 51.844605561278065 ], [ 5.779566574799738, 51.844591279851045 ], [ 5.779595279205328, 51.844587948028732 ], [ 5.779615262652618, 51.844583027448152 ], [ 5.779652139822634, 51.844568342859361 ], [ 5.779901847973632, 51.844423962205767 ], [ 5.780443259114398, 51.844092327559189 ], [ 5.780999322579273, 51.843751149426772 ], [ 5.781048471021527, 51.84371771828723 ], [ 5.781051237232588, 51.843710455339043 ], [ 5.781052668018029, 51.843681588687119 ], [ 5.781055601315761, 51.843622102398356 ], [ 5.781080665676019, 51.843101660041839 ], [ 5.781082939161927, 51.84306959966549 ], [ 5.781094519286788, 51.843049705347852 ], [ 5.781114481990997, 51.843032560312679 ], [ 5.781205508742315, 51.842977515140738 ], [ 5.782177702639556, 51.84238959399444 ], [ 5.782338286562335, 51.84229247261306 ], [ 5.782439455296055, 51.842232664401813 ], [ 5.783161563039178, 51.842089938304355 ], [ 5.783386189338141, 51.842051491553406 ], [ 5.783519621870887, 51.842017289366801 ], [ 5.783589760367765, 51.841997950220126 ], [ 5.784185567489931, 51.841833669494356 ], [ 5.784344682774801, 51.84179613464368 ], [ 5.784503812383593, 51.841758608516514 ], [ 5.784521758070677, 51.84175976118771 ], [ 5.784697659572493, 51.841715382745512 ], [ 5.785008148579803, 51.841636427712665 ], [ 5.785301279981894, 51.841547454714252 ], [ 5.785393942278289, 51.841514179693021 ], [ 5.785562357683413, 51.84145213611513 ], [ 5.785638110832339, 51.841423367582834 ], [ 5.785768512837765, 51.841371789486622 ], [ 5.785961805402334, 51.841281014681229 ], [ 5.78606795643173, 51.841222579593406 ], [ 5.786242465036512, 51.84110986448529 ], [ 5.786501725619128, 51.840921429766617 ], [ 5.786540952822637, 51.840892533268494 ], [ 5.786569634891098, 51.840878827153361 ], [ 5.786596771063915, 51.840878968484851 ], [ 5.786632749300064, 51.840879681934474 ], [ 5.787129253092641, 51.84092134186853 ], [ 5.78721784874605, 51.840928778898693 ], [ 5.787812992730837, 51.841212904238084 ], [ 5.788343750615623, 51.841471593714466 ], [ 5.789041610635567, 51.841819997470303 ], [ 5.790360713806992, 51.842481012217462 ], [ 5.790451581834006, 51.84252788925145 ], [ 5.790633668324656, 51.842621821672608 ], [ 5.790984401958993, 51.842802747904429 ], [ 5.791433987941215, 51.843023888400637 ], [ 5.792611810231699, 51.843606571927708 ], [ 5.793375587734619, 51.843982020095268 ], [ 5.794010134582467, 51.844291459910067 ], [ 5.794856066059153, 51.844685408436455 ], [ 5.796824536569291, 51.8456142134199 ], [ 5.79696292386829, 51.84567628975865 ], [ 5.797089941383709, 51.845732805856095 ], [ 5.797516141378844, 51.845975352342151 ], [ 5.797624400103183, 51.846037092817703 ], [ 5.797929516845339, 51.846192589393432 ] ] ] ] } },
{ "type": "Feature", "properties": { "fid": 733, "wijkcode": "WK026809", "wijknaam": "Nijmegen-Noord", "gemeentecode": "GM0268", "gemeentenaam": "Nijmegen", "indelingswijziging_wijken_en_buurten": 1, "water": "NEE", "omgevingsadressendichtheid": 1209, "stedelijkheid_adressen_per_km2": 3, "bevolkingsdichtheid_inwoners_per_km2": 2417, "aantal_inwoners": 26375, "mannen": 13115, "vrouwen": 13260, "percentage_personen_0_tot_15_jaar": 25, "percentage_personen_15_tot_25_jaar": 10, "percentage_personen_25_tot_45_jaar": 34, "percentage_personen_45_tot_65_jaar": 22, "percentage_personen_65_jaar_en_ouder": 9, "percentage_ongehuwd": 60, "percentage_gehuwd": 32, "percentage_gescheid": 6, "percentage_verweduwd": 2, "aantal_huishoudens": 10195, "percentage_eenpersoonshuishoudens": 26, "percentage_huishoudens_zonder_kinderen": 25, "percentage_huishoudens_met_kinderen": 49, "gemiddelde_huishoudsgrootte": 2.6, "percentage_met_herkomstland_nederland": 80, "percentage_met_herkomstland_uit_europa_excl_nl": 5, "percentage_met_herkomstland_buiten_europa": 15, "percentage_geb_in_nl_met_herkomstland_nederland": 80, "perc_geb_in_nl_met_herkomstland_in_europa_ex_nl": 5, "perc_geb_in_nl_met_herkomstland_buiten_europa": 10, "perc_geb_buiten_nl_met_herkomstlnd_in_europa_ex_nl": 5, "perc_geb_buiten_nl_met_herkomstlnd_buiten_europa": 5, "oppervlakte_totaal_in_ha": 1346, "oppervlakte_land_in_ha": 1091, "oppervlakte_water_in_ha": 255, "jrstatcode": "2025WK026809", "jaar": 2025 }, "geometry": { "type": "MultiPolygon", "coordinates": [ [ [ [ 5.831438627973387, 51.863327392772575 ], [ 5.830050469152102, 51.864054572108117 ], [ 5.827538403980853, 51.86529735222323 ], [ 5.825694879885832, 51.866213472463684 ], [ 5.825569021575573, 51.866275288566726 ], [ 5.825303656270645, 51.866406090139314 ], [ 5.824909318204588, 51.866604111167248 ], [ 5.824484157752146, 51.866814595779552 ], [ 5.824004001837734, 51.867052707181358 ], [ 5.823680752767126, 51.86721480240287 ], [ 5.823395767169491, 51.867353726202438 ], [ 5.8231104078627, 51.867496219095422 ], [ 5.82272187318596, 51.867688269801604 ], [ 5.822369960625466, 51.867860085334698 ], [ 5.821924982596565, 51.868080683108865 ], [ 5.821524001839733, 51.868281000309842 ], [ 5.82120067085015, 51.868439448625509 ], [ 5.821013706330977, 51.868530194722581 ], [ 5.820938872939314, 51.86856338685449 ], [ 5.82063072847552, 51.86869803904905 ], [ 5.82022277563491, 51.868875115471688 ], [ 5.819745821005768, 51.869080812197296 ], [ 5.819543372023568, 51.869172988215809 ], [ 5.819301242165708, 51.869279044259436 ], [ 5.818901328103616, 51.869450612513113 ], [ 5.818452704834327, 51.869650303343718 ], [ 5.818258728473721, 51.869739255112442 ], [ 5.817688939231159, 51.869990010643889 ], [ 5.817303810759575, 51.870163307882287 ], [ 5.817074831109606, 51.870265383174456 ], [ 5.818624446861477, 51.870749450252653 ], [ 5.819011389749476, 51.870875591177047 ], [ 5.819075547157851, 51.870895929650345 ], [ 5.819862669418798, 51.87114228904187 ], [ 5.820096659483567, 51.871215517933052 ], [ 5.820100402527402, 51.871216690601138 ], [ 5.820184730050411, 51.871243084188691 ], [ 5.820684294437385, 51.871404533132086 ], [ 5.821167685204824, 51.871553806509816 ], [ 5.821190769035882, 51.871560929883969 ], [ 5.822010809029077, 51.871890439903012 ], [ 5.822895264923514, 51.872254858860842 ], [ 5.823240173864266, 51.872398291791889 ], [ 5.823502505551827, 51.872507380293371 ], [ 5.823597245129337, 51.872546846842461 ], [ 5.823794836256948, 51.872632670625848 ], [ 5.823807543159051, 51.872640263523287 ], [ 5.82407097737196, 51.872742973869272 ], [ 5.824079023760734, 51.872970404842619 ], [ 5.824444437052917, 51.872923230433869 ], [ 5.825002362243044, 51.872852982905705 ], [ 5.825418327800093, 51.872807980878143 ], [ 5.825993203764262, 51.872741503412783 ], [ 5.826368509741942, 51.872698097118544 ], [ 5.826378743859906, 51.872712647037922 ], [ 5.826398829908206, 51.872732346416768 ], [ 5.826419876234342, 51.872746289610738 ], [ 5.826434934088084, 51.872756659839105 ], [ 5.826442282952416, 51.872765710646881 ], [ 5.826445024776484, 51.872778823480886 ], [ 5.826447482337096, 51.872792566567867 ], [ 5.826460428854094, 51.872809775891895 ], [ 5.826480773790652, 51.872826238456803 ], [ 5.826525217960548, 51.872856992305863 ], [ 5.826533462545915, 51.872862597191045 ], [ 5.826550350009332, 51.872874443646822 ], [ 5.826578743903201, 51.872895801725228 ], [ 5.826615096574407, 51.872915799720836 ], [ 5.826684820633587, 51.872947897029938 ], [ 5.826744208884997, 51.872977336471031 ], [ 5.82677296623379, 51.872992778761706 ], [ 5.826793131904242, 51.873005736460158 ], [ 5.826807345053082, 51.873018806330045 ], [ 5.826830537837407, 51.873044336474038 ], [ 5.826851836829306, 51.873069244516508 ], [ 5.826875320075791, 51.873094773563821 ], [ 5.826891195553825, 51.873114488628055 ], [ 5.826912318653982, 51.873136251371392 ], [ 5.826971468530969, 51.8731858256508 ], [ 5.827026361866506, 51.873230741869484 ], [ 5.827061896509221, 51.873256135843654 ], [ 5.827068334791986, 51.873261145235219 ], [ 5.827071152596272, 51.873267156918196 ], [ 5.827071373393797, 51.873274886131696 ], [ 5.827077381336476, 51.873280436440453 ], [ 5.827106015763423, 51.873298126215111 ], [ 5.827142202689085, 51.873315967448285 ], [ 5.827207852298397, 51.873347090990663 ], [ 5.827253933555159, 51.873366962440947 ], [ 5.827273082053941, 51.873376849830606 ], [ 5.827321310100874, 51.873374215192833 ], [ 5.82733803127901, 51.873371995282419 ], [ 5.827354947996204, 51.873370466744923 ], [ 5.827372002170689, 51.873369629797779 ], [ 5.827389092246661, 51.873369493810273 ], [ 5.827406174751177, 51.873370067933934 ], [ 5.827423147864547, 51.87337133457352 ], [ 5.827529423528374, 51.873387169086861 ], [ 5.827558452997407, 51.873393271197031 ], [ 5.82758781028898, 51.873398742880923 ], [ 5.827617451752177, 51.873403575313546 ], [ 5.827647348256152, 51.873407759615603 ], [ 5.827677470758286, 51.87341129589602 ], [ 5.82770777560799, 51.873414175329678 ], [ 5.827738219241633, 51.873416398080273 ], [ 5.827768772528789, 51.873417955268224 ], [ 5.827799391906036, 51.873418847057188 ], [ 5.827830048418673, 51.87341908254421 ], [ 5.827860683806827, 51.873418643971029 ], [ 5.827891298245078, 51.873417549313729 ], [ 5.827921819041152, 51.87341578985712 ], [ 5.82803881937486, 51.873410191208258 ], [ 5.828053225435907, 51.873410298901874 ], [ 5.828067610193002, 51.873409714565533 ], [ 5.828081886521415, 51.873408438526205 ], [ 5.828095938255733, 51.873406471220328 ], [ 5.828109707488615, 51.8734038308423 ], [ 5.828123107183981, 51.873400526707591 ], [ 5.828136036049368, 51.873396595150311 ], [ 5.828148436089771, 51.87339204537691 ], [ 5.828160220445584, 51.873386904679059 ], [ 5.828171331474399, 51.873381218215762 ], [ 5.828181667708017, 51.873375004344901 ], [ 5.82819120063387, 51.873368317104436 ], [ 5.828199872433989, 51.873361183677162 ], [ 5.828207596425128, 51.873353649330753 ], [ 5.828877169434931, 51.872544987607625 ], [ 5.828886564882654, 51.872525806920962 ], [ 5.828897307753267, 51.872510755837524 ], [ 5.828924893780868, 51.872480810482486 ], [ 5.828986460390873, 51.872406693981809 ], [ 5.828997353703175, 51.872395138818788 ], [ 5.829126915488362, 51.872395828640919 ], [ 5.829182844662395, 51.872383483714223 ], [ 5.830010458678627, 51.872389227452253 ], [ 5.830886012031547, 51.872394083086377 ], [ 5.831464471949064, 51.872358071961507 ], [ 5.831433919008144, 51.872315321792897 ], [ 5.831611237201008, 51.872231993125958 ], [ 5.831831338305578, 51.872487078077008 ], [ 5.832029725477621, 51.872735521553487 ], [ 5.832415629794678, 51.873217707706658 ], [ 5.832438757758052, 51.873246625632184 ], [ 5.832471766196649, 51.873287892123685 ], [ 5.832583114108544, 51.87343951069947 ], [ 5.832694459832262, 51.873591125581775 ], [ 5.832527115968158, 51.873693680213457 ], [ 5.832559503969215, 51.873727974017321 ], [ 5.832844864284279, 51.874030160472799 ], [ 5.833123189840697, 51.874384047389277 ], [ 5.833473584844296, 51.874829566308613 ], [ 5.833442603062817, 51.874837629841295 ], [ 5.833479631394733, 51.874887204044484 ], [ 5.833740518380449, 51.875209543499764 ], [ 5.833897198991727, 51.875403088345521 ], [ 5.833898448743085, 51.875404638587035 ], [ 5.834030519883506, 51.875578097884024 ], [ 5.834076790484557, 51.875657415357885 ], [ 5.834123388071759, 51.875756470139549 ], [ 5.834134798170982, 51.875782358295496 ], [ 5.834274262978659, 51.876098983689481 ], [ 5.834321286195651, 51.876205703890754 ], [ 5.834327734367362, 51.876220348434131 ], [ 5.834284202586739, 51.876225278081044 ], [ 5.834309674250188, 51.876264712148796 ], [ 5.834371767691287, 51.87636080455249 ], [ 5.834414580870141, 51.876431101696184 ], [ 5.83453315955144, 51.876625824484108 ], [ 5.834635145275214, 51.876793312559236 ], [ 5.834646455014723, 51.876822194189657 ], [ 5.834648853998035, 51.876828315148785 ], [ 5.834679503853408, 51.876902083138233 ], [ 5.834694553970359, 51.876931777441897 ], [ 5.834760680350975, 51.877062288898401 ], [ 5.834798098886916, 51.877136147901574 ], [ 5.834846351146309, 51.877204159066487 ], [ 5.834847322470935, 51.877205449695317 ], [ 5.83503779554334, 51.877457477628795 ], [ 5.835105016498013, 51.877551896210626 ], [ 5.835121468397221, 51.87757501457628 ], [ 5.835152074319386, 51.877617997272367 ], [ 5.835153812552076, 51.877619006331429 ], [ 5.83295924500405, 51.878381514343552 ], [ 5.832813415068824, 51.878435072626907 ], [ 5.833444340097942, 51.879062611446585 ], [ 5.834266701887751, 51.879852638716422 ], [ 5.834448724774679, 51.880023785999853 ], [ 5.83453784550564, 51.880107578044893 ], [ 5.834571517821027, 51.880153560317176 ], [ 5.834572489559367, 51.880154886899888 ], [ 5.834702134797022, 51.880272626447606 ], [ 5.834974194557953, 51.880514051688145 ], [ 5.835171880838546, 51.88069848590947 ], [ 5.835299929334459, 51.88080870758612 ], [ 5.835410746408964, 51.880906563927141 ], [ 5.835612698842812, 51.8810858936776 ], [ 5.835964089805904, 51.881411001367987 ], [ 5.835972632362083, 51.881418536961895 ], [ 5.836081704971646, 51.881542124180761 ], [ 5.836900437670955, 51.882469840392282 ], [ 5.836922473518069, 51.882494806701388 ], [ 5.837692315830954, 51.883324694960756 ], [ 5.83778835704268, 51.883434003055925 ], [ 5.837653507204475, 51.883497286565259 ], [ 5.837574217909372, 51.883527701910211 ], [ 5.837469945597133, 51.883558033241876 ], [ 5.836820808386117, 51.883655797971187 ], [ 5.836697885320013, 51.883680267680759 ], [ 5.836674051088101, 51.883693392120719 ], [ 5.836653088091656, 51.883732212424654 ], [ 5.836443227908283, 51.884392693093822 ], [ 5.836415783571426, 51.884432688665143 ], [ 5.836413764098959, 51.884463167106432 ], [ 5.836257336328227, 51.884939135567137 ], [ 5.836228114420266, 51.885028079785528 ], [ 5.836190745498617, 51.885198642951849 ], [ 5.83613868670824, 51.885345451969101 ], [ 5.836065820869752, 51.885532320950553 ], [ 5.836035710715278, 51.885600747967786 ], [ 5.836005989617923, 51.885660140137311 ], [ 5.835957124212399, 51.885754453531732 ], [ 5.835930133328192, 51.885806536657164 ], [ 5.83592433421552, 51.885822189663486 ], [ 5.8359052480717, 51.885874584133397 ], [ 5.835894350265026, 51.885917860027945 ], [ 5.835877275986499, 51.885997203044646 ], [ 5.83587357141584, 51.886033530374462 ], [ 5.835869782736583, 51.886096364844505 ], [ 5.835868835004711, 51.886112017286521 ], [ 5.835874830651949, 51.886159722830079 ], [ 5.835920464996455, 51.886306311192499 ], [ 5.836001333837599, 51.886565964890153 ], [ 5.836059283012862, 51.886725287640488 ], [ 5.836104604719053, 51.886870996254835 ], [ 5.83614237025709, 51.887030935425138 ], [ 5.836166163099004, 51.887260767938379 ], [ 5.83616616139392, 51.887449704281835 ], [ 5.836150774203855, 51.887596184277875 ], [ 5.836094839509792, 51.887798817063668 ], [ 5.836027755391499, 51.887961404137116 ], [ 5.835940133726277, 51.888147538385304 ], [ 5.835770974303873, 51.888503757096863 ], [ 5.835685324044307, 51.888666387911471 ], [ 5.835638107684785, 51.888756029844885 ], [ 5.835495804311518, 51.888979845211431 ], [ 5.834526181065772, 51.890235537834613 ], [ 5.834389090488844, 51.890341853498249 ], [ 5.834106216478801, 51.890513170764983 ], [ 5.833963616525248, 51.890576901860328 ], [ 5.831802921199859, 51.891268221062191 ], [ 5.831699003410366, 51.891301350221639 ], [ 5.831241769410216, 51.891447146171515 ], [ 5.830964190379194, 51.891523967687149 ], [ 5.830426384150657, 51.89165498236563 ], [ 5.830376277051891, 51.891664968835727 ], [ 5.830369839676957, 51.891666251506116 ], [ 5.830288369774653, 51.891683726783363 ], [ 5.830285822140133, 51.891684653212963 ], [ 5.830284171961683, 51.891685252673732 ], [ 5.830277281868096, 51.891687768458013 ], [ 5.830235825343723, 51.891702890557767 ], [ 5.830208777974501, 51.891719315532612 ], [ 5.83019842390672, 51.891725592542947 ], [ 5.830191010038047, 51.891739822182956 ], [ 5.830190470425664, 51.891744030789653 ], [ 5.830186426163658, 51.891775882958108 ], [ 5.830188974351392, 51.891850198422368 ], [ 5.830190956379312, 51.891908336902404 ], [ 5.830191547614122, 51.891925583410845 ], [ 5.830193978014602, 51.891996789331671 ], [ 5.830193997412532, 51.891997283620533 ], [ 5.830202755212279, 51.892253581754069 ], [ 5.830218429324405, 51.892711957932768 ], [ 5.830218511524416, 51.892714402467121 ], [ 5.830218692488939, 51.89271949820639 ], [ 5.83021907966263, 51.892730777185974 ], [ 5.830226031626803, 51.893083887156102 ], [ 5.830227480159579, 51.893157164101659 ], [ 5.830227512933788, 51.893159015587933 ], [ 5.830230292203214, 51.893299511741091 ], [ 5.830231924731808, 51.893382612309338 ], [ 5.8302320059598, 51.893386432071914 ], [ 5.830237803384825, 51.893681041786913 ], [ 5.830241261625782, 51.893856813929553 ], [ 5.830260459016762, 51.893855968499615 ], [ 5.83173837997836, 51.893798214536133 ], [ 5.834300154348035, 51.893689356063447 ], [ 5.834396893150634, 51.893689221411506 ], [ 5.836681415271737, 51.893745198036662 ], [ 5.836721653380467, 51.893746275427915 ], [ 5.836722394491916, 51.89374629506208 ], [ 5.836848123584353, 51.89374964996788 ], [ 5.836963837486134, 51.893752736592752 ], [ 5.838063665124614, 51.893782126804254 ], [ 5.838299782804657, 51.893794954318025 ], [ 5.838303072244736, 51.89375648031146 ], [ 5.838308388450375, 51.893694134312412 ], [ 5.839091037357085, 51.89373423362327 ], [ 5.839662676473804, 51.893760346005031 ], [ 5.840655926676845, 51.89383111864317 ], [ 5.840847524147285, 51.893843142191521 ], [ 5.841191800232458, 51.893867266908174 ], [ 5.842142536034713, 51.893915432700688 ], [ 5.843783787749924, 51.89399139678742 ], [ 5.845129005165539, 51.894056807769303 ], [ 5.846229621220691, 51.894098082056466 ], [ 5.8469309720316, 51.894121135251389 ], [ 5.847370516594761, 51.894128581890335 ], [ 5.848596249697509, 51.894144266021726 ], [ 5.849726393661054, 51.894194173219198 ], [ 5.849764719108837, 51.894178723996717 ], [ 5.849764217818395, 51.894189305326705 ], [ 5.849816814830394, 51.894191300301621 ], [ 5.849853904448636, 51.894192700193706 ], [ 5.851296608585065, 51.894247193979311 ], [ 5.852063261772041, 51.894238777669706 ], [ 5.852780489296308, 51.894269499093113 ], [ 5.853467483175307, 51.894321036490247 ], [ 5.855180293153324, 51.894454406717109 ], [ 5.856435558509248, 51.894552126366044 ], [ 5.856563306073036, 51.894564900733577 ], [ 5.856667755425055, 51.894575341231288 ], [ 5.85712354051811, 51.89462092317055 ], [ 5.857127095660936, 51.894564929121124 ], [ 5.857158588646664, 51.894068463024354 ], [ 5.857218574264641, 51.893251454936738 ], [ 5.857242108445332, 51.893042991357547 ], [ 5.857253358499961, 51.892883761534158 ], [ 5.857271593518641, 51.892727056455826 ], [ 5.857330711165393, 51.891949654584714 ], [ 5.857350326297836, 51.891673550839037 ], [ 5.857430315628617, 51.890762749059142 ], [ 5.857478393262793, 51.890235835354666 ], [ 5.857511487625065, 51.889826442232945 ], [ 5.857627692088261, 51.888388818664893 ], [ 5.857763619394475, 51.888396444509688 ], [ 5.857745797151377, 51.888327161290128 ], [ 5.857804767032754, 51.888336326857853 ], [ 5.857836187476511, 51.888343328746274 ], [ 5.858574480858908, 51.888481287811686 ], [ 5.858938170697982, 51.888491044859819 ], [ 5.859139172771657, 51.888494272996766 ], [ 5.859386274762901, 51.888502474777148 ], [ 5.859383216081806, 51.888509992406703 ], [ 5.859277020296548, 51.888572664187485 ], [ 5.859308259439743, 51.888574812665546 ], [ 5.860250025193882, 51.888463907546452 ], [ 5.860812844666913, 51.888395636910865 ], [ 5.861073684653747, 51.8883649227893 ], [ 5.861292429967034, 51.888663650852486 ], [ 5.861435837288047, 51.888701344471549 ], [ 5.861440469487329, 51.888702566165868 ], [ 5.861752219389135, 51.888771793906109 ], [ 5.861871296398061, 51.888768238583907 ], [ 5.861875939827197, 51.888767770392818 ], [ 5.861882038657217, 51.888767565970682 ], [ 5.862085200680736, 51.888761980675355 ], [ 5.862160319563122, 51.888763744199615 ], [ 5.862427570411593, 51.888747112966719 ], [ 5.862797213681313, 51.888728897968697 ], [ 5.862999991836088, 51.888717263437719 ], [ 5.863152554463258, 51.888708510649856 ], [ 5.863287754313123, 51.88870075386702 ], [ 5.863945326055275, 51.888657134754411 ], [ 5.864298062679401, 51.888633734429959 ], [ 5.864381675158106, 51.888628271286343 ], [ 5.864428011482222, 51.888628082982024 ], [ 5.864456632428375, 51.888628505966665 ], [ 5.864461343172345, 51.888628909276548 ], [ 5.864479459397779, 51.888630480525904 ], [ 5.864497515855759, 51.888634631692419 ], [ 5.864510484576432, 51.888638443999987 ], [ 5.86461416838056, 51.888676403066974 ], [ 5.864646248578794, 51.888687957584793 ], [ 5.865422573954925, 51.88894789866071 ], [ 5.865457686981833, 51.888944097369674 ], [ 5.865478943360034, 51.888941790654336 ], [ 5.865535312654126, 51.888935673633078 ], [ 5.86549063752027, 51.888827140638952 ], [ 5.865544855519802, 51.888816807816298 ], [ 5.865642244881009, 51.888798245453387 ], [ 5.865507554846904, 51.888441549296701 ], [ 5.866706890300538, 51.888337210050594 ], [ 5.867191899697392, 51.88829501431605 ], [ 5.867326604978673, 51.888283291005237 ], [ 5.867647636349248, 51.888255354235021 ], [ 5.867651249996168, 51.888255042831744 ], [ 5.868035122213786, 51.888246289831955 ], [ 5.868067579865157, 51.888245545707335 ], [ 5.868507813580848, 51.88823550869899 ], [ 5.868506221250194, 51.888265878124585 ], [ 5.868622339231102, 51.888258822595873 ], [ 5.868721161306777, 51.888250840162428 ], [ 5.868808358305987, 51.888249242164818 ], [ 5.868935688170418, 51.888252836567212 ], [ 5.869053087155235, 51.888258242302825 ], [ 5.869170587048189, 51.888267638367736 ], [ 5.869265235225636, 51.888272750766575 ], [ 5.869351904030338, 51.888284205727281 ], [ 5.869389395066818, 51.888292276192416 ], [ 5.869420645694379, 51.888304947380746 ], [ 5.869454534239013, 51.888319782926253 ], [ 5.870799127351989, 51.888540482853159 ], [ 5.871481040398742, 51.88865240980855 ], [ 5.871758146195654, 51.887968191192385 ], [ 5.872039827880982, 51.887272654490097 ], [ 5.872233188270028, 51.887301760456452 ], [ 5.872840681905132, 51.887393196630576 ], [ 5.872870082631215, 51.887342155586332 ], [ 5.873046177198478, 51.887039631646246 ], [ 5.873117900823115, 51.886915618130352 ], [ 5.873186398700182, 51.886748536377034 ], [ 5.873210105608329, 51.886682804747394 ], [ 5.873245095074332, 51.886585827573079 ], [ 5.873422666189723, 51.886110062900144 ], [ 5.873743532337381, 51.885300790747252 ], [ 5.873781930448146, 51.885204922819 ], [ 5.873805817917987, 51.885145293447849 ], [ 5.873862222402267, 51.885002053741644 ], [ 5.873894312065835, 51.884920566442851 ], [ 5.873899443706609, 51.884907547900461 ], [ 5.873928408738704, 51.884846036849495 ], [ 5.873949811085515, 51.88479705106144 ], [ 5.873973008128456, 51.884739428934409 ], [ 5.873997278502746, 51.884673622879099 ], [ 5.874022859874592, 51.884608170920032 ], [ 5.874136763017373, 51.884342539866509 ], [ 5.874156179222139, 51.884297966604855 ], [ 5.874228665630839, 51.884124368986534 ], [ 5.874242987351626, 51.88409222087683 ], [ 5.874273132167818, 51.884005627109914 ], [ 5.874287020047302, 51.883973660562482 ], [ 5.8743128994552, 51.883908980300781 ], [ 5.874320819053898, 51.883889208846661 ], [ 5.874370297401033, 51.883763884579864 ], [ 5.874396918902366, 51.883693987926854 ], [ 5.874420150810995, 51.883632985904228 ], [ 5.874482988921769, 51.883467248080315 ], [ 5.874507986006801, 51.883401618657331 ], [ 5.874526518934211, 51.883365408236244 ], [ 5.874547528314284, 51.883324513547549 ], [ 5.874566370518592, 51.883280661666852 ], [ 5.874595330759544, 51.883205488033042 ], [ 5.874637838033042, 51.88310715787749 ], [ 5.874687890717758, 51.882981381653167 ], [ 5.874733597690624, 51.882870094828711 ], [ 5.874781765650287, 51.882758078689903 ], [ 5.874805818353753, 51.882699194443006 ], [ 5.874818835015884, 51.882667321327446 ], [ 5.874841674071894, 51.882617071010017 ], [ 5.874844364342279, 51.882610678048039 ], [ 5.874846066230133, 51.882606895837263 ], [ 5.874893111906958, 51.882486534052141 ], [ 5.875026762861332, 51.882166520868026 ], [ 5.875067436791743, 51.882086804217295 ], [ 5.875112991952207, 51.882001853974721 ], [ 5.875184777198055, 51.881858010330703 ], [ 5.875237245521844, 51.881767728127038 ], [ 5.875300757870291, 51.881651243638203 ], [ 5.875351142855796, 51.881569778708247 ], [ 5.875372077285062, 51.881531490816243 ], [ 5.875389291923447, 51.881495726160324 ], [ 5.875397421281373, 51.881460574537712 ], [ 5.875411086493146, 51.881401553573809 ], [ 5.875416874307398, 51.881368784632855 ], [ 5.875461279944684, 51.881281088561479 ], [ 5.87556381170787, 51.881301937772378 ], [ 5.875670195580439, 51.881098446444639 ], [ 5.875725102395723, 51.880992154445579 ], [ 5.875736377970345, 51.880969906090172 ], [ 5.875736449218158, 51.880969779955571 ], [ 5.875768044004665, 51.88090748445758 ], [ 5.87577806543015, 51.880882095363305 ], [ 5.875784046476156, 51.880839069789751 ], [ 5.875790895027941, 51.880768949454804 ], [ 5.875802811272351, 51.880641255062947 ], [ 5.875805606120436, 51.880623122741767 ], [ 5.875816772488103, 51.880553406891252 ], [ 5.87581913591678, 51.880450119903394 ], [ 5.875820722136652, 51.880328769388093 ], [ 5.875825630028003, 51.880205697243788 ], [ 5.875825489557606, 51.880204798984522 ], [ 5.875815608950036, 51.880140204243439 ], [ 5.875812763573571, 51.880121601028691 ], [ 5.875765599646202, 51.880108970791845 ], [ 5.875776949105538, 51.880069482296882 ], [ 5.875787122924662, 51.880022043924825 ], [ 5.875797519802963, 51.879983107686186 ], [ 5.875803449660702, 51.879955434572359 ], [ 5.875802602715655, 51.879924266191836 ], [ 5.875805569876696, 51.879821740700869 ], [ 5.875806154969258, 51.879816776647807 ], [ 5.875816398630656, 51.879728988878846 ], [ 5.875825520945714, 51.87961552580434 ], [ 5.875837804159485, 51.879497582318152 ], [ 5.875847058388134, 51.879381565972579 ], [ 5.87586245317959, 51.879245255136688 ], [ 5.875872709391925, 51.879095824584724 ], [ 5.875890760949964, 51.878881923457534 ], [ 5.875902911790811, 51.878766533220379 ], [ 5.875914655319634, 51.878636385656691 ], [ 5.875925690143363, 51.878515867659083 ], [ 5.875940295149924, 51.878363057307105 ], [ 5.875965259127538, 51.878109083868097 ], [ 5.875971824575959, 51.878007630969407 ], [ 5.875976686289365, 51.877932485340239 ], [ 5.875986906768806, 51.877803881118176 ], [ 5.875997471414403, 51.877646818054828 ], [ 5.875999758317136, 51.877612706387161 ], [ 5.876011588968114, 51.87743049737653 ], [ 5.876012446988462, 51.87741724484134 ], [ 5.876034936781296, 51.877152171940757 ], [ 5.87597801946083, 51.877149137115872 ], [ 5.875997780119903, 51.877047179846535 ], [ 5.876065203608946, 51.876699432909028 ], [ 5.876065756958901, 51.876698235142122 ], [ 5.876071602214795, 51.876685546087359 ], [ 5.876082022310834, 51.876663534944633 ], [ 5.87610402088214, 51.87663389832862 ], [ 5.876135838473951, 51.87659776711574 ], [ 5.876206846932543, 51.876598612911032 ], [ 5.87622690476541, 51.876598852950018 ], [ 5.876278436345348, 51.876592786818755 ], [ 5.876370723124193, 51.876581912828442 ], [ 5.876670999775256, 51.876527225044846 ], [ 5.876699456013262, 51.87652254926472 ], [ 5.876782925791459, 51.87650884439681 ], [ 5.876817629936915, 51.876503144816688 ], [ 5.876829893843978, 51.876501134191081 ], [ 5.876956852446077, 51.87648029076923 ], [ 5.877078582034669, 51.876142033156341 ], [ 5.877253637913649, 51.875658802914458 ], [ 5.877410606458468, 51.875219178934287 ], [ 5.877541130527419, 51.87487036756513 ], [ 5.877643205289456, 51.874634803458584 ], [ 5.877769243325211, 51.874420891163297 ], [ 5.877967165662082, 51.874130168593688 ], [ 5.878227213079446, 51.873750802450729 ], [ 5.87835918470529, 51.873538185967035 ], [ 5.878511468334788, 51.873211061381738 ], [ 5.878677120697673, 51.872819873871833 ], [ 5.878911984222595, 51.872244717276999 ], [ 5.879064577925442, 51.871880315496355 ], [ 5.879187894257035, 51.871554291037633 ], [ 5.879369670224136, 51.871078462527116 ], [ 5.879422456048553, 51.870923558963014 ], [ 5.879538855368431, 51.870568332638634 ], [ 5.879541175596753, 51.870426098638106 ], [ 5.879577057943388, 51.870141131070909 ], [ 5.879612032846075, 51.869880750704532 ], [ 5.8796597401838, 51.869705149922353 ], [ 5.879786361755032, 51.869423334038466 ], [ 5.879919360361539, 51.869234719475685 ], [ 5.879933777117047, 51.8692080711199 ], [ 5.87998479810769, 51.869113792791978 ], [ 5.880001519384229, 51.869121236945723 ], [ 5.880043781471785, 51.869172455502309 ], [ 5.880047549360944, 51.869169140921258 ], [ 5.880085702824698, 51.86913557964224 ], [ 5.880705411515286, 51.868590423998 ], [ 5.881357194809301, 51.867970058406982 ], [ 5.881403380673468, 51.867971329095205 ], [ 5.881455199049879, 51.867969861536757 ], [ 5.88151614372922, 51.867959879412354 ], [ 5.881562420454253, 51.867944314277835 ], [ 5.881633275234234, 51.867903343104466 ], [ 5.881809272850421, 51.867785158524484 ], [ 5.881896612188807, 51.867685270310332 ], [ 5.881818962002431, 51.867559759127083 ], [ 5.88175779735894, 51.867446654416995 ], [ 5.881727615139022, 51.867371674028561 ], [ 5.881720125961283, 51.867328336275811 ], [ 5.881739158764729, 51.867281929590469 ], [ 5.881800456489708, 51.867246041095321 ], [ 5.881893206227581, 51.867209148148262 ], [ 5.881926567168351, 51.867194239521098 ], [ 5.881967653593472, 51.867153043041014 ], [ 5.882117788697549, 51.867036171431764 ], [ 5.882265415629944, 51.866935534369716 ], [ 5.882354952785257, 51.866891787420606 ], [ 5.882458454685159, 51.866841222166038 ], [ 5.882584561918612, 51.866803783446805 ], [ 5.882763952449428, 51.866768843165609 ], [ 5.882952374937628, 51.866724804100286 ], [ 5.882990506373563, 51.86667513463096 ], [ 5.882979314878885, 51.866596326155992 ], [ 5.88296009854237, 51.866527115290012 ], [ 5.882941619889666, 51.866505081722089 ], [ 5.882924921441951, 51.866485170898152 ], [ 5.882896900136907, 51.866462800105928 ], [ 5.882856486762176, 51.866430531409002 ], [ 5.882776335078428, 51.866396947373438 ], [ 5.88266784236354, 51.866351483316983 ], [ 5.882526866268056, 51.866285806363095 ], [ 5.882567495041215, 51.866258552694113 ], [ 5.882628906338935, 51.866217342109366 ], [ 5.88270565235303, 51.866165846885821 ], [ 5.882738267494164, 51.866143957138902 ], [ 5.882961563100492, 51.866258156456269 ], [ 5.883156992826573, 51.866349498586629 ], [ 5.883302441886316, 51.866430975570168 ], [ 5.883434621825563, 51.866512517456137 ], [ 5.883615584470577, 51.866647855567159 ], [ 5.883747956275983, 51.866746672107382 ], [ 5.883868429115416, 51.866821054283442 ], [ 5.88401220070148, 51.86689894210528 ], [ 5.884110657332354, 51.866935971291745 ], [ 5.884319718921001, 51.867013546390631 ], [ 5.884370911086042, 51.866975227514253 ], [ 5.884374943182161, 51.866972217280441 ], [ 5.884454776923801, 51.866912465422629 ], [ 5.884488156090962, 51.86688747992465 ], [ 5.884578184709954, 51.866820098533424 ], [ 5.885061644021164, 51.866458187147444 ], [ 5.885155385823881, 51.866393252394559 ], [ 5.885723984898443, 51.865999526417582 ], [ 5.886127254015499, 51.865699162503219 ], [ 5.886765709096252, 51.865203007561398 ], [ 5.885814752567792, 51.864229249935853 ], [ 5.885031995191992, 51.863440185388455 ], [ 5.884169625445414, 51.862571347533482 ], [ 5.883707574661853, 51.862067899558141 ], [ 5.883602435316289, 51.861937337386728 ], [ 5.883029618512835, 51.861169357229819 ], [ 5.882328383507952, 51.860205598979121 ], [ 5.881584195290995, 51.859100368210449 ], [ 5.881303808831966, 51.858683942060104 ], [ 5.880704480580278, 51.857812839434295 ], [ 5.88041757910375, 51.85741650349577 ], [ 5.879848962720908, 51.856645389041084 ], [ 5.879174306748168, 51.855738064673467 ], [ 5.87862202875848, 51.855145961997557 ], [ 5.878201920440961, 51.854717028818513 ], [ 5.877805953805939, 51.854367541171932 ], [ 5.877690503973704, 51.854285248906564 ], [ 5.877572644726065, 51.854206921521346 ], [ 5.877475200921315, 51.854149218169376 ], [ 5.876309901700646, 51.853508941932731 ], [ 5.874962589281055, 51.852783876501924 ], [ 5.873422103438799, 51.852127126508684 ], [ 5.87289219804233, 51.851905103350028 ], [ 5.872625549804251, 51.85181703106911 ], [ 5.872028082785725, 51.851683406399744 ], [ 5.871353822276736, 51.851573825082774 ], [ 5.870286948150826, 51.851384915526793 ], [ 5.864239246682129, 51.851313126006545 ], [ 5.861189548367707, 51.851495032205996 ], [ 5.859045188430113, 51.851722263692942 ], [ 5.857921265400369, 51.851922015437239 ], [ 5.856908045225961, 51.852095094037722 ], [ 5.856732338453891, 51.852126052293777 ], [ 5.85484197889601, 51.852559275446779 ], [ 5.852878078735773, 51.853086248797737 ], [ 5.851457186343738, 51.85361976925882 ], [ 5.850452752349491, 51.854003860009428 ], [ 5.849090383749322, 51.854615141254321 ], [ 5.847837015916729, 51.855182312886015 ], [ 5.845753614910399, 51.856117881679516 ], [ 5.844326005592676, 51.856734036000596 ], [ 5.844159292958434, 51.856819949614724 ], [ 5.842308775616062, 51.857697438059851 ], [ 5.84182345165781, 51.857920938052921 ], [ 5.841522281043781, 51.858065838457357 ], [ 5.840952930093302, 51.858351365715968 ], [ 5.84025584927425, 51.858689524359441 ], [ 5.839478044995069, 51.859056466195376 ], [ 5.838307374007043, 51.85962140076245 ], [ 5.837249522009742, 51.860155231434724 ], [ 5.836128129380953, 51.860774568837243 ], [ 5.834545589082018, 51.861663662085277 ], [ 5.834118915740428, 51.861898249763897 ], [ 5.833727676762733, 51.862108117705354 ], [ 5.831438627973387, 51.863327392772575 ] ] ] ] } }
]
}
