{
"type": "FeatureCollection",
"name": "nijmegen-buurten",
"crs": { "type": "name", "properties": { "name": "urn:ogc:def:crs:EPSG::28992" } },
"features": [
{ "type": "Feature", "properties": { "fid": 3068, "buurtcode": "BU02680100", "buurtnaam": "Benedenstad", "wijkcode": "WK026801", "gemeentecode": "GM0268", "gemeentenaam": "Nijmegen", "indelingswijziging_wijken_en_buurten": 1, "water": "NEE", "meest_voorkomende_postcode": "6511", "dekkingspercentage": 1, "omgevingsadressendichtheid": 3265, "stedelijkheid_adressen_per_km2": 1, "bevolkingsdichtheid_inwoners_per_km2": 8788, "aantal_inwoners": 2685, "mannen": 1305, "vrouwen": 1385, "percentage_personen_0_tot_15_jaar": 5, "percentage_personen_15_tot_25_jaar": 16, "percentage_personen_25_tot_45_jaar": 30, "percentage_personen_45_tot_65_jaar": 26, "percentage_personen_65_jaar_en_ouder": 23, "percentage_ongehuwd": 67, "percentage_gehuwd": 18, "percentage_gescheid": 12, "percentage_verweduwd": 3, "aantal_huishoudens": 1860, "percentage_eenpersoonshuishoudens": 67, "percentage_huishoudens_zonder_kinderen": 22, "percentage_huishoudens_met_kinderen": 11, "gemiddelde_huishoudsgrootte": 1.4, "percentage_met_herkomstland_nederland": 75, "percentage_met_herkomstland_uit_europa_excl_nl": 10, "percentage_met_herkomstland_buiten_europa": 15, "percentage_geb_in_nl_met_herkomstland_nederland": 75, "perc_geb_in_nl_met_herkomstland_in_europa_ex_nl": 5, "perc_geb_in_nl_met_herkomstland_buiten_europa": 5, "perc_geb_buiten_nl_met_herkomstlnd_in_europa_ex_nl": 5, "perc_geb_buiten_nl_met_herkomstlnd_buiten_europa": 10, "oppervlakte_totaal_in_ha": 49, "oppervlakte_land_in_ha": 31, "oppervlakte_water_in_ha": 18, "jrstatcode": "2025BU02680100", "jaar": 2025 }, "geometry": { "type": "MultiPolygon", "coordinates": [ [ [ [ 187361.835099998861551, 429384.924600005149841 ], [ 187431.768099997192621, 429366.120600000023842 ], [ 187509.348100002855062, 429344.399600010365248 ], [ 187657.255100004374981, 429320.080600008368492 ], [ 187867.507100004702806, 429301.217600006610155 ], [ 188284.132200010120869, 429311.956700012087822 ], [ 188357.498200006783009, 429333.462700005620718 ], [ 188415.190200004726648, 429153.361800000071526 ], [ 188458.692099995911121, 429021.816800005733967 ], [ 188459.812100004404783, 429018.802800003439188 ], [ 188462.596099995076656, 429011.218800000846386 ], [ 188452.411100007593632, 429007.9577999971807 ], [ 188443.870100002735853, 429005.016800012439489 ], [ 188430.148100011050701, 429000.676700003445148 ], [ 188420.207100003957748, 428997.176700003445148 ], [ 188415.167100001126528, 428994.935700003057718 ], [ 188410.266100000590086, 428991.995700009167194 ], [ 188403.405100002884865, 428985.974700003862381 ], [ 188399.065099999308586, 428981.074700001627207 ], [ 188396.405099999159575, 428977.013700004667044 ], [ 188394.024099994450808, 428972.533700011670589 ], [ 188392.204100001603365, 428968.052700005471706 ], [ 188391.364100012928247, 428964.692700006067753 ], [ 188390.244100004434586, 428960.491700008511543 ], [ 188389.68410000577569, 428955.451700001955032 ], [ 188389.824100006371737, 428950.130700007081032 ], [ 188391.364100012928247, 428939.069699995219707 ], [ 188392.484100006520748, 428923.667700007557869 ], [ 188391.924100007861853, 428914.706700008362532 ], [ 188390.804099999368191, 428907.426699999719858 ], [ 188388.424100007861853, 428897.064700003713369 ], [ 188383.94310000166297, 428885.863600000739098 ], [ 188377.502099998295307, 428874.942600004374981 ], [ 188370.78210000321269, 428866.401599999517202 ], [ 188361.54109999909997, 428857.440600000321865 ], [ 188350.900100007653236, 428849.039599999785423 ], [ 188341.518100004643202, 428843.018600005656481 ], [ 188318.696100004017353, 428831.117600001394749 ], [ 188304.134100005030632, 428825.516600001603365 ], [ 188291.393100000917912, 428821.456600002944469 ], [ 188275.08110000193119, 428817.955600004643202 ], [ 188260.729100000113249, 428815.575599998235703 ], [ 188226.986100003123283, 428810.185500003397465 ], [ 188201.993099998682737, 428806.404500000178814 ], [ 188191.70210000872612, 428804.794500004500151 ], [ 188186.381099998950958, 428804.024500008672476 ], [ 188183.79109999537468, 428803.25449999794364 ], [ 188181.971100002527237, 428802.624500006437302 ], [ 188179.660100005567074, 428801.154500000178814 ], [ 188177.700100008398294, 428799.05350000038743 ], [ 188176.790100008249283, 428796.813499998301268 ], [ 188176.020100001245737, 428794.01350000873208 ], [ 188175.810100004076958, 428792.333500001579523 ], [ 188175.8800999969244, 428790.02250000834465 ], [ 188176.30010000616312, 428788.27250000461936 ], [ 188145.496100004762411, 428779.731500003486872 ], [ 188146.057099997997284, 428785.192499998956919 ], [ 188141.417100004851818, 428785.486500006169081 ], [ 188141.630100008100271, 428792.390500005334616 ], [ 188139.0101000033319, 428792.603500008583069 ], [ 188140.585100006312132, 428803.909500002861023 ], [ 188137.978100009262562, 428804.499499998986721 ], [ 188137.519099999219179, 428802.279500007629395 ], [ 188132.334100008010864, 428803.40650000795722 ], [ 188133.363099996000528, 428808.248500011861324 ], [ 188134.004099998623133, 428811.978500008583069 ], [ 188127.082100011408329, 428814.364499997347593 ], [ 188114.540100004523993, 428819.153499998152256 ], [ 188107.982100002467632, 428802.208500001579523 ], [ 188110.363100007176399, 428800.056499995291233 ], [ 188112.570100009441376, 428799.456500001251698 ], [ 188111.071100000292063, 428792.83049999922514 ], [ 188084.310100000351667, 428800.734500002115965 ], [ 188051.966100011020899, 428817.395500004291534 ], [ 188009.401100005954504, 428838.818399999290705 ], [ 188003.521099999547005, 428843.018400002270937 ], [ 187997.080100011080503, 428847.49940000474453 ], [ 187991.899100005626678, 428850.29950001090765 ], [ 187973.236099999397993, 428858.909499995410442 ], [ 187972.297100000083447, 428856.740499999374151 ], [ 187970.626099996268749, 428853.074499998241663 ], [ 187971.201100006699562, 428851.780500002205372 ], [ 187956.869100004434586, 428850.962500005960464 ], [ 187959.221100009977818, 428857.503499999642372 ], [ 187927.457099996507168, 428867.809500001370907 ], [ 187925.726099997758865, 428860.845500007271767 ], [ 187917.946100000292063, 428867.425500001758337 ], [ 187918.205099996179342, 428867.397499997168779 ], [ 187919.371100001037121, 428869.061500009149313 ], [ 187904.530100006610155, 428877.60249999910593 ], [ 187905.322100009769201, 428882.225500002503395 ], [ 187904.517100002616644, 428889.042500000447035 ], [ 187894.600099999457598, 428892.447500009089708 ], [ 187890.287100002169609, 428894.952500004321337 ], [ 187884.966100007295609, 428885.677500002086163 ], [ 187881.342099998146296, 428888.724500004202127 ], [ 187882.962100010365248, 428890.838500007987022 ], [ 187880.037100002169609, 428893.268500011414289 ], [ 187878.420099999755621, 428891.180500004440546 ], [ 187873.404100008308887, 428895.441499996930361 ], [ 187866.857100002467632, 428889.148500002920628 ], [ 187865.610100008547306, 428894.91950000077486 ], [ 187867.145099997520447, 428894.544500004500151 ], [ 187876.120099999010563, 428902.349500000476837 ], [ 187873.881100006401539, 428904.816500008106232 ], [ 187871.933100000023842, 428906.784499995410442 ], [ 187868.823100011795759, 428904.371500000357628 ], [ 187864.173100002110004, 428900.872499994933605 ], [ 187863.746100001037121, 428900.734500002115965 ], [ 187852.164100002497435, 428904.485500007867813 ], [ 187845.02309999987483, 428911.206500004976988 ], [ 187832.487100005149841, 428925.033500004559755 ], [ 187822.900100003927946, 428924.507500007748604 ], [ 187820.380100008100271, 428916.807500001043081 ], [ 187814.499100003391504, 428919.187500011175871 ], [ 187801.478100005537271, 428887.26349999755621 ], [ 187793.917100008577108, 428883.623500008136034 ], [ 187766.43410000577569, 428889.1385000012815 ], [ 187765.760099999606609, 428881.169500004500151 ], [ 187763.814100001007318, 428881.523500006645918 ], [ 187760.09910000488162, 428882.09850000217557 ], [ 187760.406100001186132, 428887.778499998152256 ], [ 187739.031100008636713, 428888.80350000038743 ], [ 187684.629100002348423, 428902.472500007599592 ], [ 187683.493099994957447, 428896.272499997168779 ], [ 187678.861100006848574, 428897.714500002563 ], [ 187675.197100002318621, 428898.093500003218651 ], [ 187657.712100006639957, 428902.509500000625849 ], [ 187649.830100007355213, 428911.561500001698732 ], [ 187653.950100000947714, 428917.292500007897615 ], [ 187643.999099999666214, 428921.61150000244379 ], [ 187644.330099996179342, 428928.141499999910593 ], [ 187643.759100005030632, 428928.278499998152256 ], [ 187648.030099995434284, 428940.299500003457069 ], [ 187640.820099998265505, 428943.621500000357628 ], [ 187636.163100007921457, 428946.091499999165535 ], [ 187632.784100007265806, 428935.135500006377697 ], [ 187615.940100003033876, 428939.859499998390675 ], [ 187613.860099997371435, 428933.993500005453825 ], [ 187606.280099999159575, 428936.309500001370907 ], [ 187601.810100004076958, 428924.021500006318092 ], [ 187597.663100004196167, 428926.871500004082918 ], [ 187598.894100002944469, 428927.48250000923872 ], [ 187600.466099996119738, 428932.099500000476837 ], [ 187596.075100000947714, 428933.188499998301268 ], [ 187596.597100008279085, 428935.305500008165836 ], [ 187599.592100009322166, 428944.991500005125999 ], [ 187586.323100011795759, 428949.03150000423193 ], [ 187590.313100002706051, 428962.14249999448657 ], [ 187584.609100002795458, 428964.115499999374151 ], [ 187579.610100008547306, 428949.30350000411272 ], [ 187577.958100005984306, 428944.722500007599592 ], [ 187573.002099994570017, 428946.546500004827976 ], [ 187571.564100004732609, 428942.552499998360872 ], [ 187565.891100004315376, 428944.209500003606081 ], [ 187568.716100003570318, 428950.910499997437 ], [ 187564.947100006043911, 428952.4155000038445 ], [ 187562.153100002557039, 428945.299499999731779 ], [ 187551.455100007355213, 428948.421500012278557 ], [ 187550.873100001364946, 428946.351500008255243 ], [ 187548.851100001484156, 428940.560500010848045 ], [ 187544.87610000744462, 428939.905500005930662 ], [ 187546.975099999457598, 428946.470499999821186 ], [ 187534.052099999040365, 428950.512499995529652 ], [ 187537.324099998921156, 428960.502500001341105 ], [ 187528.174100000411272, 428963.176500000059605 ], [ 187525.2111000046134, 428955.690499994903803 ], [ 187524.527100000530481, 428953.491500001400709 ], [ 187518.69310000166297, 428955.57150000333786 ], [ 187515.00110000371933, 428947.126500003039837 ], [ 187512.393100012093782, 428947.759500000625849 ], [ 187516.674100004136562, 428957.677499998360872 ], [ 187509.545100007206202, 428960.491600006818771 ], [ 187504.310100004076958, 428962.699600003659725 ], [ 187509.312100008130074, 428973.632600005716085 ], [ 187503.467099994421005, 428976.428600005805492 ], [ 187498.438100002706051, 428963.426600009202957 ], [ 187481.744100008159876, 428966.048600006848574 ], [ 187483.300099994987249, 428971.531599994748831 ], [ 187478.61310001090169, 428973.035600002855062 ], [ 187476.570099998265505, 428966.951600011438131 ], [ 187452.269100002944469, 428971.30460000410676 ], [ 187453.122099995613098, 428973.876600004732609 ], [ 187450.123100008815527, 428974.653600007295609 ], [ 187451.48309999704361, 428978.90760000795126 ], [ 187448.332100000232458, 428980.019599996507168 ], [ 187445.539100006222725, 428972.442600004374981 ], [ 187439.209100004285574, 428974.096599999815226 ], [ 187438.462099999189377, 428972.150600004941225 ], [ 187431.542100004851818, 428974.920600008219481 ], [ 187428.345100000500679, 428966.715600002557039 ], [ 187428.295100003480911, 428965.707600008696318 ], [ 187421.494100000709295, 428966.235599998384714 ], [ 187422.540099997073412, 428968.334600001573563 ], [ 187427.835099998861551, 428982.004600007086992 ], [ 187418.950100004673004, 428985.431600008159876 ], [ 187419.103100012987852, 428986.097600009292364 ], [ 187414.487100005149841, 428987.538600005209446 ], [ 187413.189100004732609, 428982.298600003123283 ], [ 187406.171100009232759, 428983.811599999666214 ], [ 187407.305100005120039, 428989.475600000470877 ], [ 187404.566100012511015, 428989.975600000470877 ], [ 187402.986099995672703, 428990.350600000470877 ], [ 187398.823100000619888, 428991.200600001960993 ], [ 187389.009100008755922, 428975.892600011080503 ], [ 187386.210100002586842, 428976.707600001245737 ], [ 187384.213100001215935, 428977.749600011855364 ], [ 187321.79110000282526, 428992.740600004792213 ], [ 187230.44709999859333, 429014.302600007504225 ], [ 187242.205100007355213, 429050.736600007861853 ], [ 187260.447100006043911, 429110.488599997013807 ], [ 187284.409099999815226, 429186.561599999666214 ], [ 187294.209100004285574, 429217.991600006818771 ], [ 187303.263099998235703, 429233.459599997848272 ], [ 187307.495100006461143, 429246.497600004076958 ], [ 187349.707100003957748, 429388.290600001811981 ], [ 187361.835099998861551, 429384.924600005149841 ] ] ] ] } },
{ "type": "Feature", "properties": { "fid": 3069, "buurtcode": "BU02680101", "buurtnaam": "Stadscentrum", "wijkcode": "WK026801", "gemeentecode": "GM0268", "gemeentenaam": "Nijmegen", "indelingswijziging_wijken_en_buurten": 1, "water": "NEE", "meest_voorkomende_postcode": "6511", "dekkingspercentage": 2, "omgevingsadressendichtheid": 4248, "stedelijkheid_adressen_per_km2": 1, "bevolkingsdichtheid_inwoners_per_km2": 10530, "aantal_inwoners": 10275, "mannen": 5060, "vrouwen": 5215, "percentage_personen_0_tot_15_jaar": 2, "percentage_personen_15_tot_25_jaar": 36, "percentage_personen_25_tot_45_jaar": 47, "percentage_personen_45_tot_65_jaar": 9, "percentage_personen_65_jaar_en_ouder": 6, "percentage_ongehuwd": 88, "percentage_gehuwd": 8, "percentage_gescheid": 4, "percentage_verweduwd": 1, "aantal_huishoudens": 7865, "percentage_eenpersoonshuishoudens": 79, "percentage_huishoudens_zonder_kinderen": 19, "percentage_huishoudens_met_kinderen": 3, "gemiddelde_huishoudsgrootte": 1.3, "percentage_met_herkomstland_nederland": 75, "percentage_met_herkomstland_uit_europa_excl_nl": 15, "percentage_met_herkomstland_buiten_europa": 15, "percentage_geb_in_nl_met_herkomstland_nederland": 75, "perc_geb_in_nl_met_herkomstland_in_europa_ex_nl": 5, "perc_geb_in_nl_met_herkomstland_buiten_europa": 5, "perc_geb_buiten_nl_met_herkomstlnd_in_europa_ex_nl": 10, "perc_geb_buiten_nl_met_herkomstlnd_buiten_europa": 10, "oppervlakte_totaal_in_ha": 98, "oppervlakte_land_in_ha": 98, "oppervlakte_water_in_ha": 0, "jrstatcode": "2025BU02680101", "jaar": 2025 }, "geometry": { "type": "MultiPolygon", "coordinates": [ [ [ [ 187321.79110000282526, 428992.740600004792213 ], [ 187384.213100001215935, 428977.749600011855364 ], [ 187386.210100002586842, 428976.707600001245737 ], [ 187389.009100008755922, 428975.892600011080503 ], [ 187398.823100000619888, 428991.200600001960993 ], [ 187402.986099995672703, 428990.350600000470877 ], [ 187404.566100012511015, 428989.975600000470877 ], [ 187407.305100005120039, 428989.475600000470877 ], [ 187406.171100009232759, 428983.811599999666214 ], [ 187413.189100004732609, 428982.298600003123283 ], [ 187414.487100005149841, 428987.538600005209446 ], [ 187419.103100012987852, 428986.097600009292364 ], [ 187418.950100004673004, 428985.431600008159876 ], [ 187427.835099998861551, 428982.004600007086992 ], [ 187422.540099997073412, 428968.334600001573563 ], [ 187421.494100000709295, 428966.235599998384714 ], [ 187428.295100003480911, 428965.707600008696318 ], [ 187428.345100000500679, 428966.715600002557039 ], [ 187431.542100004851818, 428974.920600008219481 ], [ 187438.462099999189377, 428972.150600004941225 ], [ 187439.209100004285574, 428974.096599999815226 ], [ 187445.539100006222725, 428972.442600004374981 ], [ 187448.332100000232458, 428980.019599996507168 ], [ 187451.48309999704361, 428978.90760000795126 ], [ 187450.123100008815527, 428974.653600007295609 ], [ 187453.122099995613098, 428973.876600004732609 ], [ 187452.269100002944469, 428971.30460000410676 ], [ 187476.570099998265505, 428966.951600011438131 ], [ 187478.61310001090169, 428973.035600002855062 ], [ 187483.300099994987249, 428971.531599994748831 ], [ 187481.744100008159876, 428966.048600006848574 ], [ 187498.438100002706051, 428963.426600009202957 ], [ 187503.467099994421005, 428976.428600005805492 ], [ 187509.312100008130074, 428973.632600005716085 ], [ 187504.310100004076958, 428962.699600003659725 ], [ 187509.545100007206202, 428960.491600006818771 ], [ 187516.674100004136562, 428957.677499998360872 ], [ 187512.393100012093782, 428947.759500000625849 ], [ 187515.00110000371933, 428947.126500003039837 ], [ 187518.69310000166297, 428955.57150000333786 ], [ 187524.527100000530481, 428953.491500001400709 ], [ 187525.2111000046134, 428955.690499994903803 ], [ 187528.174100000411272, 428963.176500000059605 ], [ 187537.324099998921156, 428960.502500001341105 ], [ 187534.052099999040365, 428950.512499995529652 ], [ 187546.975099999457598, 428946.470499999821186 ], [ 187544.87610000744462, 428939.905500005930662 ], [ 187548.851100001484156, 428940.560500010848045 ], [ 187550.873100001364946, 428946.351500008255243 ], [ 187551.455100007355213, 428948.421500012278557 ], [ 187562.153100002557039, 428945.299499999731779 ], [ 187564.947100006043911, 428952.4155000038445 ], [ 187568.716100003570318, 428950.910499997437 ], [ 187565.891100004315376, 428944.209500003606081 ], [ 187571.564100004732609, 428942.552499998360872 ], [ 187573.002099994570017, 428946.546500004827976 ], [ 187577.958100005984306, 428944.722500007599592 ], [ 187579.610100008547306, 428949.30350000411272 ], [ 187584.609100002795458, 428964.115499999374151 ], [ 187590.313100002706051, 428962.14249999448657 ], [ 187586.323100011795759, 428949.03150000423193 ], [ 187599.592100009322166, 428944.991500005125999 ], [ 187596.597100008279085, 428935.305500008165836 ], [ 187596.075100000947714, 428933.188499998301268 ], [ 187600.466099996119738, 428932.099500000476837 ], [ 187598.894100002944469, 428927.48250000923872 ], [ 187597.663100004196167, 428926.871500004082918 ], [ 187601.810100004076958, 428924.021500006318092 ], [ 187606.280099999159575, 428936.309500001370907 ], [ 187613.860099997371435, 428933.993500005453825 ], [ 187615.940100003033876, 428939.859499998390675 ], [ 187632.784100007265806, 428935.135500006377697 ], [ 187636.163100007921457, 428946.091499999165535 ], [ 187640.820099998265505, 428943.621500000357628 ], [ 187648.030099995434284, 428940.299500003457069 ], [ 187643.759100005030632, 428928.278499998152256 ], [ 187644.330099996179342, 428928.141499999910593 ], [ 187643.999099999666214, 428921.61150000244379 ], [ 187653.950100000947714, 428917.292500007897615 ], [ 187649.830100007355213, 428911.561500001698732 ], [ 187657.712100006639957, 428902.509500000625849 ], [ 187675.197100002318621, 428898.093500003218651 ], [ 187678.861100006848574, 428897.714500002563 ], [ 187683.493099994957447, 428896.272499997168779 ], [ 187684.629100002348423, 428902.472500007599592 ], [ 187739.031100008636713, 428888.80350000038743 ], [ 187760.406100001186132, 428887.778499998152256 ], [ 187760.09910000488162, 428882.09850000217557 ], [ 187763.814100001007318, 428881.523500006645918 ], [ 187765.760099999606609, 428881.169500004500151 ], [ 187766.43410000577569, 428889.1385000012815 ], [ 187793.917100008577108, 428883.623500008136034 ], [ 187801.478100005537271, 428887.26349999755621 ], [ 187814.499100003391504, 428919.187500011175871 ], [ 187820.380100008100271, 428916.807500001043081 ], [ 187822.900100003927946, 428924.507500007748604 ], [ 187832.487100005149841, 428925.033500004559755 ], [ 187845.02309999987483, 428911.206500004976988 ], [ 187852.164100002497435, 428904.485500007867813 ], [ 187863.746100001037121, 428900.734500002115965 ], [ 187864.173100002110004, 428900.872499994933605 ], [ 187868.823100011795759, 428904.371500000357628 ], [ 187871.933100000023842, 428906.784499995410442 ], [ 187873.881100006401539, 428904.816500008106232 ], [ 187876.120099999010563, 428902.349500000476837 ], [ 187867.145099997520447, 428894.544500004500151 ], [ 187865.610100008547306, 428894.91950000077486 ], [ 187866.857100002467632, 428889.148500002920628 ], [ 187873.404100008308887, 428895.441499996930361 ], [ 187878.420099999755621, 428891.180500004440546 ], [ 187880.037100002169609, 428893.268500011414289 ], [ 187882.962100010365248, 428890.838500007987022 ], [ 187881.342099998146296, 428888.724500004202127 ], [ 187884.966100007295609, 428885.677500002086163 ], [ 187890.287100002169609, 428894.952500004321337 ], [ 187894.600099999457598, 428892.447500009089708 ], [ 187904.517100002616644, 428889.042500000447035 ], [ 187905.322100009769201, 428882.225500002503395 ], [ 187904.530100006610155, 428877.60249999910593 ], [ 187919.371100001037121, 428869.061500009149313 ], [ 187918.205099996179342, 428867.397499997168779 ], [ 187917.946100000292063, 428867.425500001758337 ], [ 187925.726099997758865, 428860.845500007271767 ], [ 187927.457099996507168, 428867.809500001370907 ], [ 187959.221100009977818, 428857.503499999642372 ], [ 187956.869100004434586, 428850.962500005960464 ], [ 187971.201100006699562, 428851.780500002205372 ], [ 187970.626099996268749, 428853.074499998241663 ], [ 187972.297100000083447, 428856.740499999374151 ], [ 187973.236099999397993, 428858.909499995410442 ], [ 187991.899100005626678, 428850.29950001090765 ], [ 187997.080100011080503, 428847.49940000474453 ], [ 188003.521099999547005, 428843.018400002270937 ], [ 188009.401100005954504, 428838.818399999290705 ], [ 188051.966100011020899, 428817.395500004291534 ], [ 188084.310100000351667, 428800.734500002115965 ], [ 188111.071100000292063, 428792.83049999922514 ], [ 188112.570100009441376, 428799.456500001251698 ], [ 188110.363100007176399, 428800.056499995291233 ], [ 188107.982100002467632, 428802.208500001579523 ], [ 188114.540100004523993, 428819.153499998152256 ], [ 188127.082100011408329, 428814.364499997347593 ], [ 188134.004099998623133, 428811.978500008583069 ], [ 188133.363099996000528, 428808.248500011861324 ], [ 188132.334100008010864, 428803.40650000795722 ], [ 188137.519099999219179, 428802.279500007629395 ], [ 188137.978100009262562, 428804.499499998986721 ], [ 188140.585100006312132, 428803.909500002861023 ], [ 188139.0101000033319, 428792.603500008583069 ], [ 188141.630100008100271, 428792.390500005334616 ], [ 188141.417100004851818, 428785.486500006169081 ], [ 188146.057099997997284, 428785.192499998956919 ], [ 188145.496100004762411, 428779.731500003486872 ], [ 188176.30010000616312, 428788.27250000461936 ], [ 188175.8800999969244, 428790.02250000834465 ], [ 188175.810100004076958, 428792.333500001579523 ], [ 188176.020100001245737, 428794.01350000873208 ], [ 188176.790100008249283, 428796.813499998301268 ], [ 188177.700100008398294, 428799.05350000038743 ], [ 188179.660100005567074, 428801.154500000178814 ], [ 188181.971100002527237, 428802.624500006437302 ], [ 188183.79109999537468, 428803.25449999794364 ], [ 188186.381099998950958, 428804.024500008672476 ], [ 188191.70210000872612, 428804.794500004500151 ], [ 188201.993099998682737, 428806.404500000178814 ], [ 188226.986100003123283, 428810.185500003397465 ], [ 188260.729100000113249, 428815.575599998235703 ], [ 188275.08110000193119, 428817.955600004643202 ], [ 188291.393100000917912, 428821.456600002944469 ], [ 188304.134100005030632, 428825.516600001603365 ], [ 188318.696100004017353, 428831.117600001394749 ], [ 188341.518100004643202, 428843.018600005656481 ], [ 188350.900100007653236, 428849.039599999785423 ], [ 188361.54109999909997, 428857.440600000321865 ], [ 188370.78210000321269, 428866.401599999517202 ], [ 188377.502099998295307, 428874.942600004374981 ], [ 188383.94310000166297, 428885.863600000739098 ], [ 188388.424100007861853, 428897.064700003713369 ], [ 188390.804099999368191, 428907.426699999719858 ], [ 188391.924100007861853, 428914.706700008362532 ], [ 188392.484100006520748, 428923.667700007557869 ], [ 188391.364100012928247, 428939.069699995219707 ], [ 188389.824100006371737, 428950.130700007081032 ], [ 188389.68410000577569, 428955.451700001955032 ], [ 188390.244100004434586, 428960.491700008511543 ], [ 188391.364100012928247, 428964.692700006067753 ], [ 188392.204100001603365, 428968.052700005471706 ], [ 188394.024099994450808, 428972.533700011670589 ], [ 188396.405099999159575, 428977.013700004667044 ], [ 188399.065099999308586, 428981.074700001627207 ], [ 188403.405100002884865, 428985.974700003862381 ], [ 188410.266100000590086, 428991.995700009167194 ], [ 188415.167100001126528, 428994.935700003057718 ], [ 188420.207100003957748, 428997.176700003445148 ], [ 188430.148100011050701, 429000.676700003445148 ], [ 188443.870100002735853, 429005.016800012439489 ], [ 188452.411100007593632, 429007.9577999971807 ], [ 188462.596099995076656, 429011.218800000846386 ], [ 188467.84910000488162, 428996.933800004422665 ], [ 188466.482100006192923, 428996.512800000607967 ], [ 188472.056099999696016, 428979.822799995541573 ], [ 188474.695100001990795, 428972.244800005108118 ], [ 188500.004100009799004, 428904.561700005084276 ], [ 188530.426100004464388, 428815.245699997991323 ], [ 188530.79110000282526, 428815.344700008630753 ], [ 188535.608100008219481, 428805.022700008004904 ], [ 188534.780099999159575, 428804.573699999600649 ], [ 188539.262099999934435, 428797.400700006633997 ], [ 188544.065100003033876, 428790.438700005412102 ], [ 188547.792100008577108, 428785.468700006604195 ], [ 188556.052100006490946, 428775.151700008660555 ], [ 188576.389100007712841, 428750.052599996328354 ], [ 188590.942100003361702, 428731.794600002467632 ], [ 188592.842100009322166, 428729.748599998652935 ], [ 188594.397100009024143, 428701.797599997371435 ], [ 188593.991100002080202, 428681.914600007236004 ], [ 188593.991100002080202, 428668.92960000410676 ], [ 188592.368100002408028, 428658.785599995404482 ], [ 188587.093100000172853, 428641.336599994450808 ], [ 188583.847100008279085, 428632.004599999636412 ], [ 188578.572100009769201, 428622.265600003302097 ], [ 188571.268100000917912, 428612.527499999850988 ], [ 188564.775100007653236, 428605.22350000217557 ], [ 188556.660100005567074, 428598.730500008910894 ], [ 188547.327100001275539, 428592.644500005990267 ], [ 188535.96510000154376, 428586.963500000536442 ], [ 188529.067099999636412, 428584.934500005096197 ], [ 188516.89410001039505, 428583.311500001698732 ], [ 188498.634100005030632, 428576.413499999791384 ], [ 188476.003100004047155, 428558.143500011414289 ], [ 188475.128100000321865, 428557.931500002741814 ], [ 188451.022100005298853, 428540.932500008493662 ], [ 188464.894100002944469, 428525.380500007420778 ], [ 188459.689100008457899, 428505.16440000385046 ], [ 188396.558100007474422, 428441.137400005012751 ], [ 188380.319100007414818, 428442.319400005042553 ], [ 188357.571100004017353, 428444.381400004029274 ], [ 188350.395100004971027, 428416.400400005280972 ], [ 188296.676100004464388, 428430.176399998366833 ], [ 188296.110100012272596, 428430.436400007456541 ], [ 188295.58109999448061, 428430.764400001615286 ], [ 188295.097100000828505, 428431.157400000840425 ], [ 188294.66609999909997, 428431.607400007545948 ], [ 188294.295100003480911, 428432.108400009572506 ], [ 188293.990099996328354, 428432.651399999856949 ], [ 188293.755100004374981, 428433.228400003165007 ], [ 188293.595100000500679, 428433.830400004982948 ], [ 188293.512100003659725, 428434.447400007396936 ], [ 188293.506100006401539, 428435.070400003343821 ], [ 188293.579100005328655, 428435.689400002360344 ], [ 188261.338100008666515, 428417.08729999884963 ], [ 188290.370100006461143, 428405.552300006151199 ], [ 188309.105099998414516, 428400.904300007969141 ], [ 188307.55009999871254, 428387.446300007402897 ], [ 188305.667100001126528, 428370.316299997270107 ], [ 188304.625100005418062, 428360.993300005793571 ], [ 188304.421100005507469, 428359.576299998909235 ], [ 188301.583100002259016, 428335.122300010174513 ], [ 188300.02309999987483, 428322.604300003498793 ], [ 188299.388100009411573, 428315.359300006181002 ], [ 188295.748100005090237, 428313.472300007939339 ], [ 188251.450100008398294, 428301.768300000578165 ], [ 188248.002099994570017, 428306.553300008177757 ], [ 188247.730099994689226, 428306.962300010025501 ], [ 188247.518100004643202, 428307.404300007969141 ], [ 188247.370099995285273, 428307.872300006449223 ], [ 188247.288100007921457, 428308.356300000101328 ], [ 188247.274100005626678, 428308.84630000218749 ], [ 188247.329100001603365, 428309.334300011396408 ], [ 188247.450100004673004, 428309.809300001710653 ], [ 188247.637099996209145, 428310.263300009071827 ], [ 188247.885099995881319, 428310.686299994587898 ], [ 188248.190099999308586, 428311.071300007402897 ], [ 188245.176100000739098, 428308.201299995183945 ], [ 188232.299100007861853, 428295.103300008922815 ], [ 188233.083100002259016, 428295.46229999884963 ], [ 188233.939100004732609, 428295.568300001323223 ], [ 188234.070100005716085, 428292.371300008147955 ], [ 188227.479100000113249, 428249.668299999088049 ], [ 188212.768100008368492, 428245.18129999563098 ], [ 188208.300099994987249, 428254.374299999326468 ], [ 188203.328100003302097, 428252.58330000564456 ], [ 188202.413100007921457, 428254.929299999028444 ], [ 188201.91210000962019, 428254.733300000429153 ], [ 188201.239100001752377, 428256.667300004512072 ], [ 188200.914099998772144, 428257.821299999952316 ], [ 188199.906100001186132, 428258.627300001680851 ], [ 188199.267100010067225, 428258.314300008118153 ], [ 188192.393100004643202, 428272.854299999773502 ], [ 188166.223100002855062, 428261.14130000025034 ], [ 188166.62610000371933, 428260.930300008505583 ], [ 188166.990100003778934, 428260.660300001502037 ], [ 188167.307100001722574, 428260.335299998521805 ], [ 188167.570100001990795, 428259.966299995779991 ], [ 188167.772100009024143, 428259.559300005435944 ], [ 188171.756100002676249, 428249.573300007730722 ], [ 188175.436100002378225, 428239.420200008898973 ], [ 188179.397100005298853, 428227.624200008809566 ], [ 188179.677099999040365, 428226.494200002402067 ], [ 188159.114100005477667, 428220.501200012862682 ], [ 188119.326099999248981, 428208.442200001329184 ], [ 188112.868100002408028, 428206.397199995815754 ], [ 188127.933100011199713, 428168.511200003325939 ], [ 188128.16609999537468, 428168.101200006902218 ], [ 188128.455100003629923, 428167.729200001806021 ], [ 188128.795100007206202, 428167.402200005948544 ], [ 188129.178100008517504, 428167.126200001686811 ], [ 188129.596100009977818, 428166.909200008958578 ], [ 188130.04110000282526, 428166.753199998289347 ], [ 188130.504099998623133, 428166.663200005888939 ], [ 188130.975099999457598, 428166.6402000002563 ], [ 188131.444100007414818, 428166.684200000017881 ], [ 188112.88910000026226, 428160.58220000192523 ], [ 188089.967100009322166, 428152.845200005918741 ], [ 188071.815100003033876, 428146.892199996858835 ], [ 188030.542100001126528, 428130.519200004637241 ], [ 188016.458099998533726, 428124.257200006395578 ], [ 187995.230100002139807, 428115.564200006425381 ], [ 187969.096100006252527, 428183.070200011134148 ], [ 187948.080099999904633, 428174.636200007051229 ], [ 187956.927100006490946, 428152.265200011432171 ], [ 187937.654100008308887, 428144.941200003027916 ], [ 187943.34010000154376, 428131.469200000166893 ], [ 187891.065099999308586, 428110.233199998736382 ], [ 187888.273100003600121, 428116.430200003087521 ], [ 187886.130100000649691, 428120.608199998736382 ], [ 187891.018100008368492, 428131.231200002133846 ], [ 187889.860099997371435, 428140.950199998915195 ], [ 187888.44310000538826, 428153.605200000107288 ], [ 187888.207099996507168, 428156.004200007766485 ], [ 187872.975099995732307, 428153.413200009614229 ], [ 187856.865100003778934, 428151.538200002163649 ], [ 187851.413100007921457, 428151.089200008660555 ], [ 187850.196100000292063, 428151.047200001776218 ], [ 187842.460100002586842, 428150.750200003385544 ], [ 187841.777100007981062, 428150.623200006783009 ], [ 187841.111100006848574, 428150.425200004130602 ], [ 187840.471100002527237, 428150.156200006604195 ], [ 187804.894099995493889, 428148.255200006067753 ], [ 187805.127099998295307, 428147.666200008243322 ], [ 187805.204100001603365, 428147.038199998438358 ], [ 187805.150100000202656, 428146.395199999213219 ], [ 187804.941100001335144, 428145.799199994653463 ], [ 187804.608100008219481, 428145.282200001180172 ], [ 187788.160100009292364, 428124.897199995815754 ], [ 187782.908099997788668, 428129.018200002610683 ], [ 187778.248100005090237, 428132.815200004726648 ], [ 187775.629100002348423, 428130.690200004726648 ], [ 187771.073100000619888, 428127.444199997931719 ], [ 187765.76410000026226, 428123.852200008928776 ], [ 187766.999099999666214, 428122.580200005322695 ], [ 187763.634100001305342, 428119.310199998319149 ], [ 187755.808100000023842, 428111.363200005143881 ], [ 187750.586100000888109, 428106.319199997931719 ], [ 187747.195100005716085, 428108.482200000435114 ], [ 187734.486100006848574, 428117.28319999948144 ], [ 187725.432100009173155, 428103.049100004136562 ], [ 187717.858100008219481, 428091.030100006610155 ], [ 187705.356100000441074, 428100.340100008994341 ], [ 187687.230100002139807, 428109.512099999934435 ], [ 187686.351099997758865, 428109.913100007921457 ], [ 187705.230099998414516, 428127.75220000743866 ], [ 187704.620100002735853, 428128.362200003117323 ], [ 187707.446100000292063, 428130.874200005084276 ], [ 187707.908100001513958, 428130.411200009286404 ], [ 187719.975099999457598, 428141.934200007468462 ], [ 187718.837100002914667, 428143.862199999392033 ], [ 187727.58109999448061, 428156.302200004458427 ], [ 187732.615100003778934, 428159.134199999272823 ], [ 187730.099100008606911, 428161.306200001388788 ], [ 187715.89410000666976, 428174.654199995100498 ], [ 187697.242099996656179, 428190.626200009137392 ], [ 187677.949099998921156, 428206.860200006514788 ], [ 187659.901100002229214, 428220.549199998378754 ], [ 187614.790100008249283, 428166.132200006395578 ], [ 187608.106100004166365, 428178.638200003653765 ], [ 187591.799100007861853, 428210.364199995994568 ], [ 187591.648100007325411, 428211.77020001038909 ], [ 187591.689100001007318, 428213.085200004279613 ], [ 187591.954100009053946, 428214.248199999332428 ], [ 187592.522100009024143, 428216.260200001299381 ], [ 187594.002100005745888, 428219.326200008392334 ], [ 187589.94310000166297, 428215.821200005710125 ], [ 187585.656100001186132, 428212.6182000041008 ], [ 187580.191100001335144, 428208.995200004428625 ], [ 187576.121100001037121, 428206.790199998766184 ], [ 187572.003100000321865, 428204.967199999839067 ], [ 187566.991099998354912, 428202.956200007349253 ], [ 187562.39410000666976, 428201.021200008690357 ], [ 187557.281100001186132, 428199.830200005322695 ], [ 187558.136100005358458, 428199.665200006216764 ], [ 187558.97410000115633, 428199.42620000615716 ], [ 187559.788100007921457, 428199.115200009196997 ], [ 187560.572100002318621, 428198.734199997037649 ], [ 187561.320100005716085, 428198.288199994713068 ], [ 187562.026100002229214, 428197.778200007975101 ], [ 187562.686100006103516, 428197.208199996501207 ], [ 187563.293100006878376, 428196.584200002253056 ], [ 187563.844100002199411, 428195.909199997782707 ], [ 187564.335100002586842, 428195.1891999989748 ], [ 187564.761100009083748, 428194.429200004786253 ], [ 187568.615100000053644, 428186.800200007855892 ], [ 187560.277100000530481, 428182.660199999809265 ], [ 187556.304100003093481, 428166.128100004047155 ], [ 187551.576100006699562, 428159.429099999368191 ], [ 187547.798099994659424, 428154.400100003927946 ], [ 187544.859100002795458, 428150.627100005745888 ], [ 187542.13510000705719, 428146.709100004285574 ], [ 187540.165100008249283, 428145.86710000783205 ], [ 187546.144099999219179, 428132.025100007653236 ], [ 187554.105100005865097, 428114.918100003153086 ], [ 187519.350099999457598, 428107.33610000833869 ], [ 187482.387100007385015, 428116.515099994838238 ], [ 187486.911100000143051, 428129.267099998891354 ], [ 187487.429100006818771, 428129.123100005090237 ], [ 187489.250099997967482, 428135.396100003272295 ], [ 187469.350099999457598, 428141.156100004911423 ], [ 187486.760099999606609, 428155.97010000795126 ], [ 187483.180100005120039, 428160.06810000911355 ], [ 187485.228100001811981, 428170.164200004190207 ], [ 187479.062100004404783, 428177.405199997127056 ], [ 187479.871100001037121, 428180.271200004965067 ], [ 187479.900100000202656, 428181.150199994444847 ], [ 187482.986100003123283, 428197.321200005710125 ], [ 187483.29110000655055, 428212.095199998468161 ], [ 187484.497100006788969, 428213.113200005143881 ], [ 187488.648100011050701, 428213.982200007885695 ], [ 187490.638100005686283, 428213.838200002908707 ], [ 187488.138100009411573, 428217.455200005322695 ], [ 187485.204100001603365, 428221.081200007349253 ], [ 187479.990100007504225, 428226.374199997633696 ], [ 187477.288100004196167, 428229.489200003445148 ], [ 187475.121100001037121, 428232.172200005501509 ], [ 187473.045099999755621, 428234.883200008422136 ], [ 187469.955100007355213, 428240.005200002342463 ], [ 187468.707100003957748, 428242.394199997186661 ], [ 187468.851100008934736, 428241.812200006097555 ], [ 187468.886100005358458, 428241.312200006097555 ], [ 187468.841100007295609, 428240.813200000673532 ], [ 187468.718100000172853, 428240.327199999243021 ], [ 187468.519099999219179, 428239.867200009524822 ], [ 187468.249100007116795, 428239.44420000910759 ], [ 187467.91609999909997, 428239.070200007408857 ], [ 187464.036100000143051, 428235.267200011759996 ], [ 187417.294099997729063, 428194.962200008332729 ], [ 187402.94709999859333, 428211.335200000554323 ], [ 187402.56810000911355, 428211.48420000821352 ], [ 187401.824099998921156, 428211.604200009256601 ], [ 187401.047100007534027, 428211.13120000064373 ], [ 187399.408100008964539, 428209.677200000733137 ], [ 187394.261100005358458, 428205.304200008511543 ], [ 187386.091099996119738, 428214.920200008898973 ], [ 187390.777100000530481, 428218.897199995815754 ], [ 187391.598100002855062, 428225.056200001388788 ], [ 187396.44310000911355, 428258.567200005054474 ], [ 187394.981100004166365, 428258.88119999691844 ], [ 187367.623100005090237, 428262.386199999600649 ], [ 187366.887100011110306, 428257.280200000852346 ], [ 187337.448100011795759, 428261.696199998259544 ], [ 187318.745100006461143, 428264.245200008153915 ], [ 187319.652100000530481, 428270.394200012087822 ], [ 187315.903100002557039, 428271.12220000103116 ], [ 187291.544100005179644, 428274.671300005167723 ], [ 187290.80910000577569, 428269.163300003856421 ], [ 187287.01410000026226, 428269.897300001233816 ], [ 187242.824100002646446, 428275.651299994438887 ], [ 187243.559099998325109, 428280.670300006866455 ], [ 187213.005100004374981, 428285.003300003707409 ], [ 187210.94310000538826, 428271.687300000339746 ], [ 187197.902100011706352, 428274.406300012022257 ], [ 187195.613100007176399, 428257.358300004154444 ], [ 187192.84009999781847, 428252.991300005465746 ], [ 187183.748099997639656, 428258.625300008803606 ], [ 187175.01910000666976, 428263.707300003618002 ], [ 187151.13910000026226, 428276.997299998998642 ], [ 187149.302099999040365, 428275.651299994438887 ], [ 187146.487100012600422, 428273.81530000269413 ], [ 187140.856100000441074, 428270.0202999971807 ], [ 187137.551099997013807, 428267.327300012111664 ], [ 187135.103100005537271, 428264.879300005733967 ], [ 187133.522100005298853, 428262.660300008952618 ], [ 187128.475100006908178, 428258.698300007730722 ], [ 187124.517099995166063, 428250.770300004631281 ], [ 187121.226100008934736, 428241.926300004124641 ], [ 187107.776099998503923, 428246.11429999768734 ], [ 187102.339100003242493, 428228.595300003886223 ], [ 187099.400099996477365, 428218.943300005048513 ], [ 187068.937100004404783, 428120.329300008714199 ], [ 187063.805100001394749, 428101.676300000399351 ], [ 187057.189100012183189, 428079.777300003916025 ], [ 187042.045100007206202, 428042.886300001293421 ], [ 187033.373100005090237, 428025.599300008267164 ], [ 187019.752099998295307, 427999.999300003051758 ], [ 187010.094999998807907, 427983.871300004422665 ], [ 186994.671000003814697, 427958.964300002902746 ], [ 186977.50900000333786, 427922.816300004720688 ], [ 186974.50000000372529, 427957.812300004065037 ], [ 186971.317099999636412, 428019.017300006002188 ], [ 186970.399099998176098, 428073.061299994587898 ], [ 186970.522100009024143, 428141.48930000513792 ], [ 186972.239100005477667, 428152.490300007164478 ], [ 186972.540100008249283, 428153.764300007373095 ], [ 186986.728100005537271, 428202.322300001978874 ], [ 187028.598100006580353, 428345.105400007218122 ], [ 187050.84510000795126, 428421.328399997204542 ], [ 187056.476100005209446, 428440.162399999797344 ], [ 187080.862100008875132, 428521.55740000680089 ], [ 187102.774099998176098, 428594.394400004297495 ], [ 187128.743100006133318, 428678.591499999165535 ], [ 187148.423099994659424, 428742.907500002533197 ], [ 187159.176100000739098, 428777.39750000461936 ], [ 187173.175100009888411, 428824.467500012367964 ], [ 187189.305100001394749, 428878.23250000551343 ], [ 187195.087099995464087, 428897.202500008046627 ], [ 187198.638100005686283, 428909.882599994540215 ], [ 187203.667100001126528, 428925.958600003272295 ], [ 187223.79109999909997, 428991.501600004732609 ], [ 187230.44709999859333, 429014.302600007504225 ], [ 187321.79110000282526, 428992.740600004792213 ] ] ] ] } },
{ "type": "Feature", "properties": { "fid": 3070, "buurtcode": "BU02680202", "buurtnaam": "Bottendaal", "wijkcode": "WK026802", "gemeentecode": "GM0268", "gemeentenaam": "Nijmegen", "indelingswijziging_wijken_en_buurten": 1, "water": "NEE", "meest_voorkomende_postcode": "6512", "dekkingspercentage": 1, "omgevingsadressendichtheid": 4371, "stedelijkheid_adressen_per_km2": 1, "bevolkingsdichtheid_inwoners_per_km2": 12666, "aantal_inwoners": 4945, "mannen": 2280, "vrouwen": 2670, "percentage_personen_0_tot_15_jaar": 6, "percentage_personen_15_tot_25_jaar": 27, "percentage_personen_25_tot_45_jaar": 38, "percentage_personen_45_tot_65_jaar": 18, "percentage_personen_65_jaar_en_ouder": 11, "percentage_ongehuwd": 80, "percentage_gehuwd": 13, "percentage_gescheid": 6, "percentage_verweduwd": 1, "aantal_huishoudens": 3605, "percentage_eenpersoonshuishoudens": 76, "percentage_huishoudens_zonder_kinderen": 15, "percentage_huishoudens_met_kinderen": 9, "gemiddelde_huishoudsgrootte": 1.4, "percentage_met_herkomstland_nederland": 75, "percentage_met_herkomstland_uit_europa_excl_nl": 10, "percentage_met_herkomstland_buiten_europa": 15, "percentage_geb_in_nl_met_herkomstland_nederland": 75, "perc_geb_in_nl_met_herkomstland_in_europa_ex_nl": 5, "perc_geb_in_nl_met_herkomstland_buiten_europa": 5, "perc_geb_buiten_nl_met_herkomstlnd_in_europa_ex_nl": 5, "perc_geb_buiten_nl_met_herkomstlnd_buiten_europa": 10, "oppervlakte_totaal_in_ha": 39, "oppervlakte_land_in_ha": 39, "oppervlakte_water_in_ha": 0, "jrstatcode": "2025BU02680202", "jaar": 2025 }, "geometry": { "type": "MultiPolygon", "coordinates": [ [ [ [ 187243.559099998325109, 428280.670300006866455 ], [ 187242.824100002646446, 428275.651299994438887 ], [ 187287.01410000026226, 428269.897300001233816 ], [ 187290.80910000577569, 428269.163300003856421 ], [ 187291.544100005179644, 428274.671300005167723 ], [ 187315.903100002557039, 428271.12220000103116 ], [ 187319.652100000530481, 428270.394200012087822 ], [ 187318.745100006461143, 428264.245200008153915 ], [ 187337.448100011795759, 428261.696199998259544 ], [ 187366.887100011110306, 428257.280200000852346 ], [ 187367.623100005090237, 428262.386199999600649 ], [ 187394.981100004166365, 428258.88119999691844 ], [ 187396.44310000911355, 428258.567200005054474 ], [ 187391.598100002855062, 428225.056200001388788 ], [ 187390.777100000530481, 428218.897199995815754 ], [ 187386.091099996119738, 428214.920200008898973 ], [ 187394.261100005358458, 428205.304200008511543 ], [ 187399.408100008964539, 428209.677200000733137 ], [ 187401.047100007534027, 428211.13120000064373 ], [ 187401.824099998921156, 428211.604200009256601 ], [ 187402.56810000911355, 428211.48420000821352 ], [ 187402.94709999859333, 428211.335200000554323 ], [ 187417.294099997729063, 428194.962200008332729 ], [ 187464.036100000143051, 428235.267200011759996 ], [ 187467.91609999909997, 428239.070200007408857 ], [ 187468.249100007116795, 428239.44420000910759 ], [ 187468.519099999219179, 428239.867200009524822 ], [ 187468.718100000172853, 428240.327199999243021 ], [ 187468.841100007295609, 428240.813200000673532 ], [ 187468.886100005358458, 428241.312200006097555 ], [ 187468.851100008934736, 428241.812200006097555 ], [ 187468.707100003957748, 428242.394199997186661 ], [ 187469.955100007355213, 428240.005200002342463 ], [ 187473.045099999755621, 428234.883200008422136 ], [ 187475.121100001037121, 428232.172200005501509 ], [ 187477.288100004196167, 428229.489200003445148 ], [ 187479.990100007504225, 428226.374199997633696 ], [ 187485.204100001603365, 428221.081200007349253 ], [ 187488.138100009411573, 428217.455200005322695 ], [ 187490.638100005686283, 428213.838200002908707 ], [ 187488.648100011050701, 428213.982200007885695 ], [ 187484.497100006788969, 428213.113200005143881 ], [ 187483.29110000655055, 428212.095199998468161 ], [ 187482.986100003123283, 428197.321200005710125 ], [ 187479.900100000202656, 428181.150199994444847 ], [ 187479.871100001037121, 428180.271200004965067 ], [ 187479.062100004404783, 428177.405199997127056 ], [ 187485.228100001811981, 428170.164200004190207 ], [ 187483.180100005120039, 428160.06810000911355 ], [ 187486.760099999606609, 428155.97010000795126 ], [ 187469.350099999457598, 428141.156100004911423 ], [ 187489.250099997967482, 428135.396100003272295 ], [ 187487.429100006818771, 428129.123100005090237 ], [ 187486.911100000143051, 428129.267099998891354 ], [ 187482.387100007385015, 428116.515099994838238 ], [ 187519.350099999457598, 428107.33610000833869 ], [ 187554.105100005865097, 428114.918100003153086 ], [ 187555.899100005626678, 428115.726099997758865 ], [ 187560.98810001090169, 428118.298099998384714 ], [ 187562.3581000007689, 428115.348100010305643 ], [ 187567.457100003957748, 428117.662099994719028 ], [ 187571.125100009143353, 428109.5810999982059 ], [ 187579.096100002527237, 428113.230100005865097 ], [ 187583.114100009202957, 428104.94310000911355 ], [ 187593.638100001960993, 428109.770100001245737 ], [ 187594.029100012034178, 428110.003100000321865 ], [ 187594.377100002020597, 428110.298100005835295 ], [ 187594.671100009232759, 428110.645100001245737 ], [ 187594.903099998831749, 428111.037100005894899 ], [ 187595.069099999964237, 428111.461100000888109 ], [ 187595.162099998444319, 428111.907100006937981 ], [ 187595.180100001394749, 428112.362100012600422 ], [ 187600.995099999010563, 428088.522100005298853 ], [ 187600.259100005030632, 428089.768100000917912 ], [ 187599.784099999815226, 428090.141100004315376 ], [ 187598.968100000172853, 428090.201099999248981 ], [ 187597.950100004673004, 428089.661100000143051 ], [ 187597.512100007385015, 428089.587100002914667 ], [ 187597.094100005924702, 428089.438099998980761 ], [ 187580.112100005149841, 428081.566100001335144 ], [ 187579.453099995851517, 428063.146100010722876 ], [ 187579.817099999636412, 428058.338100008666515 ], [ 187566.421100001782179, 428058.621100004762411 ], [ 187566.72409999743104, 428058.007100008428097 ], [ 187560.686099998652935, 428055.990100007504225 ], [ 187560.881099995225668, 428052.032100006937981 ], [ 187561.125100009143353, 428042.710099998861551 ], [ 187568.356100004166365, 427987.079100001603365 ], [ 187569.245100006461143, 427980.56810000538826 ], [ 187565.638100005686283, 427981.042099997401237 ], [ 187564.652100000530481, 427973.934099998325109 ], [ 187564.647100001573563, 427973.612100001424551 ], [ 187564.714100003242493, 427973.298099994659424 ], [ 187564.851100001484156, 427973.006099995225668 ], [ 187565.049100007861853, 427972.753099996596575 ], [ 187565.30009999871254, 427972.551100004464388 ], [ 187565.589100006967783, 427972.411100003868341 ], [ 187565.903099998831749, 427972.339099999517202 ], [ 187576.111100003123283, 427971.313099998980761 ], [ 187575.06309999525547, 427963.674100004136562 ], [ 187572.578099999576807, 427963.958099998533726 ], [ 187572.390100006014109, 427962.570100001990795 ], [ 187568.686100006103516, 427962.99210000783205 ], [ 187568.154100012034178, 427958.989100012928247 ], [ 187568.620099999010563, 427958.927100006490946 ], [ 187568.47410000115633, 427957.82710001245141 ], [ 187568.008099999278784, 427957.88910000026226 ], [ 187567.789099998772144, 427956.254100006073713 ], [ 187555.459100000560284, 427957.808100011199713 ], [ 187556.650100000202656, 427955.507100000977516 ], [ 187558.375100001692772, 427951.79110000282526 ], [ 187566.339100003242493, 427935.047100003808737 ], [ 187571.061099998652935, 427934.338100001215935 ], [ 187573.973099999129772, 427934.007100000977516 ], [ 187581.290100000798702, 427917.232100006192923 ], [ 187581.860100008547306, 427915.682100001722574 ], [ 187580.968100003898144, 427910.585100010037422 ], [ 187572.212000001221895, 427871.693099997937679 ], [ 187568.394000004976988, 427880.457100003957748 ], [ 187553.502000004053116, 427867.16610000282526 ], [ 187552.905000001192093, 427866.405100010335445 ], [ 187550.752999994903803, 427853.053099997341633 ], [ 187534.699000008404255, 427855.160100005567074 ], [ 187528.618000004440546, 427855.868099998682737 ], [ 187515.517000000923872, 427854.407100006937981 ], [ 187516.142000008374453, 427849.119100000709295 ], [ 187515.541999999433756, 427832.503100007772446 ], [ 187517.449000008404255, 427832.249099999666214 ], [ 187516.293000005185604, 427824.057100012898445 ], [ 187528.342999998480082, 427822.37610000744462 ], [ 187527.307000000029802, 427814.040100000798702 ], [ 187527.31700000166893, 427812.157100006937981 ], [ 187538.60300001129508, 427810.575100012123585 ], [ 187537.364000007510185, 427801.895100001245737 ], [ 187524.156000003218651, 427803.76010000705719 ], [ 187517.392000004649162, 427758.880100008100271 ], [ 187511.946000006049871, 427723.528099995106459 ], [ 187508.937000006437302, 427705.138100001960993 ], [ 187507.47800000756979, 427695.354100007563829 ], [ 187505.492999996989965, 427681.533100005239248 ], [ 187523.3530000038445, 427679.026099998503923 ], [ 187548.7280000038445, 427665.556100007146597 ], [ 187550.140000011771917, 427664.141100008040667 ], [ 187548.782000001519918, 427649.570100005716085 ], [ 187547.296000011265278, 427649.806099999696016 ], [ 187546.839000009000301, 427651.598100006580353 ], [ 187530.497000001370907, 427653.741099994629622 ], [ 187529.270000003278255, 427643.679100003093481 ], [ 187512.080999996513128, 427645.93410000577569 ], [ 187511.092999998480082, 427639.360100008547306 ], [ 187499.175000004470348, 427640.963099997490644 ], [ 187495.629000008106232, 427618.811100002378225 ], [ 187492.115000005811453, 427595.754100006073713 ], [ 187485.278000008314848, 427550.295100007206202 ], [ 187499.252000007778406, 427548.462100006639957 ], [ 187497.273000005632639, 427535.307100005447865 ], [ 187502.883000008761883, 427534.571100007742643 ], [ 187500.666000008583069, 427519.833099998533726 ], [ 187498.810000006109476, 427505.629100006073713 ], [ 187494.391000002622604, 427471.996100001037121 ], [ 187492.042000006884336, 427453.963100004941225 ], [ 187481.705000009387732, 427380.029100000858307 ], [ 187480.573000006377697, 427372.955099999904633 ], [ 187476.437999997287989, 427343.703100010752678 ], [ 187472.241999998688698, 427308.161100000143051 ], [ 187471.977000005543232, 427305.914100002497435 ], [ 187470.894000001251698, 427298.470100004225969 ], [ 187464.145000003278255, 427252.0591000020504 ], [ 187457.349000003188848, 427258.969099998474121 ], [ 187335.367000006139278, 427378.442100007086992 ], [ 187236.948000006377697, 427472.698099996894598 ], [ 187187.739000000059605, 427525.335100006312132 ], [ 187164.726000003516674, 427548.837100006639957 ], [ 187120.658000003546476, 427597.557100009173155 ], [ 187085.894000008702278, 427638.932199995964766 ], [ 187068.388999998569489, 427663.414200004190207 ], [ 187068.388999998569489, 427663.536200001835823 ], [ 187059.452999997884035, 427677.001200009137392 ], [ 187048.436000000685453, 427693.404199998825788 ], [ 187038.765999998897314, 427712.501200001686811 ], [ 187026.769000004976988, 427733.310199998319149 ], [ 187021.015999995172024, 427745.429200004786253 ], [ 187014.772999998182058, 427762.199200000613928 ], [ 187006.816000007092953, 427785.825200010091066 ], [ 186988.576999995857477, 427846.540199995040894 ], [ 186984.048000004142523, 427865.636199999600649 ], [ 186981.355000004172325, 427880.815199997276068 ], [ 186980.131000000983477, 427892.322200004011393 ], [ 186977.50900000333786, 427922.816300004720688 ], [ 186994.671000003814697, 427958.964300002902746 ], [ 187010.094999998807907, 427983.871300004422665 ], [ 187019.752099998295307, 427999.999300003051758 ], [ 187033.373100005090237, 428025.599300008267164 ], [ 187042.045100007206202, 428042.886300001293421 ], [ 187057.189100012183189, 428079.777300003916025 ], [ 187063.805100001394749, 428101.676300000399351 ], [ 187068.937100004404783, 428120.329300008714199 ], [ 187099.400099996477365, 428218.943300005048513 ], [ 187102.339100003242493, 428228.595300003886223 ], [ 187107.776099998503923, 428246.11429999768734 ], [ 187121.226100008934736, 428241.926300004124641 ], [ 187124.517099995166063, 428250.770300004631281 ], [ 187128.475100006908178, 428258.698300007730722 ], [ 187133.522100005298853, 428262.660300008952618 ], [ 187135.103100005537271, 428264.879300005733967 ], [ 187137.551099997013807, 428267.327300012111664 ], [ 187140.856100000441074, 428270.0202999971807 ], [ 187146.487100012600422, 428273.81530000269413 ], [ 187149.302099999040365, 428275.651299994438887 ], [ 187151.13910000026226, 428276.997299998998642 ], [ 187175.01910000666976, 428263.707300003618002 ], [ 187183.748099997639656, 428258.625300008803606 ], [ 187192.84009999781847, 428252.991300005465746 ], [ 187195.613100007176399, 428257.358300004154444 ], [ 187197.902100011706352, 428274.406300012022257 ], [ 187210.94310000538826, 428271.687300000339746 ], [ 187213.005100004374981, 428285.003300003707409 ], [ 187243.559099998325109, 428280.670300006866455 ] ] ] ] } },
{ "type": "Feature", "properties": { "fid": 3071, "buurtcode": "BU02680203", "buurtnaam": "Galgenveld", "wijkcode": "WK026802", "gemeentecode": "GM0268", "gemeentenaam": "Nijmegen", "indelingswijziging_wijken_en_buurten": 1, "water": "NEE", "meest_voorkomende_postcode": "6524", "dekkingspercentage": 1, "omgevingsadressendichtheid": 3820, "stedelijkheid_adressen_per_km2": 1, "bevolkingsdichtheid_inwoners_per_km2": 7170, "aantal_inwoners": 7090, "mannen": 3165, "vrouwen": 3920, "percentage_personen_0_tot_15_jaar": 9, "percentage_personen_15_tot_25_jaar": 27, "percentage_personen_25_tot_45_jaar": 28, "percentage_personen_45_tot_65_jaar": 17, "percentage_personen_65_jaar_en_ouder": 19, "percentage_ongehuwd": 71, "percentage_gehuwd": 21, "percentage_gescheid": 5, "percentage_verweduwd": 4, "aantal_huishoudens": 4685, "percentage_eenpersoonshuishoudens": 70, "percentage_huishoudens_zonder_kinderen": 18, "percentage_huishoudens_met_kinderen": 12, "gemiddelde_huishoudsgrootte": 1.5, "percentage_met_herkomstland_nederland": 80, "percentage_met_herkomstland_uit_europa_excl_nl": 10, "percentage_met_herkomstland_buiten_europa": 10, "percentage_geb_in_nl_met_herkomstland_nederland": 80, "perc_geb_in_nl_met_herkomstland_in_europa_ex_nl": 5, "perc_geb_in_nl_met_herkomstland_buiten_europa": 5, "perc_geb_buiten_nl_met_herkomstlnd_in_europa_ex_nl": 5, "perc_geb_buiten_nl_met_herkomstlnd_buiten_europa": 5, "oppervlakte_totaal_in_ha": 99, "oppervlakte_land_in_ha": 99, "oppervlakte_water_in_ha": 0, "jrstatcode": "2025BU02680203", "jaar": 2025 }, "geometry": { "type": "MultiPolygon", "coordinates": [ [ [ [ 187677.949099998921156, 428206.860200006514788 ], [ 187697.242099996656179, 428190.626200009137392 ], [ 187715.89410000666976, 428174.654199995100498 ], [ 187730.099100008606911, 428161.306200001388788 ], [ 187732.615100003778934, 428159.134199999272823 ], [ 187727.58109999448061, 428156.302200004458427 ], [ 187718.837100002914667, 428143.862199999392033 ], [ 187719.975099999457598, 428141.934200007468462 ], [ 187707.908100001513958, 428130.411200009286404 ], [ 187707.446100000292063, 428130.874200005084276 ], [ 187704.620100002735853, 428128.362200003117323 ], [ 187705.230099998414516, 428127.75220000743866 ], [ 187686.351099997758865, 428109.913100007921457 ], [ 187687.230100002139807, 428109.512099999934435 ], [ 187705.356100000441074, 428100.340100008994341 ], [ 187717.858100008219481, 428091.030100006610155 ], [ 187725.432100009173155, 428103.049100004136562 ], [ 187734.486100006848574, 428117.28319999948144 ], [ 187747.195100005716085, 428108.482200000435114 ], [ 187750.586100000888109, 428106.319199997931719 ], [ 187752.895100001245737, 428104.507200010120869 ], [ 187736.122099999338388, 428077.674100007861853 ], [ 187757.681100007146597, 428063.469100002199411 ], [ 187757.467099994421005, 428063.819100003689528 ], [ 187757.312100008130074, 428064.198100004345179 ], [ 187757.221100002527237, 428064.598099999129772 ], [ 187757.196100004017353, 428065.007099997252226 ], [ 187757.238099996000528, 428065.415100000798702 ], [ 187757.34510001167655, 428065.811100006103516 ], [ 187757.515099998563528, 428066.184099998325109 ], [ 187757.743099998682737, 428066.525100007653236 ], [ 187774.247100003063679, 428087.020200006663799 ], [ 187783.421100005507469, 428079.520199999213219 ], [ 187786.968099996447563, 428076.687199994921684 ], [ 187788.955100003629923, 428074.882199998944998 ], [ 187800.534100007265806, 428065.326200004667044 ], [ 187814.19310000166297, 428083.431200008839369 ], [ 187816.036100000143051, 428082.007200006395578 ], [ 187819.889100007712841, 428078.867200005799532 ], [ 187823.037100002169609, 428081.512200005352497 ], [ 187833.768100000917912, 428069.075200006365776 ], [ 187836.334100000560284, 428065.843200001865625 ], [ 187839.917100001126528, 428061.721200000494719 ], [ 187833.305100001394749, 428053.864199999719858 ], [ 187828.254100002348423, 428047.762200001627207 ], [ 187839.97410000488162, 428036.107200004160404 ], [ 187853.554100003093481, 428022.825200002640486 ], [ 187837.301100004464388, 428005.312100000679493 ], [ 187836.899099998176098, 428005.031100012362003 ], [ 187836.460100002586842, 428004.813100010156631 ], [ 187835.994100000709295, 428004.662099994719028 ], [ 187835.51010001078248, 428004.583099998533726 ], [ 187835.020100004971027, 428004.576100006699562 ], [ 187834.534100007265806, 428004.641100000590086 ], [ 187834.064100001007318, 428004.778099998831749 ], [ 187846.678100008517504, 427993.428100004792213 ], [ 187862.375100001692772, 427979.091100003570318 ], [ 187865.503100007772446, 427982.610100004822016 ], [ 187871.520100001245737, 427989.213100004941225 ], [ 187871.107099998742342, 427989.602100003510714 ], [ 187874.316100001335144, 427993.075100000947714 ], [ 187877.951100002974272, 427989.69709999486804 ], [ 187881.68410000577569, 427993.64809999987483 ], [ 187882.34510000795126, 427993.031100001186132 ], [ 187887.950100008398294, 427999.419200003147125 ], [ 187894.260099999606609, 427993.4932000041008 ], [ 187892.538100000470877, 427991.685200002044439 ], [ 187942.476100008934736, 427943.530100006610155 ], [ 187923.527100004255772, 427923.923100002110004 ], [ 187923.12610000744462, 427923.662099998444319 ], [ 187922.68809999525547, 427923.467100001871586 ], [ 187922.226100008934736, 427923.343100007623434 ], [ 187921.750100009143353, 427923.294100008904934 ], [ 187921.272100001573563, 427923.320100001990795 ], [ 187920.804100003093481, 427923.421100005507469 ], [ 187920.357100002467632, 427923.59510000795126 ], [ 187919.944100003689528, 427923.836100000888109 ], [ 187932.703099999576807, 427911.689100008457899 ], [ 187932.516100004315376, 427912.131100010126829 ], [ 187946.207100003957748, 427915.347100000828505 ], [ 187961.157100006937981, 427920.070099994540215 ], [ 187970.891100004315376, 427910.964100010693073 ], [ 187983.832100007683039, 427899.529100008308887 ], [ 187986.02309999987483, 427897.332100007683039 ], [ 187984.125100005418062, 427895.254099998623133 ], [ 187988.963100004941225, 427890.424100004136562 ], [ 187988.612100005149841, 427890.056099999696016 ], [ 188003.198100004345179, 427876.573100004345179 ], [ 188002.478100005537271, 427875.855099998414516 ], [ 188007.863099999725819, 427870.555100001394749 ], [ 188011.048099998384714, 427866.987099997699261 ], [ 187996.325100000947714, 427852.512100003659725 ], [ 187995.942099995911121, 427852.273100003600121 ], [ 187995.527100000530481, 427852.09910000115633 ], [ 187995.089100003242493, 427851.99210000038147 ], [ 187994.63909999653697, 427851.957100003957748 ], [ 187994.190100003033876, 427851.993099998682737 ], [ 187993.752100002020597, 427852.101100008934736 ], [ 187993.337100006639957, 427852.277100007981062 ], [ 187992.955100003629923, 427852.517100002616644 ], [ 187992.616099998354912, 427852.814100001007318 ], [ 187993.577100001275539, 427851.771100006997585 ], [ 188009.802099999040365, 427834.968100007623434 ], [ 188009.652099996805191, 427835.402100004255772 ], [ 188009.562100004404783, 427835.853100009262562 ], [ 188009.535099998116493, 427836.311100006103516 ], [ 188009.571100007742643, 427836.769100002944469 ], [ 188009.669100005179644, 427837.218099996447563 ], [ 188009.827099997550249, 427837.649100001901388 ], [ 188010.043100006878376, 427838.055100008845329 ], [ 188017.10810000449419, 427845.094099998474121 ], [ 188022.647100001573563, 427838.954100009053946 ], [ 188029.321100004017353, 427832.277100000530481 ], [ 188031.73310000449419, 427834.671100009232759 ], [ 188036.293100003153086, 427829.974100012332201 ], [ 188048.652100004255772, 427842.404100000858307 ], [ 188052.03210000321269, 427845.972100004553795 ], [ 188061.103100005537271, 427837.268100008368492 ], [ 188057.612100005149841, 427833.625100012868643 ], [ 188050.726100008934736, 427826.630100008100271 ], [ 188073.267100006341934, 427804.910100001841784 ], [ 188072.076100006699562, 427803.691100008785725 ], [ 188076.681100003421307, 427799.194100007414818 ], [ 188077.796099998056889, 427800.338100004941225 ], [ 188086.766100000590086, 427791.701099999248981 ], [ 188085.691100001335144, 427790.603100009262562 ], [ 188090.298100005835295, 427786.094100002199411 ], [ 188091.441100005060434, 427787.262099999934435 ], [ 188100.01410000026226, 427778.873100005090237 ], [ 188098.92510000243783, 427777.749100007116795 ], [ 188101.105099994689226, 427775.633099995553493 ], [ 188102.281100012362003, 427776.907100010663271 ], [ 188104.545100003480911, 427774.708099998533726 ], [ 188099.67509999871254, 427769.714100003242493 ], [ 188104.365100003778934, 427765.148100003600121 ], [ 188104.073100004345179, 427764.654099997133017 ], [ 188117.962100006639957, 427751.252100005745888 ], [ 188117.749100003391504, 427750.900099996477365 ], [ 188122.152100011706352, 427746.382100000977516 ], [ 188127.007100000977516, 427741.5591000020504 ], [ 188127.304099999368191, 427741.854100007563829 ], [ 188137.151099994778633, 427732.412100005894899 ], [ 188161.035100001841784, 427712.190099995583296 ], [ 188160.672100000083447, 427711.696100004017353 ], [ 188165.773100011050701, 427707.638100001960993 ], [ 188165.330099996179342, 427707.035100001841784 ], [ 188171.20610000193119, 427702.617100011557341 ], [ 188173.405099999159575, 427703.119100008159876 ], [ 188177.524099998176098, 427704.301100004464388 ], [ 188178.121100001037121, 427695.377099998295307 ], [ 188184.324100002646446, 427696.477100007236004 ], [ 188183.257100008428097, 427690.969100005924702 ], [ 188194.091100003570318, 427690.954100009053946 ], [ 188192.578100007027388, 427663.834100008010864 ], [ 188196.030100006610155, 427663.910100001841784 ], [ 188195.705100003629923, 427657.292100004851818 ], [ 188217.658099997788668, 427657.996100004762411 ], [ 188217.778100002557039, 427653.104100007563829 ], [ 188217.711100000888109, 427652.102099996060133 ], [ 188217.378100007772446, 427650.871100001037121 ], [ 188216.828100007027388, 427649.883100003004074 ], [ 188210.414099998772144, 427641.562100008130074 ], [ 188210.070099994540215, 427641.258100003004074 ], [ 188209.682100005447865, 427641.014100003987551 ], [ 188209.259100005030632, 427640.836100000888109 ], [ 188208.812100004404783, 427640.730099998414516 ], [ 188208.355100005865097, 427640.697100006043911 ], [ 188207.898100003600121, 427640.740100011229515 ], [ 188207.454100009053946, 427640.856099996715784 ], [ 188207.035100013017654, 427641.043100006878376 ], [ 188206.652100007981062, 427641.296100005507469 ], [ 188236.728100009262562, 427617.331100005656481 ], [ 188239.660100005567074, 427620.055100001394749 ], [ 188241.34010000154376, 427621.716100007295609 ], [ 188253.829100001603365, 427627.156100008636713 ], [ 188270.185100000351667, 427628.968100000172853 ], [ 188271.087100006639957, 427617.785100001841784 ], [ 188273.0861000046134, 427618.084100008010864 ], [ 188284.183100000023842, 427619.369100004434586 ], [ 188290.902100000530481, 427620.098100006580353 ], [ 188290.182100001722574, 427615.972100000828505 ], [ 188288.491099998354912, 427604.574100006371737 ], [ 188287.815099999308586, 427599.471099998801947 ], [ 188286.044100001454353, 427581.864100005477667 ], [ 188308.005100004374981, 427531.045099999755621 ], [ 188329.31810000911355, 427508.453100010752678 ], [ 188340.977100007236004, 427483.46510000154376 ], [ 188354.736100006848574, 427487.303099997341633 ], [ 188358.694100007414818, 427487.490100003778934 ], [ 188364.958100002259016, 427487.652100000530481 ], [ 188366.013100001960993, 427484.967100005596876 ], [ 188367.847099997103214, 427485.76910000666976 ], [ 188369.451099999248981, 427479.924100007861853 ], [ 188361.315100003033876, 427478.664099995046854 ], [ 188346.838100001215935, 427471.311100002378225 ], [ 188348.427100002765656, 427468.132100000977516 ], [ 188360.294100005179644, 427439.26010000705719 ], [ 188389.158100008964539, 427368.026200000196695 ], [ 188408.220200002193451, 427321.837200004607439 ], [ 188413.84119999781251, 427321.104200001806021 ], [ 188420.684200007468462, 427318.905200004577637 ], [ 188428.504200000315905, 427315.728199996054173 ], [ 188436.324200008064508, 427310.840200003236532 ], [ 188440.47919999808073, 427305.952200006693602 ], [ 188463.696199994534254, 427277.848200000822544 ], [ 188475.182200003415346, 427264.651200003921986 ], [ 188497.17620000615716, 427241.923200000077486 ], [ 188518.682199999690056, 427220.662200000137091 ], [ 188545.076200004667044, 427198.178200010210276 ], [ 188560.71620000526309, 427185.470200005918741 ], [ 188567.826200000941753, 427180.847200002521276 ], [ 188579.965200003236532, 427170.732199996709824 ], [ 188597.162200003862381, 427156.823200009763241 ], [ 188629.279200006276369, 427135.074200000613928 ], [ 188659.625199995934963, 427115.349199999123812 ], [ 188707.169199995696545, 427084.749199997633696 ], [ 188714.33220000565052, 427080.730200007557869 ], [ 188749.123200010508299, 427060.549100004136562 ], [ 188754.580200001597404, 427067.240100000053644 ], [ 188765.750199995934963, 427060.670100003480911 ], [ 188761.315200001001358, 427053.463100008666515 ], [ 188780.474200002849102, 427042.327100001275539 ], [ 188783.027200002223253, 427040.061100002378225 ], [ 188789.534199997782707, 427048.318099997937679 ], [ 188796.236200004816055, 427042.930100001394749 ], [ 188790.314200006425381, 427033.591099999845028 ], [ 188815.43919999524951, 427011.287100005894899 ], [ 188817.231200002133846, 427001.369100004434586 ], [ 188818.805200006812811, 426996.455100003629923 ], [ 188821.837200008332729, 426989.397100012749434 ], [ 188825.733200006186962, 426982.098100002855062 ], [ 188830.969200007617474, 426973.765100002288818 ], [ 188819.820200007408857, 426967.3361000046134 ], [ 188811.356200005859137, 426963.305100005120039 ], [ 188806.976200006902218, 426963.94310000166297 ], [ 188789.892200004309416, 426959.034099999815226 ], [ 188788.60020000115037, 426958.499099999666214 ], [ 188730.725200012326241, 426941.19310000538826 ], [ 188732.348200000822544, 426935.562100008130074 ], [ 188718.194200001657009, 426931.084100011736155 ], [ 188713.45720000565052, 426946.82710000872612 ], [ 188691.365200005471706, 426939.95210000872612 ], [ 188688.669199999421835, 426945.397199999541044 ], [ 188682.343200001865625, 426943.486200001090765 ], [ 188677.628199998289347, 426941.775199998170137 ], [ 188672.40820000693202, 426939.61820000782609 ], [ 188672.510200008749962, 426939.407200001180172 ], [ 188665.614199999719858, 426936.147200006991625 ], [ 188665.134200006723404, 426937.156199999153614 ], [ 188657.015200007706881, 426933.317200008779764 ], [ 188656.286200005561113, 426934.858199995011091 ], [ 188584.384200006723404, 426939.232200000435114 ], [ 188595.523200005292892, 426918.300200004130602 ], [ 188616.333200000226498, 426879.496200006455183 ], [ 188629.798200007528067, 426853.423200003802776 ], [ 188640.325200006365776, 426830.287200000137091 ], [ 188615.974199999123812, 426818.867199998348951 ], [ 188599.82319999858737, 426811.206200007349253 ], [ 188582.525199998170137, 426802.927200004458427 ], [ 188552.852199997752905, 426788.675199996680021 ], [ 188517.029200002551079, 426771.657200001180172 ], [ 188513.659200001507998, 426770.054200012236834 ], [ 188478.131200008094311, 426862.726199999451637 ], [ 188468.244200002402067, 426859.287200003862381 ], [ 188406.175200007855892, 426844.313200000673532 ], [ 188367.697199996560812, 426834.97919999808073 ], [ 188363.62220000103116, 426854.164200000464916 ], [ 188360.575199995189905, 426853.403200004249811 ], [ 188343.614200003445148, 426849.720199998468161 ], [ 188343.863200001418591, 426869.016200002282858 ], [ 188344.097199998795986, 426869.652200005948544 ], [ 188344.614200007170439, 426870.333200003951788 ], [ 188345.931200008839369, 426871.242200005799532 ], [ 188331.909200012683868, 426867.882200006395578 ], [ 188320.260200012475252, 426865.56420000270009 ], [ 188290.006200008094311, 426861.988200008869171 ], [ 188273.779200002551079, 426863.299200002104044 ], [ 188270.748200006783009, 426823.38120000436902 ], [ 188183.537099998444319, 426830.066200006753206 ], [ 188183.66610000655055, 426831.604200001806021 ], [ 188160.92509999871254, 426833.735199995338917 ], [ 188153.498100005090237, 426834.816200006753206 ], [ 188150.438099998980761, 426806.784200001507998 ], [ 188012.279100008308887, 426820.48420000448823 ], [ 188009.55510001257062, 426775.327200002968311 ], [ 187972.94310000166297, 426738.23420000821352 ], [ 187943.105100005865097, 426769.418200008571148 ], [ 187899.527100007981062, 426812.507199998944998 ], [ 187837.587100006639957, 426873.95719999819994 ], [ 187790.826100002974272, 426920.718099996447563 ], [ 187746.758100003004074, 426965.520099997520447 ], [ 187705.873100008815527, 427008.119100000709295 ], [ 187611.61710000410676, 427102.865100007504225 ], [ 187548.942999999970198, 427166.274100005626678 ], [ 187498.50900000333786, 427217.686100002378225 ], [ 187483.005000002682209, 427232.90710000321269 ], [ 187464.145000003278255, 427252.0591000020504 ], [ 187470.894000001251698, 427298.470100004225969 ], [ 187471.977000005543232, 427305.914100002497435 ], [ 187472.241999998688698, 427308.161100000143051 ], [ 187476.437999997287989, 427343.703100010752678 ], [ 187480.573000006377697, 427372.955099999904633 ], [ 187481.705000009387732, 427380.029100000858307 ], [ 187492.042000006884336, 427453.963100004941225 ], [ 187494.391000002622604, 427471.996100001037121 ], [ 187498.810000006109476, 427505.629100006073713 ], [ 187500.666000008583069, 427519.833099998533726 ], [ 187502.883000008761883, 427534.571100007742643 ], [ 187497.273000005632639, 427535.307100005447865 ], [ 187499.252000007778406, 427548.462100006639957 ], [ 187485.278000008314848, 427550.295100007206202 ], [ 187492.115000005811453, 427595.754100006073713 ], [ 187495.629000008106232, 427618.811100002378225 ], [ 187499.175000004470348, 427640.963099997490644 ], [ 187511.092999998480082, 427639.360100008547306 ], [ 187512.080999996513128, 427645.93410000577569 ], [ 187529.270000003278255, 427643.679100003093481 ], [ 187530.497000001370907, 427653.741099994629622 ], [ 187546.839000009000301, 427651.598100006580353 ], [ 187547.296000011265278, 427649.806099999696016 ], [ 187548.782000001519918, 427649.570100005716085 ], [ 187550.140000011771917, 427664.141100008040667 ], [ 187548.7280000038445, 427665.556100007146597 ], [ 187523.3530000038445, 427679.026099998503923 ], [ 187505.492999996989965, 427681.533100005239248 ], [ 187507.47800000756979, 427695.354100007563829 ], [ 187508.937000006437302, 427705.138100001960993 ], [ 187511.946000006049871, 427723.528099995106459 ], [ 187517.392000004649162, 427758.880100008100271 ], [ 187524.156000003218651, 427803.76010000705719 ], [ 187537.364000007510185, 427801.895100001245737 ], [ 187538.60300001129508, 427810.575100012123585 ], [ 187527.31700000166893, 427812.157100006937981 ], [ 187527.307000000029802, 427814.040100000798702 ], [ 187528.342999998480082, 427822.37610000744462 ], [ 187516.293000005185604, 427824.057100012898445 ], [ 187517.449000008404255, 427832.249099999666214 ], [ 187515.541999999433756, 427832.503100007772446 ], [ 187516.142000008374453, 427849.119100000709295 ], [ 187515.517000000923872, 427854.407100006937981 ], [ 187528.618000004440546, 427855.868099998682737 ], [ 187534.699000008404255, 427855.160100005567074 ], [ 187550.752999994903803, 427853.053099997341633 ], [ 187552.905000001192093, 427866.405100010335445 ], [ 187553.502000004053116, 427867.16610000282526 ], [ 187568.394000004976988, 427880.457100003957748 ], [ 187572.212000001221895, 427871.693099997937679 ], [ 187580.968100003898144, 427910.585100010037422 ], [ 187581.860100008547306, 427915.682100001722574 ], [ 187581.290100000798702, 427917.232100006192923 ], [ 187573.973099999129772, 427934.007100000977516 ], [ 187571.061099998652935, 427934.338100001215935 ], [ 187566.339100003242493, 427935.047100003808737 ], [ 187558.375100001692772, 427951.79110000282526 ], [ 187556.650100000202656, 427955.507100000977516 ], [ 187555.459100000560284, 427957.808100011199713 ], [ 187567.789099998772144, 427956.254100006073713 ], [ 187568.008099999278784, 427957.88910000026226 ], [ 187568.47410000115633, 427957.82710001245141 ], [ 187568.620099999010563, 427958.927100006490946 ], [ 187568.154100012034178, 427958.989100012928247 ], [ 187568.686100006103516, 427962.99210000783205 ], [ 187572.390100006014109, 427962.570100001990795 ], [ 187572.578099999576807, 427963.958099998533726 ], [ 187575.06309999525547, 427963.674100004136562 ], [ 187576.111100003123283, 427971.313099998980761 ], [ 187565.903099998831749, 427972.339099999517202 ], [ 187565.589100006967783, 427972.411100003868341 ], [ 187565.30009999871254, 427972.551100004464388 ], [ 187565.049100007861853, 427972.753099996596575 ], [ 187564.851100001484156, 427973.006099995225668 ], [ 187564.714100003242493, 427973.298099994659424 ], [ 187564.647100001573563, 427973.612100001424551 ], [ 187564.652100000530481, 427973.934099998325109 ], [ 187565.638100005686283, 427981.042099997401237 ], [ 187569.245100006461143, 427980.56810000538826 ], [ 187568.356100004166365, 427987.079100001603365 ], [ 187561.125100009143353, 428042.710099998861551 ], [ 187560.881099995225668, 428052.032100006937981 ], [ 187560.686099998652935, 428055.990100007504225 ], [ 187566.72409999743104, 428058.007100008428097 ], [ 187566.421100001782179, 428058.621100004762411 ], [ 187579.817099999636412, 428058.338100008666515 ], [ 187579.453099995851517, 428063.146100010722876 ], [ 187580.112100005149841, 428081.566100001335144 ], [ 187597.094100005924702, 428089.438099998980761 ], [ 187597.512100007385015, 428089.587100002914667 ], [ 187597.950100004673004, 428089.661100000143051 ], [ 187598.968100000172853, 428090.201099999248981 ], [ 187599.784099999815226, 428090.141100004315376 ], [ 187600.259100005030632, 428089.768100000917912 ], [ 187600.995099999010563, 428088.522100005298853 ], [ 187595.180100001394749, 428112.362100012600422 ], [ 187595.162099998444319, 428111.907100006937981 ], [ 187595.069099999964237, 428111.461100000888109 ], [ 187594.903099998831749, 428111.037100005894899 ], [ 187594.671100009232759, 428110.645100001245737 ], [ 187594.377100002020597, 428110.298100005835295 ], [ 187594.029100012034178, 428110.003100000321865 ], [ 187593.638100001960993, 428109.770100001245737 ], [ 187583.114100009202957, 428104.94310000911355 ], [ 187579.096100002527237, 428113.230100005865097 ], [ 187571.125100009143353, 428109.5810999982059 ], [ 187567.457100003957748, 428117.662099994719028 ], [ 187562.3581000007689, 428115.348100010305643 ], [ 187560.98810001090169, 428118.298099998384714 ], [ 187555.899100005626678, 428115.726099997758865 ], [ 187554.105100005865097, 428114.918100003153086 ], [ 187546.144099999219179, 428132.025100007653236 ], [ 187540.165100008249283, 428145.86710000783205 ], [ 187542.13510000705719, 428146.709100004285574 ], [ 187544.859100002795458, 428150.627100005745888 ], [ 187547.798099994659424, 428154.400100003927946 ], [ 187551.576100006699562, 428159.429099999368191 ], [ 187556.304100003093481, 428166.128100004047155 ], [ 187560.277100000530481, 428182.660199999809265 ], [ 187568.615100000053644, 428186.800200007855892 ], [ 187564.761100009083748, 428194.429200004786253 ], [ 187564.335100002586842, 428195.1891999989748 ], [ 187563.844100002199411, 428195.909199997782707 ], [ 187563.293100006878376, 428196.584200002253056 ], [ 187562.686100006103516, 428197.208199996501207 ], [ 187562.026100002229214, 428197.778200007975101 ], [ 187561.320100005716085, 428198.288199994713068 ], [ 187560.572100002318621, 428198.734199997037649 ], [ 187559.788100007921457, 428199.115200009196997 ], [ 187558.97410000115633, 428199.42620000615716 ], [ 187558.136100005358458, 428199.665200006216764 ], [ 187557.281100001186132, 428199.830200005322695 ], [ 187562.39410000666976, 428201.021200008690357 ], [ 187566.991099998354912, 428202.956200007349253 ], [ 187572.003100000321865, 428204.967199999839067 ], [ 187576.121100001037121, 428206.790199998766184 ], [ 187580.191100001335144, 428208.995200004428625 ], [ 187585.656100001186132, 428212.6182000041008 ], [ 187589.94310000166297, 428215.821200005710125 ], [ 187594.002100005745888, 428219.326200008392334 ], [ 187592.522100009024143, 428216.260200001299381 ], [ 187591.954100009053946, 428214.248199999332428 ], [ 187591.689100001007318, 428213.085200004279613 ], [ 187591.648100007325411, 428211.77020001038909 ], [ 187591.799100007861853, 428210.364199995994568 ], [ 187608.106100004166365, 428178.638200003653765 ], [ 187614.790100008249283, 428166.132200006395578 ], [ 187659.901100002229214, 428220.549199998378754 ], [ 187677.949099998921156, 428206.860200006514788 ] ] ] ] } },
{ "type": "Feature", "properties": { "fid": 3072, "buurtcode": "BU02680204", "buurtnaam": "Altrade", "wijkcode": "WK026802", "gemeentecode": "GM0268", "gemeentenaam": "Nijmegen", "indelingswijziging_wijken_en_buurten": 1, "water": "NEE", "meest_voorkomende_postcode": "6521", "dekkingspercentage": 2, "omgevingsadressendichtheid": 3871, "stedelijkheid_adressen_per_km2": 1, "bevolkingsdichtheid_inwoners_per_km2": 10560, "aantal_inwoners": 6470, "mannen": 2945, "vrouwen": 3520, "percentage_personen_0_tot_15_jaar": 8, "percentage_personen_15_tot_25_jaar": 23, "percentage_personen_25_tot_45_jaar": 33, "percentage_personen_45_tot_65_jaar": 21, "percentage_personen_65_jaar_en_ouder": 15, "percentage_ongehuwd": 74, "percentage_gehuwd": 18, "percentage_gescheid": 6, "percentage_verweduwd": 2, "aantal_huishoudens": 4300, "percentage_eenpersoonshuishoudens": 68, "percentage_huishoudens_zonder_kinderen": 19, "percentage_huishoudens_met_kinderen": 13, "gemiddelde_huishoudsgrootte": 1.5, "percentage_met_herkomstland_nederland": 75, "percentage_met_herkomstland_uit_europa_excl_nl": 10, "percentage_met_herkomstland_buiten_europa": 10, "percentage_geb_in_nl_met_herkomstland_nederland": 75, "perc_geb_in_nl_met_herkomstland_in_europa_ex_nl": 5, "perc_geb_in_nl_met_herkomstland_buiten_europa": 5, "perc_geb_buiten_nl_met_herkomstlnd_in_europa_ex_nl": 5, "perc_geb_buiten_nl_met_herkomstlnd_buiten_europa": 5, "oppervlakte_totaal_in_ha": 61, "oppervlakte_land_in_ha": 61, "oppervlakte_water_in_ha": 0, "jrstatcode": "2025BU02680204", "jaar": 2025 }, "geometry": { "type": "MultiPolygon", "coordinates": [ [ [ [ 188400.01910001039505, 428377.969300009310246 ], [ 188400.116099994629622, 428377.955300010740757 ], [ 188391.725100006908178, 428360.437299996614456 ], [ 188388.622099999338388, 428353.984300002455711 ], [ 188401.264100007712841, 428346.643300000578165 ], [ 188409.901100002229214, 428344.357300002127886 ], [ 188414.67510000243783, 428341.018300000578165 ], [ 188416.731100004166365, 428340.009300004690886 ], [ 188422.912099998444319, 428336.618299998342991 ], [ 188423.90710000321269, 428338.648300006985664 ], [ 188426.365099996328354, 428347.869299996644258 ], [ 188433.359100002795458, 428346.206300012767315 ], [ 188432.45210001245141, 428342.7972999997437 ], [ 188434.323100000619888, 428342.39130000770092 ], [ 188439.210099998861551, 428346.409300003200769 ], [ 188441.497100006788969, 428355.047300007194281 ], [ 188446.200100000947714, 428354.506299994885921 ], [ 188448.170099999755621, 428361.542300008237362 ], [ 188454.519099999219179, 428364.613299999386072 ], [ 188468.521099999547005, 428361.255300007760525 ], [ 188466.264100003987551, 428356.424300003796816 ], [ 188453.644099999219179, 428326.928300000727177 ], [ 188463.243099994957447, 428322.490299995988607 ], [ 188456.095099996775389, 428306.140299994498491 ], [ 188465.446100007742643, 428301.811300002038479 ], [ 188463.784100003540516, 428297.997300006449223 ], [ 188462.994099996984005, 428298.343300003558397 ], [ 188460.267099995166063, 428294.704299997538328 ], [ 188459.046099998056889, 428291.835299998521805 ], [ 188455.352100010961294, 428282.377300005406141 ], [ 188457.121099997311831, 428281.60530000180006 ], [ 188449.938100002706051, 428264.722300007939339 ], [ 188469.665100011974573, 428256.456300009042025 ], [ 188471.076100006699562, 428259.479299999773502 ], [ 188475.01010000705719, 428258.546299997717142 ], [ 188479.612099997699261, 428258.127300001680851 ], [ 188485.01409999653697, 428260.341300010681152 ], [ 188496.056100007146597, 428269.401300001889467 ], [ 188494.616099998354912, 428270.253299999982119 ], [ 188495.557100005447865, 428273.473299995064735 ], [ 188500.524099994450808, 428285.610300004482269 ], [ 188499.31309999525547, 428286.054299999028444 ], [ 188503.673099998384714, 428300.115299999713898 ], [ 188503.301100008189678, 428300.203299999237061 ], [ 188503.3851000033319, 428300.450300000607967 ], [ 188503.04109999909997, 428300.613300006836653 ], [ 188504.630100000649691, 428304.436300002038479 ], [ 188505.075100008398294, 428304.294300004839897 ], [ 188505.325100000947714, 428304.986299999058247 ], [ 188505.032100006937981, 428305.17229999601841 ], [ 188506.821100007742643, 428309.688299998641014 ], [ 188507.290100000798702, 428309.521300002932549 ], [ 188507.752099998295307, 428310.531300008296967 ], [ 188516.878100000321865, 428307.363300003111362 ], [ 188523.2601000033319, 428321.929300002753735 ], [ 188525.931099999696016, 428320.810300003737211 ], [ 188531.764100003987551, 428318.444299999624491 ], [ 188535.156100008636713, 428317.287299998104572 ], [ 188539.370099995285273, 428330.146300002932549 ], [ 188556.027100011706352, 428321.412300005555153 ], [ 188555.286100000143051, 428320.287299998104572 ], [ 188553.727099996060133, 428321.470300007611513 ], [ 188551.463100004941225, 428321.176300000399351 ], [ 188550.348099995404482, 428319.389300007373095 ], [ 188550.680100005120039, 428317.499300003051758 ], [ 188548.826099999248981, 428314.662300013005733 ], [ 188548.183100000023842, 428314.886300012469292 ], [ 188547.259100001305342, 428314.919300001114607 ], [ 188546.442100003361702, 428314.473299995064735 ], [ 188545.869100000709295, 428313.867300003767014 ], [ 188545.566100005060434, 428313.102299995720387 ], [ 188545.518100004643202, 428312.453300002962351 ], [ 188541.421099998056889, 428298.057300001382828 ], [ 188540.870100002735853, 428295.950300008058548 ], [ 188546.656100001186132, 428293.965299997478724 ], [ 188568.303100012242794, 428274.338300012052059 ], [ 188565.374100003391504, 428266.659300003200769 ], [ 188557.673100002110004, 428245.985300004482269 ], [ 188568.944099999964237, 428242.001299999654293 ], [ 188594.852100003510714, 428232.985300004482269 ], [ 188613.994100000709295, 428223.736300010234118 ], [ 188624.514100003987551, 428245.536299996078014 ], [ 188636.399099994450808, 428258.625300008803606 ], [ 188648.034100007265806, 428248.070300009101629 ], [ 188656.17510000243783, 428240.568300008773804 ], [ 188666.223100006580353, 428230.970300011336803 ], [ 188699.132100008428097, 428201.23420000821352 ], [ 188683.918099999427795, 428184.320200007408857 ], [ 188672.665100004523993, 428152.026200000196695 ], [ 188705.664100002497435, 428137.561200000345707 ], [ 188703.25110000744462, 428131.479200001806021 ], [ 188736.332100003957748, 428115.290199998766184 ], [ 188732.583100005984306, 428108.000200003385544 ], [ 188722.272100001573563, 428088.715199995785952 ], [ 188719.721099998801947, 428089.3902000002563 ], [ 188710.940099999308586, 428068.136200007051229 ], [ 188732.631100006401539, 428058.918200004845858 ], [ 188748.393100008368492, 428099.380200002342463 ], [ 188771.605100005865097, 428089.563200004398823 ], [ 188781.312100011855364, 428113.228199999779463 ], [ 188782.308100000023842, 428115.888199996203184 ], [ 188783.169100012630224, 428118.853199999779463 ], [ 188783.205100007355213, 428121.306200005114079 ], [ 188782.60810000449419, 428123.611200004816055 ], [ 188781.70210000872612, 428125.180200006812811 ], [ 188780.464100003242493, 428126.588199999183416 ], [ 188808.292100008577108, 428101.315200001001358 ], [ 188799.628100007772446, 428083.077200006693602 ], [ 188794.218100003898144, 428071.428200006484985 ], [ 188772.120100006461143, 428018.591099996119738 ], [ 188784.161099996417761, 428012.988100003451109 ], [ 188804.133099999278784, 428003.921100001782179 ], [ 188810.973100002855062, 428000.681100007146597 ], [ 188823.368099994957447, 428026.688100006431341 ], [ 188831.182100005447865, 428019.52309999987483 ], [ 188835.165100004523993, 428015.687100000679493 ], [ 188847.620100006461143, 428004.191100008785725 ], [ 188833.967099994421005, 427989.36710000783205 ], [ 188845.973100002855062, 427984.238100007176399 ], [ 188873.667100001126528, 427971.615100000053644 ], [ 188873.90310000628233, 427972.24210000038147 ], [ 188876.354100007563829, 427971.379100006073713 ], [ 188878.727100003510714, 427977.751099996268749 ], [ 188897.117099996656179, 427971.491100005805492 ], [ 188909.845100000500679, 427967.234099999070168 ], [ 188918.771099999547005, 427993.473100002855062 ], [ 188920.460100010037422, 427998.705099999904633 ], [ 188932.953099999576807, 427987.046100001782179 ], [ 188931.936100002378225, 427987.268100004643202 ], [ 188931.113100007176399, 427987.330100007355213 ], [ 188929.717099994421005, 427986.918100003153086 ], [ 188928.953099995851517, 427985.525099996477365 ], [ 188927.728100009262562, 427982.250100005418062 ], [ 188915.668100003153086, 427945.834100008010864 ], [ 188926.5591000020504, 427942.106100004166365 ], [ 188931.949100006371737, 427937.212099999189377 ], [ 188936.636100009083748, 427935.647100012749434 ], [ 188934.518100000917912, 427929.784099996089935 ], [ 188936.926099997013807, 427930.811100006103516 ], [ 188962.927099999040365, 427959.637100007385015 ], [ 188980.683100000023842, 427943.419100005179644 ], [ 188979.398100003600121, 427943.803100004792213 ], [ 188978.599100008606911, 427943.839099999517202 ], [ 188977.497100003063679, 427943.288100004196167 ], [ 188976.561099994927645, 427941.978100009262562 ], [ 188971.555100005120039, 427927.631100006401539 ], [ 188963.665100000798702, 427904.584100000560284 ], [ 188969.604100007563829, 427902.713100008666515 ], [ 188975.472100008279085, 427900.761100001633167 ], [ 188974.204100005328655, 427896.536100003868341 ], [ 188980.760099999606609, 427894.236100003123283 ], [ 188987.274100001901388, 427891.872100006788969 ], [ 188980.782100006937981, 427872.0050999969244 ], [ 189012.163100000470877, 427862.741100002080202 ], [ 189007.100100006908178, 427846.594100005924702 ], [ 189027.4831000007689, 427840.066100001335144 ], [ 189025.257099997252226, 427833.301100008189678 ], [ 189045.466100003570318, 427826.594099998474121 ], [ 189047.334100000560284, 427834.433100007474422 ], [ 189103.129099998623133, 427806.219099998474121 ], [ 189112.430100001394749, 427801.423100002110004 ], [ 189139.918100003153086, 427793.518100000917912 ], [ 189147.33610000833869, 427819.301100000739098 ], [ 189156.750100001692772, 427814.856100004166365 ], [ 189151.72409999743104, 427798.053100004792213 ], [ 189164.488100007176399, 427793.261099997907877 ], [ 189159.464099999517202, 427784.65310000628233 ], [ 189172.453100003302097, 427777.457100007683039 ], [ 189201.296099998056889, 427761.613100003451109 ], [ 189196.971100006252527, 427753.766100004315376 ], [ 189199.587100006639957, 427752.325000006705523 ], [ 189181.728100009262562, 427720.16100000217557 ], [ 189188.608100008219481, 427714.791000008583069 ], [ 189198.264100007712841, 427707.646999999880791 ], [ 189207.601100001484156, 427727.093000005930662 ], [ 189229.730100005865097, 427713.390000011771917 ], [ 189217.909099999815226, 427692.793000001460314 ], [ 189247.288100004196167, 427669.974000006914139 ], [ 189235.697100002318621, 427636.094999998807907 ], [ 189240.878100007772446, 427634.130000002682209 ], [ 189238.56810000911355, 427626.909000005573034 ], [ 189239.974100008606911, 427626.410999994724989 ], [ 189240.26410000026226, 427625.947000000625849 ], [ 189241.57209999859333, 427625.491999994963408 ], [ 189241.935100004076958, 427625.671999994665384 ], [ 189246.62610000371933, 427624.016000006347895 ], [ 189249.305100005120039, 427623.001000002026558 ], [ 189249.730099998414516, 427622.957000002264977 ], [ 189250.170100007206202, 427623.089999996125698 ], [ 189246.201099995523691, 427610.754000000655651 ], [ 189241.740100003778934, 427612.298000007867813 ], [ 189242.174100000411272, 427612.109000004827976 ], [ 189242.575100008398294, 427611.857999999076128 ], [ 189242.935100007802248, 427611.550000004470348 ], [ 189243.245099995285273, 427611.19200000166893 ], [ 189243.498100008815527, 427610.792000003159046 ], [ 189243.690100003033876, 427610.360000003129244 ], [ 189243.815100006759167, 427609.903000000864267 ], [ 189243.872099999338388, 427609.43299999833107 ], [ 189243.858100008219481, 427608.96000000089407 ], [ 189240.578100003302097, 427598.2989999987185 ], [ 189233.81309999525547, 427600.752000004053116 ], [ 189228.507100000977516, 427602.591000001877546 ], [ 189219.975099999457598, 427605.195000007748604 ], [ 189215.146100003272295, 427589.685000009834766 ], [ 189176.03210000321269, 427603.01800000295043 ], [ 189187.352099999785423, 427629.236000008881092 ], [ 189187.411099996417761, 427629.373000007122755 ], [ 189188.458100005984306, 427630.629000000655651 ], [ 189178.578100007027388, 427634.242000002413988 ], [ 189178.520100008696318, 427634.263000011444092 ], [ 189176.594099994748831, 427632.122999999672174 ], [ 189176.519099999219179, 427632.03999999910593 ], [ 189159.448100004345179, 427627.379000008106232 ], [ 189158.551100011914968, 427623.632000003010035 ], [ 189151.886100009083748, 427609.6469999961555 ], [ 189147.945100001990795, 427611.114999998360872 ], [ 189145.747100003063679, 427607.063000004738569 ], [ 189135.350099995732307, 427611.552999995648861 ], [ 189132.273100007325411, 427600.881000012159348 ], [ 189114.976100005209446, 427605.896999999880791 ], [ 189123.170099999755621, 427634.434000007808208 ], [ 189120.125100005418062, 427640.149000000208616 ], [ 189112.048100005835295, 427642.311000004410744 ], [ 189092.907100006937981, 427645.159000009298325 ], [ 189086.711099997162819, 427643.731000006198883 ], [ 189080.011099997907877, 427620.695000004023314 ], [ 189066.207100003957748, 427624.909000009298325 ], [ 189067.575099997222424, 427629.652000002563 ], [ 189055.26410000026226, 427633.172000002115965 ], [ 189055.866100002080202, 427635.24600000679493 ], [ 188997.433100011199713, 427647.327000010758638 ], [ 188998.018100004643202, 427650.447999995201826 ], [ 188989.158100008964539, 427652.109999999403954 ], [ 188986.701100002974272, 427653.679000001400709 ], [ 188981.764100007712841, 427654.652000002563 ], [ 188981.563099998980761, 427653.605000004172325 ], [ 188976.534100003540516, 427654.570000000298023 ], [ 188976.350100003182888, 427653.607999999076128 ], [ 188972.884100001305342, 427654.273000001907349 ], [ 188973.854100007563829, 427659.332000005990267 ], [ 188973.795100007206202, 427659.344000000506639 ], [ 188974.442100007086992, 427662.470000002533197 ], [ 188973.481100004166365, 427662.668000005185604 ], [ 188974.383100010454655, 427667.028000008314848 ], [ 188975.020100008696318, 427666.897000007331371 ], [ 188975.298100005835295, 427668.240000005811453 ], [ 188974.891100004315376, 427668.895000007003546 ], [ 188974.323100000619888, 427669.012000005692244 ], [ 188975.38510000705719, 427674.143999997526407 ], [ 188971.383099995553493, 427674.867000002413988 ], [ 188970.565099999308586, 427674.667000006884336 ], [ 188970.191099997609854, 427674.469999998807907 ], [ 188969.799100007861853, 427674.144999995827675 ], [ 188969.32710000872612, 427673.557000011205673 ], [ 188969.039099998772144, 427672.765000008046627 ], [ 188968.138100001960993, 427668.676000010222197 ], [ 188950.598099999129772, 427673.00000000372529 ], [ 188951.069099999964237, 427672.8260000012815 ], [ 188951.507099997252226, 427672.57999999448657 ], [ 188951.902100007981062, 427672.269000008702278 ], [ 188952.244100004434586, 427671.901000004261732 ], [ 188952.524099994450808, 427671.484000001102686 ], [ 188952.735100004822016, 427671.029000010341406 ], [ 188952.874100010842085, 427670.546000000089407 ], [ 188952.935100000351667, 427670.047000009566545 ], [ 188950.40710000321269, 427656.923000000417233 ], [ 188938.70210000872612, 427659.626000002026558 ], [ 188937.294100001454353, 427660.111999999731779 ], [ 188935.139100007712841, 427651.241000007838011 ], [ 188896.0320999994874, 427660.986000005155802 ], [ 188902.011100005358458, 427683.461000006645918 ], [ 188902.607099995017052, 427685.379000000655651 ], [ 188893.007100004702806, 427688.014000002294779 ], [ 188874.502100005745888, 427689.637000005692244 ], [ 188871.304100003093481, 427678.016000006347895 ], [ 188869.814100008457899, 427678.223999995738268 ], [ 188866.658100008964539, 427666.603000000119209 ], [ 188864.77810000628233, 427658.425999999046326 ], [ 188856.286100000143051, 427660.701999995857477 ], [ 188832.254099998623133, 427666.645000003278255 ], [ 188825.31810000911355, 427671.927000001072884 ], [ 188819.006099998950958, 427678.139000002294779 ], [ 188802.404100008308887, 427698.863099999725819 ], [ 188791.423100002110004, 427714.597100008279085 ], [ 188792.035100005567074, 427714.999099999666214 ], [ 188784.01410000026226, 427720.891100000590086 ], [ 188782.138099998235703, 427722.690100003033876 ], [ 188769.239099998027086, 427731.601100005209446 ], [ 188772.841099999845028, 427734.892100006341934 ], [ 188773.605099998414516, 427735.490100003778934 ], [ 188774.114100005477667, 427735.738100007176399 ], [ 188774.588100012391806, 427735.8851000033319 ], [ 188774.936100002378225, 427735.950100012123585 ], [ 188775.606100004166365, 427735.975100010633469 ], [ 188776.411099996417761, 427735.796100005507469 ], [ 188723.107100006192923, 427774.781100001186132 ], [ 188709.656100001186132, 427758.154099997133017 ], [ 188708.157100006937981, 427756.439100008457899 ], [ 188703.363100007176399, 427757.44310000166297 ], [ 188692.896100003272295, 427759.79110000282526 ], [ 188675.218100003898144, 427756.80010000616312 ], [ 188659.696100000292063, 427689.387099999934435 ], [ 188692.171100005507469, 427682.196100000292063 ], [ 188689.204100009053946, 427667.570100001990795 ], [ 188689.245100002735853, 427668.026100005954504 ], [ 188689.212099999189377, 427668.483100008219481 ], [ 188689.104100003838539, 427668.928100001066923 ], [ 188688.926099997013807, 427669.34910000488162 ], [ 188688.682100001722574, 427669.737100008875132 ], [ 188688.378100007772446, 427670.079100001603365 ], [ 188688.023100007325411, 427670.368099998682737 ], [ 188687.625100005418062, 427670.595100000500679 ], [ 188687.196100011467934, 427670.754100006073713 ], [ 188675.387100007385015, 427673.355100005865097 ], [ 188673.982100006192923, 427666.671100001782179 ], [ 188673.682100005447865, 427664.547100000083447 ], [ 188664.298100005835295, 427666.855100005865097 ], [ 188663.134100012481213, 427667.0320999994874 ], [ 188660.326100006699562, 427654.752099994570017 ], [ 188655.786100003868341, 427642.220100004225969 ], [ 188646.541100010275841, 427633.838100004941225 ], [ 188642.089100006967783, 427625.906100012362003 ], [ 188657.121100008487701, 427609.437100000679493 ], [ 188660.479100000113249, 427609.625100005418062 ], [ 188644.275100011378527, 427592.147100005298853 ], [ 188644.874100007116795, 427595.198099996894598 ], [ 188636.862100005149841, 427603.907100006937981 ], [ 188632.566100001335144, 427599.6261 ], [ 188628.646100003272295, 427595.994100000709295 ], [ 188626.780100002884865, 427600.208100005984306 ], [ 188623.499099999666214, 427607.268100004643202 ], [ 188618.324100006371737, 427602.531100008636713 ], [ 188581.239100001752377, 427584.566100008785725 ], [ 188583.999100007116795, 427578.802100002765656 ], [ 188587.305100005120039, 427572.330100003629923 ], [ 188577.032100006937981, 427567.620100002735853 ], [ 188580.103100009262562, 427561.171100009232759 ], [ 188571.688100006431341, 427552.303100008517504 ], [ 188570.950100004673004, 427551.838100001215935 ], [ 188571.31810000911355, 427552.138100005686283 ], [ 188571.637099999934435, 427552.489100005477667 ], [ 188571.899100001901388, 427552.885099999606609 ], [ 188572.09910000115633, 427553.315100006759167 ], [ 188572.23310000449419, 427553.771100006997585 ], [ 188572.296100005507469, 427554.241099998354912 ], [ 188572.288100000470877, 427554.716100003570318 ], [ 188572.209100004285574, 427555.184099998325109 ], [ 188572.061099998652935, 427555.6351000033319 ], [ 188564.0540999956429, 427572.149100009351969 ], [ 188551.897100001573563, 427566.185100004076958 ], [ 188549.816100001335144, 427570.659099999815226 ], [ 188538.670099996030331, 427565.312099996954203 ], [ 188536.925100009888411, 427568.997099999338388 ], [ 188523.80010000243783, 427562.749099999666214 ], [ 188527.867100011557341, 427553.871100001037121 ], [ 188529.553099997341633, 427550.533100008964539 ], [ 188536.755100008100271, 427535.261100009083748 ], [ 188534.631100006401539, 427534.231100007891655 ], [ 188494.55010000616312, 427519.112100005149841 ], [ 188494.378099996596575, 427520.833100005984306 ], [ 188495.361100006848574, 427520.931100003421307 ], [ 188495.034099999815226, 427524.207100003957748 ], [ 188484.102100003510714, 427523.109100002795458 ], [ 188471.176100000739098, 427522.780099999159575 ], [ 188471.601100008934736, 427521.875100001692772 ], [ 188443.584100000560284, 427519.511100005358458 ], [ 188443.364100005477667, 427521.029100000858307 ], [ 188438.043099999427795, 427522.260099999606609 ], [ 188437.931099999696016, 427520.480099998414516 ], [ 188437.405099999159575, 427515.851100001484156 ], [ 188435.587099999189377, 427515.600100010633469 ], [ 188436.517099995166063, 427509.735100001096725 ], [ 188422.087100010365248, 427508.979100007563829 ], [ 188420.7331000007689, 427513.343100000172853 ], [ 188413.570100005716085, 427512.311100002378225 ], [ 188392.471100002527237, 427514.090100005269051 ], [ 188393.244100000709295, 427510.231100000441074 ], [ 188395.060100007802248, 427502.004100002348423 ], [ 188388.799100004136562, 427499.5861000046134 ], [ 188383.037100005894899, 427496.663100007921457 ], [ 188384.093100003898144, 427490.940099995583296 ], [ 188375.127100005745888, 427488.183099996298552 ], [ 188368.905100002884865, 427487.754100002348423 ], [ 188364.958100002259016, 427487.652100000530481 ], [ 188358.694100007414818, 427487.490100003778934 ], [ 188354.736100006848574, 427487.303099997341633 ], [ 188340.977100007236004, 427483.46510000154376 ], [ 188329.31810000911355, 427508.453100010752678 ], [ 188308.005100004374981, 427531.045099999755621 ], [ 188286.044100001454353, 427581.864100005477667 ], [ 188287.815099999308586, 427599.471099998801947 ], [ 188288.491099998354912, 427604.574100006371737 ], [ 188290.182100001722574, 427615.972100000828505 ], [ 188290.902100000530481, 427620.098100006580353 ], [ 188284.183100000023842, 427619.369100004434586 ], [ 188273.0861000046134, 427618.084100008010864 ], [ 188271.087100006639957, 427617.785100001841784 ], [ 188270.185100000351667, 427628.968100000172853 ], [ 188253.829100001603365, 427627.156100008636713 ], [ 188241.34010000154376, 427621.716100007295609 ], [ 188239.660100005567074, 427620.055100001394749 ], [ 188236.728100009262562, 427617.331100005656481 ], [ 188206.652100007981062, 427641.296100005507469 ], [ 188207.035100013017654, 427641.043100006878376 ], [ 188207.454100009053946, 427640.856099996715784 ], [ 188207.898100003600121, 427640.740100011229515 ], [ 188208.355100005865097, 427640.697100006043911 ], [ 188208.812100004404783, 427640.730099998414516 ], [ 188209.259100005030632, 427640.836100000888109 ], [ 188209.682100005447865, 427641.014100003987551 ], [ 188210.070099994540215, 427641.258100003004074 ], [ 188210.414099998772144, 427641.562100008130074 ], [ 188216.828100007027388, 427649.883100003004074 ], [ 188217.378100007772446, 427650.871100001037121 ], [ 188217.711100000888109, 427652.102099996060133 ], [ 188217.778100002557039, 427653.104100007563829 ], [ 188217.658099997788668, 427657.996100004762411 ], [ 188195.705100003629923, 427657.292100004851818 ], [ 188196.030100006610155, 427663.910100001841784 ], [ 188192.578100007027388, 427663.834100008010864 ], [ 188194.091100003570318, 427690.954100009053946 ], [ 188183.257100008428097, 427690.969100005924702 ], [ 188184.324100002646446, 427696.477100007236004 ], [ 188178.121100001037121, 427695.377099998295307 ], [ 188177.524099998176098, 427704.301100004464388 ], [ 188173.405099999159575, 427703.119100008159876 ], [ 188171.20610000193119, 427702.617100011557341 ], [ 188165.330099996179342, 427707.035100001841784 ], [ 188165.773100011050701, 427707.638100001960993 ], [ 188160.672100000083447, 427711.696100004017353 ], [ 188161.035100001841784, 427712.190099995583296 ], [ 188137.151099994778633, 427732.412100005894899 ], [ 188127.304099999368191, 427741.854100007563829 ], [ 188127.007100000977516, 427741.5591000020504 ], [ 188122.152100011706352, 427746.382100000977516 ], [ 188117.749100003391504, 427750.900099996477365 ], [ 188117.962100006639957, 427751.252100005745888 ], [ 188104.073100004345179, 427764.654099997133017 ], [ 188104.365100003778934, 427765.148100003600121 ], [ 188099.67509999871254, 427769.714100003242493 ], [ 188104.545100003480911, 427774.708099998533726 ], [ 188102.281100012362003, 427776.907100010663271 ], [ 188101.105099994689226, 427775.633099995553493 ], [ 188098.92510000243783, 427777.749100007116795 ], [ 188100.01410000026226, 427778.873100005090237 ], [ 188091.441100005060434, 427787.262099999934435 ], [ 188090.298100005835295, 427786.094100002199411 ], [ 188085.691100001335144, 427790.603100009262562 ], [ 188086.766100000590086, 427791.701099999248981 ], [ 188077.796099998056889, 427800.338100004941225 ], [ 188076.681100003421307, 427799.194100007414818 ], [ 188072.076100006699562, 427803.691100008785725 ], [ 188073.267100006341934, 427804.910100001841784 ], [ 188050.726100008934736, 427826.630100008100271 ], [ 188057.612100005149841, 427833.625100012868643 ], [ 188061.103100005537271, 427837.268100008368492 ], [ 188052.03210000321269, 427845.972100004553795 ], [ 188048.652100004255772, 427842.404100000858307 ], [ 188036.293100003153086, 427829.974100012332201 ], [ 188031.73310000449419, 427834.671100009232759 ], [ 188029.321100004017353, 427832.277100000530481 ], [ 188022.647100001573563, 427838.954100009053946 ], [ 188017.10810000449419, 427845.094099998474121 ], [ 188010.043100006878376, 427838.055100008845329 ], [ 188009.827099997550249, 427837.649100001901388 ], [ 188009.669100005179644, 427837.218099996447563 ], [ 188009.571100007742643, 427836.769100002944469 ], [ 188009.535099998116493, 427836.311100006103516 ], [ 188009.562100004404783, 427835.853100009262562 ], [ 188009.652099996805191, 427835.402100004255772 ], [ 188009.802099999040365, 427834.968100007623434 ], [ 187993.577100001275539, 427851.771100006997585 ], [ 187992.616099998354912, 427852.814100001007318 ], [ 187992.955100003629923, 427852.517100002616644 ], [ 187993.337100006639957, 427852.277100007981062 ], [ 187993.752100002020597, 427852.101100008934736 ], [ 187994.190100003033876, 427851.993099998682737 ], [ 187994.63909999653697, 427851.957100003957748 ], [ 187995.089100003242493, 427851.99210000038147 ], [ 187995.527100000530481, 427852.09910000115633 ], [ 187995.942099995911121, 427852.273100003600121 ], [ 187996.325100000947714, 427852.512100003659725 ], [ 188011.048099998384714, 427866.987099997699261 ], [ 188007.863099999725819, 427870.555100001394749 ], [ 188002.478100005537271, 427875.855099998414516 ], [ 188003.198100004345179, 427876.573100004345179 ], [ 187988.612100005149841, 427890.056099999696016 ], [ 187988.963100004941225, 427890.424100004136562 ], [ 187984.125100005418062, 427895.254099998623133 ], [ 187986.02309999987483, 427897.332100007683039 ], [ 187983.832100007683039, 427899.529100008308887 ], [ 187970.891100004315376, 427910.964100010693073 ], [ 187961.157100006937981, 427920.070099994540215 ], [ 187946.207100003957748, 427915.347100000828505 ], [ 187932.516100004315376, 427912.131100010126829 ], [ 187932.703099999576807, 427911.689100008457899 ], [ 187919.944100003689528, 427923.836100000888109 ], [ 187920.357100002467632, 427923.59510000795126 ], [ 187920.804100003093481, 427923.421100005507469 ], [ 187921.272100001573563, 427923.320100001990795 ], [ 187921.750100009143353, 427923.294100008904934 ], [ 187922.226100008934736, 427923.343100007623434 ], [ 187922.68809999525547, 427923.467100001871586 ], [ 187923.12610000744462, 427923.662099998444319 ], [ 187923.527100004255772, 427923.923100002110004 ], [ 187942.476100008934736, 427943.530100006610155 ], [ 187892.538100000470877, 427991.685200002044439 ], [ 187894.260099999606609, 427993.4932000041008 ], [ 187887.950100008398294, 427999.419200003147125 ], [ 187882.34510000795126, 427993.031100001186132 ], [ 187881.68410000577569, 427993.64809999987483 ], [ 187877.951100002974272, 427989.69709999486804 ], [ 187874.316100001335144, 427993.075100000947714 ], [ 187871.107099998742342, 427989.602100003510714 ], [ 187871.520100001245737, 427989.213100004941225 ], [ 187865.503100007772446, 427982.610100004822016 ], [ 187862.375100001692772, 427979.091100003570318 ], [ 187846.678100008517504, 427993.428100004792213 ], [ 187834.064100001007318, 428004.778099998831749 ], [ 187834.534100007265806, 428004.641100000590086 ], [ 187835.020100004971027, 428004.576100006699562 ], [ 187835.51010001078248, 428004.583099998533726 ], [ 187835.994100000709295, 428004.662099994719028 ], [ 187836.460100002586842, 428004.813100010156631 ], [ 187836.899099998176098, 428005.031100012362003 ], [ 187837.301100004464388, 428005.312100000679493 ], [ 187853.554100003093481, 428022.825200002640486 ], [ 187839.97410000488162, 428036.107200004160404 ], [ 187828.254100002348423, 428047.762200001627207 ], [ 187833.305100001394749, 428053.864199999719858 ], [ 187839.917100001126528, 428061.721200000494719 ], [ 187836.334100000560284, 428065.843200001865625 ], [ 187833.768100000917912, 428069.075200006365776 ], [ 187823.037100002169609, 428081.512200005352497 ], [ 187819.889100007712841, 428078.867200005799532 ], [ 187816.036100000143051, 428082.007200006395578 ], [ 187814.19310000166297, 428083.431200008839369 ], [ 187800.534100007265806, 428065.326200004667044 ], [ 187788.955100003629923, 428074.882199998944998 ], [ 187786.968099996447563, 428076.687199994921684 ], [ 187783.421100005507469, 428079.520199999213219 ], [ 187774.247100003063679, 428087.020200006663799 ], [ 187757.743099998682737, 428066.525100007653236 ], [ 187757.515099998563528, 428066.184099998325109 ], [ 187757.34510001167655, 428065.811100006103516 ], [ 187757.238099996000528, 428065.415100000798702 ], [ 187757.196100004017353, 428065.007099997252226 ], [ 187757.221100002527237, 428064.598099999129772 ], [ 187757.312100008130074, 428064.198100004345179 ], [ 187757.467099994421005, 428063.819100003689528 ], [ 187757.681100007146597, 428063.469100002199411 ], [ 187736.122099999338388, 428077.674100007861853 ], [ 187752.895100001245737, 428104.507200010120869 ], [ 187750.586100000888109, 428106.319199997931719 ], [ 187755.808100000023842, 428111.363200005143881 ], [ 187763.634100001305342, 428119.310199998319149 ], [ 187766.999099999666214, 428122.580200005322695 ], [ 187765.76410000026226, 428123.852200008928776 ], [ 187771.073100000619888, 428127.444199997931719 ], [ 187775.629100002348423, 428130.690200004726648 ], [ 187778.248100005090237, 428132.815200004726648 ], [ 187782.908099997788668, 428129.018200002610683 ], [ 187788.160100009292364, 428124.897199995815754 ], [ 187804.608100008219481, 428145.282200001180172 ], [ 187804.941100001335144, 428145.799199994653463 ], [ 187805.150100000202656, 428146.395199999213219 ], [ 187805.204100001603365, 428147.038199998438358 ], [ 187805.127099998295307, 428147.666200008243322 ], [ 187804.894099995493889, 428148.255200006067753 ], [ 187840.471100002527237, 428150.156200006604195 ], [ 187841.111100006848574, 428150.425200004130602 ], [ 187841.777100007981062, 428150.623200006783009 ], [ 187842.460100002586842, 428150.750200003385544 ], [ 187850.196100000292063, 428151.047200001776218 ], [ 187851.413100007921457, 428151.089200008660555 ], [ 187856.865100003778934, 428151.538200002163649 ], [ 187872.975099995732307, 428153.413200009614229 ], [ 187888.207099996507168, 428156.004200007766485 ], [ 187888.44310000538826, 428153.605200000107288 ], [ 187889.860099997371435, 428140.950199998915195 ], [ 187891.018100008368492, 428131.231200002133846 ], [ 187886.130100000649691, 428120.608199998736382 ], [ 187888.273100003600121, 428116.430200003087521 ], [ 187891.065099999308586, 428110.233199998736382 ], [ 187943.34010000154376, 428131.469200000166893 ], [ 187937.654100008308887, 428144.941200003027916 ], [ 187956.927100006490946, 428152.265200011432171 ], [ 187948.080099999904633, 428174.636200007051229 ], [ 187969.096100006252527, 428183.070200011134148 ], [ 187995.230100002139807, 428115.564200006425381 ], [ 188016.458099998533726, 428124.257200006395578 ], [ 188030.542100001126528, 428130.519200004637241 ], [ 188071.815100003033876, 428146.892199996858835 ], [ 188089.967100009322166, 428152.845200005918741 ], [ 188112.88910000026226, 428160.58220000192523 ], [ 188131.444100007414818, 428166.684200000017881 ], [ 188130.975099999457598, 428166.6402000002563 ], [ 188130.504099998623133, 428166.663200005888939 ], [ 188130.04110000282526, 428166.753199998289347 ], [ 188129.596100009977818, 428166.909200008958578 ], [ 188129.178100008517504, 428167.126200001686811 ], [ 188128.795100007206202, 428167.402200005948544 ], [ 188128.455100003629923, 428167.729200001806021 ], [ 188128.16609999537468, 428168.101200006902218 ], [ 188127.933100011199713, 428168.511200003325939 ], [ 188112.868100002408028, 428206.397199995815754 ], [ 188119.326099999248981, 428208.442200001329184 ], [ 188159.114100005477667, 428220.501200012862682 ], [ 188179.677099999040365, 428226.494200002402067 ], [ 188179.397100005298853, 428227.624200008809566 ], [ 188175.436100002378225, 428239.420200008898973 ], [ 188171.756100002676249, 428249.573300007730722 ], [ 188167.772100009024143, 428259.559300005435944 ], [ 188167.570100001990795, 428259.966299995779991 ], [ 188167.307100001722574, 428260.335299998521805 ], [ 188166.990100003778934, 428260.660300001502037 ], [ 188166.62610000371933, 428260.930300008505583 ], [ 188166.223100002855062, 428261.14130000025034 ], [ 188192.393100004643202, 428272.854299999773502 ], [ 188199.267100010067225, 428258.314300008118153 ], [ 188199.906100001186132, 428258.627300001680851 ], [ 188200.914099998772144, 428257.821299999952316 ], [ 188201.239100001752377, 428256.667300004512072 ], [ 188201.91210000962019, 428254.733300000429153 ], [ 188202.413100007921457, 428254.929299999028444 ], [ 188203.328100003302097, 428252.58330000564456 ], [ 188208.300099994987249, 428254.374299999326468 ], [ 188212.768100008368492, 428245.18129999563098 ], [ 188227.479100000113249, 428249.668299999088049 ], [ 188234.070100005716085, 428292.371300008147955 ], [ 188233.939100004732609, 428295.568300001323223 ], [ 188233.083100002259016, 428295.46229999884963 ], [ 188232.299100007861853, 428295.103300008922815 ], [ 188245.176100000739098, 428308.201299995183945 ], [ 188248.190099999308586, 428311.071300007402897 ], [ 188247.885099995881319, 428310.686299994587898 ], [ 188247.637099996209145, 428310.263300009071827 ], [ 188247.450100004673004, 428309.809300001710653 ], [ 188247.329100001603365, 428309.334300011396408 ], [ 188247.274100005626678, 428308.84630000218749 ], [ 188247.288100007921457, 428308.356300000101328 ], [ 188247.370099995285273, 428307.872300006449223 ], [ 188247.518100004643202, 428307.404300007969141 ], [ 188247.730099994689226, 428306.962300010025501 ], [ 188248.002099994570017, 428306.553300008177757 ], [ 188251.450100008398294, 428301.768300000578165 ], [ 188295.748100005090237, 428313.472300007939339 ], [ 188299.388100009411573, 428315.359300006181002 ], [ 188300.02309999987483, 428322.604300003498793 ], [ 188301.583100002259016, 428335.122300010174513 ], [ 188304.421100005507469, 428359.576299998909235 ], [ 188304.625100005418062, 428360.993300005793571 ], [ 188345.004100002348423, 428350.322300001978874 ], [ 188345.903100002557039, 428354.026300005614758 ], [ 188350.408100008964539, 428352.831300001591444 ], [ 188352.257100004702806, 428351.759300008416176 ], [ 188356.842100005596876, 428348.577300000935793 ], [ 188392.205099999904633, 428380.209300000220537 ], [ 188400.01910001039505, 428377.969300009310246 ] ] ] ] } },
{ "type": "Feature", "properties": { "fid": 3073, "buurtcode": "BU02680205", "buurtnaam": "Hunnerberg", "wijkcode": "WK026802", "gemeentecode": "GM0268", "gemeentenaam": "Nijmegen", "indelingswijziging_wijken_en_buurten": 1, "water": "NEE", "meest_voorkomende_postcode": "6522", "dekkingspercentage": 1, "omgevingsadressendichtheid": 2688, "stedelijkheid_adressen_per_km2": 1, "bevolkingsdichtheid_inwoners_per_km2": 4094, "aantal_inwoners": 4415, "mannen": 2125, "vrouwen": 2290, "percentage_personen_0_tot_15_jaar": 6, "percentage_personen_15_tot_25_jaar": 22, "percentage_personen_25_tot_45_jaar": 23, "percentage_personen_45_tot_65_jaar": 17, "percentage_personen_65_jaar_en_ouder": 32, "percentage_ongehuwd": 58, "percentage_gehuwd": 30, "percentage_gescheid": 6, "percentage_verweduwd": 6, "aantal_huishoudens": 2720, "percentage_eenpersoonshuishoudens": 62, "percentage_huishoudens_zonder_kinderen": 28, "percentage_huishoudens_met_kinderen": 11, "gemiddelde_huishoudsgrootte": 1.6, "percentage_met_herkomstland_nederland": 80, "percentage_met_herkomstland_uit_europa_excl_nl": 10, "percentage_met_herkomstland_buiten_europa": 10, "percentage_geb_in_nl_met_herkomstland_nederland": 80, "perc_geb_in_nl_met_herkomstland_in_europa_ex_nl": 5, "perc_geb_in_nl_met_herkomstland_buiten_europa": 5, "perc_geb_buiten_nl_met_herkomstlnd_in_europa_ex_nl": 5, "perc_geb_buiten_nl_met_herkomstlnd_buiten_europa": 5, "oppervlakte_totaal_in_ha": 108, "oppervlakte_land_in_ha": 108, "oppervlakte_water_in_ha": 0, "jrstatcode": "2025BU02680205", "jaar": 2025 }, "geometry": { "type": "MultiPolygon", "coordinates": [ [ [ [ 188595.03210000321269, 428728.016600001603365 ], [ 188598.094100005924702, 428726.41160000488162 ], [ 188601.433100007474422, 428725.517600003629923 ], [ 188620.552100002765656, 428722.241599999368191 ], [ 188628.038100004196167, 428721.12160000577569 ], [ 188641.822100002318621, 428717.703600004315376 ], [ 188651.852100003510714, 428715.507600001990795 ], [ 188661.105100002139807, 428713.736600004136562 ], [ 188666.944100003689528, 428712.993600003421307 ], [ 188682.365100003778934, 428711.48759999871254 ], [ 188682.017099998891354, 428710.581600002944469 ], [ 188701.39410000666976, 428708.158600009977818 ], [ 188701.635099999606609, 428710.162600006908178 ], [ 188703.292100001126528, 428709.797600008547306 ], [ 188703.477099999785423, 428711.101600002497435 ], [ 188730.352100003510714, 428705.196600012481213 ], [ 188743.735100008547306, 428701.174600001424551 ], [ 188770.3761, 428690.674600008875132 ], [ 188799.645100001245737, 428676.339600004255772 ], [ 188830.148100003600121, 428657.243599999696016 ], [ 188900.823100008070469, 428606.759500004351139 ], [ 188935.685100000351667, 428585.020500008016825 ], [ 188969.027100004255772, 428567.227500002831221 ], [ 189048.77309999987483, 428525.70550000667572 ], [ 189049.40310000628233, 428526.896500010043383 ], [ 189053.847100004553795, 428524.57149999961257 ], [ 189059.464100003242493, 428521.931499999016523 ], [ 189071.783100005239248, 428516.409500010311604 ], [ 189083.006099998950958, 428511.104499995708466 ], [ 189087.084100004285574, 428509.301500007510185 ], [ 189106.450100000947714, 428499.999499998986721 ], [ 189135.719099998474121, 428484.385500006377697 ], [ 189140.109099999070168, 428481.716500002890825 ], [ 189146.063100002706051, 428478.258500006049871 ], [ 189149.169100005179644, 428476.633499998599291 ], [ 189152.223100002855062, 428475.179499998688698 ], [ 189155.817099999636412, 428473.867500010877848 ], [ 189160.704099997878075, 428472.171500008553267 ], [ 189164.41610000655055, 428471.344500008970499 ], [ 189168.55910000577569, 428470.514500003308058 ], [ 189175.630100000649691, 428469.542500004172325 ], [ 189185.34909999743104, 428468.550500005483627 ], [ 189189.303100008517504, 428467.851500000804663 ], [ 189193.851100001484156, 428466.542400002479553 ], [ 189196.457100003957748, 428465.273400001227856 ], [ 189200.459100000560284, 428462.209400005638599 ], [ 189253.13909999653697, 428433.829400006681681 ], [ 189273.775100003927946, 428479.421900000423193 ], [ 189303.350999999791384, 428456.385000009089708 ], [ 189331.996000003069639, 428433.964000001549721 ], [ 189390.866000011563301, 428390.139000002294779 ], [ 189420.813000001013279, 428369.333000008016825 ], [ 189455.690000008791685, 428347.537000007927418 ], [ 189481.296000000089407, 428331.976000003516674 ], [ 189515.921000003814697, 428313.397000007331371 ], [ 189542.253000002354383, 428300.086000002920628 ], [ 189567.662999998778105, 428288.24600000679493 ], [ 189604.636999998241663, 428272.253999996930361 ], [ 189640.675000008195639, 428258.067000012844801 ], [ 189703.162000004202127, 428232.608000002801418 ], [ 189736.280000004917383, 428220.503999996930361 ], [ 189763.609000004827976, 428209.053000003099442 ], [ 189781.120000008493662, 428201.445999994874001 ], [ 189784.75900000333786, 428199.745000008493662 ], [ 189790.689000006765127, 428197.186000000685453 ], [ 189797.337999999523163, 428194.21000000089407 ], [ 189804.406000003218651, 428191.151999998837709 ], [ 189810.202999997884035, 428188.67900000885129 ], [ 189816.960999999195337, 428185.725999999791384 ], [ 189826.480000000447035, 428181.490000005811453 ], [ 189831.166999999433756, 428179.442000009119511 ], [ 189837.604999996721745, 428176.649000000208616 ], [ 189842.728999998420477, 428174.37499999627471 ], [ 189853.881999999284744, 428169.46000000834465 ], [ 189870.650999996811152, 428162.056000009179115 ], [ 189879.790999997407198, 428157.773000005632639 ], [ 189888.680000007152557, 428153.642000000923872 ], [ 189920.274000003933907, 428138.782000008970499 ], [ 189962.875, 428118.668000008910894 ], [ 189954.099999997764826, 428115.222000006586313 ], [ 189923.095999997109175, 428103.04900000244379 ], [ 189888.974999997764826, 428089.694000001996756 ], [ 189887.265000008046627, 428089.023999996483326 ], [ 189869.227000009268522, 428082.156000006943941 ], [ 189868.506000000983477, 428081.725000001490116 ], [ 189866.499000012874603, 428080.554000001400709 ], [ 189865.519000004976988, 428079.955000001937151 ], [ 189860.945000004023314, 428076.975000001490116 ], [ 189858.196000009775162, 428075.125000007450581 ], [ 189853.58500000089407, 428074.155999999493361 ], [ 189846.30400000885129, 428075.599999997764826 ], [ 189839.124000005424023, 428077.47800000756979 ], [ 189832.566000003367662, 428079.180000007152557 ], [ 189830.674000006169081, 428079.659000001847744 ], [ 189828.543000008910894, 428080.198000002652407 ], [ 189826.694999996572733, 428080.665000002831221 ], [ 189821.774999998509884, 428081.88400000706315 ], [ 189819.225999999791384, 428076.55400000885129 ], [ 189818.693000007420778, 428075.438999999314547 ], [ 189818.396000009030104, 428074.816000003367662 ], [ 189813.586000002920628, 428064.453000009059906 ], [ 189800.595000002533197, 428057.057000000029802 ], [ 189816.602000009268522, 428026.116999994963408 ], [ 189828.28600000590086, 428003.388000007718801 ], [ 189829.513000003993511, 428001.001000005751848 ], [ 189831.208000008016825, 428001.366000007838011 ], [ 189832.97800000756979, 428001.43800000846386 ], [ 189834.772000007331371, 428001.240000005811453 ], [ 189837.791000008583069, 427999.812000002712011 ], [ 189839.728999998420477, 427998.894999995827675 ], [ 189844.819000001996756, 427996.465000007301569 ], [ 189848.567999999970198, 427994.627000007778406 ], [ 189851.995999999344349, 427992.46900000423193 ], [ 189856.403000004589558, 427989.330999996513128 ], [ 189860.813000004738569, 427986.06700000166893 ], [ 189865.590999994426966, 427982.58500000461936 ], [ 189866.522000003606081, 427981.823999997228384 ], [ 189867.752999998629093, 427981.208000008016825 ], [ 189868.855000004172325, 427981.033000007271767 ], [ 189870.168000001460314, 427980.995000004768372 ], [ 189872.579000003635883, 427980.74600000679493 ], [ 189874.760000009089708, 427980.506000000983477 ], [ 189877.909999996423721, 427980.175999999046326 ], [ 189879.715000007301569, 427979.92399999499321 ], [ 189881.611000008881092, 427979.037999998778105 ], [ 189883.023000001907349, 427977.957000002264977 ], [ 189883.879000000655651, 427976.848000004887581 ], [ 189884.334000006318092, 427975.754000004380941 ], [ 189884.638999998569489, 427975.019000008702278 ], [ 189884.890000000596046, 427974.226000010967255 ], [ 189884.941000010818243, 427973.081000003963709 ], [ 189884.851999998092651, 427972.11200000718236 ], [ 189884.35300000756979, 427970.815000005066395 ], [ 189883.505999997258186, 427969.269999999552965 ], [ 189881.99600000679493, 427966.392999995499849 ], [ 189879.412999995052814, 427962.015000004321337 ], [ 189875.997999999672174, 427956.872999999672174 ], [ 189871.751000009477139, 427950.328999996185303 ], [ 189879.000000007450581, 427944.934000007808208 ], [ 189883.106000002473593, 427941.758000008761883 ], [ 189898.715000007301569, 427931.169000010937452 ], [ 189918.875, 427918.614999998360872 ], [ 189944.016000002622604, 427900.853000000119209 ], [ 189944.385999999940395, 427900.591000001877546 ], [ 189954.522000003606081, 427894.236000001430511 ], [ 189969.108000002801418, 427887.462000004947186 ], [ 189991.684000007808208, 427877.390000000596046 ], [ 189995.254000004380941, 427881.230000004172325 ], [ 189996.912000004202127, 427883.014000002294779 ], [ 189999.673000007867813, 427881.12499999627471 ], [ 190013.977000005543232, 427867.42000000923872 ], [ 190016.608000002801418, 427864.829000007361174 ], [ 190022.118000000715256, 427858.745000001043081 ], [ 190029.038000009953976, 427848.714999999850988 ], [ 190042.430000003427267, 427829.303000006824732 ], [ 190052.796000000089407, 427818.636000007390976 ], [ 190061.511000007390976, 427811.778999999165535 ], [ 190087.687000010162592, 427787.432000011205673 ], [ 190093.176000010222197, 427783.045000001788139 ], [ 190094.802999999374151, 427782.043000001460314 ], [ 190102.956999998539686, 427777.021999999880791 ], [ 190113.530999999493361, 427768.028000012040138 ], [ 190129.132999997586012, 427752.675000008195639 ], [ 190140.927000001072884, 427736.584000002592802 ], [ 190154.024000003933907, 427717.302000001072884 ], [ 190157.925999995321035, 427706.432000000029802 ], [ 190163.208000004291534, 427689.776000011712313 ], [ 190159.642000012099743, 427677.255000002682209 ], [ 190176.017000012099743, 427666.841000001877546 ], [ 190184.64300000667572, 427662.696000009775162 ], [ 190185.145000003278255, 427664.33500000834465 ], [ 190201.292000003159046, 427659.279000006616116 ], [ 190205.415000002831221, 427657.092000003904104 ], [ 190211.284000001847744, 427658.459000002592802 ], [ 190225.232999999076128, 427653.947999998927116 ], [ 190224.031000003218651, 427649.476000010967255 ], [ 190220.330000005662441, 427636.881999999284744 ], [ 190217.769000001251698, 427631.20100000873208 ], [ 190206.327000007033348, 427610.502999994903803 ], [ 190200.475999999791384, 427599.861000008881092 ], [ 190193.08500000461936, 427585.708000008016825 ], [ 190190.220000006258488, 427580.223000008612871 ], [ 190186.561000000685453, 427571.364000000059605 ], [ 190181.466999996453524, 427556.145000003278255 ], [ 190181.368000000715256, 427555.848000004887581 ], [ 190179.652000002563, 427550.869000002741814 ], [ 190178.826999995857477, 427548.469999995082617 ], [ 190174.583000008016825, 427537.222000002861023 ], [ 190173.045000001788139, 427528.855000004172325 ], [ 190172.339000005275011, 427525.017000008374453 ], [ 190170.599999997764826, 427521.261000003665686 ], [ 190169.284000009298325, 427518.583999995142221 ], [ 190165.25000000372529, 427511.752000000327826 ], [ 190162.854000002145767, 427508.488000005483627 ], [ 190159.922000002115965, 427505.940000005066395 ], [ 190143.87100000679493, 427494.222000006586313 ], [ 190120.692999999970198, 427476.291000008583069 ], [ 190123.982000004500151, 427472.390000000596046 ], [ 190118.730000007897615, 427464.708000000566244 ], [ 190108.20100000500679, 427449.308000005781651 ], [ 190086.153999999165535, 427413.972000006586313 ], [ 190084.559999998658895, 427410.767000008374453 ], [ 190081.447000000625849, 427404.221000000834465 ], [ 190078.833000008016825, 427397.893000010401011 ], [ 190076.471000008285046, 427391.769000004976988 ], [ 190072.946000006049871, 427381.153000008314848 ], [ 190068.667000010609627, 427370.935000006109476 ], [ 190066.745000001043081, 427366.649999994784594 ], [ 190065.533000003546476, 427363.437000006437302 ], [ 190064.953000009059906, 427362.153000008314848 ], [ 190059.950000006705523, 427352.846000000834465 ], [ 190058.182000003755093, 427349.491999998688698 ], [ 190055.391000002622604, 427342.92000000923872 ], [ 190053.194000001996756, 427335.55400000885129 ], [ 190051.443000003695488, 427328.578000005334616 ], [ 190050.446000006049871, 427324.768999997526407 ], [ 190049.728999998420477, 427318.019000004976988 ], [ 190049.582999996840954, 427312.99100000411272 ], [ 190049.451999999582767, 427309.544000003486872 ], [ 190049.548000000417233, 427305.159000005573034 ], [ 190050.30400000885129, 427298.644000004976988 ], [ 190053.572000004351139, 427268.938999999314547 ], [ 190054.497000001370907, 427263.71900001168251 ], [ 190054.880000006407499, 427261.554999995976686 ], [ 190058.502000004053116, 427247.449000000953674 ], [ 190059.805000007152557, 427242.139000006020069 ], [ 190061.322000004351139, 427238.400000005960464 ], [ 190063.010000001639128, 427234.58500000089407 ], [ 190062.714000001549721, 427232.41890000551939 ], [ 190060.520000003278255, 427217.986900009214878 ], [ 190055.357000004500151, 427221.428899995982647 ], [ 190054.005000006407499, 427182.967900007963181 ], [ 190021.726000007241964, 427187.67790000885725 ], [ 190017.795000001788139, 427188.424900002777576 ], [ 190008.975999999791384, 427192.564900007098913 ], [ 190011.819000001996756, 427198.869899995625019 ], [ 189969.441000007092953, 427216.796900007873774 ], [ 189972.340000003576279, 427224.214899998158216 ], [ 189958.763999994844198, 427230.232900001108646 ], [ 189947.986000005155802, 427240.760900009423494 ], [ 189952.240000005811453, 427247.375900000333786 ], [ 189877.559000000357628, 427296.463900007307529 ], [ 189865.388000003993511, 427304.437900006771088 ], [ 189865.268999997526407, 427304.315900005400181 ], [ 189864.596000004559755, 427303.628899998962879 ], [ 189839.144999999552965, 427321.006900005042553 ], [ 189835.323000002652407, 427311.154899999499321 ], [ 189829.456000000238419, 427312.337900009006262 ], [ 189821.938999999314547, 427313.989900011569262 ], [ 189769.15200000628829, 427324.930900003761053 ], [ 189747.640999995172024, 427329.321000009775162 ], [ 189748.818000007420778, 427331.958000004291534 ], [ 189714.680000003427267, 427342.839000001549721 ], [ 189737.711000002920628, 427388.580000001937151 ], [ 189735.320999994874001, 427389.784000005573034 ], [ 189739.724000003188848, 427401.760000005364418 ], [ 189731.720000006258488, 427405.932000003755093 ], [ 189720.213000003248453, 427411.811000000685453 ], [ 189730.078999999910593, 427430.53600000962615 ], [ 189730.396000009030104, 427430.910000007599592 ], [ 189730.763000003993511, 427431.234000001102686 ], [ 189731.17399999499321, 427431.501000002026558 ], [ 189731.620000001043081, 427431.706000000238419 ], [ 189732.090000003576279, 427431.84400000795722 ], [ 189732.575000006705523, 427431.912000007927418 ], [ 189733.066000007092953, 427431.908000003546476 ], [ 189733.550000000745058, 427431.834000010043383 ], [ 189719.003000002354383, 427439.09400000423193 ], [ 189719.375000007450581, 427438.809999998658895 ], [ 189719.698000002652407, 427438.471000008285046 ], [ 189719.964000005275011, 427438.086000010371208 ], [ 189720.167000006884336, 427437.664000008255243 ], [ 189720.301999997347593, 427437.215999994426966 ], [ 189720.364999998360872, 427436.752000000327826 ], [ 189720.355000000447035, 427436.284000005573034 ], [ 189720.271999999880791, 427435.823000002652407 ], [ 189720.118000008165836, 427435.381000000983477 ], [ 189705.962000004947186, 427408.492000009864569 ], [ 189699.364000007510185, 427412.063000001013279 ], [ 189645.85300000756979, 427440.010999996215105 ], [ 189645.037000007927418, 427440.208999998867512 ], [ 189630.505000006407499, 427442.467000007629395 ], [ 189632.859000004827976, 427446.958999995142221 ], [ 189582.348100006580353, 427473.145000010728836 ], [ 189578.448100011795759, 427475.245000012218952 ], [ 189584.912100002169609, 427501.677999999374151 ], [ 189585.185100000351667, 427502.343000002205372 ], [ 189586.029100008308887, 427503.573000002652407 ], [ 189586.936099998652935, 427504.401000000536442 ], [ 189588.093100000172853, 427504.997000005096197 ], [ 189589.489100012928247, 427505.348000001162291 ], [ 189590.687100004404783, 427505.368000000715256 ], [ 189591.985100004822016, 427514.249000005424023 ], [ 189568.592099998146296, 427521.102000012993813 ], [ 189489.196100004017353, 427542.605000000447035 ], [ 189492.368099998682737, 427552.357000004500151 ], [ 189492.06810000538826, 427552.71000000834465 ], [ 189491.822100002318621, 427553.102000001817942 ], [ 189491.637100003659725, 427553.52700001001358 ], [ 189491.515100002288818, 427553.974000010639429 ], [ 189491.460100006312132, 427554.434000000357628 ], [ 189491.472100000828505, 427554.8969999961555 ], [ 189491.551099997013807, 427555.353000000119209 ], [ 189498.056099999696016, 427578.063999999314547 ], [ 189530.233100008219481, 427568.645000003278255 ], [ 189530.758099995553493, 427574.246000003069639 ], [ 189534.013100001960993, 427588.180999998003244 ], [ 189539.200100004673004, 427605.963000006973743 ], [ 189547.370099999010563, 427634.789000008255243 ], [ 189555.129100002348423, 427656.993000008165836 ], [ 189564.009100008755922, 427681.057000000029802 ], [ 189569.317099999636412, 427695.312999997287989 ], [ 189576.649099998176098, 427714.528000008314848 ], [ 189579.323099996894598, 427721.299999997019768 ], [ 189594.986100003123283, 427762.484000001102686 ], [ 189587.732100002467632, 427767.322999995201826 ], [ 189574.504099998623133, 427773.465000007301569 ], [ 189578.893100004643202, 427781.770000003278255 ], [ 189578.752100002020597, 427781.839999999850988 ], [ 189579.015100002288818, 427782.311999998986721 ], [ 189579.163100007921457, 427782.228999998420477 ], [ 189579.750099997967482, 427783.301000006496906 ], [ 189579.620099995285273, 427783.398000005632639 ], [ 189579.886100001633167, 427783.871000003069639 ], [ 189580.033100008964539, 427783.784999996423721 ], [ 189580.676100008189678, 427784.926000002771616 ], [ 189580.528099998831749, 427785.009999997913837 ], [ 189580.793100006878376, 427785.480000004172325 ], [ 189580.993100002408028, 427785.367000006139278 ], [ 189581.980100005865097, 427787.119000002741814 ], [ 189581.780100006610155, 427787.231000002473593 ], [ 189582.047100007534027, 427787.706000003963709 ], [ 189582.173100009560585, 427787.629999998956919 ], [ 189582.880100004374981, 427788.89300000295043 ], [ 189582.728100005537271, 427788.976999998092651 ], [ 189582.99210000038147, 427789.450000010430813 ], [ 189583.156100004911423, 427789.35300000756979 ], [ 189587.141100011765957, 427796.224100008606911 ], [ 189556.228100001811981, 427825.865100000053644 ], [ 189552.990100000053644, 427814.543100010603666 ], [ 189548.729100003838539, 427817.29110000655055 ], [ 189541.654100008308887, 427806.312100008130074 ], [ 189500.189100001007318, 427832.778100002557039 ], [ 189507.652100004255772, 427843.814100001007318 ], [ 189497.210099998861551, 427850.570100009441376 ], [ 189492.504099998623133, 427854.990100007504225 ], [ 189500.329100005328655, 427879.620100006461143 ], [ 189483.661100007593632, 427896.421099998056889 ], [ 189453.999100007116795, 427931.008099999278784 ], [ 189445.557099997997284, 427939.833099998533726 ], [ 189445.646100010722876, 427939.297100000083447 ], [ 189445.600100003182888, 427938.716100007295609 ], [ 189445.436099998652935, 427938.099100008606911 ], [ 189445.162100002169609, 427937.533099997788668 ], [ 189416.770099997520447, 427893.708099998533726 ], [ 189402.946100004017353, 427872.781100001186132 ], [ 189410.910100001841784, 427867.106100004166365 ], [ 189401.013099998235703, 427852.271099995821714 ], [ 189395.382100000977516, 427843.651099994778633 ], [ 189412.196100011467934, 427832.591100007295609 ], [ 189365.345100000500679, 427761.437000006437302 ], [ 189357.658100001513958, 427749.880000006407499 ], [ 189335.143100000917912, 427715.703999996185303 ], [ 189326.80010000243783, 427702.844999995082617 ], [ 189320.355099994689226, 427696.00899999588728 ], [ 189293.861099999397993, 427707.056000009179115 ], [ 189293.61710000410676, 427707.849000006914139 ], [ 189280.136100001633167, 427699.148000001907349 ], [ 189277.311100002378225, 427703.751000005751848 ], [ 189272.280099999159575, 427700.186000008136034 ], [ 189267.829100005328655, 427702.875000007450581 ], [ 189265.128099996596575, 427697.750000007450581 ], [ 189269.616099998354912, 427694.237999998033047 ], [ 189255.146099999547005, 427671.818000003695488 ], [ 189249.085100010037422, 427675.203000001609325 ], [ 189247.288100004196167, 427669.974000006914139 ], [ 189217.909099999815226, 427692.793000001460314 ], [ 189229.730100005865097, 427713.390000011771917 ], [ 189207.601100001484156, 427727.093000005930662 ], [ 189198.264100007712841, 427707.646999999880791 ], [ 189188.608100008219481, 427714.791000008583069 ], [ 189181.728100009262562, 427720.16100000217557 ], [ 189199.587100006639957, 427752.325000006705523 ], [ 189196.971100006252527, 427753.766100004315376 ], [ 189201.296099998056889, 427761.613100003451109 ], [ 189172.453100003302097, 427777.457100007683039 ], [ 189159.464099999517202, 427784.65310000628233 ], [ 189164.488100007176399, 427793.261099997907877 ], [ 189151.72409999743104, 427798.053100004792213 ], [ 189156.750100001692772, 427814.856100004166365 ], [ 189147.33610000833869, 427819.301100000739098 ], [ 189139.918100003153086, 427793.518100000917912 ], [ 189112.430100001394749, 427801.423100002110004 ], [ 189103.129099998623133, 427806.219099998474121 ], [ 189047.334100000560284, 427834.433100007474422 ], [ 189045.466100003570318, 427826.594099998474121 ], [ 189025.257099997252226, 427833.301100008189678 ], [ 189027.4831000007689, 427840.066100001335144 ], [ 189007.100100006908178, 427846.594100005924702 ], [ 189012.163100000470877, 427862.741100002080202 ], [ 188980.782100006937981, 427872.0050999969244 ], [ 188987.274100001901388, 427891.872100006788969 ], [ 188980.760099999606609, 427894.236100003123283 ], [ 188974.204100005328655, 427896.536100003868341 ], [ 188975.472100008279085, 427900.761100001633167 ], [ 188969.604100007563829, 427902.713100008666515 ], [ 188963.665100000798702, 427904.584100000560284 ], [ 188971.555100005120039, 427927.631100006401539 ], [ 188976.561099994927645, 427941.978100009262562 ], [ 188977.497100003063679, 427943.288100004196167 ], [ 188978.599100008606911, 427943.839099999517202 ], [ 188979.398100003600121, 427943.803100004792213 ], [ 188980.683100000023842, 427943.419100005179644 ], [ 188962.927099999040365, 427959.637100007385015 ], [ 188936.926099997013807, 427930.811100006103516 ], [ 188934.518100000917912, 427929.784099996089935 ], [ 188936.636100009083748, 427935.647100012749434 ], [ 188931.949100006371737, 427937.212099999189377 ], [ 188926.5591000020504, 427942.106100004166365 ], [ 188915.668100003153086, 427945.834100008010864 ], [ 188927.728100009262562, 427982.250100005418062 ], [ 188928.953099995851517, 427985.525099996477365 ], [ 188929.717099994421005, 427986.918100003153086 ], [ 188931.113100007176399, 427987.330100007355213 ], [ 188931.936100002378225, 427987.268100004643202 ], [ 188932.953099999576807, 427987.046100001782179 ], [ 188920.460100010037422, 427998.705099999904633 ], [ 188918.771099999547005, 427993.473100002855062 ], [ 188909.845100000500679, 427967.234099999070168 ], [ 188897.117099996656179, 427971.491100005805492 ], [ 188878.727100003510714, 427977.751099996268749 ], [ 188876.354100007563829, 427971.379100006073713 ], [ 188873.90310000628233, 427972.24210000038147 ], [ 188873.667100001126528, 427971.615100000053644 ], [ 188845.973100002855062, 427984.238100007176399 ], [ 188833.967099994421005, 427989.36710000783205 ], [ 188847.620100006461143, 428004.191100008785725 ], [ 188835.165100004523993, 428015.687100000679493 ], [ 188831.182100005447865, 428019.52309999987483 ], [ 188823.368099994957447, 428026.688100006431341 ], [ 188810.973100002855062, 428000.681100007146597 ], [ 188804.133099999278784, 428003.921100001782179 ], [ 188784.161099996417761, 428012.988100003451109 ], [ 188772.120100006461143, 428018.591099996119738 ], [ 188794.218100003898144, 428071.428200006484985 ], [ 188799.628100007772446, 428083.077200006693602 ], [ 188808.292100008577108, 428101.315200001001358 ], [ 188780.464100003242493, 428126.588199999183416 ], [ 188781.70210000872612, 428125.180200006812811 ], [ 188782.60810000449419, 428123.611200004816055 ], [ 188783.205100007355213, 428121.306200005114079 ], [ 188783.169100012630224, 428118.853199999779463 ], [ 188782.308100000023842, 428115.888199996203184 ], [ 188781.312100011855364, 428113.228199999779463 ], [ 188771.605100005865097, 428089.563200004398823 ], [ 188748.393100008368492, 428099.380200002342463 ], [ 188732.631100006401539, 428058.918200004845858 ], [ 188710.940099999308586, 428068.136200007051229 ], [ 188719.721099998801947, 428089.3902000002563 ], [ 188722.272100001573563, 428088.715199995785952 ], [ 188732.583100005984306, 428108.000200003385544 ], [ 188736.332100003957748, 428115.290199998766184 ], [ 188703.25110000744462, 428131.479200001806021 ], [ 188705.664100002497435, 428137.561200000345707 ], [ 188672.665100004523993, 428152.026200000196695 ], [ 188683.918099999427795, 428184.320200007408857 ], [ 188699.132100008428097, 428201.23420000821352 ], [ 188666.223100006580353, 428230.970300011336803 ], [ 188656.17510000243783, 428240.568300008773804 ], [ 188648.034100007265806, 428248.070300009101629 ], [ 188636.399099994450808, 428258.625300008803606 ], [ 188624.514100003987551, 428245.536299996078014 ], [ 188613.994100000709295, 428223.736300010234118 ], [ 188594.852100003510714, 428232.985300004482269 ], [ 188568.944099999964237, 428242.001299999654293 ], [ 188557.673100002110004, 428245.985300004482269 ], [ 188565.374100003391504, 428266.659300003200769 ], [ 188568.303100012242794, 428274.338300012052059 ], [ 188546.656100001186132, 428293.965299997478724 ], [ 188540.870100002735853, 428295.950300008058548 ], [ 188541.421099998056889, 428298.057300001382828 ], [ 188545.518100004643202, 428312.453300002962351 ], [ 188545.566100005060434, 428313.102299995720387 ], [ 188545.869100000709295, 428313.867300003767014 ], [ 188546.442100003361702, 428314.473299995064735 ], [ 188547.259100001305342, 428314.919300001114607 ], [ 188548.183100000023842, 428314.886300012469292 ], [ 188548.826099999248981, 428314.662300013005733 ], [ 188550.680100005120039, 428317.499300003051758 ], [ 188550.348099995404482, 428319.389300007373095 ], [ 188551.463100004941225, 428321.176300000399351 ], [ 188553.727099996060133, 428321.470300007611513 ], [ 188555.286100000143051, 428320.287299998104572 ], [ 188556.027100011706352, 428321.412300005555153 ], [ 188539.370099995285273, 428330.146300002932549 ], [ 188535.156100008636713, 428317.287299998104572 ], [ 188531.764100003987551, 428318.444299999624491 ], [ 188525.931099999696016, 428320.810300003737211 ], [ 188523.2601000033319, 428321.929300002753735 ], [ 188516.878100000321865, 428307.363300003111362 ], [ 188507.752099998295307, 428310.531300008296967 ], [ 188507.290100000798702, 428309.521300002932549 ], [ 188506.821100007742643, 428309.688299998641014 ], [ 188505.032100006937981, 428305.17229999601841 ], [ 188505.325100000947714, 428304.986299999058247 ], [ 188505.075100008398294, 428304.294300004839897 ], [ 188504.630100000649691, 428304.436300002038479 ], [ 188503.04109999909997, 428300.613300006836653 ], [ 188503.3851000033319, 428300.450300000607967 ], [ 188503.301100008189678, 428300.203299999237061 ], [ 188503.673099998384714, 428300.115299999713898 ], [ 188499.31309999525547, 428286.054299999028444 ], [ 188500.524099994450808, 428285.610300004482269 ], [ 188495.557100005447865, 428273.473299995064735 ], [ 188494.616099998354912, 428270.253299999982119 ], [ 188496.056100007146597, 428269.401300001889467 ], [ 188485.01409999653697, 428260.341300010681152 ], [ 188479.612099997699261, 428258.127300001680851 ], [ 188475.01010000705719, 428258.546299997717142 ], [ 188471.076100006699562, 428259.479299999773502 ], [ 188469.665100011974573, 428256.456300009042025 ], [ 188449.938100002706051, 428264.722300007939339 ], [ 188457.121099997311831, 428281.60530000180006 ], [ 188455.352100010961294, 428282.377300005406141 ], [ 188459.046099998056889, 428291.835299998521805 ], [ 188460.267099995166063, 428294.704299997538328 ], [ 188462.994099996984005, 428298.343300003558397 ], [ 188463.784100003540516, 428297.997300006449223 ], [ 188465.446100007742643, 428301.811300002038479 ], [ 188456.095099996775389, 428306.140299994498491 ], [ 188463.243099994957447, 428322.490299995988607 ], [ 188453.644099999219179, 428326.928300000727177 ], [ 188466.264100003987551, 428356.424300003796816 ], [ 188468.521099999547005, 428361.255300007760525 ], [ 188454.519099999219179, 428364.613299999386072 ], [ 188448.170099999755621, 428361.542300008237362 ], [ 188446.200100000947714, 428354.506299994885921 ], [ 188441.497100006788969, 428355.047300007194281 ], [ 188439.210099998861551, 428346.409300003200769 ], [ 188434.323100000619888, 428342.39130000770092 ], [ 188432.45210001245141, 428342.7972999997437 ], [ 188433.359100002795458, 428346.206300012767315 ], [ 188426.365099996328354, 428347.869299996644258 ], [ 188423.90710000321269, 428338.648300006985664 ], [ 188422.912099998444319, 428336.618299998342991 ], [ 188416.731100004166365, 428340.009300004690886 ], [ 188414.67510000243783, 428341.018300000578165 ], [ 188409.901100002229214, 428344.357300002127886 ], [ 188401.264100007712841, 428346.643300000578165 ], [ 188388.622099999338388, 428353.984300002455711 ], [ 188391.725100006908178, 428360.437299996614456 ], [ 188400.116099994629622, 428377.955300010740757 ], [ 188400.01910001039505, 428377.969300009310246 ], [ 188392.205099999904633, 428380.209300000220537 ], [ 188356.842100005596876, 428348.577300000935793 ], [ 188352.257100004702806, 428351.759300008416176 ], [ 188350.408100008964539, 428352.831300001591444 ], [ 188345.903100002557039, 428354.026300005614758 ], [ 188345.004100002348423, 428350.322300001978874 ], [ 188304.625100005418062, 428360.993300005793571 ], [ 188305.667100001126528, 428370.316299997270107 ], [ 188307.55009999871254, 428387.446300007402897 ], [ 188309.105099998414516, 428400.904300007969141 ], [ 188290.370100006461143, 428405.552300006151199 ], [ 188261.338100008666515, 428417.08729999884963 ], [ 188293.579100005328655, 428435.689400002360344 ], [ 188293.506100006401539, 428435.070400003343821 ], [ 188293.512100003659725, 428434.447400007396936 ], [ 188293.595100000500679, 428433.830400004982948 ], [ 188293.755100004374981, 428433.228400003165007 ], [ 188293.990099996328354, 428432.651399999856949 ], [ 188294.295100003480911, 428432.108400009572506 ], [ 188294.66609999909997, 428431.607400007545948 ], [ 188295.097100000828505, 428431.157400000840425 ], [ 188295.58109999448061, 428430.764400001615286 ], [ 188296.110100012272596, 428430.436400007456541 ], [ 188296.676100004464388, 428430.176399998366833 ], [ 188350.395100004971027, 428416.400400005280972 ], [ 188357.571100004017353, 428444.381400004029274 ], [ 188380.319100007414818, 428442.319400005042553 ], [ 188396.558100007474422, 428441.137400005012751 ], [ 188459.689100008457899, 428505.16440000385046 ], [ 188464.894100002944469, 428525.380500007420778 ], [ 188451.022100005298853, 428540.932500008493662 ], [ 188475.128100000321865, 428557.931500002741814 ], [ 188476.003100004047155, 428558.143500011414289 ], [ 188498.634100005030632, 428576.413499999791384 ], [ 188516.89410001039505, 428583.311500001698732 ], [ 188529.067099999636412, 428584.934500005096197 ], [ 188535.96510000154376, 428586.963500000536442 ], [ 188547.327100001275539, 428592.644500005990267 ], [ 188556.660100005567074, 428598.730500008910894 ], [ 188564.775100007653236, 428605.22350000217557 ], [ 188571.268100000917912, 428612.527499999850988 ], [ 188578.572100009769201, 428622.265600003302097 ], [ 188583.847100008279085, 428632.004599999636412 ], [ 188587.093100000172853, 428641.336599994450808 ], [ 188592.368100002408028, 428658.785599995404482 ], [ 188593.991100002080202, 428668.92960000410676 ], [ 188593.991100002080202, 428681.914600007236004 ], [ 188594.397100009024143, 428701.797599997371435 ], [ 188592.842100009322166, 428729.748599998652935 ], [ 188595.03210000321269, 428728.016600001603365 ] ] ] ] } },
{ "type": "Feature", "properties": { "fid": 3074, "buurtcode": "BU02680206", "buurtnaam": "Hengstdal", "wijkcode": "WK026802", "gemeentecode": "GM0268", "gemeentenaam": "Nijmegen", "indelingswijziging_wijken_en_buurten": 1, "water": "NEE", "meest_voorkomende_postcode": "6523", "dekkingspercentage": 2, "omgevingsadressendichtheid": 2493, "stedelijkheid_adressen_per_km2": 2, "bevolkingsdichtheid_inwoners_per_km2": 7794, "aantal_inwoners": 6970, "mannen": 3295, "vrouwen": 3670, "percentage_personen_0_tot_15_jaar": 11, "percentage_personen_15_tot_25_jaar": 13, "percentage_personen_25_tot_45_jaar": 24, "percentage_personen_45_tot_65_jaar": 27, "percentage_personen_65_jaar_en_ouder": 25, "percentage_ongehuwd": 60, "percentage_gehuwd": 26, "percentage_gescheid": 10, "percentage_verweduwd": 4, "aantal_huishoudens": 3945, "percentage_eenpersoonshuishoudens": 58, "percentage_huishoudens_zonder_kinderen": 23, "percentage_huishoudens_met_kinderen": 19, "gemiddelde_huishoudsgrootte": 1.7, "percentage_met_herkomstland_nederland": 75, "percentage_met_herkomstland_uit_europa_excl_nl": 10, "percentage_met_herkomstland_buiten_europa": 20, "percentage_geb_in_nl_met_herkomstland_nederland": 75, "perc_geb_in_nl_met_herkomstland_in_europa_ex_nl": 5, "perc_geb_in_nl_met_herkomstland_buiten_europa": 5, "perc_geb_buiten_nl_met_herkomstlnd_in_europa_ex_nl": 5, "perc_geb_buiten_nl_met_herkomstlnd_buiten_europa": 15, "oppervlakte_totaal_in_ha": 89, "oppervlakte_land_in_ha": 89, "oppervlakte_water_in_ha": 0, "jrstatcode": "2025BU02680206", "jaar": 2025 }, "geometry": { "type": "MultiPolygon", "coordinates": [ [ [ [ 189453.999100007116795, 427931.008099999278784 ], [ 189483.661100007593632, 427896.421099998056889 ], [ 189500.329100005328655, 427879.620100006461143 ], [ 189492.504099998623133, 427854.990100007504225 ], [ 189497.210099998861551, 427850.570100009441376 ], [ 189507.652100004255772, 427843.814100001007318 ], [ 189500.189100001007318, 427832.778100002557039 ], [ 189541.654100008308887, 427806.312100008130074 ], [ 189548.729100003838539, 427817.29110000655055 ], [ 189552.990100000053644, 427814.543100010603666 ], [ 189556.228100001811981, 427825.865100000053644 ], [ 189587.141100011765957, 427796.224100008606911 ], [ 189583.156100004911423, 427789.35300000756979 ], [ 189582.99210000038147, 427789.450000010430813 ], [ 189582.728100005537271, 427788.976999998092651 ], [ 189582.880100004374981, 427788.89300000295043 ], [ 189582.173100009560585, 427787.629999998956919 ], [ 189582.047100007534027, 427787.706000003963709 ], [ 189581.780100006610155, 427787.231000002473593 ], [ 189581.980100005865097, 427787.119000002741814 ], [ 189580.993100002408028, 427785.367000006139278 ], [ 189580.793100006878376, 427785.480000004172325 ], [ 189580.528099998831749, 427785.009999997913837 ], [ 189580.676100008189678, 427784.926000002771616 ], [ 189580.033100008964539, 427783.784999996423721 ], [ 189579.886100001633167, 427783.871000003069639 ], [ 189579.620099995285273, 427783.398000005632639 ], [ 189579.750099997967482, 427783.301000006496906 ], [ 189579.163100007921457, 427782.228999998420477 ], [ 189579.015100002288818, 427782.311999998986721 ], [ 189578.752100002020597, 427781.839999999850988 ], [ 189578.893100004643202, 427781.770000003278255 ], [ 189574.504099998623133, 427773.465000007301569 ], [ 189587.732100002467632, 427767.322999995201826 ], [ 189594.986100003123283, 427762.484000001102686 ], [ 189579.323099996894598, 427721.299999997019768 ], [ 189576.649099998176098, 427714.528000008314848 ], [ 189569.317099999636412, 427695.312999997287989 ], [ 189564.009100008755922, 427681.057000000029802 ], [ 189555.129100002348423, 427656.993000008165836 ], [ 189547.370099999010563, 427634.789000008255243 ], [ 189539.200100004673004, 427605.963000006973743 ], [ 189534.013100001960993, 427588.180999998003244 ], [ 189530.758099995553493, 427574.246000003069639 ], [ 189530.233100008219481, 427568.645000003278255 ], [ 189498.056099999696016, 427578.063999999314547 ], [ 189491.551099997013807, 427555.353000000119209 ], [ 189491.472100000828505, 427554.8969999961555 ], [ 189491.460100006312132, 427554.434000000357628 ], [ 189491.515100002288818, 427553.974000010639429 ], [ 189491.637100003659725, 427553.52700001001358 ], [ 189491.822100002318621, 427553.102000001817942 ], [ 189492.06810000538826, 427552.71000000834465 ], [ 189492.368099998682737, 427552.357000004500151 ], [ 189489.196100004017353, 427542.605000000447035 ], [ 189568.592099998146296, 427521.102000012993813 ], [ 189591.985100004822016, 427514.249000005424023 ], [ 189590.687100004404783, 427505.368000000715256 ], [ 189589.489100012928247, 427505.348000001162291 ], [ 189588.093100000172853, 427504.997000005096197 ], [ 189586.936099998652935, 427504.401000000536442 ], [ 189586.029100008308887, 427503.573000002652407 ], [ 189585.185100000351667, 427502.343000002205372 ], [ 189584.912100002169609, 427501.677999999374151 ], [ 189578.448100011795759, 427475.245000012218952 ], [ 189582.348100006580353, 427473.145000010728836 ], [ 189632.859000004827976, 427446.958999995142221 ], [ 189630.505000006407499, 427442.467000007629395 ], [ 189645.037000007927418, 427440.208999998867512 ], [ 189645.85300000756979, 427440.010999996215105 ], [ 189699.364000007510185, 427412.063000001013279 ], [ 189705.962000004947186, 427408.492000009864569 ], [ 189720.118000008165836, 427435.381000000983477 ], [ 189720.271999999880791, 427435.823000002652407 ], [ 189720.355000000447035, 427436.284000005573034 ], [ 189720.364999998360872, 427436.752000000327826 ], [ 189720.301999997347593, 427437.215999994426966 ], [ 189720.167000006884336, 427437.664000008255243 ], [ 189719.964000005275011, 427438.086000010371208 ], [ 189719.698000002652407, 427438.471000008285046 ], [ 189719.375000007450581, 427438.809999998658895 ], [ 189719.003000002354383, 427439.09400000423193 ], [ 189733.550000000745058, 427431.834000010043383 ], [ 189733.066000007092953, 427431.908000003546476 ], [ 189732.575000006705523, 427431.912000007927418 ], [ 189732.090000003576279, 427431.84400000795722 ], [ 189731.620000001043081, 427431.706000000238419 ], [ 189731.17399999499321, 427431.501000002026558 ], [ 189730.763000003993511, 427431.234000001102686 ], [ 189730.396000009030104, 427430.910000007599592 ], [ 189730.078999999910593, 427430.53600000962615 ], [ 189720.213000003248453, 427411.811000000685453 ], [ 189731.720000006258488, 427405.932000003755093 ], [ 189739.724000003188848, 427401.760000005364418 ], [ 189735.320999994874001, 427389.784000005573034 ], [ 189737.711000002920628, 427388.580000001937151 ], [ 189714.680000003427267, 427342.839000001549721 ], [ 189748.818000007420778, 427331.958000004291534 ], [ 189747.640999995172024, 427329.321000009775162 ], [ 189769.15200000628829, 427324.930900003761053 ], [ 189821.938999999314547, 427313.989900011569262 ], [ 189829.456000000238419, 427312.337900009006262 ], [ 189835.323000002652407, 427311.154899999499321 ], [ 189839.144999999552965, 427321.006900005042553 ], [ 189864.596000004559755, 427303.628899998962879 ], [ 189865.268999997526407, 427304.315900005400181 ], [ 189865.388000003993511, 427304.437900006771088 ], [ 189877.559000000357628, 427296.463900007307529 ], [ 189952.240000005811453, 427247.375900000333786 ], [ 189947.986000005155802, 427240.760900009423494 ], [ 189958.763999994844198, 427230.232900001108646 ], [ 189972.340000003576279, 427224.214899998158216 ], [ 189969.441000007092953, 427216.796900007873774 ], [ 190011.819000001996756, 427198.869899995625019 ], [ 190008.975999999791384, 427192.564900007098913 ], [ 190017.795000001788139, 427188.424900002777576 ], [ 190021.726000007241964, 427187.67790000885725 ], [ 190054.005000006407499, 427182.967900007963181 ], [ 190055.357000004500151, 427221.428899995982647 ], [ 190060.520000003278255, 427217.986900009214878 ], [ 190062.714000001549721, 427232.41890000551939 ], [ 190065.228000000119209, 427230.535000000149012 ], [ 190068.563999999314547, 427228.03600000217557 ], [ 190095.705000005662441, 427207.703000001609325 ], [ 190116.467000000178814, 427194.504999995231628 ], [ 190132.958000004291534, 427188.690000012516975 ], [ 190138.571400005370378, 427186.710800006985664 ], [ 190133.33500000834465, 427180.092799995094538 ], [ 190120.824000000953674, 427163.479800008237362 ], [ 190117.943000007420778, 427159.872800007462502 ], [ 190111.549000009894371, 427151.277800004929304 ], [ 190107.142000000923872, 427144.912800006568432 ], [ 190103.347000010311604, 427139.159799996763468 ], [ 190099.858000002801418, 427133.589800007641315 ], [ 190094.533000007271767, 427125.938800003379583 ], [ 190091.840000007301569, 427121.65480000525713 ], [ 190089.209000006318092, 427119.083800002932549 ], [ 190084.985000003129244, 427115.105800002813339 ], [ 190082.41499999910593, 427113.024800002574921 ], [ 190070.847000002861023, 427104.272800005972385 ], [ 190063.564000003039837, 427099.253800012171268 ], [ 190055.852000005543232, 427094.295800007879734 ], [ 190047.773000001907349, 427089.766800001263618 ], [ 190039.571000002324581, 427084.869800005108118 ], [ 190024.208999998867512, 427074.954800009727478 ], [ 190012.947000004351139, 427079.116900011897087 ], [ 190007.561000000685453, 427080.095900006592274 ], [ 190000.215999998152256, 427079.361900005489588 ], [ 189972.550999999046326, 427077.647900000214577 ], [ 189926.770000003278255, 427075.444899998605251 ], [ 189882.946999996900558, 427072.996900007128716 ], [ 189829.085999999195337, 427070.303900007158518 ], [ 189786.977000001817942, 427068.099899996072054 ], [ 189735.319000001996756, 427065.651900004595518 ], [ 189691.252100002020597, 427063.448900006711483 ], [ 189645.71510000154376, 427061.244999997317791 ], [ 189591.364100001752377, 427058.307000003755093 ], [ 189574.472100008279085, 427058.552000008523464 ], [ 189567.372099999338388, 427058.063000004738569 ], [ 189542.400100003927946, 427058.063000004738569 ], [ 189508.615100000053644, 427060.756000004708767 ], [ 189500.781100004911423, 427061.490000005811453 ], [ 189498.744100004434586, 427048.017000008374453 ], [ 189492.114100001752377, 427017.876000002026558 ], [ 189481.557100005447865, 426970.886999998241663 ], [ 189393.146099999547005, 426991.432000000029802 ], [ 189392.597099997103214, 426988.807000000029802 ], [ 189371.808099996298552, 426993.056999996304512 ], [ 189369.536100000143051, 426982.378000006079674 ], [ 189359.230099998414516, 426984.415000006556511 ], [ 189352.408100001513958, 426951.972000002861023 ], [ 189349.384100001305342, 426953.286999996751547 ], [ 189346.709100000560284, 426954.78600000590086 ], [ 189342.372100003063679, 426957.501999996602535 ], [ 189325.136100005358458, 426963.822999995201826 ], [ 189325.978100001811981, 426975.067999999970198 ], [ 189310.987100008875132, 426979.325000002980232 ], [ 189305.903100002557039, 426981.147000007331371 ], [ 189306.069099999964237, 426981.610000003129244 ], [ 189305.099100008606911, 426981.956999998539686 ], [ 189304.942099999636412, 426981.51800000295043 ], [ 189302.226100005209446, 426982.49100000038743 ], [ 189302.616100002080202, 426983.568000007420778 ], [ 189289.044100008904934, 426988.403999999165535 ], [ 189290.094099998474121, 427004.632000003010035 ], [ 189266.736100003123283, 427002.892999995499849 ], [ 189267.915100008249283, 426986.510000005364418 ], [ 189267.287099998444319, 426984.4780000038445 ], [ 189266.395100004971027, 426976.243000000715256 ], [ 189217.767200004309416, 426993.185000006109476 ], [ 189182.023200001567602, 427006.895000007003546 ], [ 189180.065199997276068, 427022.319000001996756 ], [ 189179.820200003683567, 427026.725000001490116 ], [ 189167.076200008392334, 427025.721000008285046 ], [ 189166.981200002133846, 427016.697000008076429 ], [ 189167.474200010299683, 427004.654000006616116 ], [ 189184.764200005680323, 426998.234000001102686 ], [ 189137.998200003057718, 426813.248000003397465 ], [ 188960.047200005501509, 426904.473999995738268 ], [ 188979.0152000002563, 426980.204000007361174 ], [ 188912.807199999690056, 426977.800999995321035 ], [ 188916.685200002044439, 426932.052000004798174 ], [ 188897.525200001895428, 426924.125999994575977 ], [ 188895.758200008422136, 426923.44200000539422 ], [ 188893.822200011461973, 426922.952000003308058 ], [ 188891.869200006127357, 426922.535000000149012 ], [ 188889.902200002223253, 426922.189999997615814 ], [ 188887.924199998378754, 426921.919000007212162 ], [ 188882.960199996829033, 426921.409000005573034 ], [ 188876.760200001299381, 426920.964100003242493 ], [ 188875.14920000731945, 426920.928100008517504 ], [ 188873.537200000137091, 426920.9560999982059 ], [ 188871.928199999034405, 426921.047100003808737 ], [ 188867.171200003474951, 426922.155100002884865 ], [ 188848.690200008451939, 426947.829100009053946 ], [ 188838.722199998795986, 426961.759100005030632 ], [ 188833.924199994653463, 426969.062100004404783 ], [ 188830.969200007617474, 426973.765100002288818 ], [ 188825.733200006186962, 426982.098100002855062 ], [ 188821.837200008332729, 426989.397100012749434 ], [ 188818.805200006812811, 426996.455100003629923 ], [ 188817.231200002133846, 427001.369100004434586 ], [ 188815.43919999524951, 427011.287100005894899 ], [ 188790.314200006425381, 427033.591099999845028 ], [ 188796.236200004816055, 427042.930100001394749 ], [ 188789.534199997782707, 427048.318099997937679 ], [ 188783.027200002223253, 427040.061100002378225 ], [ 188780.474200002849102, 427042.327100001275539 ], [ 188761.315200001001358, 427053.463100008666515 ], [ 188765.750199995934963, 427060.670100003480911 ], [ 188754.580200001597404, 427067.240100000053644 ], [ 188749.123200010508299, 427060.549100004136562 ], [ 188714.33220000565052, 427080.730200007557869 ], [ 188707.169199995696545, 427084.749199997633696 ], [ 188659.625199995934963, 427115.349199999123812 ], [ 188629.279200006276369, 427135.074200000613928 ], [ 188597.162200003862381, 427156.823200009763241 ], [ 188579.965200003236532, 427170.732199996709824 ], [ 188567.826200000941753, 427180.847200002521276 ], [ 188560.71620000526309, 427185.470200005918741 ], [ 188545.076200004667044, 427198.178200010210276 ], [ 188518.682199999690056, 427220.662200000137091 ], [ 188497.17620000615716, 427241.923200000077486 ], [ 188475.182200003415346, 427264.651200003921986 ], [ 188463.696199994534254, 427277.848200000822544 ], [ 188440.47919999808073, 427305.952200006693602 ], [ 188436.324200008064508, 427310.840200003236532 ], [ 188428.504200000315905, 427315.728199996054173 ], [ 188420.684200007468462, 427318.905200004577637 ], [ 188413.84119999781251, 427321.104200001806021 ], [ 188408.220200002193451, 427321.837200004607439 ], [ 188389.158100008964539, 427368.026200000196695 ], [ 188360.294100005179644, 427439.26010000705719 ], [ 188348.427100002765656, 427468.132100000977516 ], [ 188346.838100001215935, 427471.311100002378225 ], [ 188361.315100003033876, 427478.664099995046854 ], [ 188369.451099999248981, 427479.924100007861853 ], [ 188367.847099997103214, 427485.76910000666976 ], [ 188366.013100001960993, 427484.967100005596876 ], [ 188364.958100002259016, 427487.652100000530481 ], [ 188368.905100002884865, 427487.754100002348423 ], [ 188375.127100005745888, 427488.183099996298552 ], [ 188384.093100003898144, 427490.940099995583296 ], [ 188383.037100005894899, 427496.663100007921457 ], [ 188388.799100004136562, 427499.5861000046134 ], [ 188395.060100007802248, 427502.004100002348423 ], [ 188393.244100000709295, 427510.231100000441074 ], [ 188392.471100002527237, 427514.090100005269051 ], [ 188413.570100005716085, 427512.311100002378225 ], [ 188420.7331000007689, 427513.343100000172853 ], [ 188422.087100010365248, 427508.979100007563829 ], [ 188436.517099995166063, 427509.735100001096725 ], [ 188435.587099999189377, 427515.600100010633469 ], [ 188437.405099999159575, 427515.851100001484156 ], [ 188437.931099999696016, 427520.480099998414516 ], [ 188438.043099999427795, 427522.260099999606609 ], [ 188443.364100005477667, 427521.029100000858307 ], [ 188443.584100000560284, 427519.511100005358458 ], [ 188471.601100008934736, 427521.875100001692772 ], [ 188471.176100000739098, 427522.780099999159575 ], [ 188484.102100003510714, 427523.109100002795458 ], [ 188495.034099999815226, 427524.207100003957748 ], [ 188495.361100006848574, 427520.931100003421307 ], [ 188494.378099996596575, 427520.833100005984306 ], [ 188494.55010000616312, 427519.112100005149841 ], [ 188534.631100006401539, 427534.231100007891655 ], [ 188536.755100008100271, 427535.261100009083748 ], [ 188529.553099997341633, 427550.533100008964539 ], [ 188527.867100011557341, 427553.871100001037121 ], [ 188523.80010000243783, 427562.749099999666214 ], [ 188536.925100009888411, 427568.997099999338388 ], [ 188538.670099996030331, 427565.312099996954203 ], [ 188549.816100001335144, 427570.659099999815226 ], [ 188551.897100001573563, 427566.185100004076958 ], [ 188564.0540999956429, 427572.149100009351969 ], [ 188572.061099998652935, 427555.6351000033319 ], [ 188572.209100004285574, 427555.184099998325109 ], [ 188572.288100000470877, 427554.716100003570318 ], [ 188572.296100005507469, 427554.241099998354912 ], [ 188572.23310000449419, 427553.771100006997585 ], [ 188572.09910000115633, 427553.315100006759167 ], [ 188571.899100001901388, 427552.885099999606609 ], [ 188571.637099999934435, 427552.489100005477667 ], [ 188571.31810000911355, 427552.138100005686283 ], [ 188570.950100004673004, 427551.838100001215935 ], [ 188571.688100006431341, 427552.303100008517504 ], [ 188580.103100009262562, 427561.171100009232759 ], [ 188577.032100006937981, 427567.620100002735853 ], [ 188587.305100005120039, 427572.330100003629923 ], [ 188583.999100007116795, 427578.802100002765656 ], [ 188581.239100001752377, 427584.566100008785725 ], [ 188618.324100006371737, 427602.531100008636713 ], [ 188623.499099999666214, 427607.268100004643202 ], [ 188626.780100002884865, 427600.208100005984306 ], [ 188628.646100003272295, 427595.994100000709295 ], [ 188632.566100001335144, 427599.6261 ], [ 188636.862100005149841, 427603.907100006937981 ], [ 188644.874100007116795, 427595.198099996894598 ], [ 188644.275100011378527, 427592.147100005298853 ], [ 188660.479100000113249, 427609.625100005418062 ], [ 188657.121100008487701, 427609.437100000679493 ], [ 188642.089100006967783, 427625.906100012362003 ], [ 188646.541100010275841, 427633.838100004941225 ], [ 188655.786100003868341, 427642.220100004225969 ], [ 188660.326100006699562, 427654.752099994570017 ], [ 188663.134100012481213, 427667.0320999994874 ], [ 188664.298100005835295, 427666.855100005865097 ], [ 188673.682100005447865, 427664.547100000083447 ], [ 188673.982100006192923, 427666.671100001782179 ], [ 188675.387100007385015, 427673.355100005865097 ], [ 188687.196100011467934, 427670.754100006073713 ], [ 188687.625100005418062, 427670.595100000500679 ], [ 188688.023100007325411, 427670.368099998682737 ], [ 188688.378100007772446, 427670.079100001603365 ], [ 188688.682100001722574, 427669.737100008875132 ], [ 188688.926099997013807, 427669.34910000488162 ], [ 188689.104100003838539, 427668.928100001066923 ], [ 188689.212099999189377, 427668.483100008219481 ], [ 188689.245100002735853, 427668.026100005954504 ], [ 188689.204100009053946, 427667.570100001990795 ], [ 188692.171100005507469, 427682.196100000292063 ], [ 188659.696100000292063, 427689.387099999934435 ], [ 188675.218100003898144, 427756.80010000616312 ], [ 188692.896100003272295, 427759.79110000282526 ], [ 188703.363100007176399, 427757.44310000166297 ], [ 188708.157100006937981, 427756.439100008457899 ], [ 188709.656100001186132, 427758.154099997133017 ], [ 188723.107100006192923, 427774.781100001186132 ], [ 188776.411099996417761, 427735.796100005507469 ], [ 188775.606100004166365, 427735.975100010633469 ], [ 188774.936100002378225, 427735.950100012123585 ], [ 188774.588100012391806, 427735.8851000033319 ], [ 188774.114100005477667, 427735.738100007176399 ], [ 188773.605099998414516, 427735.490100003778934 ], [ 188772.841099999845028, 427734.892100006341934 ], [ 188769.239099998027086, 427731.601100005209446 ], [ 188782.138099998235703, 427722.690100003033876 ], [ 188784.01410000026226, 427720.891100000590086 ], [ 188792.035100005567074, 427714.999099999666214 ], [ 188791.423100002110004, 427714.597100008279085 ], [ 188802.404100008308887, 427698.863099999725819 ], [ 188819.006099998950958, 427678.139000002294779 ], [ 188825.31810000911355, 427671.927000001072884 ], [ 188832.254099998623133, 427666.645000003278255 ], [ 188856.286100000143051, 427660.701999995857477 ], [ 188864.77810000628233, 427658.425999999046326 ], [ 188866.658100008964539, 427666.603000000119209 ], [ 188869.814100008457899, 427678.223999995738268 ], [ 188871.304100003093481, 427678.016000006347895 ], [ 188874.502100005745888, 427689.637000005692244 ], [ 188893.007100004702806, 427688.014000002294779 ], [ 188902.607099995017052, 427685.379000000655651 ], [ 188902.011100005358458, 427683.461000006645918 ], [ 188896.0320999994874, 427660.986000005155802 ], [ 188935.139100007712841, 427651.241000007838011 ], [ 188937.294100001454353, 427660.111999999731779 ], [ 188938.70210000872612, 427659.626000002026558 ], [ 188950.40710000321269, 427656.923000000417233 ], [ 188952.935100000351667, 427670.047000009566545 ], [ 188952.874100010842085, 427670.546000000089407 ], [ 188952.735100004822016, 427671.029000010341406 ], [ 188952.524099994450808, 427671.484000001102686 ], [ 188952.244100004434586, 427671.901000004261732 ], [ 188951.902100007981062, 427672.269000008702278 ], [ 188951.507099997252226, 427672.57999999448657 ], [ 188951.069099999964237, 427672.8260000012815 ], [ 188950.598099999129772, 427673.00000000372529 ], [ 188968.138100001960993, 427668.676000010222197 ], [ 188969.039099998772144, 427672.765000008046627 ], [ 188969.32710000872612, 427673.557000011205673 ], [ 188969.799100007861853, 427674.144999995827675 ], [ 188970.191099997609854, 427674.469999998807907 ], [ 188970.565099999308586, 427674.667000006884336 ], [ 188971.383099995553493, 427674.867000002413988 ], [ 188975.38510000705719, 427674.143999997526407 ], [ 188974.323100000619888, 427669.012000005692244 ], [ 188974.891100004315376, 427668.895000007003546 ], [ 188975.298100005835295, 427668.240000005811453 ], [ 188975.020100008696318, 427666.897000007331371 ], [ 188974.383100010454655, 427667.028000008314848 ], [ 188973.481100004166365, 427662.668000005185604 ], [ 188974.442100007086992, 427662.470000002533197 ], [ 188973.795100007206202, 427659.344000000506639 ], [ 188973.854100007563829, 427659.332000005990267 ], [ 188972.884100001305342, 427654.273000001907349 ], [ 188976.350100003182888, 427653.607999999076128 ], [ 188976.534100003540516, 427654.570000000298023 ], [ 188981.563099998980761, 427653.605000004172325 ], [ 188981.764100007712841, 427654.652000002563 ], [ 188986.701100002974272, 427653.679000001400709 ], [ 188989.158100008964539, 427652.109999999403954 ], [ 188998.018100004643202, 427650.447999995201826 ], [ 188997.433100011199713, 427647.327000010758638 ], [ 189055.866100002080202, 427635.24600000679493 ], [ 189055.26410000026226, 427633.172000002115965 ], [ 189067.575099997222424, 427629.652000002563 ], [ 189066.207100003957748, 427624.909000009298325 ], [ 189080.011099997907877, 427620.695000004023314 ], [ 189086.711099997162819, 427643.731000006198883 ], [ 189092.907100006937981, 427645.159000009298325 ], [ 189112.048100005835295, 427642.311000004410744 ], [ 189120.125100005418062, 427640.149000000208616 ], [ 189123.170099999755621, 427634.434000007808208 ], [ 189114.976100005209446, 427605.896999999880791 ], [ 189132.273100007325411, 427600.881000012159348 ], [ 189135.350099995732307, 427611.552999995648861 ], [ 189145.747100003063679, 427607.063000004738569 ], [ 189147.945100001990795, 427611.114999998360872 ], [ 189151.886100009083748, 427609.6469999961555 ], [ 189158.551100011914968, 427623.632000003010035 ], [ 189159.448100004345179, 427627.379000008106232 ], [ 189176.519099999219179, 427632.03999999910593 ], [ 189176.594099994748831, 427632.122999999672174 ], [ 189178.520100008696318, 427634.263000011444092 ], [ 189178.578100007027388, 427634.242000002413988 ], [ 189188.458100005984306, 427630.629000000655651 ], [ 189187.411099996417761, 427629.373000007122755 ], [ 189187.352099999785423, 427629.236000008881092 ], [ 189176.03210000321269, 427603.01800000295043 ], [ 189215.146100003272295, 427589.685000009834766 ], [ 189219.975099999457598, 427605.195000007748604 ], [ 189228.507100000977516, 427602.591000001877546 ], [ 189233.81309999525547, 427600.752000004053116 ], [ 189240.578100003302097, 427598.2989999987185 ], [ 189243.858100008219481, 427608.96000000089407 ], [ 189243.872099999338388, 427609.43299999833107 ], [ 189243.815100006759167, 427609.903000000864267 ], [ 189243.690100003033876, 427610.360000003129244 ], [ 189243.498100008815527, 427610.792000003159046 ], [ 189243.245099995285273, 427611.19200000166893 ], [ 189242.935100007802248, 427611.550000004470348 ], [ 189242.575100008398294, 427611.857999999076128 ], [ 189242.174100000411272, 427612.109000004827976 ], [ 189241.740100003778934, 427612.298000007867813 ], [ 189246.201099995523691, 427610.754000000655651 ], [ 189250.170100007206202, 427623.089999996125698 ], [ 189249.730099998414516, 427622.957000002264977 ], [ 189249.305100005120039, 427623.001000002026558 ], [ 189246.62610000371933, 427624.016000006347895 ], [ 189241.935100004076958, 427625.671999994665384 ], [ 189241.57209999859333, 427625.491999994963408 ], [ 189240.26410000026226, 427625.947000000625849 ], [ 189239.974100008606911, 427626.410999994724989 ], [ 189238.56810000911355, 427626.909000005573034 ], [ 189240.878100007772446, 427634.130000002682209 ], [ 189235.697100002318621, 427636.094999998807907 ], [ 189247.288100004196167, 427669.974000006914139 ], [ 189249.085100010037422, 427675.203000001609325 ], [ 189255.146099999547005, 427671.818000003695488 ], [ 189269.616099998354912, 427694.237999998033047 ], [ 189265.128099996596575, 427697.750000007450581 ], [ 189267.829100005328655, 427702.875000007450581 ], [ 189272.280099999159575, 427700.186000008136034 ], [ 189277.311100002378225, 427703.751000005751848 ], [ 189280.136100001633167, 427699.148000001907349 ], [ 189293.61710000410676, 427707.849000006914139 ], [ 189293.861099999397993, 427707.056000009179115 ], [ 189320.355099994689226, 427696.00899999588728 ], [ 189326.80010000243783, 427702.844999995082617 ], [ 189335.143100000917912, 427715.703999996185303 ], [ 189357.658100001513958, 427749.880000006407499 ], [ 189365.345100000500679, 427761.437000006437302 ], [ 189412.196100011467934, 427832.591100007295609 ], [ 189395.382100000977516, 427843.651099994778633 ], [ 189401.013099998235703, 427852.271099995821714 ], [ 189410.910100001841784, 427867.106100004166365 ], [ 189402.946100004017353, 427872.781100001186132 ], [ 189416.770099997520447, 427893.708099998533726 ], [ 189445.162100002169609, 427937.533099997788668 ], [ 189445.436099998652935, 427938.099100008606911 ], [ 189445.600100003182888, 427938.716100007295609 ], [ 189445.646100010722876, 427939.297100000083447 ], [ 189445.557099997997284, 427939.833099998533726 ], [ 189453.999100007116795, 427931.008099999278784 ] ] ] ] } },
{ "type": "Feature", "properties": { "fid": 3075, "buurtcode": "BU02680207", "buurtnaam": "Kwakkenberg", "wijkcode": "WK026802", "gemeentecode": "GM0268", "gemeentenaam": "Nijmegen", "indelingswijziging_wijken_en_buurten": 1, "water": "NEE", "meest_voorkomende_postcode": "6523", "dekkingspercentage": 1, "omgevingsadressendichtheid": 1149, "stedelijkheid_adressen_per_km2": 3, "bevolkingsdichtheid_inwoners_per_km2": 1023, "aantal_inwoners": 1470, "mannen": 735, "vrouwen": 730, "percentage_personen_0_tot_15_jaar": 9, "percentage_personen_15_tot_25_jaar": 30, "percentage_personen_25_tot_45_jaar": 19, "percentage_personen_45_tot_65_jaar": 21, "percentage_personen_65_jaar_en_ouder": 20, "percentage_ongehuwd": 61, "percentage_gehuwd": 32, "percentage_gescheid": 4, "percentage_verweduwd": 3, "aantal_huishoudens": 855, "percentage_eenpersoonshuishoudens": 57, "percentage_huishoudens_zonder_kinderen": 26, "percentage_huishoudens_met_kinderen": 16, "gemiddelde_huishoudsgrootte": 1.7, "percentage_met_herkomstland_nederland": 80, "percentage_met_herkomstland_uit_europa_excl_nl": 10, "percentage_met_herkomstland_buiten_europa": 10, "percentage_geb_in_nl_met_herkomstland_nederland": 80, "perc_geb_in_nl_met_herkomstland_in_europa_ex_nl": 5, "perc_geb_in_nl_met_herkomstland_buiten_europa": 5, "perc_geb_buiten_nl_met_herkomstlnd_in_europa_ex_nl": 5, "perc_geb_buiten_nl_met_herkomstlnd_buiten_europa": 5, "oppervlakte_totaal_in_ha": 143, "oppervlakte_land_in_ha": 143, "oppervlakte_water_in_ha": 0, "jrstatcode": "2025BU02680207", "jaar": 2025 }, "geometry": { "type": "MultiPolygon", "coordinates": [ [ [ [ 190145.659000013023615, 427184.212000012397766 ], [ 190184.757999997586012, 427178.560000006109476 ], [ 190201.359000004827976, 427176.011000007390976 ], [ 190210.328000009059906, 427174.667999997735023 ], [ 190216.702000007033348, 427173.51800000667572 ], [ 190226.657000001519918, 427171.739000003784895 ], [ 190252.274000000208616, 427167.059999994933605 ], [ 190289.808999996632338, 427160.336000010371208 ], [ 190301.175999999046326, 427157.386000007390976 ], [ 190352.46000000834465, 427144.078000009059906 ], [ 190356.623000007122755, 427142.997999995946884 ], [ 190405.623999997973442, 427133.319000009447336 ], [ 190438.205000009387732, 427128.657000005245209 ], [ 190465.577000010758638, 427122.010000009089708 ], [ 190467.622999999672174, 427121.512999996542931 ], [ 190480.010999999940395, 427119.995999999344349 ], [ 190489.784000009298325, 427118.799999997019768 ], [ 190493.735999997705221, 427118.316000007092953 ], [ 190499.682000000029802, 427117.570999994874001 ], [ 190519.372000001370907, 427117.714999999850988 ], [ 190539.578000001609325, 427117.807000000029802 ], [ 190555.29500000551343, 427116.810000002384186 ], [ 190569.526000004261732, 427114.703000009059906 ], [ 190580.927000004798174, 427111.368000008165836 ], [ 190649.617000002413988, 427087.171000003814697 ], [ 190679.717000000178814, 427075.01799999922514 ], [ 190681.570999994874001, 427074.269000001251698 ], [ 190711.080000005662441, 427060.260000005364418 ], [ 190722.783000003546476, 427057.470000002533197 ], [ 190736.415000002831221, 427051.101000003516674 ], [ 190736.842000007629395, 427050.902000002563 ], [ 190736.903999995440245, 427050.873000003397465 ], [ 190750.744999997317791, 427044.655999999493361 ], [ 190751.549000006169081, 427044.232999999076128 ], [ 190766.636000007390976, 427036.290000010281801 ], [ 190780.883000001311302, 427026.917000006884336 ], [ 190781.140999998897314, 427026.747000005096197 ], [ 190786.744000006467104, 427023.061000008136034 ], [ 190787.144000004976988, 427022.798000007867813 ], [ 190796.242000002413988, 427015.736999999731779 ], [ 190807.636000007390976, 427004.80799999833107 ], [ 190816.525000002235174, 426994.56700000539422 ], [ 190819.261000007390976, 426990.927999995648861 ], [ 190820.471000008285046, 426989.354000005871058 ], [ 190821.974000006914139, 426987.401000004261732 ], [ 190823.587000008672476, 426985.304000005125999 ], [ 190825.213000003248453, 426983.189000006765127 ], [ 190837.422000002115965, 426967.311000004410744 ], [ 190838.31300001218915, 426966.153000008314848 ], [ 190843.052999999374151, 426960.30400000885129 ], [ 190844.110000006854534, 426958.998999997973442 ], [ 190849.846000008285046, 426951.919999998062849 ], [ 190852.460999999195337, 426948.69199999794364 ], [ 190856.20100000873208, 426944.42399999499321 ], [ 190863.866999998688698, 426936.230000000447035 ], [ 190871.770000003278255, 426928.436000004410744 ], [ 190878.00899999961257, 426922.282999996095896 ], [ 190881.056000005453825, 426918.443000007420778 ], [ 190887.416999999433756, 426909.560000009834766 ], [ 190894.981000002473593, 426899.482000008225441 ], [ 190899.044000007212162, 426895.283000003546476 ], [ 190904.748000003397465, 426889.388000007718801 ], [ 190917.258000005036592, 426878.906000006943941 ], [ 190919.041000008583069, 426877.411999996751547 ], [ 190924.016000002622604, 426873.318999998271465 ], [ 190919.403000000864267, 426868.654000002890825 ], [ 190916.046000007539988, 426865.515999995172024 ], [ 190914.373000010848045, 426863.812000002712011 ], [ 190910.812999997287989, 426857.532000012695789 ], [ 190909.304999999701977, 426853.971000004559755 ], [ 190906.468000009655952, 426846.517000004649162 ], [ 190903.266000002622604, 426840.771000005304813 ], [ 190902.956999994814396, 426840.300000000745058 ], [ 190901.582000005990267, 426838.440000008791685 ], [ 190896.644999999552965, 426833.474999997764826 ], [ 190892.417000006884336, 426829.672000002115965 ], [ 190889.557000000029802, 426827.4780000038445 ], [ 190888.214000001549721, 426826.473000001162291 ], [ 190883.872999999672174, 426823.637000005692244 ], [ 190879.520000003278255, 426820.605999998748302 ], [ 190876.330000005662441, 426818.572000000625849 ], [ 190871.137000005692244, 426814.778000008314848 ], [ 190862.918999996036291, 426808.635999996215105 ], [ 190854.929000001400709, 426803.032000005245209 ], [ 190847.511999998241663, 426797.406000006943941 ], [ 190839.342999998480082, 426792.13399999961257 ], [ 190829.473999999463558, 426785.629000000655651 ], [ 190827.971000000834465, 426784.631000004708767 ], [ 190820.034000005573034, 426779.896000001579523 ], [ 190814.975999996066093, 426776.940000001341105 ], [ 190807.68800001218915, 426772.801000006496906 ], [ 190804.177000001072884, 426770.780999999493361 ], [ 190796.980000004172325, 426766.213000006973743 ], [ 190791.870999999344349, 426762.729000002145767 ], [ 190788.058000005781651, 426760.059000004082918 ], [ 190782.280000008642673, 426756.219999998807907 ], [ 190778.450000006705523, 426753.36200000718236 ], [ 190773.109999999403954, 426749.17000001296401 ], [ 190771.534000001847744, 426747.849000006914139 ], [ 190770.184000007808208, 426746.042000003159046 ], [ 190766.147999998182058, 426741.157999996095896 ], [ 190762.213000003248453, 426735.920000001788139 ], [ 190759.309000007808208, 426731.39300000295043 ], [ 190753.7989999987185, 426722.309000007808208 ], [ 190748.085999999195337, 426712.311000000685453 ], [ 190742.822000008076429, 426702.758000001311302 ], [ 190736.698999997228384, 426692.001000005751848 ], [ 190733.027000002563, 426685.629000000655651 ], [ 190728.616000007838011, 426678.570000000298023 ], [ 190726.187999997287989, 426675.219999998807907 ], [ 190724.577000003308058, 426673.260000001639128 ], [ 190723.056999996304512, 426671.517000008374453 ], [ 190720.888000000268221, 426669.648000001907349 ], [ 190718.874000001698732, 426668.075000006705523 ], [ 190715.704999998211861, 426665.793999996036291 ], [ 190712.175999999046326, 426664.178999997675419 ], [ 190709.860000003129244, 426663.282000005245209 ], [ 190708.290999997407198, 426663.016000002622604 ], [ 190690.855000004172325, 426658.422000002115965 ], [ 190681.035999998450279, 426655.981000002473593 ], [ 190662.126000002026558, 426651.067000012844801 ], [ 190660.677999999374151, 426650.67900000885129 ], [ 190659.122999999672174, 426650.262000005692244 ], [ 190657.401999998837709, 426649.607999999076128 ], [ 190654.157000005245209, 426648.197999998927116 ], [ 190638.381000000983477, 426641.600999996066093 ], [ 190635.958000008016825, 426640.601000007241964 ], [ 190624.761000007390976, 426636.068999994546175 ], [ 190624.379999998956919, 426635.915000002831221 ], [ 190621.441000003367662, 426642.835999995470047 ], [ 190595.446000002324581, 426644.963000003248453 ], [ 190572.421999994665384, 426646.846999999135733 ], [ 190552.941000007092953, 426648.440000001341105 ], [ 190543.180999998003244, 426649.238999996334314 ], [ 190537.99600000679493, 426649.663000009953976 ], [ 190529.51800000295043, 426650.35699999704957 ], [ 190506.63399999961257, 426652.228999998420477 ], [ 190487.721999999135733, 426653.77700000628829 ], [ 190475.644000001251698, 426654.765000004321337 ], [ 190448.852000009268522, 426656.957000005990267 ], [ 190444.05799999460578, 426644.779000002890825 ], [ 190440.730999998748302, 426636.329999998211861 ], [ 190437.405000001192093, 426627.881000012159348 ], [ 190434.079000003635883, 426619.432000007480383 ], [ 190430.706999998539686, 426610.867000002413988 ], [ 190424.186000000685453, 426594.303999997675419 ], [ 190422.340000011026859, 426589.615000005811453 ], [ 190420.870999999344349, 426585.88399999588728 ], [ 190417.654000006616116, 426577.714000001549721 ], [ 190414.328000009059906, 426569.265000000596046 ], [ 190411.002000011503696, 426560.815999995917082 ], [ 190407.675000000745058, 426552.367000009864569 ], [ 190405.287999998778105, 426546.302999999374151 ], [ 190401.908999998122454, 426545.006000008434057 ], [ 190394.504999998956919, 426526.118000008165836 ], [ 190389.837000001221895, 426514.559999998658895 ], [ 190387.964000001549721, 426509.82600000500679 ], [ 190373.748999997973442, 426473.894000001251698 ], [ 190374.439800005406141, 426471.327600002288818 ], [ 190376.534000001847744, 426463.548000000417233 ], [ 190382.203000001609325, 426450.73200000077486 ], [ 190387.031999997794628, 426439.56700000539422 ], [ 190360.254000008106232, 426430.613000001758337 ], [ 190346.247000008821487, 426396.949999999254942 ], [ 190339.35300000756979, 426384.168999996036291 ], [ 190332.461000002920628, 426374.065999995917082 ], [ 190327.069000001996756, 426367.234000001102686 ], [ 190313.897000007331371, 426357.745000008493662 ], [ 190301.028000004589558, 426351.826999999582767 ], [ 190289.956000007688999, 426347.392000000923872 ], [ 190271.104000002145767, 426341.490000002086163 ], [ 190239.989000000059605, 426335.622999995946884 ], [ 190202.291000008583069, 426328.285000000149012 ], [ 190098.471000008285046, 426307.436000004410744 ], [ 189996.147000011056662, 426286.583000004291534 ], [ 189965.031000010669231, 426280.418000005185604 ], [ 189950.042000006884336, 426281.53600000590086 ], [ 189934.813000001013279, 426274.846000008285046 ], [ 189919.311000004410744, 426268.250999998301268 ], [ 189906.074000000953674, 426307.379999998956919 ], [ 189824.752000007778406, 426263.8260000012815 ], [ 189809.366999998688698, 426255.425999999046326 ], [ 189789.480000004172325, 426244.291000001132488 ], [ 189757.502000007778406, 426226.565000001341105 ], [ 189730.485000006854534, 426211.614000000059605 ], [ 189724.600000012665987, 426208.349000010639429 ], [ 189723.685999996960163, 426207.842000000178814 ], [ 189723.56700000539422, 426207.776000007987022 ], [ 189707.171000007539988, 426198.67900000885129 ], [ 189706.17399999499321, 426198.124000009149313 ], [ 189697.776999998837709, 426193.452000010758638 ], [ 189676.114000007510185, 426181.449000008404255 ], [ 189671.453000001609325, 426178.90200000628829 ], [ 189667.88400000333786, 426176.952000007033348 ], [ 189654.20100000873208, 426169.320999998599291 ], [ 189644.11200001090765, 426163.717000007629395 ], [ 189619.4510000012815, 426150.048000000417233 ], [ 189612.438000004738569, 426146.118000004440546 ], [ 189603.940000005066395, 426141.355999998748302 ], [ 189598.338000006973743, 426138.217000007629395 ], [ 189581.613000009208918, 426129.059999998658895 ], [ 189578.260000001639128, 426128.388000003993511 ], [ 189568.105999995023012, 426143.409000009298325 ], [ 189560.984000008553267, 426153.918999999761581 ], [ 189550.111000001430511, 426170.04900000244379 ], [ 189547.855999998748302, 426173.633000001311302 ], [ 189536.481000006198883, 426166.426000006496906 ], [ 189530.659200005233288, 426162.698700007051229 ], [ 189521.997000005096197, 426157.153000012040138 ], [ 189507.629000011831522, 426148.177000001072884 ], [ 189482.695000004023314, 426132.010999999940395 ], [ 189454.78600000590086, 426114.107000008225441 ], [ 189426.261000007390976, 426095.906000003218651 ], [ 189395.773000005632639, 426076.677000001072884 ], [ 189377.388999994844198, 426065.431000001728535 ], [ 189359.047000002115965, 426053.883000005036592 ], [ 189340.510000001639128, 426042.458000004291534 ], [ 189322.153000008314848, 426030.958000008016825 ], [ 189309.17400000244379, 426022.832999996840954 ], [ 189283.436000000685453, 426006.889000002294779 ], [ 189269.995000008493662, 425998.648000001907349 ], [ 189252.62500000372529, 425987.768999997526407 ], [ 189253.89300000667572, 425983.519999995827675 ], [ 189243.233999997377396, 425980.339999999850988 ], [ 189230.986999999731779, 425976.955000001937151 ], [ 189214.208000000566244, 425972.108999997377396 ], [ 189208.335999995470047, 425970.495000012218952 ], [ 189189.596000004559755, 425965.03999999910593 ], [ 189171.568000003695488, 425959.912000007927418 ], [ 189155.818199999630451, 425955.464400000870228 ], [ 189128.086199998855591, 426088.779900006949902 ], [ 189110.468199994415045, 426076.1418999992311 ], [ 189103.575200006365776, 426093.430900000035763 ], [ 189096.264200001955032, 426094.486900009214878 ], [ 189090.492200005799532, 426090.492900002747774 ], [ 189087.905200008302927, 426088.215900007635355 ], [ 189068.918200012296438, 426073.732900008559227 ], [ 189048.960200011730194, 426102.060899998992682 ], [ 189032.151200000196695, 426131.189900010824203 ], [ 189025.071200005710125, 426165.45890000090003 ], [ 189017.684200007468462, 426176.941900003701448 ], [ 189009.882200006395578, 426171.176900003105402 ], [ 189009.991200000047684, 426171.511900003999472 ], [ 188993.098200008273125, 426169.392900001257658 ], [ 188992.191200003027916, 426183.913900002837181 ], [ 188992.191200003027916, 426185.003900002688169 ], [ 188989.64919999986887, 426199.706900000572205 ], [ 188984.567200001329184, 426220.943900000303984 ], [ 188976.761199995875359, 426241.273900005966425 ], [ 188968.775200005620718, 426259.062900006771088 ], [ 188958.791199997067451, 426276.30689999833703 ], [ 188950.986200001090765, 426287.197900008410215 ], [ 188957.981200005859137, 426294.372899997979403 ], [ 188980.015200007706881, 426311.754900012165308 ], [ 189010.863200008869171, 426334.278900001198053 ], [ 189044.15820000693202, 426359.250900011509657 ], [ 189061.051199998706579, 426371.736900009214878 ], [ 189058.944200001657009, 426376.670899998396635 ], [ 188999.002200003713369, 426527.676900010555983 ], [ 188991.645200006663799, 426546.453900009393692 ], [ 188957.744200002402067, 426631.598999999463558 ], [ 188948.843199998140335, 426650.2989999987185 ], [ 189011.429200001060963, 426675.336000002920628 ], [ 189015.702200002968311, 426676.960999999195337 ], [ 188945.495200008153915, 426838.36600000038743 ], [ 188941.935199998319149, 426848.717999994754791 ], [ 188938.09120000526309, 426841.168000008910894 ], [ 188934.65820000693202, 426835.484000008553267 ], [ 188931.973199997097254, 426831.276999998837709 ], [ 188882.303199999034405, 426755.296999994665384 ], [ 188778.654199995100498, 426716.144099999219179 ], [ 188742.064200006425381, 426793.862100008875132 ], [ 188719.397199995815754, 426786.237100001424551 ], [ 188710.541200004518032, 426809.799099996685982 ], [ 188708.605200007557869, 426808.794100005179644 ], [ 188698.1891999989748, 426803.86710000038147 ], [ 188697.30120000615716, 426805.796100001782179 ], [ 188692.740200009196997, 426815.534100003540516 ], [ 188683.896200008690357, 426834.469099994748831 ], [ 188678.461200006306171, 426832.145100008696318 ], [ 188672.008200012147427, 426847.642100002616644 ], [ 188678.123199999332428, 426850.255100011825562 ], [ 188672.476200006902218, 426863.810100011527538 ], [ 188649.247200004756451, 426911.778199996799231 ], [ 188663.803200006484985, 426918.960200008004904 ], [ 188657.015200007706881, 426933.317200008779764 ], [ 188665.134200006723404, 426937.156199999153614 ], [ 188665.614199999719858, 426936.147200006991625 ], [ 188672.510200008749962, 426939.407200001180172 ], [ 188672.40820000693202, 426939.61820000782609 ], [ 188677.628199998289347, 426941.775199998170137 ], [ 188682.343200001865625, 426943.486200001090765 ], [ 188688.669199999421835, 426945.397199999541044 ], [ 188691.365200005471706, 426939.95210000872612 ], [ 188713.45720000565052, 426946.82710000872612 ], [ 188718.194200001657009, 426931.084100011736155 ], [ 188732.348200000822544, 426935.562100008130074 ], [ 188730.725200012326241, 426941.19310000538826 ], [ 188788.60020000115037, 426958.499099999666214 ], [ 188789.892200004309416, 426959.034099999815226 ], [ 188806.976200006902218, 426963.94310000166297 ], [ 188811.356200005859137, 426963.305100005120039 ], [ 188819.820200007408857, 426967.3361000046134 ], [ 188830.969200007617474, 426973.765100002288818 ], [ 188833.924199994653463, 426969.062100004404783 ], [ 188838.722199998795986, 426961.759100005030632 ], [ 188848.690200008451939, 426947.829100009053946 ], [ 188867.171200003474951, 426922.155100002884865 ], [ 188871.928199999034405, 426921.047100003808737 ], [ 188873.537200000137091, 426920.9560999982059 ], [ 188875.14920000731945, 426920.928100008517504 ], [ 188876.760200001299381, 426920.964100003242493 ], [ 188882.960199996829033, 426921.409000005573034 ], [ 188887.924199998378754, 426921.919000007212162 ], [ 188889.902200002223253, 426922.189999997615814 ], [ 188891.869200006127357, 426922.535000000149012 ], [ 188893.822200011461973, 426922.952000003308058 ], [ 188895.758200008422136, 426923.44200000539422 ], [ 188897.525200001895428, 426924.125999994575977 ], [ 188916.685200002044439, 426932.052000004798174 ], [ 188912.807199999690056, 426977.800999995321035 ], [ 188979.0152000002563, 426980.204000007361174 ], [ 188960.047200005501509, 426904.473999995738268 ], [ 189137.998200003057718, 426813.248000003397465 ], [ 189184.764200005680323, 426998.234000001102686 ], [ 189167.474200010299683, 427004.654000006616116 ], [ 189166.981200002133846, 427016.697000008076429 ], [ 189167.076200008392334, 427025.721000008285046 ], [ 189179.820200003683567, 427026.725000001490116 ], [ 189180.065199997276068, 427022.319000001996756 ], [ 189182.023200001567602, 427006.895000007003546 ], [ 189217.767200004309416, 426993.185000006109476 ], [ 189266.395100004971027, 426976.243000000715256 ], [ 189267.287099998444319, 426984.4780000038445 ], [ 189267.915100008249283, 426986.510000005364418 ], [ 189266.736100003123283, 427002.892999995499849 ], [ 189290.094099998474121, 427004.632000003010035 ], [ 189289.044100008904934, 426988.403999999165535 ], [ 189302.616100002080202, 426983.568000007420778 ], [ 189302.226100005209446, 426982.49100000038743 ], [ 189304.942099999636412, 426981.51800000295043 ], [ 189305.099100008606911, 426981.956999998539686 ], [ 189306.069099999964237, 426981.610000003129244 ], [ 189305.903100002557039, 426981.147000007331371 ], [ 189310.987100008875132, 426979.325000002980232 ], [ 189325.978100001811981, 426975.067999999970198 ], [ 189325.136100005358458, 426963.822999995201826 ], [ 189342.372100003063679, 426957.501999996602535 ], [ 189346.709100000560284, 426954.78600000590086 ], [ 189349.384100001305342, 426953.286999996751547 ], [ 189352.408100001513958, 426951.972000002861023 ], [ 189359.230099998414516, 426984.415000006556511 ], [ 189369.536100000143051, 426982.378000006079674 ], [ 189371.808099996298552, 426993.056999996304512 ], [ 189392.597099997103214, 426988.807000000029802 ], [ 189393.146099999547005, 426991.432000000029802 ], [ 189481.557100005447865, 426970.886999998241663 ], [ 189492.114100001752377, 427017.876000002026558 ], [ 189498.744100004434586, 427048.017000008374453 ], [ 189500.781100004911423, 427061.490000005811453 ], [ 189508.615100000053644, 427060.756000004708767 ], [ 189542.400100003927946, 427058.063000004738569 ], [ 189567.372099999338388, 427058.063000004738569 ], [ 189574.472100008279085, 427058.552000008523464 ], [ 189591.364100001752377, 427058.307000003755093 ], [ 189645.71510000154376, 427061.244999997317791 ], [ 189691.252100002020597, 427063.448900006711483 ], [ 189735.319000001996756, 427065.651900004595518 ], [ 189786.977000001817942, 427068.099899996072054 ], [ 189829.085999999195337, 427070.303900007158518 ], [ 189882.946999996900558, 427072.996900007128716 ], [ 189926.770000003278255, 427075.444899998605251 ], [ 189972.550999999046326, 427077.647900000214577 ], [ 190000.215999998152256, 427079.361900005489588 ], [ 190007.561000000685453, 427080.095900006592274 ], [ 190012.947000004351139, 427079.116900011897087 ], [ 190024.208999998867512, 427074.954800009727478 ], [ 190039.571000002324581, 427084.869800005108118 ], [ 190047.773000001907349, 427089.766800001263618 ], [ 190055.852000005543232, 427094.295800007879734 ], [ 190063.564000003039837, 427099.253800012171268 ], [ 190070.847000002861023, 427104.272800005972385 ], [ 190082.41499999910593, 427113.024800002574921 ], [ 190084.985000003129244, 427115.105800002813339 ], [ 190089.209000006318092, 427119.083800002932549 ], [ 190091.840000007301569, 427121.65480000525713 ], [ 190094.533000007271767, 427125.938800003379583 ], [ 190099.858000002801418, 427133.589800007641315 ], [ 190103.347000010311604, 427139.159799996763468 ], [ 190107.142000000923872, 427144.912800006568432 ], [ 190111.549000009894371, 427151.277800004929304 ], [ 190117.943000007420778, 427159.872800007462502 ], [ 190120.824000000953674, 427163.479800008237362 ], [ 190133.33500000834465, 427180.092799995094538 ], [ 190138.571400005370378, 427186.710800006985664 ], [ 190145.659000013023615, 427184.212000012397766 ] ] ] ] } },
{ "type": "Feature", "properties": { "fid": 3076, "buurtcode": "BU02680208", "buurtnaam": "Groenewoud", "wijkcode": "WK026802", "gemeentecode": "GM0268", "gemeentenaam": "Nijmegen", "indelingswijziging_wijken_en_buurten": 1, "water": "NEE", "meest_voorkomende_postcode": "6525", "dekkingspercentage": 2, "omgevingsadressendichtheid": 1326, "stedelijkheid_adressen_per_km2": 3, "bevolkingsdichtheid_inwoners_per_km2": 3128, "aantal_inwoners": 3650, "mannen": 1740, "vrouwen": 1910, "percentage_personen_0_tot_15_jaar": 5, "percentage_personen_15_tot_25_jaar": 43, "percentage_personen_25_tot_45_jaar": 24, "percentage_personen_45_tot_65_jaar": 13, "percentage_personen_65_jaar_en_ouder": 14, "percentage_ongehuwd": 78, "percentage_gehuwd": 14, "percentage_gescheid": 5, "percentage_verweduwd": 3, "aantal_huishoudens": 2600, "percentage_eenpersoonshuishoudens": 81, "percentage_huishoudens_zonder_kinderen": 12, "percentage_huishoudens_met_kinderen": 7, "gemiddelde_huishoudsgrootte": 1.3, "percentage_met_herkomstland_nederland": 65, "percentage_met_herkomstland_uit_europa_excl_nl": 20, "percentage_met_herkomstland_buiten_europa": 15, "percentage_geb_in_nl_met_herkomstland_nederland": 65, "perc_geb_in_nl_met_herkomstland_in_europa_ex_nl": 5, "perc_geb_in_nl_met_herkomstland_buiten_europa": 5, "perc_geb_buiten_nl_met_herkomstlnd_in_europa_ex_nl": 15, "perc_geb_buiten_nl_met_herkomstlnd_buiten_europa": 10, "oppervlakte_totaal_in_ha": 117, "oppervlakte_land_in_ha": 117, "oppervlakte_water_in_ha": 0, "jrstatcode": "2025BU02680208", "jaar": 2025 }, "geometry": { "type": "MultiPolygon", "coordinates": [ [ [ [ 188656.286200005561113, 426934.858199995011091 ], [ 188657.015200007706881, 426933.317200008779764 ], [ 188663.803200006484985, 426918.960200008004904 ], [ 188649.247200004756451, 426911.778199996799231 ], [ 188672.476200006902218, 426863.810100011527538 ], [ 188678.123199999332428, 426850.255100011825562 ], [ 188672.008200012147427, 426847.642100002616644 ], [ 188678.461200006306171, 426832.145100008696318 ], [ 188683.896200008690357, 426834.469099994748831 ], [ 188692.740200009196997, 426815.534100003540516 ], [ 188697.30120000615716, 426805.796100001782179 ], [ 188698.1891999989748, 426803.86710000038147 ], [ 188708.605200007557869, 426808.794100005179644 ], [ 188710.541200004518032, 426809.799099996685982 ], [ 188719.397199995815754, 426786.237100001424551 ], [ 188742.064200006425381, 426793.862100008875132 ], [ 188778.654199995100498, 426716.144099999219179 ], [ 188882.303199999034405, 426755.296999994665384 ], [ 188931.973199997097254, 426831.276999998837709 ], [ 188934.65820000693202, 426835.484000008553267 ], [ 188938.09120000526309, 426841.168000008910894 ], [ 188941.935199998319149, 426848.717999994754791 ], [ 188945.495200008153915, 426838.36600000038743 ], [ 189015.702200002968311, 426676.960999999195337 ], [ 189011.429200001060963, 426675.336000002920628 ], [ 188948.843199998140335, 426650.2989999987185 ], [ 188957.744200002402067, 426631.598999999463558 ], [ 188991.645200006663799, 426546.453900009393692 ], [ 188999.002200003713369, 426527.676900010555983 ], [ 189058.944200001657009, 426376.670899998396635 ], [ 189061.051199998706579, 426371.736900009214878 ], [ 189044.15820000693202, 426359.250900011509657 ], [ 189010.863200008869171, 426334.278900001198053 ], [ 188980.015200007706881, 426311.754900012165308 ], [ 188957.981200005859137, 426294.372899997979403 ], [ 188950.986200001090765, 426287.197900008410215 ], [ 188958.791199997067451, 426276.30689999833703 ], [ 188968.775200005620718, 426259.062900006771088 ], [ 188976.761199995875359, 426241.273900005966425 ], [ 188984.567200001329184, 426220.943900000303984 ], [ 188989.64919999986887, 426199.706900000572205 ], [ 188992.191200003027916, 426185.003900002688169 ], [ 188992.191200003027916, 426183.913900002837181 ], [ 188993.098200008273125, 426169.392900001257658 ], [ 189009.991200000047684, 426171.511900003999472 ], [ 189009.882200006395578, 426171.176900003105402 ], [ 189017.684200007468462, 426176.941900003701448 ], [ 189025.071200005710125, 426165.45890000090003 ], [ 189032.151200000196695, 426131.189900010824203 ], [ 189048.960200011730194, 426102.060899998992682 ], [ 189068.918200012296438, 426073.732900008559227 ], [ 189087.905200008302927, 426088.215900007635355 ], [ 189090.492200005799532, 426090.492900002747774 ], [ 189096.264200001955032, 426094.486900009214878 ], [ 189103.575200006365776, 426093.430900000035763 ], [ 189110.468199994415045, 426076.1418999992311 ], [ 189128.086199998855591, 426088.779900006949902 ], [ 189155.818199999630451, 425955.464400000870228 ], [ 189153.046999994665384, 425954.682000003755093 ], [ 189134.87500000372529, 425949.226000007241964 ], [ 189129.188999995589256, 425947.716999996453524 ], [ 189117.941000003367662, 425944.405999999493361 ], [ 189109.403000004589558, 425941.973999999463558 ], [ 189108.449000008404255, 425941.439000003039837 ], [ 189106.555000003427267, 425940.296999998390675 ], [ 189104.699000000953674, 425939.095000002533197 ], [ 189102.883000005036592, 425937.83500000461936 ], [ 189101.107000011950731, 425936.51800000295043 ], [ 189097.414000004529953, 425933.995999999344349 ], [ 189058.495000004768372, 425905.988000009208918 ], [ 189057.290999997407198, 425905.164000000804663 ], [ 189056.127000004053116, 425904.283000007271767 ], [ 189055.008000005036592, 425903.346999999135733 ], [ 189053.935000002384186, 425902.358000002801418 ], [ 189052.910999998450279, 425901.318000003695488 ], [ 189051.937999997287989, 425900.230999998748302 ], [ 189051.01800000295043, 425899.096999999135733 ], [ 189050.155000008642673, 425897.921000000089407 ], [ 189049.349000006914139, 425896.704000003635883 ], [ 189048.602000001817942, 425895.4510000012815 ], [ 189047.916999999433756, 425894.162000000476837 ], [ 189047.29500001296401, 425892.842000007629395 ], [ 189046.044999998062849, 425890.070000011473894 ], [ 189046.092000003904104, 425889.791999999433756 ], [ 189045.002000007778406, 425887.346999999135733 ], [ 189043.973999999463558, 425884.876000002026558 ], [ 189043.010000001639128, 425882.379000008106232 ], [ 189042.109000008553267, 425879.858000002801418 ], [ 189041.272000011056662, 425877.315999999642372 ], [ 189040.500000007450581, 425874.753000002354383 ], [ 189040.059999998658895, 425873.147000007331371 ], [ 189034.75000000372529, 425871.868000008165836 ], [ 189020.087999999523163, 425868.302000001072884 ], [ 189019.251999996602535, 425868.090000007301569 ], [ 189013.954000007361174, 425866.847000002861023 ], [ 189013.703999999910593, 425866.769000004976988 ], [ 189013.48700000718236, 425866.623000003397465 ], [ 189013.320000000298023, 425866.420000001788139 ], [ 189013.21900000795722, 425866.17900000885129 ], [ 189013.191000007092953, 425865.919000003486872 ], [ 189013.238000009208918, 425865.66100000217557 ], [ 189013.820000000298023, 425862.559000004082918 ], [ 189013.668000005185604, 425862.496000003069639 ], [ 189010.728999998420477, 425861.289000004529953 ], [ 189019.598000008612871, 425839.933999996632338 ], [ 189028.260000001639128, 425819.07599999755621 ], [ 189028.66100000590086, 425818.035000000149012 ], [ 189029.001000009477139, 425816.972000010311604 ], [ 189029.279000006616116, 425815.890999998897314 ], [ 189029.494000002741814, 425814.796000003814697 ], [ 189029.645000003278255, 425813.690000008791685 ], [ 189029.732000004500151, 425812.578000005334616 ], [ 189029.754000008106232, 425811.461999997496605 ], [ 189029.743000000715256, 425811.182000007480383 ], [ 189029.712000004947186, 425810.347000002861023 ], [ 189029.605000004172325, 425809.236000012606382 ], [ 189028.954000003635883, 425802.232000004500151 ], [ 189028.681000005453825, 425799.297000002115965 ], [ 189028.55400000885129, 425798.003000002354383 ], [ 189028.502999998629093, 425796.705000001937151 ], [ 189028.529000010341406, 425795.405000008642673 ], [ 189028.629999998956919, 425794.109999999403954 ], [ 189028.807000007480383, 425792.821999996900558 ], [ 189029.059000007808208, 425791.547000002115965 ], [ 189029.386000007390976, 425790.288999997079372 ], [ 189032.142000008374453, 425783.495999999344349 ], [ 189035.14300000295043, 425780.403000004589558 ], [ 189035.985999997705221, 425779.55799999833107 ], [ 189036.782999999821186, 425778.668000001460314 ], [ 189037.530000004917383, 425777.736000008881092 ], [ 189038.225000005215406, 425776.765000008046627 ], [ 189038.876000005751848, 425775.74100000038743 ], [ 189039.453000012785196, 425774.717000011354685 ], [ 189039.98200000077486, 425773.6469999961555 ], [ 189040.452000003308058, 425772.549000009894371 ], [ 189048.280000004917383, 425753.921999998390675 ], [ 189048.888999998569489, 425752.368000008165836 ], [ 189049.477000001817942, 425750.868000000715256 ], [ 189050.617000009864569, 425747.793000005185604 ], [ 189051.702000007033348, 425744.698000002652407 ], [ 189052.730000000447035, 425741.583000011742115 ], [ 189053.70100000500679, 425738.450000002980232 ], [ 189054.614000007510185, 425735.300000000745058 ], [ 189074.111000005155802, 425652.583000004291534 ], [ 189074.472999997437, 425651.131999999284744 ], [ 189074.769000001251698, 425649.665000006556511 ], [ 189075.000000007450581, 425648.188000004738569 ], [ 189075.164000008255243, 425646.7010000012815 ], [ 189075.260999996215105, 425645.208000004291534 ], [ 189075.291000008583069, 425643.712999995797873 ], [ 189075.254000004380941, 425642.217000007629395 ], [ 189075.150000009685755, 425640.725000005215406 ], [ 189074.96000000834465, 425638.702000007033348 ], [ 189074.231000009924173, 425630.945000000298023 ], [ 189074.015000000596046, 425628.647000007331371 ], [ 189070.785000003874302, 425594.261999998241663 ], [ 189070.653000008314848, 425592.883000008761883 ], [ 189070.58500000834465, 425591.499000001698732 ], [ 189070.581000003963709, 425590.113000005483627 ], [ 189070.640999998897314, 425588.728999998420477 ], [ 189070.766000002622604, 425587.348999995738268 ], [ 189070.955000005662441, 425585.976000003516674 ], [ 189071.207000009715557, 425584.613000009208918 ], [ 189071.5219999961555, 425583.263999998569489 ], [ 189082.202999997884035, 425541.063999995589256 ], [ 189082.815999999642372, 425538.7280000038445 ], [ 189083.495000001043081, 425536.410000000149012 ], [ 189084.239999998360872, 425534.113000005483627 ], [ 189085.051000002771616, 425531.838000006973743 ], [ 189085.926000002771616, 425529.587000004947186 ], [ 189086.86599999666214, 425527.361999999731779 ], [ 189087.869000006467104, 425525.16499999910593 ], [ 189098.9510000012815, 425500.878000002354383 ], [ 189115.506999999284744, 425464.502999998629093 ], [ 189122.872000001370907, 425449.229000005871058 ], [ 189134.667999997735023, 425424.927999995648861 ], [ 189142.592000000178814, 425405.87100000679493 ], [ 189143.185000002384186, 425404.446000006049871 ], [ 189141.979000002145767, 425402.079000007361174 ], [ 189141.620999995619059, 425401.327999997884035 ], [ 189141.208000008016825, 425400.605000007897615 ], [ 189140.743000004440546, 425399.915000006556511 ], [ 189140.546999994665384, 425399.666000008583069 ], [ 189145.799000006169081, 425387.056000005453825 ], [ 189146.61600000411272, 425386.98700000718236 ], [ 189147.438000004738569, 425386.853999998420477 ], [ 189148.246999997645617, 425386.657000005245209 ], [ 189149.038000002503395, 425386.399000007659197 ], [ 189149.807000000029802, 425386.081000000238419 ], [ 189151.212999999523163, 425385.312999997287989 ], [ 189157.341000005602837, 425372.495000004768372 ], [ 189166.592000011354685, 425353.517000008374453 ], [ 189170.08500000461936, 425346.531000006943941 ], [ 189171.057000003755093, 425344.587000004947186 ], [ 189171.986000005155802, 425342.756999999284744 ], [ 189180.111999999731779, 425326.745999999344349 ], [ 189185.900000005960464, 425316.318999994546175 ], [ 189190.414000000804663, 425304.449000000953674 ], [ 189190.632000003010035, 425303.95100000873208 ], [ 189192.464000005275011, 425299.695000000298023 ], [ 189195.653000004589558, 425292.285000000149012 ], [ 189210.794000003486872, 425257.108000002801418 ], [ 189220.925000004470348, 425233.673000004142523 ], [ 189221.323000006377697, 425232.751000002026558 ], [ 189227.524000000208616, 425218.407000005245209 ], [ 189227.631999999284744, 425218.157000008970499 ], [ 189230.412000000476837, 425211.950000006705523 ], [ 189258.843000005930662, 425148.722000002861023 ], [ 189270.787000011652708, 425127.459000010043383 ], [ 189304.177999999374151, 425078.787000007927418 ], [ 189336.350000008940697, 425031.891000002622604 ], [ 189372.744999997317791, 424978.838000003248453 ], [ 189393.149999998509884, 424993.0219999961555 ], [ 189393.53999999538064, 424993.316000003367662 ], [ 189399.578000012785196, 424985.470999997109175 ], [ 189407.829000011086464, 424974.748000007122755 ], [ 189400.855999998748302, 424959.464000001549721 ], [ 189395.089000001549721, 424940.749000005424023 ], [ 189393.285999998450279, 424930.852999996393919 ], [ 189392.08500000089407, 424920.833000011742115 ], [ 189391.885000001639128, 424906.329999998211861 ], [ 189392.26800000295043, 424898.695000000298023 ], [ 189392.471000008285046, 424894.756000004708767 ], [ 189393.942999996244907, 424886.115000009536743 ], [ 189395.69200000166893, 424879.355999998748302 ], [ 189406.597000002861023, 424845.520000003278255 ], [ 189407.982999999076128, 424840.819000001996756 ], [ 189409.431000001728535, 424834.061000000685453 ], [ 189410.471000004559755, 424826.566000010818243 ], [ 189410.846000004559755, 424819.334000002592802 ], [ 189410.696000002324581, 424812.204000011086464 ], [ 189410.047000005841255, 424805.072000008076429 ], [ 189408.834999997168779, 424798.177000012248755 ], [ 189407.146999999880791, 424791.276000004261732 ], [ 189403.04500000923872, 424780.216999996453524 ], [ 189399.906000003218651, 424773.846999999135733 ], [ 189396.696000009775162, 424768.177000004798174 ], [ 189392.442000009119511, 424761.895000003278255 ], [ 189387.894000001251698, 424756.407999999821186 ], [ 189384.260000005364418, 424752.425999999046326 ], [ 189383.125999994575977, 424751.206999994814396 ], [ 189378.135000001639128, 424746.541000004857779 ], [ 189372.559999998658895, 424741.816000003367662 ], [ 189366.934000000357628, 424737.468000005930662 ], [ 189348.921999998390675, 424725.160999998450279 ], [ 189332.497999999672174, 424713.940000012516975 ], [ 189328.302000001072884, 424711.055999998003244 ], [ 189313.077000007033348, 424701.830000009387732 ], [ 189306.975000008940697, 424698.692999996244907 ], [ 189294.33500000461936, 424692.78999999910593 ], [ 189286.925000004470348, 424689.745999999344349 ], [ 189273.005000006407499, 424684.688000004738569 ], [ 189268.600000008940697, 424683.095999997109175 ], [ 189262.596000004559755, 424681.56700000539422 ], [ 189252.592999998480082, 424679.438999999314547 ], [ 189213.9780000038445, 424671.137000009417534 ], [ 189194.144000008702278, 424666.855000004172325 ], [ 189178.570000000298023, 424663.524000003933907 ], [ 189165.573000002652407, 424660.730000000447035 ], [ 189153.785999994724989, 424658.204000007361174 ], [ 189143.813999995589256, 424656.695000000298023 ], [ 189132.532000001519918, 424655.537999998778105 ], [ 189123.543000001460314, 424654.983999997377396 ], [ 189113.182000003755093, 424654.891999997198582 ], [ 189106.026999998837709, 424655.238000009208918 ], [ 189103.224000003188848, 424655.412000000476837 ], [ 189090.287999998778105, 424656.571000006049871 ], [ 189058.471000000834465, 424660.553000006824732 ], [ 189057.921000003814697, 424660.622999999672174 ], [ 189028.273000005632639, 424664.323000002652407 ], [ 188985.967000000178814, 424669.615000009536743 ], [ 188974.956000007688999, 424670.957000009715557 ], [ 188936.36200001090765, 424675.802000001072884 ], [ 188935.102000012993813, 424675.368000004440546 ], [ 188934.114000000059605, 424674.190000008791685 ], [ 188933.175999999046326, 424673.283999998122454 ], [ 188920.48200000077486, 424674.875000011175871 ], [ 188921.175000004470348, 424671.274000003933907 ], [ 188923.546000011265278, 424659.522000007331371 ], [ 188888.951999999582767, 424666.936000008136034 ], [ 188787.770000003278255, 424688.62100000679493 ], [ 188785.010000001639128, 424689.213000010699034 ], [ 188771.203000012785196, 424692.172000002115965 ], [ 188759.628000009804964, 424694.651999998837709 ], [ 188757.396300002932549, 424695.130400005728006 ], [ 188757.433100003749132, 424709.390000008046627 ], [ 188758.246100001037121, 424747.592000003904104 ], [ 188759.329100005328655, 424819.118000008165836 ], [ 188760.007099997252226, 424853.391000002622604 ], [ 188760.955099996179342, 424908.797000005841255 ], [ 188761.497100006788969, 424944.019000012427568 ], [ 188762.445100005716085, 424991.703100003302097 ], [ 188763.123200003057718, 425040.200100004673004 ], [ 188763.935200002044439, 425091.813100006431341 ], [ 188764.613200008869171, 425140.919100005179644 ], [ 188765.019200000911951, 425163.06810000911355 ], [ 188765.83219999819994, 425220.235100008547306 ], [ 188766.171200003474951, 425239.74210000410676 ], [ 188766.712199997156858, 425285.056099999696016 ], [ 188767.254200007766485, 425320.887100003659725 ], [ 188767.728199999779463, 425346.151099998503923 ], [ 188767.661200009286404, 425354.008099999278784 ], [ 188767.999200001358986, 425371.145100001245737 ], [ 188768.270200006663799, 425397.561099998652935 ], [ 188768.406200006604195, 425406.434099998325109 ], [ 188768.541200008243322, 425423.841100007295609 ], [ 188768.94819999858737, 425443.213100001215935 ], [ 188769.625199995934963, 425497.942100003361702 ], [ 188770.031200002878904, 425517.313100002706051 ], [ 188770.57319999858737, 425547.116100002080202 ], [ 188770.776200000196695, 425555.583099994808435 ], [ 188771.115200005471706, 425580.509099997580051 ], [ 188770.980200000107288, 425616.881099998950958 ], [ 188770.844200000166893, 425633.408100005239248 ], [ 188770.099200002849102, 425654.338100008666515 ], [ 188767.79619999974966, 425689.49210000038147 ], [ 188766.374200005084276, 425704.190099999308586 ], [ 188764.071200001984835, 425722.61310001090169 ], [ 188760.413200005888939, 425747.404100008308887 ], [ 188756.349200006574392, 425771.313099998980761 ], [ 188753.911200013011694, 425783.438100002706051 ], [ 188750.253200002014637, 425799.829100012779236 ], [ 188744.428200002759695, 425824.41609999537468 ], [ 188740.025199998170137, 425840.266100008040667 ], [ 188736.165199998766184, 425853.406100001186132 ], [ 188726.072199996560812, 425884.360100004822016 ], [ 188724.863200005143881, 425887.904100004583597 ], [ 188723.980200000107288, 425890.075099997222424 ], [ 188699.450200006365776, 425950.399100005626678 ], [ 188686.229200009256601, 425979.77810001000762 ], [ 188677.293200008571148, 425996.670100003480911 ], [ 188654.892200004309416, 426035.352100003510714 ], [ 188641.550200004130602, 426055.917100004851818 ], [ 188632.614200003445148, 426068.036100007593632 ], [ 188612.905200000852346, 426095.4560999982059 ], [ 188584.873199999332428, 426131.07710000500083 ], [ 188566.267200011759996, 426151.275100000202656 ], [ 188538.602199997752905, 426178.940099995583296 ], [ 188513.630200002342463, 426203.789099995046854 ], [ 188457.199200000613928, 426260.588100004941225 ], [ 188435.165199998766184, 426282.866200003772974 ], [ 188415.090199999511242, 426302.942200001329184 ], [ 188395.871199999004602, 426322.405199997127056 ], [ 188381.182200003415346, 426336.850200012326241 ], [ 188350.212099999189377, 426367.819200001657009 ], [ 188322.058099996298552, 426395.117200005799532 ], [ 188299.412099994719028, 426417.396200001239777 ], [ 188279.826100002974272, 426436.981199994683266 ], [ 188251.304100006818771, 426464.52420000731945 ], [ 188219.478100009262562, 426496.595200002193451 ], [ 188207.359100002795458, 426507.980200007557869 ], [ 188184.709100000560284, 426530.119199998676777 ], [ 188167.820099994540215, 426546.539200007915497 ], [ 188103.80010000616312, 426610.193200003355742 ], [ 188084.091100003570318, 426629.901200007647276 ], [ 188052.265100002288818, 426659.769200004637241 ], [ 188004.769100002944469, 426706.652200005948544 ], [ 187972.94310000166297, 426738.23420000821352 ], [ 188009.55510001257062, 426775.327200002968311 ], [ 188012.279100008308887, 426820.48420000448823 ], [ 188150.438099998980761, 426806.784200001507998 ], [ 188153.498100005090237, 426834.816200006753206 ], [ 188160.92509999871254, 426833.735199995338917 ], [ 188183.66610000655055, 426831.604200001806021 ], [ 188183.537099998444319, 426830.066200006753206 ], [ 188270.748200006783009, 426823.38120000436902 ], [ 188273.779200002551079, 426863.299200002104044 ], [ 188290.006200008094311, 426861.988200008869171 ], [ 188320.260200012475252, 426865.56420000270009 ], [ 188331.909200012683868, 426867.882200006395578 ], [ 188345.931200008839369, 426871.242200005799532 ], [ 188344.614200007170439, 426870.333200003951788 ], [ 188344.097199998795986, 426869.652200005948544 ], [ 188343.863200001418591, 426869.016200002282858 ], [ 188343.614200003445148, 426849.720199998468161 ], [ 188360.575199995189905, 426853.403200004249811 ], [ 188363.62220000103116, 426854.164200000464916 ], [ 188367.697199996560812, 426834.97919999808073 ], [ 188406.175200007855892, 426844.313200000673532 ], [ 188468.244200002402067, 426859.287200003862381 ], [ 188478.131200008094311, 426862.726199999451637 ], [ 188513.659200001507998, 426770.054200012236834 ], [ 188517.029200002551079, 426771.657200001180172 ], [ 188552.852199997752905, 426788.675199996680021 ], [ 188582.525199998170137, 426802.927200004458427 ], [ 188599.82319999858737, 426811.206200007349253 ], [ 188615.974199999123812, 426818.867199998348951 ], [ 188640.325200006365776, 426830.287200000137091 ], [ 188629.798200007528067, 426853.423200003802776 ], [ 188616.333200000226498, 426879.496200006455183 ], [ 188595.523200005292892, 426918.300200004130602 ], [ 188584.384200006723404, 426939.232200000435114 ], [ 188656.286200005561113, 426934.858199995011091 ] ] ] ] } },
{ "type": "Feature", "properties": { "fid": 3077, "buurtcode": "BU02680209", "buurtnaam": "Ooyse Schependom", "wijkcode": "WK026802", "gemeentecode": "GM0268", "gemeentenaam": "Nijmegen", "indelingswijziging_wijken_en_buurten": 1, "water": "NEE", "meest_voorkomende_postcode": "6522", "dekkingspercentage": 1, "omgevingsadressendichtheid": 2671, "stedelijkheid_adressen_per_km2": 1, "bevolkingsdichtheid_inwoners_per_km2": 325, "aantal_inwoners": 270, "mannen": 135, "vrouwen": 135, "percentage_personen_0_tot_15_jaar": 10, "percentage_personen_15_tot_25_jaar": 12, "percentage_personen_25_tot_45_jaar": 34, "percentage_personen_45_tot_65_jaar": 26, "percentage_personen_65_jaar_en_ouder": 18, "percentage_ongehuwd": 62, "percentage_gehuwd": 30, "percentage_gescheid": 6, "percentage_verweduwd": -99997, "aantal_huishoudens": 160, "percentage_eenpersoonshuishoudens": 57, "percentage_huishoudens_zonder_kinderen": 28, "percentage_huishoudens_met_kinderen": 15, "gemiddelde_huishoudsgrootte": 1.7, "percentage_met_herkomstland_nederland": 80, "percentage_met_herkomstland_uit_europa_excl_nl": 10, "percentage_met_herkomstland_buiten_europa": 10, "percentage_geb_in_nl_met_herkomstland_nederland": 80, "perc_geb_in_nl_met_herkomstland_in_europa_ex_nl": 5, "perc_geb_in_nl_met_herkomstland_buiten_europa": 5, "perc_geb_buiten_nl_met_herkomstlnd_in_europa_ex_nl": 5, "perc_geb_buiten_nl_met_herkomstlnd_buiten_europa": 5, "oppervlakte_totaal_in_ha": 109, "oppervlakte_land_in_ha": 83, "oppervlakte_water_in_ha": 26, "jrstatcode": "2025BU02680209", "jaar": 2025 }, "geometry": { "type": "MultiPolygon", "coordinates": [ [ [ [ 189192.669999998062849, 430156.753000006079674 ], [ 189221.883000005036592, 430152.712000008672476 ], [ 189251.565000005066395, 430148.60700000077486 ], [ 189259.625000007450581, 430147.401000000536442 ], [ 189293.082000002264977, 430142.39300000295043 ], [ 189293.179000001400709, 430142.378000002354383 ], [ 189364.6739999987185, 430131.675000008195639 ], [ 189366.131000004708767, 430131.453000001609325 ], [ 189369.389000002294779, 430130.956000007688999 ], [ 189372.267000000923872, 430130.517000012099743 ], [ 189373.242000009864569, 430130.95100000873208 ], [ 189376.418000005185604, 430132.363000001758337 ], [ 189380.755000006407499, 430134.292000003159046 ], [ 189391.066000007092953, 430138.074000004678965 ], [ 189400.982999999076128, 430142.834000006318092 ], [ 189415.284000005573034, 430150.328999996185303 ], [ 189417.390999998897314, 430151.353999998420477 ], [ 189451.813999999314547, 430168.106000006198883 ], [ 189452.069000005722046, 430166.627000007778406 ], [ 189454.292999997735023, 430153.715000003576279 ], [ 189455.561000000685453, 430146.349000006914139 ], [ 189457.339000005275011, 430120.272999998182058 ], [ 189465.519999995827675, 430000.282000008970499 ], [ 189468.36600000411272, 429958.548000007867813 ], [ 189470.315000008791685, 429864.214000005275011 ], [ 189470.34400000795722, 429862.815000001341105 ], [ 189470.293000001460314, 429862.235000006854534 ], [ 189469.855999998748302, 429857.245000008493662 ], [ 189466.504000004380941, 429819.013000003993511 ], [ 189465.839000001549721, 429811.425000000745058 ], [ 189464.247000008821487, 429761.832000005990267 ], [ 189461.342000000178814, 429671.308000005781651 ], [ 189460.583999998867512, 429668.833000008016825 ], [ 189446.318000003695488, 429622.278000000864267 ], [ 189419.041000008583069, 429533.25900000706315 ], [ 189401.85700000077486, 429530.727000005543232 ], [ 189384.388000000268221, 429527.269000008702278 ], [ 189377.764000006020069, 429525.04900000244379 ], [ 189377.298000004142523, 429524.89300000295043 ], [ 189376.24099999666214, 429524.539000000804663 ], [ 189372.435000009834766, 429517.92900000885129 ], [ 189370.486000005155802, 429509.484000008553267 ], [ 189348.153000000864267, 429454.793000008910894 ], [ 189345.519000008702278, 429441.26800000667572 ], [ 189345.410999998450279, 429435.429000005125999 ], [ 189345.617000009864569, 429430.986999999731779 ], [ 189348.197000000625849, 429422.233000006526709 ], [ 189361.551000002771616, 429395.666999995708466 ], [ 189362.971000000834465, 429390.71900000423193 ], [ 189363.880000002682209, 429385.834000002592802 ], [ 189364.471000008285046, 429380.885000001639128 ], [ 189364.681000005453825, 429375.173000000417233 ], [ 189361.269000004976988, 429365.264999996870756 ], [ 189357.988000001758337, 429354.723000001162291 ], [ 189353.120000004768372, 429341.829000003635883 ], [ 189350.984000008553267, 429331.732999995350838 ], [ 189350.48200000077486, 429329.153000004589558 ], [ 189349.796999998390675, 429325.637000009417534 ], [ 189350.263999998569489, 429323.434000011533499 ], [ 189356.068999998271465, 429296.024000007659197 ], [ 189360.530999999493361, 429270.95100000500679 ], [ 189361.934000007808208, 429259.983000006526709 ], [ 189362.401000004261732, 429256.332000005990267 ], [ 189352.415000006556511, 429253.995000001043081 ], [ 189341.153000012040138, 429247.620000004768372 ], [ 189330.31700000539422, 429238.908999998122454 ], [ 189272.734999999403954, 429183.239000003784895 ], [ 189275.42000000923872, 429181.502000007778406 ], [ 189276.347000002861023, 429180.901999998837709 ], [ 189282.934000004082918, 429181.752000000327826 ], [ 189296.320000000298023, 429189.614000000059605 ], [ 189313.530999999493361, 429201.087000001221895 ], [ 189323.730000004172325, 429202.361999999731779 ], [ 189332.653999999165535, 429199.175000008195639 ], [ 189340.303000006824732, 429194.713000003248453 ], [ 189349.651999995112419, 429186.638999998569489 ], [ 189358.363999996334314, 429180.690000005066395 ], [ 189362.349999997764826, 429176.874000005424023 ], [ 189372.284000009298325, 429169.956000003963709 ], [ 189380.977000009268522, 429164.457000005990267 ], [ 189390.82200001180172, 429159.230000004172325 ], [ 189400.578999999910593, 429155.859000012278557 ], [ 189410.690000005066395, 429153.021000005304813 ], [ 189422.753000002354383, 429149.296000007539988 ], [ 189434.815999999642372, 429146.280000001192093 ], [ 189443.153999999165535, 429143.796000000089407 ], [ 189449.895000007003546, 429141.490000002086163 ], [ 189456.635999999940395, 429138.296999998390675 ], [ 189461.789000000804663, 429135.84400000795722 ], [ 189464.13000001013279, 429134.472000010311604 ], [ 189460.127999998629093, 429131.402999997138977 ], [ 189455.283000003546476, 429127.688000001013279 ], [ 189450.055000007152557, 429123.383000005036592 ], [ 189444.007000006735325, 429116.170999996364117 ], [ 189439.856000006198883, 429110.943000003695488 ], [ 189437.088000010699034, 429105.715000007301569 ], [ 189435.550000000745058, 429100.179999999701977 ], [ 189434.935000006109476, 429095.25899999961257 ], [ 189434.627999994903803, 429091.261000003665686 ], [ 189426.785999994724989, 429077.88399999588728 ], [ 189417.507999997586012, 429062.310000002384186 ], [ 189407.821000006049871, 429047.857000011950731 ], [ 189402.439000006765127, 429038.322999995201826 ], [ 189399.363999996334314, 429032.94200000539422 ], [ 189397.364999998360872, 429028.942999999970198 ], [ 189385.987000003457069, 429002.035000007599592 ], [ 189370.592000011354685, 428966.620000008493662 ], [ 189358.711000006645918, 428940.217000003904104 ], [ 189347.71000000089407, 428922.175000004470348 ], [ 189334.508000005036592, 428904.573000010102987 ], [ 189329.668000001460314, 428902.373000003397465 ], [ 189258.291999995708466, 428832.053000006824732 ], [ 189205.485999997705221, 428777.486999999731779 ], [ 189190.08500000834465, 428764.28600000217557 ], [ 189177.763000000268221, 428753.285000011324883 ], [ 189169.403000008314848, 428742.284000005573034 ], [ 189153.561000000685453, 428725.561999998986721 ], [ 189138.599000003188848, 428715.441000007092953 ], [ 189124.958000000566244, 428707.519999995827675 ], [ 189108.236000005155802, 428699.159000005573034 ], [ 189092.834000006318092, 428692.55800000205636 ], [ 189072.592000011354685, 428685.078000009059906 ], [ 189055.870000001043081, 428679.357000004500151 ], [ 189046.628999996930361, 428673.635999999940395 ], [ 189039.149000003933907, 428667.916000008583069 ], [ 189020.323000006377697, 428644.382999997586012 ], [ 189018.416000008583069, 428642.0 ], [ 189017.524999998509884, 428640.885999999940395 ], [ 189015.410999998450279, 428642.164000004529953 ], [ 189013.610000003129244, 428643.253000002354383 ], [ 189001.235000006854534, 428641.59400000795722 ], [ 188999.993999999016523, 428641.428000010550022 ], [ 188997.591999996453524, 428636.79500000923872 ], [ 188984.947000008076429, 428612.403000008314848 ], [ 189042.070000007748604, 428581.449000004678965 ], [ 189082.425000004470348, 428562.077000010758638 ], [ 189216.488000001758337, 428511.203000005334616 ], [ 189235.942000009119511, 428503.78600000217557 ], [ 189245.49600000679493, 428498.430000010877848 ], [ 189267.211000002920628, 428484.53600000590086 ], [ 189273.775100003927946, 428479.421900000423193 ], [ 189253.13909999653697, 428433.829400006681681 ], [ 189200.459100000560284, 428462.209400005638599 ], [ 189196.457100003957748, 428465.273400001227856 ], [ 189193.851100001484156, 428466.542400002479553 ], [ 189189.303100008517504, 428467.851500000804663 ], [ 189185.34909999743104, 428468.550500005483627 ], [ 189175.630100000649691, 428469.542500004172325 ], [ 189168.55910000577569, 428470.514500003308058 ], [ 189164.41610000655055, 428471.344500008970499 ], [ 189160.704099997878075, 428472.171500008553267 ], [ 189155.817099999636412, 428473.867500010877848 ], [ 189152.223100002855062, 428475.179499998688698 ], [ 189149.169100005179644, 428476.633499998599291 ], [ 189146.063100002706051, 428478.258500006049871 ], [ 189140.109099999070168, 428481.716500002890825 ], [ 189135.719099998474121, 428484.385500006377697 ], [ 189106.450100000947714, 428499.999499998986721 ], [ 189087.084100004285574, 428509.301500007510185 ], [ 189083.006099998950958, 428511.104499995708466 ], [ 189071.783100005239248, 428516.409500010311604 ], [ 189059.464100003242493, 428521.931499999016523 ], [ 189053.847100004553795, 428524.57149999961257 ], [ 189049.40310000628233, 428526.896500010043383 ], [ 189048.77309999987483, 428525.70550000667572 ], [ 188969.027100004255772, 428567.227500002831221 ], [ 188935.685100000351667, 428585.020500008016825 ], [ 188900.823100008070469, 428606.759500004351139 ], [ 188830.148100003600121, 428657.243599999696016 ], [ 188799.645100001245737, 428676.339600004255772 ], [ 188770.3761, 428690.674600008875132 ], [ 188743.735100008547306, 428701.174600001424551 ], [ 188730.352100003510714, 428705.196600012481213 ], [ 188703.477099999785423, 428711.101600002497435 ], [ 188703.292100001126528, 428709.797600008547306 ], [ 188701.635099999606609, 428710.162600006908178 ], [ 188701.39410000666976, 428708.158600009977818 ], [ 188682.017099998891354, 428710.581600002944469 ], [ 188682.365100003778934, 428711.48759999871254 ], [ 188666.944100003689528, 428712.993600003421307 ], [ 188661.105100002139807, 428713.736600004136562 ], [ 188651.852100003510714, 428715.507600001990795 ], [ 188641.822100002318621, 428717.703600004315376 ], [ 188628.038100004196167, 428721.12160000577569 ], [ 188620.552100002765656, 428722.241599999368191 ], [ 188601.433100007474422, 428725.517600003629923 ], [ 188598.094100005924702, 428726.41160000488162 ], [ 188595.03210000321269, 428728.016600001603365 ], [ 188592.842100009322166, 428729.748599998652935 ], [ 188590.942100003361702, 428731.794600002467632 ], [ 188576.389100007712841, 428750.052599996328354 ], [ 188556.052100006490946, 428775.151700008660555 ], [ 188547.792100008577108, 428785.468700006604195 ], [ 188544.065100003033876, 428790.438700005412102 ], [ 188539.262099999934435, 428797.400700006633997 ], [ 188534.780099999159575, 428804.573699999600649 ], [ 188535.608100008219481, 428805.022700008004904 ], [ 188530.79110000282526, 428815.344700008630753 ], [ 188530.426100004464388, 428815.245699997991323 ], [ 188500.004100009799004, 428904.561700005084276 ], [ 188474.695100001990795, 428972.244800005108118 ], [ 188472.056099999696016, 428979.822799995541573 ], [ 188466.482100006192923, 428996.512800000607967 ], [ 188467.84910000488162, 428996.933800004422665 ], [ 188462.596099995076656, 429011.218800000846386 ], [ 188459.812100004404783, 429018.802800003439188 ], [ 188458.692099995911121, 429021.816800005733967 ], [ 188415.190200004726648, 429153.361800000071526 ], [ 188357.498200006783009, 429333.462700005620718 ], [ 188403.872200004756451, 429345.963700003921986 ], [ 188444.937200002372265, 429361.104699999094009 ], [ 188463.243199996650219, 429371.025800008326769 ], [ 188499.587200008332729, 429395.970799997448921 ], [ 188605.232200004160404, 429469.747800003737211 ], [ 188697.514199994504452, 429551.037800006568432 ], [ 188777.317200008779764, 429622.811799999326468 ], [ 188783.987199995666742, 429629.276800002902746 ], [ 188792.048199996352196, 429638.045800007879734 ], [ 188799.940200008451939, 429647.254800006747246 ], [ 188826.957199994474649, 429686.320800002664328 ], [ 188855.577199999243021, 429734.236799996346235 ], [ 188893.179200001060963, 429800.367799997329712 ], [ 188938.973200000822544, 429901.625799998641014 ], [ 188977.563199996948242, 429987.680800002068281 ], [ 188997.028200004249811, 430031.90880000218749 ], [ 189037.656199995428324, 430129.102700002491474 ], [ 189056.656100008636713, 430175.56300000846386 ], [ 189192.669999998062849, 430156.753000006079674 ] ] ] ] } },
{ "type": "Feature", "properties": { "fid": 3078, "buurtcode": "BU02680320", "buurtnaam": "Biezen", "wijkcode": "WK026803", "gemeentecode": "GM0268", "gemeentenaam": "Nijmegen", "indelingswijziging_wijken_en_buurten": 1, "water": "NEE", "meest_voorkomende_postcode": "6541", "dekkingspercentage": 1, "omgevingsadressendichtheid": 3141, "stedelijkheid_adressen_per_km2": 1, "bevolkingsdichtheid_inwoners_per_km2": 9395, "aantal_inwoners": 9845, "mannen": 4575, "vrouwen": 5265, "percentage_personen_0_tot_15_jaar": 11, "percentage_personen_15_tot_25_jaar": 14, "percentage_personen_25_tot_45_jaar": 37, "percentage_personen_45_tot_65_jaar": 22, "percentage_personen_65_jaar_en_ouder": 16, "percentage_ongehuwd": 66, "percentage_gehuwd": 22, "percentage_gescheid": 9, "percentage_verweduwd": 3, "aantal_huishoudens": 5885, "percentage_eenpersoonshuishoudens": 58, "percentage_huishoudens_zonder_kinderen": 24, "percentage_huishoudens_met_kinderen": 19, "gemiddelde_huishoudsgrootte": 1.7, "percentage_met_herkomstland_nederland": 70, "percentage_met_herkomstland_uit_europa_excl_nl": 10, "percentage_met_herkomstland_buiten_europa": 15, "percentage_geb_in_nl_met_herkomstland_nederland": 70, "perc_geb_in_nl_met_herkomstland_in_europa_ex_nl": 5, "perc_geb_in_nl_met_herkomstland_buiten_europa": 10, "perc_geb_buiten_nl_met_herkomstlnd_in_europa_ex_nl": 5, "perc_geb_buiten_nl_met_herkomstlnd_buiten_europa": 10, "oppervlakte_totaal_in_ha": 124, "oppervlakte_land_in_ha": 105, "oppervlakte_water_in_ha": 19, "jrstatcode": "2025BU02680320", "jaar": 2025 }, "geometry": { "type": "MultiPolygon", "coordinates": [ [ [ [ 186491.718100007623434, 429895.497499998658895 ], [ 186590.499200005084276, 429827.567499998956919 ], [ 186734.687200009822845, 429724.389500007033348 ], [ 186821.436200000345707, 429661.837500005960464 ], [ 186915.728199999779463, 429594.427500005811453 ], [ 186985.201200008392334, 429552.137500010430813 ], [ 187083.47410000488162, 429493.40760000795126 ], [ 187219.156100001186132, 429435.6486000046134 ], [ 187349.707100003957748, 429388.290600001811981 ], [ 187307.495100006461143, 429246.497600004076958 ], [ 187303.263099998235703, 429233.459599997848272 ], [ 187294.209100004285574, 429217.991600006818771 ], [ 187284.409099999815226, 429186.561599999666214 ], [ 187260.447100006043911, 429110.488599997013807 ], [ 187242.205100007355213, 429050.736600007861853 ], [ 187230.44709999859333, 429014.302600007504225 ], [ 187223.79109999909997, 428991.501600004732609 ], [ 187203.667100001126528, 428925.958600003272295 ], [ 187198.638100005686283, 428909.882599994540215 ], [ 187195.087099995464087, 428897.202500008046627 ], [ 187189.305100001394749, 428878.23250000551343 ], [ 187173.175100009888411, 428824.467500012367964 ], [ 187159.176100000739098, 428777.39750000461936 ], [ 187148.423099994659424, 428742.907500002533197 ], [ 187128.743100006133318, 428678.591499999165535 ], [ 187102.774099998176098, 428594.394400004297495 ], [ 187080.862100008875132, 428521.55740000680089 ], [ 187056.476100005209446, 428440.162399999797344 ], [ 186973.297099996358156, 428437.41440000385046 ], [ 186762.661100011318922, 428421.160400006920099 ], [ 186720.349100008606911, 428417.148400008678436 ], [ 186719.098099999129772, 428416.698400001972914 ], [ 186705.272100009024143, 428421.177400000393391 ], [ 186690.027100000530481, 428424.118400000035763 ], [ 186672.042100004851818, 428427.705400001257658 ], [ 186651.774100001901388, 428433.200399998575449 ], [ 186637.030100010335445, 428436.857399996370077 ], [ 186615.255100004374981, 428441.571400001645088 ], [ 186574.641100000590086, 428450.341400004923344 ], [ 186538.075099997222424, 428462.160400006920099 ], [ 186528.422100003808737, 428465.237400006502867 ], [ 186534.539100002497435, 428484.908400006592274 ], [ 186536.305099997669458, 428488.916400004178286 ], [ 186538.571099996566772, 428492.66440000385046 ], [ 186539.673100002110004, 428493.238400004804134 ], [ 186540.913100000470877, 428493.154400005936623 ], [ 186518.987099997699261, 428496.384400002658367 ], [ 186518.796100001782179, 428495.783399999141693 ], [ 186519.708100009709597, 428495.422400001436472 ], [ 186520.351100005209446, 428495.025400009006262 ], [ 186520.962099995464087, 428494.504399999976158 ], [ 186521.494100004434586, 428493.938400004059076 ], [ 186522.303099997341633, 428492.679400004446507 ], [ 186522.566100012511015, 428492.188400004059076 ], [ 186522.785100009292364, 428491.551400002092123 ], [ 186522.963100001215935, 428490.656400006264448 ], [ 186522.958100002259016, 428490.017399996519089 ], [ 186523.128100004047155, 428488.520399995148182 ], [ 186518.531100008636713, 428473.067400000989437 ], [ 186495.668100003153086, 428479.919399995356798 ], [ 186485.888099998235703, 428482.444400005042553 ], [ 186483.988100007176399, 428483.197400007396936 ], [ 186467.270100001245737, 428487.987400002777576 ], [ 186454.736100003123283, 428491.671400006860495 ], [ 186442.013100001960993, 428495.78040000423789 ], [ 186428.420099999755621, 428500.565400004386902 ], [ 186399.948100000619888, 428510.800400000065565 ], [ 186378.334100008010864, 428518.505400005728006 ], [ 186351.016100004315376, 428528.230399999767542 ], [ 186344.986100010573864, 428530.368400003761053 ], [ 186351.721100006252527, 428547.595400001853704 ], [ 186354.177100002765656, 428552.253400001674891 ], [ 186354.614100005477667, 428552.90140001103282 ], [ 186355.487100012600422, 428553.650400009006262 ], [ 186356.451100006699562, 428554.0614 ], [ 186357.147100005298853, 428554.174399998039007 ], [ 186358.007100008428097, 428554.126400008797646 ], [ 186358.678100008517504, 428553.915400002151728 ], [ 186346.30910000950098, 428564.424400009214878 ], [ 186333.968100000172853, 428534.811400007456541 ], [ 186322.555100005120039, 428513.940400004386902 ], [ 186293.978100001811981, 428525.462400004267693 ], [ 186267.317099995911121, 428534.605399999767542 ], [ 186277.084099996834993, 428552.507399994879961 ], [ 186256.064100004732609, 428561.95040000602603 ], [ 186221.11710000410676, 428575.600400000810623 ], [ 186225.1300999969244, 428588.71339999884367 ], [ 186206.240100003778934, 428595.69140001013875 ], [ 186213.500099997967482, 428612.754399999976158 ], [ 186204.185099996626377, 428615.718400005251169 ], [ 186200.437100008130074, 428616.570400003343821 ], [ 186194.648100007325411, 428618.358400005847216 ], [ 186191.594100005924702, 428619.139400009065866 ], [ 186190.941099997609854, 428619.078400004655123 ], [ 186190.405100002884865, 428619.084400001913309 ], [ 186189.710100002586842, 428618.928400002419949 ], [ 186123.436100006103516, 428636.8114 ], [ 186121.424100004136562, 428637.867400009185076 ], [ 186094.596999999135733, 428649.085300002247095 ], [ 186092.307000000029802, 428648.843299999833107 ], [ 186091.778000008314848, 428648.494299996644258 ], [ 186090.921000000089407, 428647.319300007075071 ], [ 186090.51799999922514, 428646.521300010383129 ], [ 186086.861100003123283, 428637.389400001615286 ], [ 186082.55510001257062, 428627.061400003731251 ], [ 186041.874000001698732, 428647.98530000820756 ], [ 186038.090000003576279, 428649.925300005823374 ], [ 186028.10300000756979, 428654.788300003856421 ], [ 186014.446000006049871, 428661.535300008952618 ], [ 185975.436000000685453, 428681.859300002455711 ], [ 185975.776000000536442, 428682.504300009459257 ], [ 185970.824000008404255, 428684.999300006777048 ], [ 185989.63000001013279, 428719.393300004303455 ], [ 186005.328000012785196, 428751.593300003558397 ], [ 186043.162999998778105, 428822.83729999512434 ], [ 186079.791999999433756, 428892.471300005912781 ], [ 186140.973000001162291, 429009.198300011456013 ], [ 186191.688999999314547, 429104.994400005787611 ], [ 186214.228999998420477, 429147.257399994879961 ], [ 186217.852000009268522, 429154.905400007963181 ], [ 186223.084000006318092, 429168.188400007784367 ], [ 186227.914000000804663, 429182.276399999856949 ], [ 186231.939000003039837, 429197.973400004208088 ], [ 186239.324000004678965, 429201.169399999082088 ], [ 186237.565999995917082, 429212.43240000680089 ], [ 186238.700100008398294, 429257.208399999886751 ], [ 186236.36710000783205, 429445.113400004804134 ], [ 186240.392099995166063, 429477.716500010341406 ], [ 186257.700100012123585, 429524.809500008821487 ], [ 186268.063100002706051, 429541.572500009089708 ], [ 186268.758100006729364, 429541.814500000327826 ], [ 186269.310099996626377, 429542.158500000834465 ], [ 186269.911100003868341, 429542.743500012904406 ], [ 186270.375100009143353, 429543.395500011742115 ], [ 186289.62610000371933, 429567.537500001490116 ], [ 186324.641100004315376, 429611.183499999344349 ], [ 186357.062099996954203, 429651.703499998897314 ], [ 186368.298099998384714, 429646.603500008583069 ], [ 186372.9070999994874, 429649.596500001847744 ], [ 186406.293099999427795, 429700.266500003635883 ], [ 186393.324100006371737, 429705.635499998927116 ], [ 186423.88909999653697, 429776.826500006020069 ], [ 186418.168100006878376, 429781.207500003278255 ], [ 186480.173100002110004, 429904.983499996364117 ], [ 186491.718100007623434, 429895.497499998658895 ] ] ] ] } },
{ "type": "Feature", "properties": { "fid": 3079, "buurtcode": "BU02680321", "buurtnaam": "Wolfskuil", "wijkcode": "WK026803", "gemeentecode": "GM0268", "gemeentenaam": "Nijmegen", "indelingswijziging_wijken_en_buurten": 1, "water": "NEE", "meest_voorkomende_postcode": "6542", "dekkingspercentage": 2, "omgevingsadressendichtheid": 3830, "stedelijkheid_adressen_per_km2": 1, "bevolkingsdichtheid_inwoners_per_km2": 8153, "aantal_inwoners": 6215, "mannen": 2900, "vrouwen": 3320, "percentage_personen_0_tot_15_jaar": 13, "percentage_personen_15_tot_25_jaar": 18, "percentage_personen_25_tot_45_jaar": 33, "percentage_personen_45_tot_65_jaar": 23, "percentage_personen_65_jaar_en_ouder": 12, "percentage_ongehuwd": 66, "percentage_gehuwd": 23, "percentage_gescheid": 8, "percentage_verweduwd": 3, "aantal_huishoudens": 3435, "percentage_eenpersoonshuishoudens": 56, "percentage_huishoudens_zonder_kinderen": 21, "percentage_huishoudens_met_kinderen": 23, "gemiddelde_huishoudsgrootte": 1.8, "percentage_met_herkomstland_nederland": 65, "percentage_met_herkomstland_uit_europa_excl_nl": 10, "percentage_met_herkomstland_buiten_europa": 25, "percentage_geb_in_nl_met_herkomstland_nederland": 65, "perc_geb_in_nl_met_herkomstland_in_europa_ex_nl": 5, "perc_geb_in_nl_met_herkomstland_buiten_europa": 10, "perc_geb_buiten_nl_met_herkomstlnd_in_europa_ex_nl": 5, "perc_geb_buiten_nl_met_herkomstlnd_buiten_europa": 15, "oppervlakte_totaal_in_ha": 76, "oppervlakte_land_in_ha": 76, "oppervlakte_water_in_ha": 0, "jrstatcode": "2025BU02680321", "jaar": 2025 }, "geometry": { "type": "MultiPolygon", "coordinates": [ [ [ [ 186358.678100008517504, 428553.915400002151728 ], [ 186358.007100008428097, 428554.126400008797646 ], [ 186357.147100005298853, 428554.174399998039007 ], [ 186356.451100006699562, 428554.0614 ], [ 186355.487100012600422, 428553.650400009006262 ], [ 186354.614100005477667, 428552.90140001103282 ], [ 186354.177100002765656, 428552.253400001674891 ], [ 186351.721100006252527, 428547.595400001853704 ], [ 186344.986100010573864, 428530.368400003761053 ], [ 186351.016100004315376, 428528.230399999767542 ], [ 186378.334100008010864, 428518.505400005728006 ], [ 186399.948100000619888, 428510.800400000065565 ], [ 186428.420099999755621, 428500.565400004386902 ], [ 186442.013100001960993, 428495.78040000423789 ], [ 186454.736100003123283, 428491.671400006860495 ], [ 186467.270100001245737, 428487.987400002777576 ], [ 186483.988100007176399, 428483.197400007396936 ], [ 186485.888099998235703, 428482.444400005042553 ], [ 186495.668100003153086, 428479.919399995356798 ], [ 186518.531100008636713, 428473.067400000989437 ], [ 186523.128100004047155, 428488.520399995148182 ], [ 186522.958100002259016, 428490.017399996519089 ], [ 186522.963100001215935, 428490.656400006264448 ], [ 186522.785100009292364, 428491.551400002092123 ], [ 186522.566100012511015, 428492.188400004059076 ], [ 186522.303099997341633, 428492.679400004446507 ], [ 186521.494100004434586, 428493.938400004059076 ], [ 186520.962099995464087, 428494.504399999976158 ], [ 186520.351100005209446, 428495.025400009006262 ], [ 186519.708100009709597, 428495.422400001436472 ], [ 186518.796100001782179, 428495.783399999141693 ], [ 186518.987099997699261, 428496.384400002658367 ], [ 186540.913100000470877, 428493.154400005936623 ], [ 186539.673100002110004, 428493.238400004804134 ], [ 186538.571099996566772, 428492.66440000385046 ], [ 186536.305099997669458, 428488.916400004178286 ], [ 186534.539100002497435, 428484.908400006592274 ], [ 186528.422100003808737, 428465.237400006502867 ], [ 186538.075099997222424, 428462.160400006920099 ], [ 186574.641100000590086, 428450.341400004923344 ], [ 186615.255100004374981, 428441.571400001645088 ], [ 186637.030100010335445, 428436.857399996370077 ], [ 186651.774100001901388, 428433.200399998575449 ], [ 186672.042100004851818, 428427.705400001257658 ], [ 186690.027100000530481, 428424.118400000035763 ], [ 186705.272100009024143, 428421.177400000393391 ], [ 186719.098099999129772, 428416.698400001972914 ], [ 186720.349100008606911, 428417.148400008678436 ], [ 186762.661100011318922, 428421.160400006920099 ], [ 186973.297099996358156, 428437.41440000385046 ], [ 187056.476100005209446, 428440.162399999797344 ], [ 187050.84510000795126, 428421.328399997204542 ], [ 187028.598100006580353, 428345.105400007218122 ], [ 186986.728100005537271, 428202.322300001978874 ], [ 186972.540100008249283, 428153.764300007373095 ], [ 186972.239100005477667, 428152.490300007164478 ], [ 186970.522100009024143, 428141.48930000513792 ], [ 186890.754999998956919, 427957.453300002962351 ], [ 186829.626999996602535, 427819.059300001710653 ], [ 186802.390999998897314, 427762.199200000613928 ], [ 186791.374000009149313, 427743.470200002193451 ], [ 186787.211999997496605, 427735.759200002998114 ], [ 186770.441000003367662, 427709.318200010806322 ], [ 186761.137999996542931, 427694.50620000436902 ], [ 186744.613000009208918, 427671.738200001418591 ], [ 186736.534000005573034, 427660.721200000494719 ], [ 186726.129000008106232, 427647.500200007110834 ], [ 186708.13399999588728, 427624.242200002074242 ], [ 186690.827000007033348, 427602.959199994802475 ], [ 186690.01799999922514, 427601.964200004935265 ], [ 186682.184000000357628, 427593.017200008034706 ], [ 186668.109000001102686, 427576.942199997603893 ], [ 186666.760000009089708, 427575.401200000196695 ], [ 186649.377000000327826, 427556.427200008183718 ], [ 186630.281000006943941, 427536.596200004220009 ], [ 186613.14410000666976, 427519.214200008660555 ], [ 186600.780100006610155, 427506.973200004547834 ], [ 186577.400100007653236, 427485.306200008839369 ], [ 186555.611099999397993, 427465.843199998140335 ], [ 186529.048100005835295, 427442.707200009375811 ], [ 186504.688099998980761, 427423.244199998676777 ], [ 186473.228100009262562, 427399.129199996590614 ], [ 186453.031099997460842, 427384.562199998646975 ], [ 186435.40310000628233, 427371.954200003296137 ], [ 186407.371100004762411, 427354.08220000192523 ], [ 186386.636100001633167, 427341.326200012117624 ], [ 186381.271100006997585, 427349.445199996232986 ], [ 186357.946100000292063, 427380.987200003117323 ], [ 186343.605099994689226, 427367.7432000041008 ], [ 186343.103099998086691, 427367.447200004011393 ], [ 186336.803100012242794, 427378.237199999392033 ], [ 186334.573100004345179, 427376.922200005501509 ], [ 186329.399099994450808, 427382.276200000196695 ], [ 186324.866099998354912, 427378.035200007259846 ], [ 186318.101100005209446, 427385.10020000487566 ], [ 186325.304099999368191, 427391.874200001358986 ], [ 186323.588099997490644, 427394.175200011581182 ], [ 186321.591100007295609, 427397.361200004816055 ], [ 186293.375100001692772, 427439.074199996888638 ], [ 186273.976100001484156, 427427.574200000613928 ], [ 186261.050099994987249, 427449.452200002968311 ], [ 186251.650100003927946, 427464.680200003087521 ], [ 186228.128100004047155, 427451.67119999974966 ], [ 186228.755100004374981, 427452.388200003653765 ], [ 186229.252099998295307, 427453.360200006514788 ], [ 186229.523100003600121, 427454.467199996113777 ], [ 186229.500100001692772, 427455.50620000064373 ], [ 186229.184099998325109, 427456.523199997842312 ], [ 186228.688099998980761, 427457.423199996352196 ], [ 186212.174100007861853, 427479.26520000398159 ], [ 186210.624100007116795, 427481.235200002789497 ], [ 186208.909100003540516, 427479.87720000743866 ], [ 186199.860100004822016, 427472.440200001001358 ], [ 186188.805100001394749, 427462.930200003087521 ], [ 186186.590100008994341, 427460.563200000673532 ], [ 186182.406100004911423, 427465.563200008124113 ], [ 186184.565100003033876, 427467.3682000041008 ], [ 186173.245100006461143, 427481.74320000782609 ], [ 186165.180100005120039, 427491.875200007110834 ], [ 186157.697100006043911, 427485.998200006783009 ], [ 186155.208100005984306, 427483.974199995398521 ], [ 186142.358100008219481, 427474.214200001209974 ], [ 186135.44709999859333, 427483.284200008958578 ], [ 186134.047100000083447, 427485.348200000822544 ], [ 186124.056099999696016, 427498.679200001060963 ], [ 186140.788100004196167, 427513.077199995517731 ], [ 186155.603100001811981, 427524.441200006753206 ], [ 186148.641100004315376, 427533.373200003057718 ], [ 186150.716100007295609, 427534.923200007528067 ], [ 186146.716100003570318, 427540.279199998825788 ], [ 186150.08110000193119, 427542.792199999094009 ], [ 186143.464099999517202, 427551.366200007498264 ], [ 186149.623100001364946, 427555.790200006216764 ], [ 186127.908100008964539, 427584.804199997335672 ], [ 186098.321100000292063, 427570.501200009137392 ], [ 186078.500099997967482, 427608.782200001180172 ], [ 186073.872099995613098, 427605.715199999511242 ], [ 186059.217100001871586, 427633.652199998497963 ], [ 186054.922100007534027, 427641.6672000028193 ], [ 186051.105100005865097, 427648.576200000941753 ], [ 186048.969099998474121, 427652.543200004845858 ], [ 186046.246099997311831, 427658.400200009346008 ], [ 186045.365100003778934, 427659.477200001478195 ], [ 186043.869099996984005, 427662.869200006127357 ], [ 186040.406100001186132, 427669.362199999392033 ], [ 186035.262100003659725, 427675.442200005054474 ], [ 186051.027100007981062, 427688.999199997633696 ], [ 186048.387100007385015, 427692.003200002014637 ], [ 186050.6841000020504, 427693.967199999839067 ], [ 186070.080100011080503, 427711.026200003921986 ], [ 186066.353100005537271, 427719.127300005406141 ], [ 186059.879099998623133, 427733.573300000280142 ], [ 186059.762099999934435, 427732.965300001204014 ], [ 186059.57209999859333, 427732.376300003379583 ], [ 186059.311099994927645, 427731.815300010144711 ], [ 186058.984099999070168, 427731.290300007909536 ], [ 186058.595100000500679, 427730.808299995958805 ], [ 186058.150100007653236, 427730.378300003707409 ], [ 186057.656100001186132, 427730.005300000309944 ], [ 186048.405099999159575, 427725.00330001115799 ], [ 186042.181099999696016, 427721.173300005495548 ], [ 186032.465100005269051, 427714.867300007492304 ], [ 186031.37610000744462, 427716.734300006181002 ], [ 186020.19310000911355, 427706.460200008004904 ], [ 186013.158100008964539, 427701.59119999781251 ], [ 186006.333100002259016, 427708.915200006216764 ], [ 186007.142099998891354, 427709.771200004965067 ], [ 185994.794100008904934, 427724.399299997836351 ], [ 186014.380100000649691, 427742.886300008744001 ], [ 186026.478100012987852, 427754.667300004512072 ], [ 186014.976100008934736, 427772.261300008744001 ], [ 186014.466100007295609, 427772.925300002098083 ], [ 185956.556100007146597, 427716.676300007849932 ], [ 185928.426100004464388, 427747.399300005286932 ], [ 185928.206100009381771, 427747.865300007164478 ], [ 185928.059099998325109, 427748.359299998730421 ], [ 185927.989100001752377, 427748.870299994945526 ], [ 185927.995099999010563, 427749.386300008744001 ], [ 185928.080100007355213, 427749.894300002604723 ], [ 185928.240100007504225, 427750.384300004690886 ], [ 185928.472099997103214, 427750.844300009310246 ], [ 185928.770100008696318, 427751.265300001949072 ], [ 185952.303100004792213, 427775.067300006747246 ], [ 185962.825100000947714, 427785.919300004839897 ], [ 185956.408099997788668, 427793.088299997150898 ], [ 185967.529100008308887, 427804.059300005435944 ], [ 185978.781100004911423, 427814.783300008624792 ], [ 185973.205099999904633, 427820.380300007760525 ], [ 185958.864100009202957, 427834.949299998581409 ], [ 185969.899100001901388, 427846.041300006210804 ], [ 185948.592100005596876, 427867.758299995213747 ], [ 185966.836100000888109, 427887.484300006181002 ], [ 185957.156100001186132, 427897.33729999884963 ], [ 185966.269099995493889, 427906.742300003767014 ], [ 185960.56810000538826, 427912.201300006359816 ], [ 185960.234099999070168, 427912.473300009965897 ], [ 185959.85810000449419, 427912.684300001710653 ], [ 185959.453100007027388, 427912.830300003290176 ], [ 185959.029099997133017, 427912.905299998819828 ], [ 185958.598100006580353, 427912.908300001174212 ], [ 185958.173099998384714, 427912.839300006628036 ], [ 185957.765099998563528, 427912.6993000023067 ], [ 185957.387100007385015, 427912.493300005793571 ], [ 185977.696100004017353, 427933.961300000548363 ], [ 185977.623100005090237, 427934.030299998819828 ], [ 185980.517100002616644, 427936.780300002545118 ], [ 185985.549100004136562, 427941.809300009161234 ], [ 185992.271100006997585, 427941.638299997895956 ], [ 186012.172100003808737, 427942.576299998909235 ], [ 186022.697100006043911, 427941.282300002872944 ], [ 186022.887100007385015, 427942.276299998164177 ], [ 186023.480100005865097, 427943.003300003707409 ], [ 186026.607100002467632, 427947.459300007671118 ], [ 186032.194100003689528, 427955.008299998939037 ], [ 186033.785099998116493, 427956.034299999475479 ], [ 186030.966099996119738, 427959.059300009161234 ], [ 186032.625100005418062, 427960.718300007283688 ], [ 186035.531100012362003, 427957.595300000160933 ], [ 186037.673100002110004, 427958.274300001561642 ], [ 186040.840100012719631, 427960.977300003170967 ], [ 186026.600099995732307, 427978.649300005286932 ], [ 186025.960100006312132, 427979.117300003767014 ], [ 186024.216099999845028, 427979.448300000280142 ], [ 186022.576100006699562, 427979.142300002276897 ], [ 186037.588100008666515, 427994.054299999028444 ], [ 186036.842100001871586, 427992.93129999935627 ], [ 186036.660100009292364, 427992.459300000220537 ], [ 186036.558100007474422, 427991.848299995064735 ], [ 186036.609100002795458, 427990.87330000475049 ], [ 186036.820099994540215, 427990.241300001740456 ], [ 186037.09010000154376, 427989.627300005406141 ], [ 186048.293099999427795, 427975.938300002366304 ], [ 186065.838100004941225, 427990.040300007909536 ], [ 186067.20210000872612, 427988.550300002098083 ], [ 186068.915100004523993, 427990.131299998611212 ], [ 186071.426099997013807, 427987.457299996167421 ], [ 186074.70610000193119, 427983.608300007879734 ], [ 186081.497100006788969, 427975.890299998223782 ], [ 186084.914100009948015, 427972.108299996703863 ], [ 186091.350099999457598, 427964.630300000309944 ], [ 186104.647099997848272, 427949.4222999997437 ], [ 186108.432100005447865, 427945.235300000756979 ], [ 186118.870100006461143, 427954.735300000756979 ], [ 186137.981100011616945, 427936.275299999862909 ], [ 186157.953099999576807, 427951.43129999563098 ], [ 186157.892100006341934, 427954.213300008326769 ], [ 186173.337100010365248, 427966.194300003349781 ], [ 186106.357100002467632, 428025.672399997711182 ], [ 186106.718100000172853, 428025.989400010555983 ], [ 186123.967100001871586, 428043.424400009214878 ], [ 186112.525100007653236, 428055.187400002032518 ], [ 186105.364100005477667, 428062.428399998694658 ], [ 186104.86710000783205, 428062.782400000840425 ], [ 186104.103100012987852, 428062.947399999946356 ], [ 186103.755100004374981, 428062.916400007903576 ], [ 186103.153100002557039, 428062.766400005668402 ], [ 186102.137100003659725, 428062.210400011390448 ], [ 186111.637100003659725, 428073.000400006771088 ], [ 186111.023100007325411, 428071.965400002896786 ], [ 186110.842099998146296, 428070.837400004267693 ], [ 186110.951100002974272, 428070.133400000631809 ], [ 186111.420099999755621, 428069.150400005280972 ], [ 186119.121099997311831, 428061.485399998724461 ], [ 186122.70210000500083, 428057.729400005191565 ], [ 186133.009100005030632, 428068.544399999082088 ], [ 186144.184099998325109, 428082.2584000043571 ], [ 186151.270100004971027, 428091.501400001347065 ], [ 186148.009100001305342, 428094.623399998992682 ], [ 186140.517100002616644, 428102.244400005787611 ], [ 186139.811100006103516, 428102.849399998784065 ], [ 186139.104099996387959, 428103.239399999380112 ], [ 186137.811099994927645, 428103.54840000346303 ], [ 186136.978100001811981, 428103.46840000897646 ], [ 186136.153099995106459, 428103.134400006383657 ], [ 186135.470100004225969, 428102.583399996161461 ], [ 186145.329100005328655, 428113.830400004982948 ], [ 186148.754099998623133, 428110.516400001943111 ], [ 186146.237100008875132, 428107.942400008440018 ], [ 186150.602099999785423, 428103.676399998366833 ], [ 186156.009100008755922, 428098.266399994492531 ], [ 186156.321100007742643, 428098.597400009632111 ], [ 186186.093100000172853, 428069.467399999499321 ], [ 186186.477099999785423, 428069.859400007873774 ], [ 186187.415100000798702, 428068.942400000989437 ], [ 186215.128100000321865, 428098.002399999648333 ], [ 186234.232099995017052, 428117.732400000095367 ], [ 186243.058100003749132, 428126.39240000769496 ], [ 186207.199099998921156, 428161.378400009125471 ], [ 186202.014100003987551, 428166.147399999201298 ], [ 186199.928100004792213, 428163.991400003433228 ], [ 186194.368099998682737, 428169.363400004804134 ], [ 186193.475100010633469, 428170.450399998575449 ], [ 186192.758100003004074, 428170.679400008171797 ], [ 186191.328100003302097, 428170.741399999707937 ], [ 186190.543099995702505, 428170.676400002092123 ], [ 186190.073100004345179, 428170.252400007098913 ], [ 186199.58610001206398, 428182.571400009095669 ], [ 186208.292100001126528, 428193.31640001013875 ], [ 186212.180100005120039, 428198.027399994432926 ], [ 186218.866100002080202, 428205.8293999992311 ], [ 186216.996099997311831, 428207.431400004774332 ], [ 186228.642100006341934, 428220.900400001555681 ], [ 186235.218100000172853, 428228.74940000846982 ], [ 186239.229100000113249, 428234.216400004923344 ], [ 186245.634100008755922, 428241.754399999976158 ], [ 186247.593100007623434, 428241.556400008499622 ], [ 186247.945100001990795, 428245.036400012671947 ], [ 186248.989100005477667, 428244.930400010198355 ], [ 186249.189100004732609, 428246.906400002539158 ], [ 186255.772100005298853, 428261.976400006562471 ], [ 186276.795100003480911, 428266.334400001913309 ], [ 186272.94310000911355, 428280.961399994790554 ], [ 186267.557100005447865, 428302.34340001270175 ], [ 186266.15710000321269, 428301.717400006949902 ], [ 186260.537100002169609, 428317.854400005191565 ], [ 186259.976100008934736, 428319.78040000423789 ], [ 186259.310100007802248, 428322.399400010704994 ], [ 186258.244099996984005, 428322.562400002032518 ], [ 186257.268100008368492, 428326.872400008141994 ], [ 186236.740100000053644, 428317.107400003820658 ], [ 186236.046100009232759, 428316.667400009930134 ], [ 186235.624100007116795, 428315.839400000870228 ], [ 186235.524099998176098, 428315.228400006890297 ], [ 186235.900100007653236, 428314.001400001347065 ], [ 186229.952100001275539, 428325.962399996817112 ], [ 186230.656100004911423, 428325.058400008827448 ], [ 186231.516100004315376, 428324.726399999111891 ], [ 186232.497100006788969, 428324.812400005757809 ], [ 186252.002099998295307, 428334.074400003999472 ], [ 186249.894100002944469, 428342.200399998575449 ], [ 186250.440099999308586, 428342.330400004982948 ], [ 186245.521099995821714, 428361.382400009781122 ], [ 186251.639100003987551, 428364.045399997383356 ], [ 186258.52810000628233, 428366.864399999380112 ], [ 186262.092100005596876, 428383.41440000012517 ], [ 186216.807100009173155, 428364.681400001049042 ], [ 186216.307100009173155, 428364.330400004982948 ], [ 186215.727099999785423, 428363.681400008499622 ], [ 186215.421100009232759, 428363.112399995326996 ], [ 186215.220100000500679, 428362.407400012016296 ], [ 186215.413100004196167, 428360.665400002151728 ], [ 186212.026100002229214, 428377.866400003433228 ], [ 186216.914099995046854, 428415.586399998515844 ], [ 186252.660100005567074, 428414.644400008022785 ], [ 186252.676100000739098, 428418.194400005042553 ], [ 186251.491099998354912, 428418.104399997740984 ], [ 186250.984100002795458, 428419.202400002628565 ], [ 186248.209100000560284, 428419.277399994432926 ], [ 186247.903099998831749, 428417.830400004982948 ], [ 186244.344099998474121, 428418.041400000452995 ], [ 186244.343100000172853, 428419.379400011152029 ], [ 186243.912099994719028, 428419.398400012403727 ], [ 186251.71110000833869, 428433.083399999886751 ], [ 186253.304099999368191, 428432.598399996757507 ], [ 186264.137099996209145, 428428.308400001376867 ], [ 186274.075100012123585, 428424.623400002717972 ], [ 186283.285100005567074, 428441.975400000810623 ], [ 186290.435099996626377, 428454.837400007992983 ], [ 186286.34010000154376, 428453.982400007545948 ], [ 186266.383099999278784, 428463.677400004118681 ], [ 186236.352100010961294, 428478.520400006324053 ], [ 186267.317099995911121, 428534.605399999767542 ], [ 186293.978100001811981, 428525.462400004267693 ], [ 186322.555100005120039, 428513.940400004386902 ], [ 186333.968100000172853, 428534.811400007456541 ], [ 186346.30910000950098, 428564.424400009214878 ], [ 186358.678100008517504, 428553.915400002151728 ] ] ] ] } },
{ "type": "Feature", "properties": { "fid": 3080, "buurtcode": "BU02680422", "buurtnaam": "Hees", "wijkcode": "WK026804", "gemeentecode": "GM0268", "gemeentenaam": "Nijmegen", "indelingswijziging_wijken_en_buurten": 1, "water": "NEE", "meest_voorkomende_postcode": "6542", "dekkingspercentage": 4, "omgevingsadressendichtheid": 2502, "stedelijkheid_adressen_per_km2": 1, "bevolkingsdichtheid_inwoners_per_km2": 3822, "aantal_inwoners": 3140, "mannen": 1525, "vrouwen": 1615, "percentage_personen_0_tot_15_jaar": 14, "percentage_personen_15_tot_25_jaar": 17, "percentage_personen_25_tot_45_jaar": 24, "percentage_personen_45_tot_65_jaar": 21, "percentage_personen_65_jaar_en_ouder": 23, "percentage_ongehuwd": 58, "percentage_gehuwd": 29, "percentage_gescheid": 7, "percentage_verweduwd": 6, "aantal_huishoudens": 1645, "percentage_eenpersoonshuishoudens": 53, "percentage_huishoudens_zonder_kinderen": 24, "percentage_huishoudens_met_kinderen": 23, "gemiddelde_huishoudsgrootte": 1.8, "percentage_met_herkomstland_nederland": 80, "percentage_met_herkomstland_uit_europa_excl_nl": 10, "percentage_met_herkomstland_buiten_europa": 10, "percentage_geb_in_nl_met_herkomstland_nederland": 80, "perc_geb_in_nl_met_herkomstland_in_europa_ex_nl": 5, "perc_geb_in_nl_met_herkomstland_buiten_europa": 5, "perc_geb_buiten_nl_met_herkomstlnd_in_europa_ex_nl": 5, "perc_geb_buiten_nl_met_herkomstlnd_buiten_europa": 5, "oppervlakte_totaal_in_ha": 82, "oppervlakte_land_in_ha": 82, "oppervlakte_water_in_ha": 0, "jrstatcode": "2025BU02680422", "jaar": 2025 }, "geometry": { "type": "MultiPolygon", "coordinates": [ [ [ [ 185342.59009999781847, 428683.939300008118153 ], [ 185359.529099997133017, 428674.857300005853176 ], [ 185391.33610000833869, 428657.455299995839596 ], [ 185420.454100009053946, 428641.892299994826317 ], [ 185450.431099999696016, 428645.196300003677607 ], [ 185476.570099994540215, 428648.220300003886223 ], [ 185501.086100000888109, 428650.379300002008677 ], [ 185532.125100001692772, 428652.975300002843142 ], [ 185579.133000001311302, 428656.990300003439188 ], [ 185601.129000000655651, 428649.173300001770258 ], [ 185631.169000003486872, 428650.220299996435642 ], [ 185687.458000011742115, 428651.799300000071526 ], [ 185687.886000011116266, 428627.737300001084805 ], [ 185688.609000001102686, 428578.477400001138449 ], [ 185699.697000004351139, 428578.611400008201599 ], [ 185699.921000003814697, 428569.33839999884367 ], [ 185700.923000004142523, 428539.109400007873774 ], [ 185701.169000010937452, 428530.064399998635054 ], [ 185716.375100001692772, 428504.111399997025728 ], [ 185738.861000001430511, 428517.577400002628565 ], [ 185758.906000003218651, 428525.392399996519089 ], [ 185771.382999997586012, 428529.929400008171797 ], [ 185782.190999999642372, 428530.509400006383657 ], [ 185793.190000008791685, 428531.293400000780821 ], [ 185805.574099995195866, 428531.965399999171495 ], [ 185815.946100004017353, 428532.467400006949902 ], [ 185824.736100006848574, 428535.052400000393391 ], [ 185823.640000008046627, 428559.928400006145239 ], [ 185825.510999996215105, 428586.654400005936623 ], [ 185828.364000000059605, 428621.701300010085106 ], [ 185830.928000010550022, 428654.763300005346537 ], [ 185831.738000001758337, 428666.675300005823374 ], [ 185843.98700001090765, 428661.60530000180006 ], [ 185876.721999995410442, 428648.396299999207258 ], [ 185904.812000002712011, 428636.850299995392561 ], [ 185917.472000002861023, 428631.725299999117851 ], [ 185917.700000002980232, 428632.91830000653863 ], [ 185927.804000001400709, 428629.19030000269413 ], [ 185937.980999998748302, 428625.547300007194281 ], [ 185944.401000004261732, 428623.445400003343821 ], [ 185975.436000000685453, 428681.859300002455711 ], [ 186014.446000006049871, 428661.535300008952618 ], [ 186028.10300000756979, 428654.788300003856421 ], [ 186038.090000003576279, 428649.925300005823374 ], [ 186041.874000001698732, 428647.98530000820756 ], [ 186082.55510001257062, 428627.061400003731251 ], [ 186086.861100003123283, 428637.389400001615286 ], [ 186090.51799999922514, 428646.521300010383129 ], [ 186090.921000000089407, 428647.319300007075071 ], [ 186091.778000008314848, 428648.494299996644258 ], [ 186092.307000000029802, 428648.843299999833107 ], [ 186094.596999999135733, 428649.085300002247095 ], [ 186121.424100004136562, 428637.867400009185076 ], [ 186123.436100006103516, 428636.8114 ], [ 186189.710100002586842, 428618.928400002419949 ], [ 186190.405100002884865, 428619.084400001913309 ], [ 186190.941099997609854, 428619.078400004655123 ], [ 186191.594100005924702, 428619.139400009065866 ], [ 186194.648100007325411, 428618.358400005847216 ], [ 186200.437100008130074, 428616.570400003343821 ], [ 186204.185099996626377, 428615.718400005251169 ], [ 186213.500099997967482, 428612.754399999976158 ], [ 186206.240100003778934, 428595.69140001013875 ], [ 186225.1300999969244, 428588.71339999884367 ], [ 186221.11710000410676, 428575.600400000810623 ], [ 186256.064100004732609, 428561.95040000602603 ], [ 186277.084099996834993, 428552.507399994879961 ], [ 186267.317099995911121, 428534.605399999767542 ], [ 186236.352100010961294, 428478.520400006324053 ], [ 186266.383099999278784, 428463.677400004118681 ], [ 186286.34010000154376, 428453.982400007545948 ], [ 186290.435099996626377, 428454.837400007992983 ], [ 186283.285100005567074, 428441.975400000810623 ], [ 186274.075100012123585, 428424.623400002717972 ], [ 186264.137099996209145, 428428.308400001376867 ], [ 186253.304099999368191, 428432.598399996757507 ], [ 186251.71110000833869, 428433.083399999886751 ], [ 186243.912099994719028, 428419.398400012403727 ], [ 186244.343100000172853, 428419.379400011152029 ], [ 186244.344099998474121, 428418.041400000452995 ], [ 186247.903099998831749, 428417.830400004982948 ], [ 186248.209100000560284, 428419.277399994432926 ], [ 186250.984100002795458, 428419.202400002628565 ], [ 186251.491099998354912, 428418.104399997740984 ], [ 186252.676100000739098, 428418.194400005042553 ], [ 186252.660100005567074, 428414.644400008022785 ], [ 186216.914099995046854, 428415.586399998515844 ], [ 186212.026100002229214, 428377.866400003433228 ], [ 186215.413100004196167, 428360.665400002151728 ], [ 186215.220100000500679, 428362.407400012016296 ], [ 186215.421100009232759, 428363.112399995326996 ], [ 186215.727099999785423, 428363.681400008499622 ], [ 186216.307100009173155, 428364.330400004982948 ], [ 186216.807100009173155, 428364.681400001049042 ], [ 186262.092100005596876, 428383.41440000012517 ], [ 186258.52810000628233, 428366.864399999380112 ], [ 186251.639100003987551, 428364.045399997383356 ], [ 186245.521099995821714, 428361.382400009781122 ], [ 186250.440099999308586, 428342.330400004982948 ], [ 186249.894100002944469, 428342.200399998575449 ], [ 186252.002099998295307, 428334.074400003999472 ], [ 186232.497100006788969, 428324.812400005757809 ], [ 186231.516100004315376, 428324.726399999111891 ], [ 186230.656100004911423, 428325.058400008827448 ], [ 186229.952100001275539, 428325.962399996817112 ], [ 186235.900100007653236, 428314.001400001347065 ], [ 186235.524099998176098, 428315.228400006890297 ], [ 186235.624100007116795, 428315.839400000870228 ], [ 186236.046100009232759, 428316.667400009930134 ], [ 186236.740100000053644, 428317.107400003820658 ], [ 186257.268100008368492, 428326.872400008141994 ], [ 186258.244099996984005, 428322.562400002032518 ], [ 186259.310100007802248, 428322.399400010704994 ], [ 186259.976100008934736, 428319.78040000423789 ], [ 186260.537100002169609, 428317.854400005191565 ], [ 186266.15710000321269, 428301.717400006949902 ], [ 186267.557100005447865, 428302.34340001270175 ], [ 186272.94310000911355, 428280.961399994790554 ], [ 186276.795100003480911, 428266.334400001913309 ], [ 186255.772100005298853, 428261.976400006562471 ], [ 186249.189100004732609, 428246.906400002539158 ], [ 186248.989100005477667, 428244.930400010198355 ], [ 186247.945100001990795, 428245.036400012671947 ], [ 186247.593100007623434, 428241.556400008499622 ], [ 186245.634100008755922, 428241.754399999976158 ], [ 186239.229100000113249, 428234.216400004923344 ], [ 186235.218100000172853, 428228.74940000846982 ], [ 186228.642100006341934, 428220.900400001555681 ], [ 186216.996099997311831, 428207.431400004774332 ], [ 186218.866100002080202, 428205.8293999992311 ], [ 186212.180100005120039, 428198.027399994432926 ], [ 186208.292100001126528, 428193.31640001013875 ], [ 186199.58610001206398, 428182.571400009095669 ], [ 186190.073100004345179, 428170.252400007098913 ], [ 186190.543099995702505, 428170.676400002092123 ], [ 186191.328100003302097, 428170.741399999707937 ], [ 186192.758100003004074, 428170.679400008171797 ], [ 186193.475100010633469, 428170.450399998575449 ], [ 186194.368099998682737, 428169.363400004804134 ], [ 186199.928100004792213, 428163.991400003433228 ], [ 186202.014100003987551, 428166.147399999201298 ], [ 186207.199099998921156, 428161.378400009125471 ], [ 186243.058100003749132, 428126.39240000769496 ], [ 186234.232099995017052, 428117.732400000095367 ], [ 186215.128100000321865, 428098.002399999648333 ], [ 186187.415100000798702, 428068.942400000989437 ], [ 186186.477099999785423, 428069.859400007873774 ], [ 186186.093100000172853, 428069.467399999499321 ], [ 186156.321100007742643, 428098.597400009632111 ], [ 186156.009100008755922, 428098.266399994492531 ], [ 186150.602099999785423, 428103.676399998366833 ], [ 186146.237100008875132, 428107.942400008440018 ], [ 186148.754099998623133, 428110.516400001943111 ], [ 186145.329100005328655, 428113.830400004982948 ], [ 186135.470100004225969, 428102.583399996161461 ], [ 186136.153099995106459, 428103.134400006383657 ], [ 186136.978100001811981, 428103.46840000897646 ], [ 186137.811099994927645, 428103.54840000346303 ], [ 186139.104099996387959, 428103.239399999380112 ], [ 186139.811100006103516, 428102.849399998784065 ], [ 186140.517100002616644, 428102.244400005787611 ], [ 186148.009100001305342, 428094.623399998992682 ], [ 186151.270100004971027, 428091.501400001347065 ], [ 186144.184099998325109, 428082.2584000043571 ], [ 186133.009100005030632, 428068.544399999082088 ], [ 186122.70210000500083, 428057.729400005191565 ], [ 186119.121099997311831, 428061.485399998724461 ], [ 186111.420099999755621, 428069.150400005280972 ], [ 186110.951100002974272, 428070.133400000631809 ], [ 186110.842099998146296, 428070.837400004267693 ], [ 186111.023100007325411, 428071.965400002896786 ], [ 186111.637100003659725, 428073.000400006771088 ], [ 186102.137100003659725, 428062.210400011390448 ], [ 186103.153100002557039, 428062.766400005668402 ], [ 186103.755100004374981, 428062.916400007903576 ], [ 186104.103100012987852, 428062.947399999946356 ], [ 186104.86710000783205, 428062.782400000840425 ], [ 186105.364100005477667, 428062.428399998694658 ], [ 186112.525100007653236, 428055.187400002032518 ], [ 186123.967100001871586, 428043.424400009214878 ], [ 186106.718100000172853, 428025.989400010555983 ], [ 186106.357100002467632, 428025.672399997711182 ], [ 186173.337100010365248, 427966.194300003349781 ], [ 186157.892100006341934, 427954.213300008326769 ], [ 186157.953099999576807, 427951.43129999563098 ], [ 186137.981100011616945, 427936.275299999862909 ], [ 186118.870100006461143, 427954.735300000756979 ], [ 186108.432100005447865, 427945.235300000756979 ], [ 186104.647099997848272, 427949.4222999997437 ], [ 186091.350099999457598, 427964.630300000309944 ], [ 186084.914100009948015, 427972.108299996703863 ], [ 186081.497100006788969, 427975.890299998223782 ], [ 186074.70610000193119, 427983.608300007879734 ], [ 186071.426099997013807, 427987.457299996167421 ], [ 186068.915100004523993, 427990.131299998611212 ], [ 186067.20210000872612, 427988.550300002098083 ], [ 186065.838100004941225, 427990.040300007909536 ], [ 186048.293099999427795, 427975.938300002366304 ], [ 186037.09010000154376, 427989.627300005406141 ], [ 186036.820099994540215, 427990.241300001740456 ], [ 186036.609100002795458, 427990.87330000475049 ], [ 186036.558100007474422, 427991.848299995064735 ], [ 186036.660100009292364, 427992.459300000220537 ], [ 186036.842100001871586, 427992.93129999935627 ], [ 186037.588100008666515, 427994.054299999028444 ], [ 186022.576100006699562, 427979.142300002276897 ], [ 186024.216099999845028, 427979.448300000280142 ], [ 186025.960100006312132, 427979.117300003767014 ], [ 186026.600099995732307, 427978.649300005286932 ], [ 186040.840100012719631, 427960.977300003170967 ], [ 186037.673100002110004, 427958.274300001561642 ], [ 186035.531100012362003, 427957.595300000160933 ], [ 186032.625100005418062, 427960.718300007283688 ], [ 186030.966099996119738, 427959.059300009161234 ], [ 186033.785099998116493, 427956.034299999475479 ], [ 186032.194100003689528, 427955.008299998939037 ], [ 186026.607100002467632, 427947.459300007671118 ], [ 186023.480100005865097, 427943.003300003707409 ], [ 186022.887100007385015, 427942.276299998164177 ], [ 186022.697100006043911, 427941.282300002872944 ], [ 186012.172100003808737, 427942.576299998909235 ], [ 185992.271100006997585, 427941.638299997895956 ], [ 185985.549100004136562, 427941.809300009161234 ], [ 185980.517100002616644, 427936.780300002545118 ], [ 185977.623100005090237, 427934.030299998819828 ], [ 185973.49210000038147, 427938.177299998700619 ], [ 185973.469099998474121, 427938.154300007969141 ], [ 185973.454099997878075, 427938.16830001026392 ], [ 185968.190100006759167, 427936.950300004333258 ], [ 185974.539099995046854, 427951.070299997925758 ], [ 185961.155100006610155, 427948.792300008237362 ], [ 185953.319100003689528, 427958.752299997955561 ], [ 185931.225100006908178, 427935.859300006181002 ], [ 185923.684099994599819, 427944.666300002485514 ], [ 185916.174100004136562, 427953.148300006985664 ], [ 185923.609100002795458, 427961.061299998313189 ], [ 185932.355100002139807, 427970.483300000429153 ], [ 185939.055100001394749, 427977.543299999088049 ], [ 185928.352100007236004, 427991.412300005555153 ], [ 185918.266100000590086, 428004.701400004327297 ], [ 185893.948099996894598, 428036.45440000295639 ], [ 185884.371100008487701, 428048.851400006562471 ], [ 185878.329100005328655, 428056.94140000641346 ], [ 185878.7060999982059, 428056.320400003343821 ], [ 185878.945099994540215, 428055.442400012165308 ], [ 185878.9611000046134, 428054.99040000885725 ], [ 185878.907100006937981, 428054.480400007218122 ], [ 185878.70210000872612, 428053.879400003701448 ], [ 185878.491100002080202, 428053.489400006830692 ], [ 185877.948100008070469, 428052.854400001466274 ], [ 185871.247099999338388, 428046.945400007069111 ], [ 185870.153099998831749, 428048.2584000043571 ], [ 185862.734099999070168, 428056.675400003790855 ], [ 185859.38910000026226, 428061.573399998247623 ], [ 185821.216100007295609, 428028.113399997353554 ], [ 185817.453100007027388, 428032.089400000870228 ], [ 185818.44310000911355, 428032.913400009274483 ], [ 185805.805100001394749, 428047.150400005280972 ], [ 185800.081100005656481, 428053.687399998307228 ], [ 185808.740100007504225, 428061.637400008738041 ], [ 185798.205100003629923, 428072.4324000030756 ], [ 185789.863100003451109, 428081.544400002807379 ], [ 185783.611099999397993, 428088.276400007307529 ], [ 185776.935100004076958, 428095.336400005966425 ], [ 185758.82710000872612, 428079.051399998366833 ], [ 185749.521099995821714, 428089.049400005489588 ], [ 185750.070099998265505, 428091.563400004059076 ], [ 185766.95210000872612, 428106.77140000462532 ], [ 185760.816100008785725, 428113.632400002330542 ], [ 185755.346100009977818, 428108.90540000423789 ], [ 185750.253100004047155, 428107.384400002658367 ], [ 185749.469100005924702, 428109.817399997264147 ], [ 185739.781100001186132, 428107.544400006532669 ], [ 185739.432100012898445, 428108.661400008946657 ], [ 185720.147100005298853, 428095.090399999171495 ], [ 185707.842100005596876, 428085.006400000303984 ], [ 185686.421100001782179, 428067.657400004565716 ], [ 185666.799100000411272, 428050.810400005429983 ], [ 185638.69310000166297, 428027.451400000602007 ], [ 185639.377100005745888, 428026.47240000590682 ], [ 185625.741099998354912, 428015.020399998873472 ], [ 185636.369100000709295, 428004.628400005400181 ], [ 185627.978100012987852, 427997.377300005406141 ], [ 185622.645100008696318, 427992.430300001055002 ], [ 185623.065100006759167, 427991.951300006359816 ], [ 185592.572100002318621, 427967.646300006657839 ], [ 185590.628100000321865, 427966.702300012111664 ], [ 185585.908099997788668, 427966.862299997359514 ], [ 185580.155100002884865, 427967.144299998879433 ], [ 185578.238100007176399, 427968.886300008744001 ], [ 185574.822100002318621, 427965.296299997717142 ], [ 185573.087099999189377, 427966.978300001472235 ], [ 185544.013099998235703, 427943.308300007134676 ], [ 185514.533100005239248, 427918.703300002962351 ], [ 185508.603100001811981, 427925.963300000876188 ], [ 185498.141100000590086, 427917.585300002247095 ], [ 185504.539099998772144, 427910.283300001174212 ], [ 185484.266100011765957, 427893.486299999058247 ], [ 185473.55510001257062, 427884.126299999654293 ], [ 185468.252100005745888, 427889.562300000339746 ], [ 185470.388100001960993, 427891.366299998015165 ], [ 185463.517100006341934, 427899.273300006985664 ], [ 185470.523100007325411, 427907.11030000820756 ], [ 185433.279099997133017, 427941.582300007343292 ], [ 185431.27810000628233, 427941.653299998492002 ], [ 185429.200100012123585, 427941.371299996972084 ], [ 185402.286100007593632, 427918.930300008505583 ], [ 185397.460100002586842, 427926.179300006479025 ], [ 185393.750100001692772, 427931.549300000071526 ], [ 185387.060100004076958, 427945.569300007075071 ], [ 185386.640100009739399, 427945.27930000051856 ], [ 185381.80010000243783, 427943.939300008118153 ], [ 185381.790100000798702, 427943.999300003051758 ], [ 185378.520100008696318, 427942.969300001859665 ], [ 185378.510099995881319, 427943.019299998879433 ], [ 185364.250100012868643, 427939.119300000369549 ], [ 185359.592099998146296, 427937.68129999935627 ], [ 185354.06810000166297, 427936.8733000010252 ], [ 185359.450100000947714, 427919.155300002545118 ], [ 185361.397100009024143, 427914.511300005018711 ], [ 185363.169100001454353, 427910.027300011366606 ], [ 185364.543100006878376, 427907.474299997091293 ], [ 185365.74210000038147, 427905.769300006330013 ], [ 185337.694099999964237, 427906.73930000141263 ], [ 185316.772100001573563, 427890.637299999594688 ], [ 185315.582100000232458, 427892.351300004869699 ], [ 185308.387099996209145, 427886.896300006657839 ], [ 185290.497100006788969, 427873.610300000756979 ], [ 185268.58110000193119, 427857.147300001233816 ], [ 185236.170100007206202, 427833.246300000697374 ], [ 185245.18410000577569, 427823.14130000770092 ], [ 185253.117099996656179, 427813.851300004869699 ], [ 185261.038100007921457, 427804.291299995034933 ], [ 185270.261100009083748, 427792.569300010800362 ], [ 185281.721100006252527, 427776.90930000692606 ], [ 185302.214100006967783, 427749.334300003945827 ], [ 185311.173099998384714, 427737.455300007015467 ], [ 185318.825099997222424, 427726.638300005346537 ], [ 185324.741100002080202, 427717.628300007432699 ], [ 185328.027100004255772, 427712.515300005674362 ], [ 185296.228100009262562, 427694.889300007373095 ], [ 185268.200100008398294, 427678.679299995303154 ], [ 185226.297100003808737, 427653.96730000525713 ], [ 185178.305100001394749, 427623.525299999862909 ], [ 185144.640100006014109, 427600.961299996823072 ], [ 185130.314100001007318, 427589.859300006181002 ], [ 185038.271100006997585, 427512.14130000770092 ], [ 184998.875100009143353, 427479.908300001174212 ], [ 184995.310100000351667, 427485.379299998283386 ], [ 184994.070099998265505, 427486.326300002634525 ], [ 184986.203099999576807, 427495.774299997836351 ], [ 184968.663100007921457, 427519.433300010859966 ], [ 184948.091099999845028, 427545.693300005048513 ], [ 184943.379100002348423, 427551.881299994885921 ], [ 184893.477099999785423, 427617.414299998432398 ], [ 184876.137100007385015, 427639.383300002664328 ], [ 184870.343100003898144, 427634.62330000475049 ], [ 184860.802099995315075, 427647.45830000564456 ], [ 184845.42510000616312, 427636.578300002962351 ], [ 184839.396100006997585, 427645.024299997836351 ], [ 184837.158100012689829, 427643.56529999896884 ], [ 184826.904099997133017, 427658.222300004214048 ], [ 184820.895100012421608, 427654.084300007671118 ], [ 184818.613100003451109, 427657.048300012946129 ], [ 184807.639100003987551, 427649.255300007760525 ], [ 184804.039099998772144, 427654.290300000458956 ], [ 184804.746100004762411, 427654.795300003141165 ], [ 184802.929099999368191, 427657.479300003498793 ], [ 184800.095100000500679, 427663.604300003498793 ], [ 184777.324100006371737, 427697.468300003558397 ], [ 184777.2060999982059, 427698.031300004571676 ], [ 184825.441100012511015, 427736.856299996376038 ], [ 184853.60810000449419, 427759.562300007790327 ], [ 184887.796100005507469, 427787.23929999768734 ], [ 184858.906100008636713, 427823.738299995660782 ], [ 184881.714100006967783, 427841.930300001055002 ], [ 184877.412100005894899, 427846.586300004273653 ], [ 184913.832100003957748, 427879.017299998551607 ], [ 184922.190100003033876, 427871.04730000346899 ], [ 185026.814100001007318, 427961.902300000190735 ], [ 185023.585100002586842, 427964.774300005286932 ], [ 185022.716099999845028, 427963.774300001561642 ], [ 185018.524100001901388, 427967.668299999088049 ], [ 185023.273100007325411, 427971.271299999207258 ], [ 185057.694100007414818, 428002.956300001591444 ], [ 185070.340100008994341, 428009.894299998879433 ], [ 185079.565100003033876, 428016.025299999862909 ], [ 185191.337099995464087, 428149.483300000429153 ], [ 185091.191100001335144, 428226.821299999952316 ], [ 185191.947100006043911, 428362.031300000846386 ], [ 185202.526100005954504, 428375.196300003677607 ], [ 185270.81810000166297, 428329.525299996137619 ], [ 185316.109100006520748, 428399.691300000995398 ], [ 185272.850099999457598, 428431.530300002545118 ], [ 185261.773100007325411, 428416.139299999922514 ], [ 185207.671100001782179, 428445.765300005674362 ], [ 185243.423099994659424, 428511.026300005614758 ], [ 185247.535099998116493, 428508.5692999958992 ], [ 185248.137099999934435, 428508.595300007611513 ], [ 185252.530100006610155, 428506.16830001026392 ], [ 185266.239100012928247, 428497.347300000488758 ], [ 185301.8851000033319, 428471.770300008356571 ], [ 185355.627100005745888, 428433.093299996107817 ], [ 185366.869100000709295, 428442.670299999415874 ], [ 185369.252099998295307, 428443.394300002604723 ], [ 185370.766100008040667, 428443.400299999862909 ], [ 185368.586100000888109, 428457.610300000756979 ], [ 185368.44310000538826, 428458.921300005167723 ], [ 185366.324100002646446, 428489.7753000035882 ], [ 185365.463100004941225, 428501.863300003111362 ], [ 185365.366100002080202, 428502.549300000071526 ], [ 185366.705099999904633, 428521.051300007849932 ], [ 185367.348100006580353, 428530.984300006181002 ], [ 185302.969100002199411, 428527.34629999473691 ], [ 185267.995100010186434, 428553.285300008952618 ], [ 185339.465100008994341, 428685.700300004333258 ], [ 185342.59009999781847, 428683.939300008118153 ] ] ] ] } },
{ "type": "Feature", "properties": { "fid": 3081, "buurtcode": "BU02680423", "buurtnaam": "Heseveld", "wijkcode": "WK026804", "gemeentecode": "GM0268", "gemeentenaam": "Nijmegen", "indelingswijziging_wijken_en_buurten": 1, "water": "NEE", "meest_voorkomende_postcode": "6543", "dekkingspercentage": 2, "omgevingsadressendichtheid": 2630, "stedelijkheid_adressen_per_km2": 1, "bevolkingsdichtheid_inwoners_per_km2": 6351, "aantal_inwoners": 6130, "mannen": 2950, "vrouwen": 3175, "percentage_personen_0_tot_15_jaar": 12, "percentage_personen_15_tot_25_jaar": 16, "percentage_personen_25_tot_45_jaar": 34, "percentage_personen_45_tot_65_jaar": 24, "percentage_personen_65_jaar_en_ouder": 14, "percentage_ongehuwd": 66, "percentage_gehuwd": 23, "percentage_gescheid": 8, "percentage_verweduwd": 3, "aantal_huishoudens": 3475, "percentage_eenpersoonshuishoudens": 57, "percentage_huishoudens_zonder_kinderen": 23, "percentage_huishoudens_met_kinderen": 21, "gemiddelde_huishoudsgrootte": 1.7, "percentage_met_herkomstland_nederland": 70, "percentage_met_herkomstland_uit_europa_excl_nl": 10, "percentage_met_herkomstland_buiten_europa": 20, "percentage_geb_in_nl_met_herkomstland_nederland": 70, "perc_geb_in_nl_met_herkomstland_in_europa_ex_nl": 5, "perc_geb_in_nl_met_herkomstland_buiten_europa": 10, "perc_geb_buiten_nl_met_herkomstlnd_in_europa_ex_nl": 5, "perc_geb_buiten_nl_met_herkomstlnd_buiten_europa": 10, "oppervlakte_totaal_in_ha": 97, "oppervlakte_land_in_ha": 97, "oppervlakte_water_in_ha": 0, "jrstatcode": "2025BU02680423", "jaar": 2025 }, "geometry": { "type": "MultiPolygon", "coordinates": [ [ [ [ 185766.95210000872612, 428106.77140000462532 ], [ 185750.070099998265505, 428091.563400004059076 ], [ 185749.521099995821714, 428089.049400005489588 ], [ 185758.82710000872612, 428079.051399998366833 ], [ 185776.935100004076958, 428095.336400005966425 ], [ 185783.611099999397993, 428088.276400007307529 ], [ 185789.863100003451109, 428081.544400002807379 ], [ 185798.205100003629923, 428072.4324000030756 ], [ 185808.740100007504225, 428061.637400008738041 ], [ 185800.081100005656481, 428053.687399998307228 ], [ 185805.805100001394749, 428047.150400005280972 ], [ 185818.44310000911355, 428032.913400009274483 ], [ 185817.453100007027388, 428032.089400000870228 ], [ 185821.216100007295609, 428028.113399997353554 ], [ 185859.38910000026226, 428061.573399998247623 ], [ 185862.734099999070168, 428056.675400003790855 ], [ 185870.153099998831749, 428048.2584000043571 ], [ 185871.247099999338388, 428046.945400007069111 ], [ 185877.948100008070469, 428052.854400001466274 ], [ 185878.491100002080202, 428053.489400006830692 ], [ 185878.70210000872612, 428053.879400003701448 ], [ 185878.907100006937981, 428054.480400007218122 ], [ 185878.9611000046134, 428054.99040000885725 ], [ 185878.945099994540215, 428055.442400012165308 ], [ 185878.7060999982059, 428056.320400003343821 ], [ 185878.329100005328655, 428056.94140000641346 ], [ 185884.371100008487701, 428048.851400006562471 ], [ 185893.948099996894598, 428036.45440000295639 ], [ 185918.266100000590086, 428004.701400004327297 ], [ 185928.352100007236004, 427991.412300005555153 ], [ 185939.055100001394749, 427977.543299999088049 ], [ 185932.355100002139807, 427970.483300000429153 ], [ 185923.609100002795458, 427961.061299998313189 ], [ 185916.174100004136562, 427953.148300006985664 ], [ 185923.684099994599819, 427944.666300002485514 ], [ 185931.225100006908178, 427935.859300006181002 ], [ 185953.319100003689528, 427958.752299997955561 ], [ 185961.155100006610155, 427948.792300008237362 ], [ 185974.539099995046854, 427951.070299997925758 ], [ 185968.190100006759167, 427936.950300004333258 ], [ 185973.454099997878075, 427938.16830001026392 ], [ 185973.469099998474121, 427938.154300007969141 ], [ 185973.49210000038147, 427938.177299998700619 ], [ 185977.623100005090237, 427934.030299998819828 ], [ 185977.696100004017353, 427933.961300000548363 ], [ 185957.387100007385015, 427912.493300005793571 ], [ 185957.765099998563528, 427912.6993000023067 ], [ 185958.173099998384714, 427912.839300006628036 ], [ 185958.598100006580353, 427912.908300001174212 ], [ 185959.029099997133017, 427912.905299998819828 ], [ 185959.453100007027388, 427912.830300003290176 ], [ 185959.85810000449419, 427912.684300001710653 ], [ 185960.234099999070168, 427912.473300009965897 ], [ 185960.56810000538826, 427912.201300006359816 ], [ 185966.269099995493889, 427906.742300003767014 ], [ 185957.156100001186132, 427897.33729999884963 ], [ 185966.836100000888109, 427887.484300006181002 ], [ 185948.592100005596876, 427867.758299995213747 ], [ 185969.899100001901388, 427846.041300006210804 ], [ 185958.864100009202957, 427834.949299998581409 ], [ 185973.205099999904633, 427820.380300007760525 ], [ 185978.781100004911423, 427814.783300008624792 ], [ 185967.529100008308887, 427804.059300005435944 ], [ 185956.408099997788668, 427793.088299997150898 ], [ 185962.825100000947714, 427785.919300004839897 ], [ 185952.303100004792213, 427775.067300006747246 ], [ 185928.770100008696318, 427751.265300001949072 ], [ 185928.472099997103214, 427750.844300009310246 ], [ 185928.240100007504225, 427750.384300004690886 ], [ 185928.080100007355213, 427749.894300002604723 ], [ 185927.995099999010563, 427749.386300008744001 ], [ 185927.989100001752377, 427748.870299994945526 ], [ 185928.059099998325109, 427748.359299998730421 ], [ 185928.206100009381771, 427747.865300007164478 ], [ 185928.426100004464388, 427747.399300005286932 ], [ 185956.556100007146597, 427716.676300007849932 ], [ 186014.466100007295609, 427772.925300002098083 ], [ 186014.976100008934736, 427772.261300008744001 ], [ 186026.478100012987852, 427754.667300004512072 ], [ 186014.380100000649691, 427742.886300008744001 ], [ 185994.794100008904934, 427724.399299997836351 ], [ 186007.142099998891354, 427709.771200004965067 ], [ 186006.333100002259016, 427708.915200006216764 ], [ 186013.158100008964539, 427701.59119999781251 ], [ 186020.19310000911355, 427706.460200008004904 ], [ 186031.37610000744462, 427716.734300006181002 ], [ 186032.465100005269051, 427714.867300007492304 ], [ 186042.181099999696016, 427721.173300005495548 ], [ 186048.405099999159575, 427725.00330001115799 ], [ 186057.656100001186132, 427730.005300000309944 ], [ 186058.150100007653236, 427730.378300003707409 ], [ 186058.595100000500679, 427730.808299995958805 ], [ 186058.984099999070168, 427731.290300007909536 ], [ 186059.311099994927645, 427731.815300010144711 ], [ 186059.57209999859333, 427732.376300003379583 ], [ 186059.762099999934435, 427732.965300001204014 ], [ 186059.879099998623133, 427733.573300000280142 ], [ 186066.353100005537271, 427719.127300005406141 ], [ 186070.080100011080503, 427711.026200003921986 ], [ 186050.6841000020504, 427693.967199999839067 ], [ 186048.387100007385015, 427692.003200002014637 ], [ 186051.027100007981062, 427688.999199997633696 ], [ 186035.262100003659725, 427675.442200005054474 ], [ 186040.406100001186132, 427669.362199999392033 ], [ 186043.869099996984005, 427662.869200006127357 ], [ 186045.365100003778934, 427659.477200001478195 ], [ 186046.246099997311831, 427658.400200009346008 ], [ 186048.969099998474121, 427652.543200004845858 ], [ 186051.105100005865097, 427648.576200000941753 ], [ 186054.922100007534027, 427641.6672000028193 ], [ 186059.217100001871586, 427633.652199998497963 ], [ 186073.872099995613098, 427605.715199999511242 ], [ 186078.500099997967482, 427608.782200001180172 ], [ 186098.321100000292063, 427570.501200009137392 ], [ 186127.908100008964539, 427584.804199997335672 ], [ 186149.623100001364946, 427555.790200006216764 ], [ 186143.464099999517202, 427551.366200007498264 ], [ 186150.08110000193119, 427542.792199999094009 ], [ 186146.716100003570318, 427540.279199998825788 ], [ 186150.716100007295609, 427534.923200007528067 ], [ 186148.641100004315376, 427533.373200003057718 ], [ 186155.603100001811981, 427524.441200006753206 ], [ 186140.788100004196167, 427513.077199995517731 ], [ 186124.056099999696016, 427498.679200001060963 ], [ 186134.047100000083447, 427485.348200000822544 ], [ 186135.44709999859333, 427483.284200008958578 ], [ 186142.358100008219481, 427474.214200001209974 ], [ 186155.208100005984306, 427483.974199995398521 ], [ 186157.697100006043911, 427485.998200006783009 ], [ 186165.180100005120039, 427491.875200007110834 ], [ 186173.245100006461143, 427481.74320000782609 ], [ 186184.565100003033876, 427467.3682000041008 ], [ 186182.406100004911423, 427465.563200008124113 ], [ 186186.590100008994341, 427460.563200000673532 ], [ 186188.805100001394749, 427462.930200003087521 ], [ 186199.860100004822016, 427472.440200001001358 ], [ 186208.909100003540516, 427479.87720000743866 ], [ 186210.624100007116795, 427481.235200002789497 ], [ 186212.174100007861853, 427479.26520000398159 ], [ 186228.688099998980761, 427457.423199996352196 ], [ 186229.184099998325109, 427456.523199997842312 ], [ 186229.500100001692772, 427455.50620000064373 ], [ 186229.523100003600121, 427454.467199996113777 ], [ 186229.252099998295307, 427453.360200006514788 ], [ 186228.755100004374981, 427452.388200003653765 ], [ 186228.128100004047155, 427451.67119999974966 ], [ 186251.650100003927946, 427464.680200003087521 ], [ 186261.050099994987249, 427449.452200002968311 ], [ 186273.976100001484156, 427427.574200000613928 ], [ 186293.375100001692772, 427439.074199996888638 ], [ 186321.591100007295609, 427397.361200004816055 ], [ 186323.588099997490644, 427394.175200011581182 ], [ 186325.304099999368191, 427391.874200001358986 ], [ 186318.101100005209446, 427385.10020000487566 ], [ 186324.866099998354912, 427378.035200007259846 ], [ 186329.399099994450808, 427382.276200000196695 ], [ 186334.573100004345179, 427376.922200005501509 ], [ 186336.803100012242794, 427378.237199999392033 ], [ 186343.103099998086691, 427367.447200004011393 ], [ 186343.605099994689226, 427367.7432000041008 ], [ 186357.946100000292063, 427380.987200003117323 ], [ 186381.271100006997585, 427349.445199996232986 ], [ 186386.636100001633167, 427341.326200012117624 ], [ 186359.01910000666976, 427324.336200002580881 ], [ 185866.887100011110306, 427032.950100012123585 ], [ 185843.994100004434586, 427019.402100004255772 ], [ 185815.275100003927946, 427002.197100002318621 ], [ 185754.450100000947714, 426966.570099998265505 ], [ 185711.914099998772144, 426941.237100005149841 ], [ 185640.387100007385015, 426899.107099998742342 ], [ 185567.777100000530481, 426856.164100006222725 ], [ 185481.349100008606911, 426805.22919999808073 ], [ 185453.037099998444319, 426788.160200010985136 ], [ 185432.717100005596876, 426776.104200005531311 ], [ 185406.436099998652935, 426761.202200006693602 ], [ 185395.22410000115633, 426755.557200007140636 ], [ 185395.113099999725819, 426755.501200001686811 ], [ 185373.609099999070168, 426759.903200007975101 ], [ 185350.221100002527237, 426765.240199998021126 ], [ 185346.033100008964539, 426766.083200007677078 ], [ 185342.129099994897842, 426767.099200006574392 ], [ 185331.09910000488162, 426769.605200000107288 ], [ 185331.373100001364946, 426770.784200008958578 ], [ 185316.15310000628233, 426774.2432000041008 ], [ 185306.370100010186434, 426776.110200002789497 ], [ 185315.870099995285273, 426821.357200007885695 ], [ 185350.844100002199411, 426813.103200007230043 ], [ 185355.565100003033876, 426833.639200005680323 ], [ 185326.23310000449419, 426840.347199998795986 ], [ 185328.379099998623133, 426848.246200002729893 ], [ 185328.991099998354912, 426849.072200004011393 ], [ 185330.454100001603365, 426849.830200005322695 ], [ 185332.440100006759167, 426849.796200003474951 ], [ 185357.941100005060434, 426843.965200010687113 ], [ 185360.783099997788668, 426850.425200000405312 ], [ 185361.72410000488162, 426852.928200002759695 ], [ 185366.017100006341934, 426871.297199998050928 ], [ 185380.141100004315376, 426879.68019999563694 ], [ 185383.085099998861551, 426874.789200011640787 ], [ 185407.172100007534027, 426889.272199999541044 ], [ 185409.551100004464388, 426885.321200005710125 ], [ 185450.401100002229214, 426939.285199999809265 ], [ 185458.463100001215935, 426940.243200000375509 ], [ 185457.634100005030632, 426947.025200001895428 ], [ 185456.649100001901388, 426949.06020000949502 ], [ 185455.31810001283884, 426950.156200002878904 ], [ 185454.1351000033319, 426950.8141999989748 ], [ 185439.054099999368191, 426949.237200003117323 ], [ 185432.287099998444319, 426953.714200004935265 ], [ 185426.651100002229214, 426950.172200012952089 ], [ 185343.887099999934435, 426903.637200001627207 ], [ 185338.72410000115633, 426911.070200007408857 ], [ 185330.21510000154376, 426922.571199998259544 ], [ 185314.249099999666214, 426945.22520000487566 ], [ 185303.198100000619888, 426960.772200006991625 ], [ 185295.588100004941225, 426971.87720000743866 ], [ 185319.520099997520447, 426988.459199998527765 ], [ 185307.565099999308586, 427005.6891999989748 ], [ 185292.788100004196167, 426998.589200004935265 ], [ 185274.846100006252527, 426986.489200003445148 ], [ 185255.7601000033319, 427012.755300000309944 ], [ 185256.200100008398294, 427012.32430000603199 ], [ 185256.689100001007318, 427011.950300008058548 ], [ 185257.220099996775389, 427011.638300009071827 ], [ 185257.785100009292364, 427011.393300000578165 ], [ 185258.3761, 427011.218299999833107 ], [ 185258.98310000449419, 427011.116300001740456 ], [ 185259.599100008606911, 427011.089300006628036 ], [ 185260.213100004941225, 427011.13629999756813 ], [ 185260.816100005060434, 427011.258299998939037 ], [ 185261.401099998503923, 427011.452299997210503 ], [ 185342.141100004315376, 427044.541199997067451 ], [ 185306.283100008964539, 427096.38120000436902 ], [ 185295.551100000739098, 427089.066199999302626 ], [ 185296.453100007027388, 427087.614200007170439 ], [ 185284.262099996209145, 427079.133200000971556 ], [ 185279.09510000795126, 427075.678200010210276 ], [ 185267.689100008457899, 427067.733199995011091 ], [ 185262.708100002259016, 427063.983300004154444 ], [ 185262.34510001167655, 427063.93129999935627 ], [ 185260.455100007355213, 427062.377300009131432 ], [ 185253.137100011110306, 427057.68130000680685 ], [ 185233.716100003570318, 427086.340300012379885 ], [ 185229.944099999964237, 427083.642299994826317 ], [ 185227.218100011348724, 427087.503300007432699 ], [ 185234.061100002378225, 427092.273300006985664 ], [ 185226.888100009411573, 427102.386300005018711 ], [ 185205.363099999725819, 427087.318300008773804 ], [ 185204.773100003600121, 427086.665300000458956 ], [ 185204.619100000709295, 427085.93129999935627 ], [ 185204.820100009441376, 427085.211300000548363 ], [ 185196.210100006312132, 427097.43130000680685 ], [ 185197.120100006461143, 427097.194300003349781 ], [ 185197.903100002557039, 427097.084300000220537 ], [ 185198.803100001066923, 427097.030300002545118 ], [ 185199.641099996864796, 427097.311300005763769 ], [ 185202.381100002676249, 427098.993300005793571 ], [ 185217.258100003004074, 427109.783300001174212 ], [ 185201.394100002944469, 427132.549300007522106 ], [ 185198.42509999871254, 427135.669300012290478 ], [ 185202.787099994719028, 427138.675300005823374 ], [ 185203.863100007176399, 427137.118299994617701 ], [ 185240.42510000243783, 427162.73930000141263 ], [ 185239.938100006431341, 427163.430299997329712 ], [ 185240.353100001811981, 427163.726300001144409 ], [ 185237.783100008964539, 427167.351300004869699 ], [ 185206.101100001484156, 427144.74830000475049 ], [ 185197.190099999308586, 427138.722299996763468 ], [ 185193.996099997311831, 427142.990299999713898 ], [ 185184.945100005716085, 427155.511300008744001 ], [ 185167.255100000649691, 427142.964300002902746 ], [ 185166.5011, 427141.648299999535084 ], [ 185166.348100006580353, 427140.251300003379583 ], [ 185166.756100010126829, 427138.793300002813339 ], [ 185159.730099998414516, 427149.736300006508827 ], [ 185161.614100001752377, 427151.56530000269413 ], [ 185161.075100000947714, 427151.381300002336502 ], [ 185160.517099998891354, 427151.272300008684397 ], [ 185159.948100000619888, 427151.23930000513792 ], [ 185159.381100006401539, 427151.284299999475479 ], [ 185158.824100002646446, 427151.405300002545118 ], [ 185158.290100000798702, 427151.601299997419119 ], [ 185157.787100005894899, 427151.867300003767014 ], [ 185157.324100010097027, 427152.199299998581409 ], [ 185154.489100009202957, 427156.378300003707409 ], [ 185168.578099999576807, 427165.968299996107817 ], [ 185168.25110000371933, 427166.523300010710955 ], [ 185179.241099994629622, 427174.365300010889769 ], [ 185167.780099999159575, 427190.379299998283386 ], [ 185183.996100008487701, 427201.946299996227026 ], [ 185179.421100009232759, 427208.355300009250641 ], [ 185180.127100005745888, 427208.85130000859499 ], [ 185176.299099996685982, 427214.528299998492002 ], [ 185174.045100007206202, 427212.932300001382828 ], [ 185169.468099996447563, 427219.425299994647503 ], [ 185187.493100006133318, 427232.091300006955862 ], [ 185182.48309999704361, 427238.522300012409687 ], [ 185160.332100000232458, 427223.338299997150898 ], [ 185135.747100006788969, 427255.714299995452166 ], [ 185140.79110000282526, 427258.907299999147654 ], [ 185131.710099998861551, 427271.651299998164177 ], [ 185130.52309999987483, 427270.821300007402897 ], [ 185124.232100002467632, 427279.449299998581409 ], [ 185124.847100008279085, 427280.301300007849932 ], [ 185113.40310000628233, 427296.384300008416176 ], [ 185111.609100006520748, 427295.125300008803606 ], [ 185106.584100000560284, 427291.944299999624491 ], [ 185091.475100006908178, 427281.162300009280443 ], [ 185076.713100012391806, 427301.876299999654293 ], [ 185069.000100001692772, 427295.995299994945526 ], [ 185065.620100006461143, 427292.9493000023067 ], [ 185054.54110000282526, 427308.174300011247396 ], [ 185015.832100000232458, 427359.4222999997437 ], [ 184985.846100006252527, 427401.402300007641315 ], [ 184957.531100004911423, 427439.362300012260675 ], [ 184950.408100005239248, 427451.015299998223782 ], [ 184944.962100006639957, 427456.828300002962351 ], [ 184966.81810000166297, 427473.013300005346537 ], [ 184970.614100005477667, 427467.621300004422665 ], [ 184995.310100000351667, 427485.379299998283386 ], [ 184998.875100009143353, 427479.908300001174212 ], [ 185038.271100006997585, 427512.14130000770092 ], [ 185130.314100001007318, 427589.859300006181002 ], [ 185144.640100006014109, 427600.961299996823072 ], [ 185178.305100001394749, 427623.525299999862909 ], [ 185226.297100003808737, 427653.96730000525713 ], [ 185268.200100008398294, 427678.679299995303154 ], [ 185296.228100009262562, 427694.889300007373095 ], [ 185328.027100004255772, 427712.515300005674362 ], [ 185324.741100002080202, 427717.628300007432699 ], [ 185318.825099997222424, 427726.638300005346537 ], [ 185311.173099998384714, 427737.455300007015467 ], [ 185302.214100006967783, 427749.334300003945827 ], [ 185281.721100006252527, 427776.90930000692606 ], [ 185270.261100009083748, 427792.569300010800362 ], [ 185261.038100007921457, 427804.291299995034933 ], [ 185253.117099996656179, 427813.851300004869699 ], [ 185245.18410000577569, 427823.14130000770092 ], [ 185236.170100007206202, 427833.246300000697374 ], [ 185268.58110000193119, 427857.147300001233816 ], [ 185290.497100006788969, 427873.610300000756979 ], [ 185308.387099996209145, 427886.896300006657839 ], [ 185315.582100000232458, 427892.351300004869699 ], [ 185316.772100001573563, 427890.637299999594688 ], [ 185337.694099999964237, 427906.73930000141263 ], [ 185365.74210000038147, 427905.769300006330013 ], [ 185364.543100006878376, 427907.474299997091293 ], [ 185363.169100001454353, 427910.027300011366606 ], [ 185361.397100009024143, 427914.511300005018711 ], [ 185359.450100000947714, 427919.155300002545118 ], [ 185354.06810000166297, 427936.8733000010252 ], [ 185359.592099998146296, 427937.68129999935627 ], [ 185364.250100012868643, 427939.119300000369549 ], [ 185378.510099995881319, 427943.019299998879433 ], [ 185378.520100008696318, 427942.969300001859665 ], [ 185381.790100000798702, 427943.999300003051758 ], [ 185381.80010000243783, 427943.939300008118153 ], [ 185386.640100009739399, 427945.27930000051856 ], [ 185387.060100004076958, 427945.569300007075071 ], [ 185393.750100001692772, 427931.549300000071526 ], [ 185397.460100002586842, 427926.179300006479025 ], [ 185402.286100007593632, 427918.930300008505583 ], [ 185429.200100012123585, 427941.371299996972084 ], [ 185431.27810000628233, 427941.653299998492002 ], [ 185433.279099997133017, 427941.582300007343292 ], [ 185470.523100007325411, 427907.11030000820756 ], [ 185463.517100006341934, 427899.273300006985664 ], [ 185470.388100001960993, 427891.366299998015165 ], [ 185468.252100005745888, 427889.562300000339746 ], [ 185473.55510001257062, 427884.126299999654293 ], [ 185484.266100011765957, 427893.486299999058247 ], [ 185504.539099998772144, 427910.283300001174212 ], [ 185498.141100000590086, 427917.585300002247095 ], [ 185508.603100001811981, 427925.963300000876188 ], [ 185514.533100005239248, 427918.703300002962351 ], [ 185544.013099998235703, 427943.308300007134676 ], [ 185573.087099999189377, 427966.978300001472235 ], [ 185574.822100002318621, 427965.296299997717142 ], [ 185578.238100007176399, 427968.886300008744001 ], [ 185580.155100002884865, 427967.144299998879433 ], [ 185585.908099997788668, 427966.862299997359514 ], [ 185590.628100000321865, 427966.702300012111664 ], [ 185592.572100002318621, 427967.646300006657839 ], [ 185623.065100006759167, 427991.951300006359816 ], [ 185622.645100008696318, 427992.430300001055002 ], [ 185627.978100012987852, 427997.377300005406141 ], [ 185636.369100000709295, 428004.628400005400181 ], [ 185625.741099998354912, 428015.020399998873472 ], [ 185639.377100005745888, 428026.47240000590682 ], [ 185638.69310000166297, 428027.451400000602007 ], [ 185666.799100000411272, 428050.810400005429983 ], [ 185686.421100001782179, 428067.657400004565716 ], [ 185707.842100005596876, 428085.006400000303984 ], [ 185720.147100005298853, 428095.090399999171495 ], [ 185739.432100012898445, 428108.661400008946657 ], [ 185739.781100001186132, 428107.544400006532669 ], [ 185749.469100005924702, 428109.817399997264147 ], [ 185750.253100004047155, 428107.384400002658367 ], [ 185755.346100009977818, 428108.90540000423789 ], [ 185760.816100008785725, 428113.632400002330542 ], [ 185766.95210000872612, 428106.77140000462532 ] ] ] ] } },
{ "type": "Feature", "properties": { "fid": 3082, "buurtcode": "BU02680424", "buurtnaam": "Neerbosch-Oost", "wijkcode": "WK026804", "gemeentecode": "GM0268", "gemeentenaam": "Nijmegen", "indelingswijziging_wijken_en_buurten": 1, "water": "NEE", "meest_voorkomende_postcode": "6544", "dekkingspercentage": 3, "omgevingsadressendichtheid": 2168, "stedelijkheid_adressen_per_km2": 2, "bevolkingsdichtheid_inwoners_per_km2": 4997, "aantal_inwoners": 7515, "mannen": 3585, "vrouwen": 3930, "percentage_personen_0_tot_15_jaar": 12, "percentage_personen_15_tot_25_jaar": 18, "percentage_personen_25_tot_45_jaar": 28, "percentage_personen_45_tot_65_jaar": 22, "percentage_personen_65_jaar_en_ouder": 19, "percentage_ongehuwd": 60, "percentage_gehuwd": 26, "percentage_gescheid": 9, "percentage_verweduwd": 6, "aantal_huishoudens": 4095, "percentage_eenpersoonshuishoudens": 57, "percentage_huishoudens_zonder_kinderen": 21, "percentage_huishoudens_met_kinderen": 22, "gemiddelde_huishoudsgrootte": 1.8, "percentage_met_herkomstland_nederland": 55, "percentage_met_herkomstland_uit_europa_excl_nl": 10, "percentage_met_herkomstland_buiten_europa": 30, "percentage_geb_in_nl_met_herkomstland_nederland": 55, "perc_geb_in_nl_met_herkomstland_in_europa_ex_nl": 5, "perc_geb_in_nl_met_herkomstland_buiten_europa": 15, "perc_geb_buiten_nl_met_herkomstlnd_in_europa_ex_nl": 5, "perc_geb_buiten_nl_met_herkomstlnd_buiten_europa": 20, "oppervlakte_totaal_in_ha": 159, "oppervlakte_land_in_ha": 150, "oppervlakte_water_in_ha": 9, "jrstatcode": "2025BU02680424", "jaar": 2025 }, "geometry": { "type": "MultiPolygon", "coordinates": [ [ [ [ 184391.086199995130301, 428185.278400000184774 ], [ 184415.482200000435114, 428158.602300006896257 ], [ 184419.90820000693202, 428152.408300004899502 ], [ 184435.550200004130602, 428166.247300002723932 ], [ 184437.897200006991625, 428167.929300002753735 ], [ 184454.452200006693602, 428177.717299997806549 ], [ 184476.741200000047684, 428194.183300003409386 ], [ 184508.960200004279613, 428154.001299999654293 ], [ 184522.634199995547533, 428165.192299999296665 ], [ 184582.639199998229742, 428090.177300002425909 ], [ 184513.877099994570017, 428034.358300004154444 ], [ 184525.453099995851517, 428019.929299999028444 ], [ 184524.8581000007689, 428021.999300003051758 ], [ 184525.087099999189377, 428024.444300003349781 ], [ 184525.551100008189678, 428025.713300004601479 ], [ 184526.023100007325411, 428026.600299999117851 ], [ 184527.124099999666214, 428027.717300001531839 ], [ 184528.5861000046134, 428028.82430000603199 ], [ 184568.968199994415045, 428061.542300000786781 ], [ 184584.436099998652935, 428042.484299998730421 ], [ 184591.610100004822016, 428033.491300005465746 ], [ 184601.326099999248981, 428041.322299998253584 ], [ 184625.683100003749132, 428014.619300000369549 ], [ 184600.900100007653236, 427996.745300006121397 ], [ 184635.010099999606609, 427954.304299999028444 ], [ 184633.287100002169609, 427953.045299995690584 ], [ 184599.098100002855062, 427928.84230001270771 ], [ 184656.244100008159876, 427858.004299998283386 ], [ 184656.373099997639656, 427857.904300007969141 ], [ 184688.368100002408028, 427815.725299999117851 ], [ 184734.796100009232759, 427854.586300000548363 ], [ 184825.441100012511015, 427736.856299996376038 ], [ 184777.2060999982059, 427698.031300004571676 ], [ 184777.324100006371737, 427697.468300003558397 ], [ 184800.095100000500679, 427663.604300003498793 ], [ 184802.929099999368191, 427657.479300003498793 ], [ 184804.746100004762411, 427654.795300003141165 ], [ 184804.039099998772144, 427654.290300000458956 ], [ 184807.639100003987551, 427649.255300007760525 ], [ 184818.613100003451109, 427657.048300012946129 ], [ 184820.895100012421608, 427654.084300007671118 ], [ 184826.904099997133017, 427658.222300004214048 ], [ 184837.158100012689829, 427643.56529999896884 ], [ 184839.396100006997585, 427645.024299997836351 ], [ 184845.42510000616312, 427636.578300002962351 ], [ 184860.802099995315075, 427647.45830000564456 ], [ 184870.343100003898144, 427634.62330000475049 ], [ 184876.137100007385015, 427639.383300002664328 ], [ 184893.477099999785423, 427617.414299998432398 ], [ 184943.379100002348423, 427551.881299994885921 ], [ 184948.091099999845028, 427545.693300005048513 ], [ 184968.663100007921457, 427519.433300010859966 ], [ 184986.203099999576807, 427495.774299997836351 ], [ 184994.070099998265505, 427486.326300002634525 ], [ 184995.310100000351667, 427485.379299998283386 ], [ 184970.614100005477667, 427467.621300004422665 ], [ 184966.81810000166297, 427473.013300005346537 ], [ 184944.962100006639957, 427456.828300002962351 ], [ 184950.408100005239248, 427451.015299998223782 ], [ 184957.531100004911423, 427439.362300012260675 ], [ 184985.846100006252527, 427401.402300007641315 ], [ 185015.832100000232458, 427359.4222999997437 ], [ 185054.54110000282526, 427308.174300011247396 ], [ 185065.620100006461143, 427292.9493000023067 ], [ 185069.000100001692772, 427295.995299994945526 ], [ 185076.713100012391806, 427301.876299999654293 ], [ 185091.475100006908178, 427281.162300009280443 ], [ 185106.584100000560284, 427291.944299999624491 ], [ 185111.609100006520748, 427295.125300008803606 ], [ 185113.40310000628233, 427296.384300008416176 ], [ 185124.847100008279085, 427280.301300007849932 ], [ 185124.232100002467632, 427279.449299998581409 ], [ 185130.52309999987483, 427270.821300007402897 ], [ 185131.710099998861551, 427271.651299998164177 ], [ 185140.79110000282526, 427258.907299999147654 ], [ 185135.747100006788969, 427255.714299995452166 ], [ 185160.332100000232458, 427223.338299997150898 ], [ 185182.48309999704361, 427238.522300012409687 ], [ 185187.493100006133318, 427232.091300006955862 ], [ 185169.468099996447563, 427219.425299994647503 ], [ 185174.045100007206202, 427212.932300001382828 ], [ 185176.299099996685982, 427214.528299998492002 ], [ 185180.127100005745888, 427208.85130000859499 ], [ 185179.421100009232759, 427208.355300009250641 ], [ 185183.996100008487701, 427201.946299996227026 ], [ 185167.780099999159575, 427190.379299998283386 ], [ 185179.241099994629622, 427174.365300010889769 ], [ 185168.25110000371933, 427166.523300010710955 ], [ 185168.578099999576807, 427165.968299996107817 ], [ 185154.489100009202957, 427156.378300003707409 ], [ 185157.324100010097027, 427152.199299998581409 ], [ 185157.787100005894899, 427151.867300003767014 ], [ 185158.290100000798702, 427151.601299997419119 ], [ 185158.824100002646446, 427151.405300002545118 ], [ 185159.381100006401539, 427151.284299999475479 ], [ 185159.948100000619888, 427151.23930000513792 ], [ 185160.517099998891354, 427151.272300008684397 ], [ 185161.075100000947714, 427151.381300002336502 ], [ 185161.614100001752377, 427151.56530000269413 ], [ 185159.730099998414516, 427149.736300006508827 ], [ 185166.756100010126829, 427138.793300002813339 ], [ 185166.348100006580353, 427140.251300003379583 ], [ 185166.5011, 427141.648299999535084 ], [ 185167.255100000649691, 427142.964300002902746 ], [ 185184.945100005716085, 427155.511300008744001 ], [ 185193.996099997311831, 427142.990299999713898 ], [ 185197.190099999308586, 427138.722299996763468 ], [ 185206.101100001484156, 427144.74830000475049 ], [ 185237.783100008964539, 427167.351300004869699 ], [ 185240.353100001811981, 427163.726300001144409 ], [ 185239.938100006431341, 427163.430299997329712 ], [ 185240.42510000243783, 427162.73930000141263 ], [ 185203.863100007176399, 427137.118299994617701 ], [ 185202.787099994719028, 427138.675300005823374 ], [ 185198.42509999871254, 427135.669300012290478 ], [ 185201.394100002944469, 427132.549300007522106 ], [ 185217.258100003004074, 427109.783300001174212 ], [ 185202.381100002676249, 427098.993300005793571 ], [ 185199.641099996864796, 427097.311300005763769 ], [ 185198.803100001066923, 427097.030300002545118 ], [ 185197.903100002557039, 427097.084300000220537 ], [ 185197.120100006461143, 427097.194300003349781 ], [ 185196.210100006312132, 427097.43130000680685 ], [ 185204.820100009441376, 427085.211300000548363 ], [ 185204.619100000709295, 427085.93129999935627 ], [ 185204.773100003600121, 427086.665300000458956 ], [ 185205.363099999725819, 427087.318300008773804 ], [ 185226.888100009411573, 427102.386300005018711 ], [ 185234.061100002378225, 427092.273300006985664 ], [ 185227.218100011348724, 427087.503300007432699 ], [ 185229.944099999964237, 427083.642299994826317 ], [ 185233.716100003570318, 427086.340300012379885 ], [ 185253.137100011110306, 427057.68130000680685 ], [ 185260.455100007355213, 427062.377300009131432 ], [ 185262.34510001167655, 427063.93129999935627 ], [ 185262.708100002259016, 427063.983300004154444 ], [ 185267.689100008457899, 427067.733199995011091 ], [ 185279.09510000795126, 427075.678200010210276 ], [ 185284.262099996209145, 427079.133200000971556 ], [ 185296.453100007027388, 427087.614200007170439 ], [ 185295.551100000739098, 427089.066199999302626 ], [ 185306.283100008964539, 427096.38120000436902 ], [ 185342.141100004315376, 427044.541199997067451 ], [ 185261.401099998503923, 427011.452299997210503 ], [ 185260.816100005060434, 427011.258299998939037 ], [ 185260.213100004941225, 427011.13629999756813 ], [ 185259.599100008606911, 427011.089300006628036 ], [ 185258.98310000449419, 427011.116300001740456 ], [ 185258.3761, 427011.218299999833107 ], [ 185257.785100009292364, 427011.393300000578165 ], [ 185257.220099996775389, 427011.638300009071827 ], [ 185256.689100001007318, 427011.950300008058548 ], [ 185256.200100008398294, 427012.32430000603199 ], [ 185255.7601000033319, 427012.755300000309944 ], [ 185274.846100006252527, 426986.489200003445148 ], [ 185292.788100004196167, 426998.589200004935265 ], [ 185307.565099999308586, 427005.6891999989748 ], [ 185319.520099997520447, 426988.459199998527765 ], [ 185295.588100004941225, 426971.87720000743866 ], [ 185303.198100000619888, 426960.772200006991625 ], [ 185314.249099999666214, 426945.22520000487566 ], [ 185330.21510000154376, 426922.571199998259544 ], [ 185338.72410000115633, 426911.070200007408857 ], [ 185343.887099999934435, 426903.637200001627207 ], [ 185426.651100002229214, 426950.172200012952089 ], [ 185432.287099998444319, 426953.714200004935265 ], [ 185439.054099999368191, 426949.237200003117323 ], [ 185454.1351000033319, 426950.8141999989748 ], [ 185455.31810001283884, 426950.156200002878904 ], [ 185456.649100001901388, 426949.06020000949502 ], [ 185457.634100005030632, 426947.025200001895428 ], [ 185458.463100001215935, 426940.243200000375509 ], [ 185450.401100002229214, 426939.285199999809265 ], [ 185409.551100004464388, 426885.321200005710125 ], [ 185407.172100007534027, 426889.272199999541044 ], [ 185383.085099998861551, 426874.789200011640787 ], [ 185380.141100004315376, 426879.68019999563694 ], [ 185366.017100006341934, 426871.297199998050928 ], [ 185361.72410000488162, 426852.928200002759695 ], [ 185360.783099997788668, 426850.425200000405312 ], [ 185357.941100005060434, 426843.965200010687113 ], [ 185332.440100006759167, 426849.796200003474951 ], [ 185330.454100001603365, 426849.830200005322695 ], [ 185328.991099998354912, 426849.072200004011393 ], [ 185328.379099998623133, 426848.246200002729893 ], [ 185326.23310000449419, 426840.347199998795986 ], [ 185355.565100003033876, 426833.639200005680323 ], [ 185350.844100002199411, 426813.103200007230043 ], [ 185315.870099995285273, 426821.357200007885695 ], [ 185306.370100010186434, 426776.110200002789497 ], [ 185316.15310000628233, 426774.2432000041008 ], [ 185331.373100001364946, 426770.784200008958578 ], [ 185331.09910000488162, 426769.605200000107288 ], [ 185342.129099994897842, 426767.099200006574392 ], [ 185346.033100008964539, 426766.083200007677078 ], [ 185350.221100002527237, 426765.240199998021126 ], [ 185373.609099999070168, 426759.903200007975101 ], [ 185395.113099999725819, 426755.501200001686811 ], [ 185387.065100003033876, 426751.449200008064508 ], [ 185361.732099995017052, 426738.850199997425079 ], [ 185318.789100002497435, 426720.291200000792742 ], [ 185282.620100006461143, 426705.796200007200241 ], [ 185215.293100006878376, 426680.125300008803606 ], [ 185177.091099999845028, 426665.292300008237362 ], [ 185124.66609999537468, 426646.12330000475049 ], [ 185098.046100001782179, 426637.386300005018711 ], [ 185072.172099996358156, 426629.122299998998642 ], [ 185026.723099999129772, 426616.456300001591444 ], [ 185000.849100008606911, 426609.683300003409386 ], [ 184918.621100004762411, 426593.291200008243322 ], [ 184840.389100003987551, 426577.509199995547533 ], [ 184754.503100004047155, 426560.576200008392334 ], [ 184724.023100007325411, 426554.345200002193451 ], [ 184641.524100001901388, 426537.750200007110834 ], [ 184604.1351000033319, 426530.299199998378754 ], [ 184544.259100008755922, 426518.175200007855892 ], [ 184469.820100005716085, 426503.477200008928776 ], [ 184355.960100002586842, 426480.651200007647276 ], [ 184288.769100002944469, 426467.375200003385544 ], [ 184235.530100006610155, 426456.94420000910759 ], [ 184202.680100001394749, 426450.374200001358986 ], [ 184159.398100007325411, 426441.907200008630753 ], [ 184116.252099998295307, 426433.576200000941753 ], [ 184087.533100008964539, 426427.887200001627207 ], [ 184038.118100006133318, 426419.021200008690357 ], [ 184012.185100004076958, 426514.89920000731945 ], [ 183989.019100002944469, 426602.929200004786253 ], [ 183975.120099999010563, 426673.585200008004904 ], [ 183960.062100000679493, 426769.722200002521276 ], [ 183950.796099998056889, 426877.443199999630451 ], [ 183947.321100011467934, 426967.789200004190207 ], [ 183946.162100002169609, 427037.286200001835823 ], [ 183954.270100004971027, 427153.115200005471706 ], [ 183963.537100005894899, 427249.25220000743866 ], [ 183977.436100009828806, 427355.81529999896884 ], [ 184008.710100002586842, 427499.442300006747246 ], [ 184036.509100005030632, 427588.630300000309944 ], [ 184063.149100001901388, 427666.235300004482269 ], [ 184092.106100000441074, 427743.840300004929304 ], [ 184130.628099996596575, 427825.06529999896884 ], [ 184180.421100005507469, 427928.227300003170967 ], [ 184235.531100004911423, 428039.618300005793571 ], [ 184275.132100000977516, 428118.821399997919798 ], [ 184338.085099998861551, 428250.154400002211332 ], [ 184391.086199995130301, 428185.278400000184774 ] ] ] ] } },
{ "type": "Feature", "properties": { "fid": 3083, "buurtcode": "BU02680425", "buurtnaam": "Haven- en industrieterrein", "wijkcode": "WK026804", "gemeentecode": "GM0268", "gemeentenaam": "Nijmegen", "indelingswijziging_wijken_en_buurten": 1, "water": "NEE", "meest_voorkomende_postcode": "6541", "dekkingspercentage": 1, "omgevingsadressendichtheid": 1040, "stedelijkheid_adressen_per_km2": 3, "bevolkingsdichtheid_inwoners_per_km2": 289, "aantal_inwoners": 685, "mannen": 365, "vrouwen": 315, "percentage_personen_0_tot_15_jaar": 24, "percentage_personen_15_tot_25_jaar": 11, "percentage_personen_25_tot_45_jaar": 36, "percentage_personen_45_tot_65_jaar": 19, "percentage_personen_65_jaar_en_ouder": 10, "percentage_ongehuwd": 63, "percentage_gehuwd": 31, "percentage_gescheid": 5, "percentage_verweduwd": -99997, "aantal_huishoudens": 300, "percentage_eenpersoonshuishoudens": 39, "percentage_huishoudens_zonder_kinderen": 24, "percentage_huishoudens_met_kinderen": 37, "gemiddelde_huishoudsgrootte": 2.3, "percentage_met_herkomstland_nederland": 80, "percentage_met_herkomstland_uit_europa_excl_nl": 5, "percentage_met_herkomstland_buiten_europa": 10, "percentage_geb_in_nl_met_herkomstland_nederland": 80, "perc_geb_in_nl_met_herkomstland_in_europa_ex_nl": 5, "perc_geb_in_nl_met_herkomstland_buiten_europa": 5, "perc_geb_buiten_nl_met_herkomstlnd_in_europa_ex_nl": 5, "perc_geb_buiten_nl_met_herkomstlnd_buiten_europa": 5, "oppervlakte_totaal_in_ha": 315, "oppervlakte_land_in_ha": 236, "oppervlakte_water_in_ha": 79, "jrstatcode": "2025BU02680425", "jaar": 2025 }, "geometry": { "type": "MultiPolygon", "coordinates": [ [ [ [ 185329.440200012177229, 430841.060600005090237 ], [ 185503.307200007140636, 430703.847600005567074 ], [ 185599.417100004851818, 430623.529500003904104 ], [ 185757.921100001782179, 430488.846500001847744 ], [ 185785.014100007712841, 430465.663500003516674 ], [ 185814.565100006759167, 430439.74550000205636 ], [ 185924.186100006103516, 430341.502500001341105 ], [ 186001.859100006520748, 430273.076499998569489 ], [ 186075.098100006580353, 430214.137500006705523 ], [ 186156.132100004702806, 430151.787500012665987 ], [ 186209.967100009322166, 430111.297499999403954 ], [ 186258.222100004553795, 430073.975600007921457 ], [ 186297.642100006341934, 430042.454599995166063 ], [ 186318.490100007504225, 430026.463599998503923 ], [ 186352.079100009053946, 430001.807600002735853 ], [ 186480.173100002110004, 429904.983499996364117 ], [ 186418.168100006878376, 429781.207500003278255 ], [ 186423.88909999653697, 429776.826500006020069 ], [ 186393.324100006371737, 429705.635499998927116 ], [ 186406.293099999427795, 429700.266500003635883 ], [ 186372.9070999994874, 429649.596500001847744 ], [ 186368.298099998384714, 429646.603500008583069 ], [ 186357.062099996954203, 429651.703499998897314 ], [ 186324.641100004315376, 429611.183499999344349 ], [ 186289.62610000371933, 429567.537500001490116 ], [ 186270.375100009143353, 429543.395500011742115 ], [ 186269.911100003868341, 429542.743500012904406 ], [ 186269.310099996626377, 429542.158500000834465 ], [ 186268.758100006729364, 429541.814500000327826 ], [ 186268.063100002706051, 429541.572500009089708 ], [ 186257.700100012123585, 429524.809500008821487 ], [ 186240.392099995166063, 429477.716500010341406 ], [ 186236.36710000783205, 429445.113400004804134 ], [ 186238.700100008398294, 429257.208399999886751 ], [ 186237.565999995917082, 429212.43240000680089 ], [ 186239.324000004678965, 429201.169399999082088 ], [ 186231.939000003039837, 429197.973400004208088 ], [ 186227.914000000804663, 429182.276399999856949 ], [ 186223.084000006318092, 429168.188400007784367 ], [ 186217.852000009268522, 429154.905400007963181 ], [ 186214.228999998420477, 429147.257399994879961 ], [ 186191.688999999314547, 429104.994400005787611 ], [ 186140.973000001162291, 429009.198300011456013 ], [ 186079.791999999433756, 428892.471300005912781 ], [ 186043.162999998778105, 428822.83729999512434 ], [ 186005.328000012785196, 428751.593300003558397 ], [ 185989.63000001013279, 428719.393300004303455 ], [ 185970.824000008404255, 428684.999300006777048 ], [ 185975.776000000536442, 428682.504300009459257 ], [ 185975.436000000685453, 428681.859300002455711 ], [ 185944.401000004261732, 428623.445400003343821 ], [ 185937.980999998748302, 428625.547300007194281 ], [ 185927.804000001400709, 428629.19030000269413 ], [ 185917.700000002980232, 428632.91830000653863 ], [ 185917.472000002861023, 428631.725299999117851 ], [ 185904.812000002712011, 428636.850299995392561 ], [ 185876.721999995410442, 428648.396299999207258 ], [ 185843.98700001090765, 428661.60530000180006 ], [ 185831.738000001758337, 428666.675300005823374 ], [ 185830.928000010550022, 428654.763300005346537 ], [ 185828.364000000059605, 428621.701300010085106 ], [ 185825.510999996215105, 428586.654400005936623 ], [ 185823.640000008046627, 428559.928400006145239 ], [ 185824.736100006848574, 428535.052400000393391 ], [ 185815.946100004017353, 428532.467400006949902 ], [ 185805.574099995195866, 428531.965399999171495 ], [ 185793.190000008791685, 428531.293400000780821 ], [ 185782.190999999642372, 428530.509400006383657 ], [ 185771.382999997586012, 428529.929400008171797 ], [ 185758.906000003218651, 428525.392399996519089 ], [ 185738.861000001430511, 428517.577400002628565 ], [ 185716.375100001692772, 428504.111399997025728 ], [ 185701.169000010937452, 428530.064399998635054 ], [ 185700.923000004142523, 428539.109400007873774 ], [ 185699.921000003814697, 428569.33839999884367 ], [ 185699.697000004351139, 428578.611400008201599 ], [ 185688.609000001102686, 428578.477400001138449 ], [ 185687.886000011116266, 428627.737300001084805 ], [ 185687.458000011742115, 428651.799300000071526 ], [ 185631.169000003486872, 428650.220299996435642 ], [ 185601.129000000655651, 428649.173300001770258 ], [ 185579.133000001311302, 428656.990300003439188 ], [ 185532.125100001692772, 428652.975300002843142 ], [ 185501.086100000888109, 428650.379300002008677 ], [ 185476.570099994540215, 428648.220300003886223 ], [ 185450.431099999696016, 428645.196300003677607 ], [ 185420.454100009053946, 428641.892299994826317 ], [ 185391.33610000833869, 428657.455299995839596 ], [ 185359.529099997133017, 428674.857300005853176 ], [ 185342.59009999781847, 428683.939300008118153 ], [ 185339.465100008994341, 428685.700300004333258 ], [ 185267.995100010186434, 428553.285300008952618 ], [ 185302.969100002199411, 428527.34629999473691 ], [ 185367.348100006580353, 428530.984300006181002 ], [ 185366.705099999904633, 428521.051300007849932 ], [ 185365.366100002080202, 428502.549300000071526 ], [ 185365.463100004941225, 428501.863300003111362 ], [ 185366.324100002646446, 428489.7753000035882 ], [ 185368.44310000538826, 428458.921300005167723 ], [ 185368.586100000888109, 428457.610300000756979 ], [ 185370.766100008040667, 428443.400299999862909 ], [ 185369.252099998295307, 428443.394300002604723 ], [ 185366.869100000709295, 428442.670299999415874 ], [ 185355.627100005745888, 428433.093299996107817 ], [ 185301.8851000033319, 428471.770300008356571 ], [ 185266.239100012928247, 428497.347300000488758 ], [ 185252.530100006610155, 428506.16830001026392 ], [ 185248.137099999934435, 428508.595300007611513 ], [ 185247.535099998116493, 428508.5692999958992 ], [ 185243.423099994659424, 428511.026300005614758 ], [ 185207.671100001782179, 428445.765300005674362 ], [ 185261.773100007325411, 428416.139299999922514 ], [ 185272.850099999457598, 428431.530300002545118 ], [ 185316.109100006520748, 428399.691300000995398 ], [ 185270.81810000166297, 428329.525299996137619 ], [ 185202.526100005954504, 428375.196300003677607 ], [ 185191.947100006043911, 428362.031300000846386 ], [ 185091.191100001335144, 428226.821299999952316 ], [ 185191.337099995464087, 428149.483300000429153 ], [ 185079.565100003033876, 428016.025299999862909 ], [ 185070.340100008994341, 428009.894299998879433 ], [ 185057.694100007414818, 428002.956300001591444 ], [ 185023.273100007325411, 427971.271299999207258 ], [ 185018.524100001901388, 427967.668299999088049 ], [ 185022.716099999845028, 427963.774300001561642 ], [ 185023.585100002586842, 427964.774300005286932 ], [ 185026.814100001007318, 427961.902300000190735 ], [ 184922.190100003033876, 427871.04730000346899 ], [ 184913.832100003957748, 427879.017299998551607 ], [ 184877.412100005894899, 427846.586300004273653 ], [ 184881.714100006967783, 427841.930300001055002 ], [ 184858.906100008636713, 427823.738299995660782 ], [ 184887.796100005507469, 427787.23929999768734 ], [ 184853.60810000449419, 427759.562300007790327 ], [ 184825.441100012511015, 427736.856299996376038 ], [ 184734.796100009232759, 427854.586300000548363 ], [ 184688.368100002408028, 427815.725299999117851 ], [ 184656.373099997639656, 427857.904300007969141 ], [ 184656.244100008159876, 427858.004299998283386 ], [ 184599.098100002855062, 427928.84230001270771 ], [ 184633.287100002169609, 427953.045299995690584 ], [ 184635.010099999606609, 427954.304299999028444 ], [ 184600.900100007653236, 427996.745300006121397 ], [ 184625.683100003749132, 428014.619300000369549 ], [ 184601.326099999248981, 428041.322299998253584 ], [ 184591.610100004822016, 428033.491300005465746 ], [ 184584.436099998652935, 428042.484299998730421 ], [ 184568.968199994415045, 428061.542300000786781 ], [ 184528.5861000046134, 428028.82430000603199 ], [ 184527.124099999666214, 428027.717300001531839 ], [ 184526.023100007325411, 428026.600299999117851 ], [ 184525.551100008189678, 428025.713300004601479 ], [ 184525.087099999189377, 428024.444300003349781 ], [ 184524.8581000007689, 428021.999300003051758 ], [ 184525.453099995851517, 428019.929299999028444 ], [ 184513.877099994570017, 428034.358300004154444 ], [ 184582.639199998229742, 428090.177300002425909 ], [ 184522.634199995547533, 428165.192299999296665 ], [ 184508.960200004279613, 428154.001299999654293 ], [ 184476.741200000047684, 428194.183300003409386 ], [ 184454.452200006693602, 428177.717299997806549 ], [ 184437.897200006991625, 428167.929300002753735 ], [ 184435.550200004130602, 428166.247300002723932 ], [ 184419.90820000693202, 428152.408300004899502 ], [ 184415.482200000435114, 428158.602300006896257 ], [ 184391.086199995130301, 428185.278400000184774 ], [ 184338.085099998861551, 428250.154400002211332 ], [ 184344.735100001096725, 428264.027399994432926 ], [ 184427.539099998772144, 428424.834399994462729 ], [ 184498.342099998146296, 428566.440400000661612 ], [ 184633.947100006043911, 428836.451400011777878 ], [ 184556.177100006490946, 428871.69539999589324 ], [ 184650.021100006997585, 429077.136400002986193 ], [ 184639.794099997729063, 429078.689000003039837 ], [ 184640.225000001490116, 429080.391000002622604 ], [ 184652.13400000706315, 429120.423000004142523 ], [ 184662.195000004023314, 429154.24600000679493 ], [ 184665.245000001043081, 429164.501000002026558 ], [ 184684.379000004380941, 429228.824000004678965 ], [ 184689.114000007510185, 429244.74100000411272 ], [ 184701.776000004261732, 429287.30800000205636 ], [ 184740.092000003904104, 429375.557000000029802 ], [ 184745.120999999344349, 429387.140000008046627 ], [ 184759.748000007122755, 429422.638000003993511 ], [ 184763.722999997437, 429430.578000001609325 ], [ 184770.473000008612871, 429444.061999995261431 ], [ 184780.453000012785196, 429463.995999995619059 ], [ 184789.334000002592802, 429481.736999996006489 ], [ 184796.732000008225441, 429496.513000007718801 ], [ 184802.991999998688698, 429509.01800000667572 ], [ 184808.600000005215406, 429520.220000006258488 ], [ 184816.390000004321337, 429520.271000001579523 ], [ 184840.340000003576279, 429566.741999998688698 ], [ 184838.775999996811152, 429575.667999997735023 ], [ 184879.010000005364418, 429669.723000008612871 ], [ 184920.665900006890297, 429760.214999999850988 ], [ 184957.773000005632639, 429743.296000000089407 ], [ 184965.0, 429739.99999999627471 ], [ 185007.480000007897615, 429836.120000008493662 ], [ 185010.360000003129244, 429842.900000002235174 ], [ 185033.160000007599592, 429890.809999998658895 ], [ 185050.309000007808208, 429930.512000001966953 ], [ 185078.397000003606081, 429990.823000002652407 ], [ 185085.00000000372529, 430005.00000000372529 ], [ 185125.550000011920929, 430110.430000003427267 ], [ 185152.467000007629395, 430180.413999997079372 ], [ 185185.0, 430265.0 ], [ 185205.00000000372529, 430425.0 ], [ 185195.00000000372529, 430530.000000007450581 ], [ 185191.068999998271465, 430545.724000006914139 ], [ 185190.000000007450581, 430550.0 ], [ 185185.0, 430560.0 ], [ 185170.00000000372529, 430585.0 ], [ 185115.000000011175871, 430635.0 ], [ 185100.0, 430649.99999999627471 ], [ 185085.00000000372529, 430670.00000000372529 ], [ 185070.00000000372529, 430700.000000011175871 ], [ 185064.99999999627471, 430730.00000000372529 ], [ 185070.00000000372529, 430759.99999999627471 ], [ 185080.000000007450581, 430790.00000000372529 ], [ 185106.421000003814697, 430820.824000004678965 ], [ 185110.0, 430825.000000007450581 ], [ 185201.848099999129772, 430942.215000007301569 ], [ 185329.440200012177229, 430841.060600005090237 ] ] ] ] } },
{ "type": "Feature", "properties": { "fid": 3084, "buurtcode": "BU02680510", "buurtnaam": "Nije Veld", "wijkcode": "WK026805", "gemeentecode": "GM0268", "gemeentenaam": "Nijmegen", "indelingswijziging_wijken_en_buurten": 1, "water": "NEE", "meest_voorkomende_postcode": "6531", "dekkingspercentage": 3, "omgevingsadressendichtheid": 3486, "stedelijkheid_adressen_per_km2": 1, "bevolkingsdichtheid_inwoners_per_km2": 6870, "aantal_inwoners": 5520, "mannen": 2615, "vrouwen": 2910, "percentage_personen_0_tot_15_jaar": 12, "percentage_personen_15_tot_25_jaar": 19, "percentage_personen_25_tot_45_jaar": 32, "percentage_personen_45_tot_65_jaar": 25, "percentage_personen_65_jaar_en_ouder": 12, "percentage_ongehuwd": 67, "percentage_gehuwd": 22, "percentage_gescheid": 8, "percentage_verweduwd": 3, "aantal_huishoudens": 3235, "percentage_eenpersoonshuishoudens": 61, "percentage_huishoudens_zonder_kinderen": 18, "percentage_huishoudens_met_kinderen": 21, "gemiddelde_huishoudsgrootte": 1.7, "percentage_met_herkomstland_nederland": 65, "percentage_met_herkomstland_uit_europa_excl_nl": 10, "percentage_met_herkomstland_buiten_europa": 25, "percentage_geb_in_nl_met_herkomstland_nederland": 65, "perc_geb_in_nl_met_herkomstland_in_europa_ex_nl": 5, "perc_geb_in_nl_met_herkomstland_buiten_europa": 10, "perc_geb_buiten_nl_met_herkomstlnd_in_europa_ex_nl": 5, "perc_geb_buiten_nl_met_herkomstlnd_buiten_europa": 15, "oppervlakte_totaal_in_ha": 80, "oppervlakte_land_in_ha": 80, "oppervlakte_water_in_ha": 0, "jrstatcode": "2025BU02680510", "jaar": 2025 }, "geometry": { "type": "MultiPolygon", "coordinates": [ [ [ [ 186970.399099998176098, 428073.061299994587898 ], [ 186971.317099999636412, 428019.017300006002188 ], [ 186974.50000000372529, 427957.812300004065037 ], [ 186977.50900000333786, 427922.816300004720688 ], [ 186980.131000000983477, 427892.322200004011393 ], [ 186981.355000004172325, 427880.815199997276068 ], [ 186984.048000004142523, 427865.636199999600649 ], [ 186988.576999995857477, 427846.540199995040894 ], [ 187006.816000007092953, 427785.825200010091066 ], [ 187014.772999998182058, 427762.199200000613928 ], [ 187021.015999995172024, 427745.429200004786253 ], [ 187026.769000004976988, 427733.310199998319149 ], [ 187038.765999998897314, 427712.501200001686811 ], [ 187048.436000000685453, 427693.404199998825788 ], [ 187059.452999997884035, 427677.001200009137392 ], [ 187068.388999998569489, 427663.536200001835823 ], [ 187068.388999998569489, 427663.414200004190207 ], [ 187085.894000008702278, 427638.932199995964766 ], [ 187120.658000003546476, 427597.557100009173155 ], [ 187164.726000003516674, 427548.837100006639957 ], [ 187187.739000000059605, 427525.335100006312132 ], [ 187236.948000006377697, 427472.698099996894598 ], [ 187335.367000006139278, 427378.442100007086992 ], [ 187457.349000003188848, 427258.969099998474121 ], [ 187464.145000003278255, 427252.0591000020504 ], [ 187483.005000002682209, 427232.90710000321269 ], [ 187498.50900000333786, 427217.686100002378225 ], [ 187486.466000005602837, 427130.815099995583296 ], [ 187432.407999999821186, 427138.854100003838539 ], [ 187427.07600000873208, 427103.516100008040667 ], [ 187417.947000004351139, 427104.747100006788969 ], [ 187417.458000000566244, 427100.328100007027388 ], [ 187416.032000005245209, 427089.165100004523993 ], [ 187412.605999998748302, 427065.812100008130074 ], [ 187415.151000007987022, 427065.486099995672703 ], [ 187411.601000007241964, 427037.784100007265806 ], [ 187409.678000003099442, 427037.9290999956429 ], [ 187407.191000010818243, 427038.171099998056889 ], [ 187403.887000005692244, 427038.365100000053644 ], [ 187310.221000008285046, 427045.516100004315376 ], [ 187309.334000002592802, 427040.654100004583597 ], [ 187257.429100003093481, 427044.548100005835295 ], [ 187256.471100002527237, 427044.681099999696016 ], [ 187257.80009999871254, 427053.111099999397993 ], [ 187253.235100012272596, 427053.862100008875132 ], [ 187234.055100008845329, 427057.192100010812283 ], [ 187233.199099998921156, 427052.397099997848272 ], [ 187222.555100001394749, 427054.167099997401237 ], [ 187222.016100000590086, 427050.974100008606911 ], [ 187212.951100006699562, 427052.457100007683039 ], [ 187212.329100005328655, 427045.881100002676249 ], [ 187206.022100009024143, 427046.913099996745586 ], [ 187205.5861000046134, 427042.302100002765656 ], [ 187199.21110000833869, 427042.873100012540817 ], [ 187197.944099999964237, 427029.48309999704361 ], [ 187192.848100002855062, 427030.317100003361702 ], [ 187192.715100008994341, 427029.339100006967783 ], [ 187174.664100006222725, 427032.292100001126528 ], [ 187167.511100009083748, 427033.213100008666515 ], [ 187163.023100011050701, 427033.960100002586842 ], [ 187163.615100000053644, 427037.819100003689528 ], [ 187134.049100000411272, 427042.953100003302097 ], [ 187134.160100005567074, 427043.966099999845028 ], [ 187131.311100002378225, 427044.461100000888109 ], [ 187131.809099998325109, 427047.5011 ], [ 187128.729100003838539, 427048.035100001841784 ], [ 187129.144099999219179, 427051.823100000619888 ], [ 187122.409100003540516, 427052.99210000783205 ], [ 187130.522100009024143, 427102.063100006431341 ], [ 187083.186099994927645, 427109.930100005120039 ], [ 187084.2060999982059, 427116.125100001692772 ], [ 187072.496100004762411, 427118.0810999982059 ], [ 187074.057100005447865, 427127.697100002318621 ], [ 187047.257100008428097, 427132.119100008159876 ], [ 187036.434099994599819, 427064.754100002348423 ], [ 187037.420099999755621, 427064.708099998533726 ], [ 187037.147100001573563, 427063.249099999666214 ], [ 187035.430100001394749, 427063.571100007742643 ], [ 187010.091099999845028, 427067.733100008219481 ], [ 186971.123099997639656, 427074.493100002408028 ], [ 186973.429100010544062, 427088.204100001603365 ], [ 186943.335100006312132, 427092.344100005924702 ], [ 186949.52810001000762, 427141.138100005686283 ], [ 186896.734100006520748, 427116.515099998563528 ], [ 186892.172100011259317, 427082.444099996238947 ], [ 186860.26010000705719, 427087.441100001335144 ], [ 186855.241099994629622, 427088.176099997013807 ], [ 186832.668100006878376, 427084.455100003629923 ], [ 186830.187099996954203, 427068.293100006878376 ], [ 186830.221099998801947, 427067.9341000020504 ], [ 186830.317100003361702, 427067.58610001206398 ], [ 186830.47409999743104, 427067.261100009083748 ], [ 186830.685100007802248, 427066.969099994748831 ], [ 186830.945099998265505, 427066.719100002199411 ], [ 186831.245100002735853, 427066.518100008368492 ], [ 186831.576100002974272, 427066.374099999666214 ], [ 186831.927099999040365, 427066.29110000282526 ], [ 186816.075100004673004, 427067.977100003510714 ], [ 186816.896100006997585, 427068.033099997788668 ], [ 186817.376099996268749, 427068.234100006520748 ], [ 186817.988099999725819, 427068.851100008934736 ], [ 186818.398100007325411, 427070.203100007027388 ], [ 186821.221099998801947, 427089.870100006461143 ], [ 186791.955100007355213, 427094.051100004464388 ], [ 186791.01410000026226, 427094.080100007355213 ], [ 186791.192100007086992, 427095.375100001692772 ], [ 186779.174100004136562, 427097.121100001037121 ], [ 186777.47010001167655, 427085.622100003063679 ], [ 186771.744100008159876, 427086.468100000172853 ], [ 186771.761100001633167, 427086.838100001215935 ], [ 186765.16610000655055, 427087.536100007593632 ], [ 186764.713100008666515, 427077.668100003153086 ], [ 186764.580099999904633, 427076.092100005596876 ], [ 186764.850100006908178, 427074.348099999129772 ], [ 186765.220100004225969, 427073.651100005954504 ], [ 186765.504099998623133, 427073.288100000470877 ], [ 186766.098099995404482, 427072.759100012481213 ], [ 186767.897100009024143, 427072.167100008577108 ], [ 186744.382100004702806, 427075.798099998384714 ], [ 186746.297100007534027, 427075.935100007802248 ], [ 186747.38510001078248, 427076.786100007593632 ], [ 186748.620099995285273, 427078.393100000917912 ], [ 186749.048099994659424, 427079.437100004404783 ], [ 186751.376099996268749, 427091.362100008875132 ], [ 186720.919100005179644, 427095.591100011020899 ], [ 186723.342099998146296, 427113.466100003570318 ], [ 186713.154100004583597, 427111.839099995791912 ], [ 186710.284100010991096, 427091.851099997758865 ], [ 186693.691100008785725, 427093.671100009232759 ], [ 186694.925099994987249, 427084.868100002408028 ], [ 186695.115100007504225, 427084.101100001484156 ], [ 186695.5320999994874, 427083.481100007891655 ], [ 186696.516100008040667, 427082.458099998533726 ], [ 186697.483100008219481, 427081.966099999845028 ], [ 186675.545099999755621, 427085.130100004374981 ], [ 186676.238100003451109, 427085.192100007086992 ], [ 186677.399100005626678, 427085.729100000113249 ], [ 186678.252100002020597, 427086.525100003927946 ], [ 186678.777100000530481, 427087.41610000282526 ], [ 186679.007100012153387, 427089.171100001782179 ], [ 186678.908100001513958, 427091.17110001295805 ], [ 186676.084100000560284, 427110.671100001782179 ], [ 186656.569099999964237, 427107.761100009083748 ], [ 186639.187100000679493, 427123.307100001722574 ], [ 186619.234099999070168, 427115.963100008666515 ], [ 186597.151100002229214, 427119.171100009232759 ], [ 186559.34910000115633, 427124.31810000166297 ], [ 186554.631100010126829, 427088.987100001424551 ], [ 186522.284099996089935, 427093.07209999859333 ], [ 186500.006099998950958, 427095.275100011378527 ], [ 186485.561099998652935, 427095.031099997460842 ], [ 186463.650100011378527, 427094.174100000411272 ], [ 186456.795100007206202, 427093.194100011140108 ], [ 186445.381100002676249, 427090.984100002795458 ], [ 186445.975100003182888, 427077.524099998176098 ], [ 186438.012099999934435, 427070.655100006610155 ], [ 186400.382100012153387, 427042.016100000590086 ], [ 186386.812099996954203, 427002.205100007355213 ], [ 186375.238100007176399, 426969.427100002765656 ], [ 186351.7331000007689, 426901.910100005567074 ], [ 186338.506100006401539, 426863.726100001484156 ], [ 186324.000100001692772, 426821.599100008606911 ], [ 186339.897100005298853, 426791.440099999308586 ], [ 186349.246100004762411, 426788.296100009232759 ], [ 186357.397099997848272, 426785.821100007742643 ], [ 186351.399099994450808, 426766.848099999129772 ], [ 186349.196100011467934, 426757.789100002497435 ], [ 186346.083100002259016, 426725.747099995613098 ], [ 186342.037100002169609, 426685.680100008845329 ], [ 186286.752100005745888, 426690.619099996984005 ], [ 186281.159100010991096, 426690.127100002020597 ], [ 186275.154099997133017, 426689.691100008785725 ], [ 186273.762100003659725, 426689.482099995017052 ], [ 186272.381100002676249, 426689.213100001215935 ], [ 186271.013100005686283, 426688.883099999278784 ], [ 186269.661100007593632, 426688.494100000709295 ], [ 186268.327100001275539, 426688.046100001782179 ], [ 186267.01410000026226, 426687.539100006222725 ], [ 186264.495100002735853, 426686.393100000917912 ], [ 186263.298100005835295, 426685.74210000038147 ], [ 186262.140100006014109, 426685.027100000530481 ], [ 186261.023100003600121, 426684.248100005090237 ], [ 186259.950100000947714, 426683.409099999815226 ], [ 186258.926100008189678, 426682.511100009083748 ], [ 186257.953099995851517, 426681.55910000577569 ], [ 186257.057100001722574, 426680.431100007146597 ], [ 186256.214100006967783, 426679.263099994510412 ], [ 186255.425099994987249, 426678.058100007474422 ], [ 186254.691100008785725, 426676.81810000538826 ], [ 186254.015099994838238, 426675.546100001782179 ], [ 186252.602100003510714, 426672.471100009977818 ], [ 186251.875099997967482, 426670.668100006878376 ], [ 186251.218100000172853, 426668.838099997490644 ], [ 186250.632100008428097, 426666.984100002795458 ], [ 186250.11710000783205, 426665.109099999070168 ], [ 186249.674100007861853, 426663.216100003570318 ], [ 186248.744099996984005, 426658.589099999517202 ], [ 186247.84910000115633, 426655.075100008398294 ], [ 186247.322100006043911, 426653.484099999070168 ], [ 186246.725100003182888, 426651.918099999427795 ], [ 186246.060100000351667, 426650.380100004374981 ], [ 186245.329100005328655, 426648.872100006788969 ], [ 186244.533100001513958, 426647.398100007325411 ], [ 186243.672100000083447, 426645.960100006312132 ], [ 186242.750100009143353, 426644.561100002378225 ], [ 186242.028100002557039, 426643.673099998384714 ], [ 186241.257100012153387, 426642.828100007027388 ], [ 186240.439100001007318, 426642.029100000858307 ], [ 186239.57710000500083, 426641.277100007981062 ], [ 186238.673100002110004, 426640.576099999248981 ], [ 186237.731100000441074, 426639.927100002765656 ], [ 186236.753100004047155, 426639.334100004285574 ], [ 186235.743099998682737, 426638.797100011259317 ], [ 186234.704100009053946, 426638.31810000166297 ], [ 186230.54610001295805, 426636.728100005537271 ], [ 186227.431100007146597, 426635.616099998354912 ], [ 186224.295100007206202, 426634.563100006431341 ], [ 186205.494100008159876, 426628.794100001454353 ], [ 186200.556100003421307, 426627.430100008845329 ], [ 186195.942100003361702, 426626.003100004047155 ], [ 186190.972100008279085, 426624.19709999486804 ], [ 186186.083100002259016, 426622.184099994599819 ], [ 186183.671100001782179, 426621.101100005209446 ], [ 186180.413100004196167, 426619.381100002676249 ], [ 186177.232100006192923, 426617.520100001245737 ], [ 186176.005100000649691, 426616.681100007146597 ], [ 186174.13510000705719, 426615.524100005626678 ], [ 186171.128100000321865, 426613.395100004971027 ], [ 186165.847100004553795, 426609.234100002795458 ], [ 186164.079099997878075, 426607.754099994897842 ], [ 186163.039099998772144, 426606.838100001215935 ], [ 186157.125100001692772, 426601.419100008904934 ], [ 186155.758100006729364, 426600.545100007206202 ], [ 186153.874099999666214, 426599.658099997788668 ], [ 186150.411100000143051, 426597.765100002288818 ], [ 186147.397100001573563, 426597.153100002557039 ], [ 186143.320099994540215, 426595.221100006252527 ], [ 186140.530100006610155, 426591.144099999219179 ], [ 186135.380100011825562, 426584.277100007981062 ], [ 186133.449099998921156, 426581.488100003451109 ], [ 186123.286100003868341, 426569.700100008398294 ], [ 186122.317100007086992, 426568.633100003004074 ], [ 186110.485100001096725, 426556.59910000488162 ], [ 186098.471100002527237, 426545.008100006729364 ], [ 186084.52309999987483, 426533.420099996030331 ], [ 186075.980100002139807, 426526.642099998891354 ], [ 186068.39410000666976, 426537.479100000113249 ], [ 186044.552100006490946, 426575.410100001841784 ], [ 186029.922100007534027, 426600.3361000046134 ], [ 186009.33109999448061, 426638.266100000590086 ], [ 185975.19310000166297, 426699.497099999338388 ], [ 185953.518100004643202, 426741.763100005686283 ], [ 185926.967100005596876, 426791.073100004345179 ], [ 185909.627099998295307, 426822.50110000371933 ], [ 185905.834100000560284, 426828.732100009918213 ], [ 185875.422100003808737, 426861.244100008159876 ], [ 185858.7601000033319, 426879.5320999994874 ], [ 185831.395100012421608, 426910.690100006759167 ], [ 185816.358100008219481, 426925.862100012600422 ], [ 185830.786100000143051, 426941.712099995464087 ], [ 185856.457100000232458, 426969.008100006729364 ], [ 185859.911100007593632, 426972.395100012421608 ], [ 185868.920100007206202, 426982.14809999614954 ], [ 185874.000100009143353, 426987.432100001722574 ], [ 185879.825100008398294, 426992.715100005269051 ], [ 185883.9560999982059, 426996.034100010991096 ], [ 185885.379100002348423, 426997.050099994987249 ], [ 185886.462100006639957, 426997.930100008845329 ], [ 185887.749099995940924, 426998.811100006103516 ], [ 185866.887100011110306, 427032.950100012123585 ], [ 186359.01910000666976, 427324.336200002580881 ], [ 186386.636100001633167, 427341.326200012117624 ], [ 186407.371100004762411, 427354.08220000192523 ], [ 186435.40310000628233, 427371.954200003296137 ], [ 186453.031099997460842, 427384.562199998646975 ], [ 186473.228100009262562, 427399.129199996590614 ], [ 186504.688099998980761, 427423.244199998676777 ], [ 186529.048100005835295, 427442.707200009375811 ], [ 186555.611099999397993, 427465.843199998140335 ], [ 186577.400100007653236, 427485.306200008839369 ], [ 186600.780100006610155, 427506.973200004547834 ], [ 186613.14410000666976, 427519.214200008660555 ], [ 186630.281000006943941, 427536.596200004220009 ], [ 186649.377000000327826, 427556.427200008183718 ], [ 186666.760000009089708, 427575.401200000196695 ], [ 186668.109000001102686, 427576.942199997603893 ], [ 186682.184000000357628, 427593.017200008034706 ], [ 186690.01799999922514, 427601.964200004935265 ], [ 186690.827000007033348, 427602.959199994802475 ], [ 186708.13399999588728, 427624.242200002074242 ], [ 186726.129000008106232, 427647.500200007110834 ], [ 186736.534000005573034, 427660.721200000494719 ], [ 186744.613000009208918, 427671.738200001418591 ], [ 186761.137999996542931, 427694.50620000436902 ], [ 186770.441000003367662, 427709.318200010806322 ], [ 186787.211999997496605, 427735.759200002998114 ], [ 186791.374000009149313, 427743.470200002193451 ], [ 186802.390999998897314, 427762.199200000613928 ], [ 186829.626999996602535, 427819.059300001710653 ], [ 186890.754999998956919, 427957.453300002962351 ], [ 186970.522100009024143, 428141.48930000513792 ], [ 186970.399099998176098, 428073.061299994587898 ] ] ] ] } },
{ "type": "Feature", "properties": { "fid": 3085, "buurtcode": "BU02680511", "buurtnaam": "Hazenkamp", "wijkcode": "WK026805", "gemeentecode": "GM0268", "gemeentenaam": "Nijmegen", "indelingswijziging_wijken_en_buurten": 1, "water": "NEE", "meest_voorkomende_postcode": "6531", "dekkingspercentage": 1, "omgevingsadressendichtheid": 2714, "stedelijkheid_adressen_per_km2": 1, "bevolkingsdichtheid_inwoners_per_km2": 5958, "aantal_inwoners": 5305, "mannen": 2470, "vrouwen": 2835, "percentage_personen_0_tot_15_jaar": 17, "percentage_personen_15_tot_25_jaar": 13, "percentage_personen_25_tot_45_jaar": 25, "percentage_personen_45_tot_65_jaar": 23, "percentage_personen_65_jaar_en_ouder": 21, "percentage_ongehuwd": 58, "percentage_gehuwd": 33, "percentage_gescheid": 5, "percentage_verweduwd": 3, "aantal_huishoudens": 2555, "percentage_eenpersoonshuishoudens": 42, "percentage_huishoudens_zonder_kinderen": 30, "percentage_huishoudens_met_kinderen": 28, "gemiddelde_huishoudsgrootte": 2.1, "percentage_met_herkomstland_nederland": 85, "percentage_met_herkomstland_uit_europa_excl_nl": 10, "percentage_met_herkomstland_buiten_europa": 10, "percentage_geb_in_nl_met_herkomstland_nederland": 85, "perc_geb_in_nl_met_herkomstland_in_europa_ex_nl": 5, "perc_geb_in_nl_met_herkomstland_buiten_europa": 5, "perc_geb_buiten_nl_met_herkomstlnd_in_europa_ex_nl": 5, "perc_geb_buiten_nl_met_herkomstlnd_buiten_europa": 5, "oppervlakte_totaal_in_ha": 89, "oppervlakte_land_in_ha": 89, "oppervlakte_water_in_ha": 0, "jrstatcode": "2025BU02680511", "jaar": 2025 }, "geometry": { "type": "MultiPolygon", "coordinates": [ [ [ [ 186943.335100006312132, 427092.344100005924702 ], [ 186973.429100010544062, 427088.204100001603365 ], [ 186971.123099997639656, 427074.493100002408028 ], [ 187010.091099999845028, 427067.733100008219481 ], [ 187035.430100001394749, 427063.571100007742643 ], [ 187037.147100001573563, 427063.249099999666214 ], [ 187037.420099999755621, 427064.708099998533726 ], [ 187036.434099994599819, 427064.754100002348423 ], [ 187047.257100008428097, 427132.119100008159876 ], [ 187074.057100005447865, 427127.697100002318621 ], [ 187072.496100004762411, 427118.0810999982059 ], [ 187084.2060999982059, 427116.125100001692772 ], [ 187083.186099994927645, 427109.930100005120039 ], [ 187130.522100009024143, 427102.063100006431341 ], [ 187122.409100003540516, 427052.99210000783205 ], [ 187129.144099999219179, 427051.823100000619888 ], [ 187128.729100003838539, 427048.035100001841784 ], [ 187131.809099998325109, 427047.5011 ], [ 187131.311100002378225, 427044.461100000888109 ], [ 187134.160100005567074, 427043.966099999845028 ], [ 187134.049100000411272, 427042.953100003302097 ], [ 187163.615100000053644, 427037.819100003689528 ], [ 187163.023100011050701, 427033.960100002586842 ], [ 187167.511100009083748, 427033.213100008666515 ], [ 187174.664100006222725, 427032.292100001126528 ], [ 187192.715100008994341, 427029.339100006967783 ], [ 187192.848100002855062, 427030.317100003361702 ], [ 187197.944099999964237, 427029.48309999704361 ], [ 187199.21110000833869, 427042.873100012540817 ], [ 187205.5861000046134, 427042.302100002765656 ], [ 187206.022100009024143, 427046.913099996745586 ], [ 187212.329100005328655, 427045.881100002676249 ], [ 187212.951100006699562, 427052.457100007683039 ], [ 187222.016100000590086, 427050.974100008606911 ], [ 187222.555100001394749, 427054.167099997401237 ], [ 187233.199099998921156, 427052.397099997848272 ], [ 187234.055100008845329, 427057.192100010812283 ], [ 187253.235100012272596, 427053.862100008875132 ], [ 187257.80009999871254, 427053.111099999397993 ], [ 187256.471100002527237, 427044.681099999696016 ], [ 187257.429100003093481, 427044.548100005835295 ], [ 187309.334000002592802, 427040.654100004583597 ], [ 187310.221000008285046, 427045.516100004315376 ], [ 187403.887000005692244, 427038.365100000053644 ], [ 187407.191000010818243, 427038.171099998056889 ], [ 187409.678000003099442, 427037.9290999956429 ], [ 187408.601000010967255, 427024.868100002408028 ], [ 187431.230000004172325, 427021.948100008070469 ], [ 187430.716999996453524, 427015.453100007027388 ], [ 187430.038000006228685, 427009.60809999704361 ], [ 187433.72800000756979, 427008.950100000947714 ], [ 187433.108000002801418, 427002.803100004792213 ], [ 187441.943999994546175, 427001.663100000470877 ], [ 187439.348000008612871, 426980.325100012123585 ], [ 187465.214000005275011, 426977.272100009024143 ], [ 187453.462000008672476, 426903.825100004673004 ], [ 187436.283100001513958, 426778.972100004553795 ], [ 187422.652099996805191, 426780.506099998950958 ], [ 187394.954100012779236, 426783.754099998623133 ], [ 187395.542099997401237, 426789.180100008845329 ], [ 187391.960100010037422, 426789.559099998325109 ], [ 187390.49210000783205, 426798.11710000783205 ], [ 187384.415100008249283, 426797.119099996984005 ], [ 187382.894100002944469, 426812.667099997401237 ], [ 187347.480100005865097, 426810.10810000449419 ], [ 187348.172100000083447, 426802.874100003391504 ], [ 187349.82710000872612, 426803.060099996626377 ], [ 187351.888099994510412, 426785.105099998414516 ], [ 187325.575100012123585, 426781.922100007534027 ], [ 187329.393100008368492, 426738.115099996328354 ], [ 187329.460099995136261, 426733.797100000083447 ], [ 187282.66610000655055, 426693.860100004822016 ], [ 186243.688099998980761, 425664.803100001066923 ], [ 186244.772100012749434, 425678.620100002735853 ], [ 186248.023100003600121, 425718.448100004345179 ], [ 186266.176100004464388, 425895.36710000410676 ], [ 186284.870100006461143, 426091.52309999614954 ], [ 186290.018100008368492, 426136.498100005090237 ], [ 186303.022099997848272, 426276.570100001990795 ], [ 186313.589100006967783, 426381.963100008666515 ], [ 186321.446100004017353, 426472.184099998325109 ], [ 186332.283100005239248, 426581.09910000115633 ], [ 186335.805100001394749, 426615.779100000858307 ], [ 186339.869100000709295, 426658.044100001454353 ], [ 186342.037100002169609, 426685.680100008845329 ], [ 186346.083100002259016, 426725.747099995613098 ], [ 186349.196100011467934, 426757.789100002497435 ], [ 186351.399099994450808, 426766.848099999129772 ], [ 186357.397099997848272, 426785.821100007742643 ], [ 186349.246100004762411, 426788.296100009232759 ], [ 186339.897100005298853, 426791.440099999308586 ], [ 186324.000100001692772, 426821.599100008606911 ], [ 186338.506100006401539, 426863.726100001484156 ], [ 186351.7331000007689, 426901.910100005567074 ], [ 186375.238100007176399, 426969.427100002765656 ], [ 186386.812099996954203, 427002.205100007355213 ], [ 186400.382100012153387, 427042.016100000590086 ], [ 186438.012099999934435, 427070.655100006610155 ], [ 186445.975100003182888, 427077.524099998176098 ], [ 186445.381100002676249, 427090.984100002795458 ], [ 186456.795100007206202, 427093.194100011140108 ], [ 186463.650100011378527, 427094.174100000411272 ], [ 186485.561099998652935, 427095.031099997460842 ], [ 186500.006099998950958, 427095.275100011378527 ], [ 186522.284099996089935, 427093.07209999859333 ], [ 186554.631100010126829, 427088.987100001424551 ], [ 186559.34910000115633, 427124.31810000166297 ], [ 186597.151100002229214, 427119.171100009232759 ], [ 186619.234099999070168, 427115.963100008666515 ], [ 186639.187100000679493, 427123.307100001722574 ], [ 186656.569099999964237, 427107.761100009083748 ], [ 186676.084100000560284, 427110.671100001782179 ], [ 186678.908100001513958, 427091.17110001295805 ], [ 186679.007100012153387, 427089.171100001782179 ], [ 186678.777100000530481, 427087.41610000282526 ], [ 186678.252100002020597, 427086.525100003927946 ], [ 186677.399100005626678, 427085.729100000113249 ], [ 186676.238100003451109, 427085.192100007086992 ], [ 186675.545099999755621, 427085.130100004374981 ], [ 186697.483100008219481, 427081.966099999845028 ], [ 186696.516100008040667, 427082.458099998533726 ], [ 186695.5320999994874, 427083.481100007891655 ], [ 186695.115100007504225, 427084.101100001484156 ], [ 186694.925099994987249, 427084.868100002408028 ], [ 186693.691100008785725, 427093.671100009232759 ], [ 186710.284100010991096, 427091.851099997758865 ], [ 186713.154100004583597, 427111.839099995791912 ], [ 186723.342099998146296, 427113.466100003570318 ], [ 186720.919100005179644, 427095.591100011020899 ], [ 186751.376099996268749, 427091.362100008875132 ], [ 186749.048099994659424, 427079.437100004404783 ], [ 186748.620099995285273, 427078.393100000917912 ], [ 186747.38510001078248, 427076.786100007593632 ], [ 186746.297100007534027, 427075.935100007802248 ], [ 186744.382100004702806, 427075.798099998384714 ], [ 186767.897100009024143, 427072.167100008577108 ], [ 186766.098099995404482, 427072.759100012481213 ], [ 186765.504099998623133, 427073.288100000470877 ], [ 186765.220100004225969, 427073.651100005954504 ], [ 186764.850100006908178, 427074.348099999129772 ], [ 186764.580099999904633, 427076.092100005596876 ], [ 186764.713100008666515, 427077.668100003153086 ], [ 186765.16610000655055, 427087.536100007593632 ], [ 186771.761100001633167, 427086.838100001215935 ], [ 186771.744100008159876, 427086.468100000172853 ], [ 186777.47010001167655, 427085.622100003063679 ], [ 186779.174100004136562, 427097.121100001037121 ], [ 186791.192100007086992, 427095.375100001692772 ], [ 186791.01410000026226, 427094.080100007355213 ], [ 186791.955100007355213, 427094.051100004464388 ], [ 186821.221099998801947, 427089.870100006461143 ], [ 186818.398100007325411, 427070.203100007027388 ], [ 186817.988099999725819, 427068.851100008934736 ], [ 186817.376099996268749, 427068.234100006520748 ], [ 186816.896100006997585, 427068.033099997788668 ], [ 186816.075100004673004, 427067.977100003510714 ], [ 186831.927099999040365, 427066.29110000282526 ], [ 186831.576100002974272, 427066.374099999666214 ], [ 186831.245100002735853, 427066.518100008368492 ], [ 186830.945099998265505, 427066.719100002199411 ], [ 186830.685100007802248, 427066.969099994748831 ], [ 186830.47409999743104, 427067.261100009083748 ], [ 186830.317100003361702, 427067.58610001206398 ], [ 186830.221099998801947, 427067.9341000020504 ], [ 186830.187099996954203, 427068.293100006878376 ], [ 186832.668100006878376, 427084.455100003629923 ], [ 186855.241099994629622, 427088.176099997013807 ], [ 186860.26010000705719, 427087.441100001335144 ], [ 186892.172100011259317, 427082.444099996238947 ], [ 186896.734100006520748, 427116.515099998563528 ], [ 186949.52810001000762, 427141.138100005686283 ], [ 186943.335100006312132, 427092.344100005924702 ] ] ] ] } },
{ "type": "Feature", "properties": { "fid": 3086, "buurtcode": "BU02680512", "buurtnaam": "Goffert", "wijkcode": "WK026805", "gemeentecode": "GM0268", "gemeentenaam": "Nijmegen", "indelingswijziging_wijken_en_buurten": 1, "water": "NEE", "meest_voorkomende_postcode": "6532", "dekkingspercentage": 5, "omgevingsadressendichtheid": 1726, "stedelijkheid_adressen_per_km2": 2, "bevolkingsdichtheid_inwoners_per_km2": 977, "aantal_inwoners": 3210, "mannen": 1765, "vrouwen": 1445, "percentage_personen_0_tot_15_jaar": 9, "percentage_personen_15_tot_25_jaar": 20, "percentage_personen_25_tot_45_jaar": 34, "percentage_personen_45_tot_65_jaar": 22, "percentage_personen_65_jaar_en_ouder": 15, "percentage_ongehuwd": 69, "percentage_gehuwd": 21, "percentage_gescheid": 7, "percentage_verweduwd": 2, "aantal_huishoudens": 1835, "percentage_eenpersoonshuishoudens": 67, "percentage_huishoudens_zonder_kinderen": 19, "percentage_huishoudens_met_kinderen": 15, "gemiddelde_huishoudsgrootte": 1.5, "percentage_met_herkomstland_nederland": 60, "percentage_met_herkomstland_uit_europa_excl_nl": 15, "percentage_met_herkomstland_buiten_europa": 25, "percentage_geb_in_nl_met_herkomstland_nederland": 60, "perc_geb_in_nl_met_herkomstland_in_europa_ex_nl": 5, "perc_geb_in_nl_met_herkomstland_buiten_europa": 10, "perc_geb_buiten_nl_met_herkomstlnd_in_europa_ex_nl": 10, "perc_geb_buiten_nl_met_herkomstlnd_buiten_europa": 15, "oppervlakte_totaal_in_ha": 338, "oppervlakte_land_in_ha": 329, "oppervlakte_water_in_ha": 9, "jrstatcode": "2025BU02680512", "jaar": 2025 }, "geometry": { "type": "MultiPolygon", "coordinates": [ [ [ [ 185887.749099995940924, 426998.811100006103516 ], [ 185886.462100006639957, 426997.930100008845329 ], [ 185885.379100002348423, 426997.050099994987249 ], [ 185883.9560999982059, 426996.034100010991096 ], [ 185879.825100008398294, 426992.715100005269051 ], [ 185874.000100009143353, 426987.432100001722574 ], [ 185868.920100007206202, 426982.14809999614954 ], [ 185859.911100007593632, 426972.395100012421608 ], [ 185856.457100000232458, 426969.008100006729364 ], [ 185830.786100000143051, 426941.712099995464087 ], [ 185816.358100008219481, 426925.862100012600422 ], [ 185831.395100012421608, 426910.690100006759167 ], [ 185858.7601000033319, 426879.5320999994874 ], [ 185875.422100003808737, 426861.244100008159876 ], [ 185905.834100000560284, 426828.732100009918213 ], [ 185909.627099998295307, 426822.50110000371933 ], [ 185926.967100005596876, 426791.073100004345179 ], [ 185953.518100004643202, 426741.763100005686283 ], [ 185975.19310000166297, 426699.497099999338388 ], [ 186009.33109999448061, 426638.266100000590086 ], [ 186029.922100007534027, 426600.3361000046134 ], [ 186044.552100006490946, 426575.410100001841784 ], [ 186068.39410000666976, 426537.479100000113249 ], [ 186075.980100002139807, 426526.642099998891354 ], [ 186084.52309999987483, 426533.420099996030331 ], [ 186098.471100002527237, 426545.008100006729364 ], [ 186110.485100001096725, 426556.59910000488162 ], [ 186122.317100007086992, 426568.633100003004074 ], [ 186123.286100003868341, 426569.700100008398294 ], [ 186133.449099998921156, 426581.488100003451109 ], [ 186135.380100011825562, 426584.277100007981062 ], [ 186140.530100006610155, 426591.144099999219179 ], [ 186143.320099994540215, 426595.221100006252527 ], [ 186147.397100001573563, 426597.153100002557039 ], [ 186150.411100000143051, 426597.765100002288818 ], [ 186153.874099999666214, 426599.658099997788668 ], [ 186155.758100006729364, 426600.545100007206202 ], [ 186157.125100001692772, 426601.419100008904934 ], [ 186163.039099998772144, 426606.838100001215935 ], [ 186164.079099997878075, 426607.754099994897842 ], [ 186165.847100004553795, 426609.234100002795458 ], [ 186171.128100000321865, 426613.395100004971027 ], [ 186174.13510000705719, 426615.524100005626678 ], [ 186176.005100000649691, 426616.681100007146597 ], [ 186177.232100006192923, 426617.520100001245737 ], [ 186180.413100004196167, 426619.381100002676249 ], [ 186183.671100001782179, 426621.101100005209446 ], [ 186186.083100002259016, 426622.184099994599819 ], [ 186190.972100008279085, 426624.19709999486804 ], [ 186195.942100003361702, 426626.003100004047155 ], [ 186200.556100003421307, 426627.430100008845329 ], [ 186205.494100008159876, 426628.794100001454353 ], [ 186224.295100007206202, 426634.563100006431341 ], [ 186227.431100007146597, 426635.616099998354912 ], [ 186230.54610001295805, 426636.728100005537271 ], [ 186234.704100009053946, 426638.31810000166297 ], [ 186235.743099998682737, 426638.797100011259317 ], [ 186236.753100004047155, 426639.334100004285574 ], [ 186237.731100000441074, 426639.927100002765656 ], [ 186238.673100002110004, 426640.576099999248981 ], [ 186239.57710000500083, 426641.277100007981062 ], [ 186240.439100001007318, 426642.029100000858307 ], [ 186241.257100012153387, 426642.828100007027388 ], [ 186242.028100002557039, 426643.673099998384714 ], [ 186242.750100009143353, 426644.561100002378225 ], [ 186243.672100000083447, 426645.960100006312132 ], [ 186244.533100001513958, 426647.398100007325411 ], [ 186245.329100005328655, 426648.872100006788969 ], [ 186246.060100000351667, 426650.380100004374981 ], [ 186246.725100003182888, 426651.918099999427795 ], [ 186247.322100006043911, 426653.484099999070168 ], [ 186247.84910000115633, 426655.075100008398294 ], [ 186248.744099996984005, 426658.589099999517202 ], [ 186249.674100007861853, 426663.216100003570318 ], [ 186250.11710000783205, 426665.109099999070168 ], [ 186250.632100008428097, 426666.984100002795458 ], [ 186251.218100000172853, 426668.838099997490644 ], [ 186251.875099997967482, 426670.668100006878376 ], [ 186252.602100003510714, 426672.471100009977818 ], [ 186254.015099994838238, 426675.546100001782179 ], [ 186254.691100008785725, 426676.81810000538826 ], [ 186255.425099994987249, 426678.058100007474422 ], [ 186256.214100006967783, 426679.263099994510412 ], [ 186257.057100001722574, 426680.431100007146597 ], [ 186257.953099995851517, 426681.55910000577569 ], [ 186258.926100008189678, 426682.511100009083748 ], [ 186259.950100000947714, 426683.409099999815226 ], [ 186261.023100003600121, 426684.248100005090237 ], [ 186262.140100006014109, 426685.027100000530481 ], [ 186263.298100005835295, 426685.74210000038147 ], [ 186264.495100002735853, 426686.393100000917912 ], [ 186267.01410000026226, 426687.539100006222725 ], [ 186268.327100001275539, 426688.046100001782179 ], [ 186269.661100007593632, 426688.494100000709295 ], [ 186271.013100005686283, 426688.883099999278784 ], [ 186272.381100002676249, 426689.213100001215935 ], [ 186273.762100003659725, 426689.482099995017052 ], [ 186275.154099997133017, 426689.691100008785725 ], [ 186281.159100010991096, 426690.127100002020597 ], [ 186286.752100005745888, 426690.619099996984005 ], [ 186342.037100002169609, 426685.680100008845329 ], [ 186339.869100000709295, 426658.044100001454353 ], [ 186335.805100001394749, 426615.779100000858307 ], [ 186332.283100005239248, 426581.09910000115633 ], [ 186321.446100004017353, 426472.184099998325109 ], [ 186313.589100006967783, 426381.963100008666515 ], [ 186303.022099997848272, 426276.570100001990795 ], [ 186290.018100008368492, 426136.498100005090237 ], [ 186284.870100006461143, 426091.52309999614954 ], [ 186266.176100004464388, 425895.36710000410676 ], [ 186248.023100003600121, 425718.448100004345179 ], [ 186244.772100012749434, 425678.620100002735853 ], [ 186243.688099998980761, 425664.803100001066923 ], [ 186215.240100000053644, 425636.897099997848272 ], [ 186150.893200002610683, 425573.363100007176399 ], [ 186180.696200001984835, 425546.811099998652935 ], [ 186239.895200002938509, 425494.928100004792213 ], [ 186287.444200001657009, 425452.933100000023842 ], [ 186288.392200004309416, 425451.985099997371435 ], [ 186216.186200007796288, 425372.468100000172853 ], [ 186149.886200003325939, 425433.159099999815226 ], [ 185958.284099999815226, 425236.984100006520748 ], [ 185945.286200009286404, 425255.462099999189377 ], [ 185836.642100006341934, 425152.731099996715784 ], [ 185822.003100007772446, 425139.552100006490946 ], [ 185814.244100004434586, 425133.58610000833869 ], [ 185808.731100004166365, 425129.069100007414818 ], [ 185796.755100008100271, 425117.752100005745888 ], [ 185796.337100006639957, 425114.100100006908178 ], [ 185800.631100006401539, 425109.558100011199713 ], [ 185818.485100001096725, 425092.346099998801947 ], [ 185798.801100011914968, 425073.458099998533726 ], [ 185793.727100003510714, 425068.565100003033876 ], [ 185760.727099999785423, 425037.255100000649691 ], [ 185700.226100012660027, 424979.698100008070469 ], [ 185640.363100007176399, 425042.090100008994341 ], [ 185600.306100007146597, 425007.015099998563528 ], [ 185576.650100000202656, 425037.186100002378225 ], [ 185575.377099998295307, 425038.330099999904633 ], [ 185558.939099997282028, 425026.671100001782179 ], [ 185508.096100006252527, 425090.319099996238947 ], [ 185452.647100001573563, 425046.238100007176399 ], [ 185442.403100002557039, 425037.592099998146296 ], [ 185432.371100008487701, 425050.227099999785423 ], [ 185420.042100004851818, 425067.591100007295609 ], [ 185397.378100000321865, 425098.140100002288818 ], [ 185349.272100005298853, 425065.260099999606609 ], [ 185344.018100000917912, 425061.687099996954203 ], [ 185265.592099998146296, 425013.687100008130074 ], [ 185145.277100007981062, 424954.925200000405312 ], [ 185118.866099994629622, 424941.061200007796288 ], [ 185037.701099999248981, 424898.522199999541044 ], [ 184844.226100001484156, 424747.850100003182888 ], [ 184842.379099998623133, 424749.669100001454353 ], [ 184781.311100006103516, 424810.137099999934435 ], [ 184762.339100010693073, 424828.486200001090765 ], [ 184693.294099997729063, 424896.495200000703335 ], [ 184667.293099999427795, 424922.079199995845556 ], [ 184597.604100007563829, 424826.429200004786253 ], [ 184591.898100003600121, 424826.673200000077486 ], [ 184538.287099998444319, 424883.480200000107288 ], [ 184513.195099998265505, 424875.918200004845858 ], [ 184525.574099998921156, 424826.50620000436902 ], [ 184446.746100004762411, 424808.024099994450808 ], [ 184435.850100006908178, 424850.31020000576973 ], [ 184400.014100003987551, 424987.971099998801947 ], [ 184341.2060999982059, 425216.274100001901388 ], [ 184265.409099999815226, 425528.343100007623434 ], [ 184038.118100006133318, 426419.021200008690357 ], [ 184087.533100008964539, 426427.887200001627207 ], [ 184116.252099998295307, 426433.576200000941753 ], [ 184159.398100007325411, 426441.907200008630753 ], [ 184202.680100001394749, 426450.374200001358986 ], [ 184235.530100006610155, 426456.94420000910759 ], [ 184288.769100002944469, 426467.375200003385544 ], [ 184355.960100002586842, 426480.651200007647276 ], [ 184469.820100005716085, 426503.477200008928776 ], [ 184544.259100008755922, 426518.175200007855892 ], [ 184604.1351000033319, 426530.299199998378754 ], [ 184641.524100001901388, 426537.750200007110834 ], [ 184724.023100007325411, 426554.345200002193451 ], [ 184754.503100004047155, 426560.576200008392334 ], [ 184840.389100003987551, 426577.509199995547533 ], [ 184918.621100004762411, 426593.291200008243322 ], [ 185000.849100008606911, 426609.683300003409386 ], [ 185026.723099999129772, 426616.456300001591444 ], [ 185072.172099996358156, 426629.122299998998642 ], [ 185098.046100001782179, 426637.386300005018711 ], [ 185124.66609999537468, 426646.12330000475049 ], [ 185177.091099999845028, 426665.292300008237362 ], [ 185215.293100006878376, 426680.125300008803606 ], [ 185282.620100006461143, 426705.796200007200241 ], [ 185318.789100002497435, 426720.291200000792742 ], [ 185361.732099995017052, 426738.850199997425079 ], [ 185387.065100003033876, 426751.449200008064508 ], [ 185395.113099999725819, 426755.501200001686811 ], [ 185395.22410000115633, 426755.557200007140636 ], [ 185406.436099998652935, 426761.202200006693602 ], [ 185432.717100005596876, 426776.104200005531311 ], [ 185453.037099998444319, 426788.160200010985136 ], [ 185481.349100008606911, 426805.22919999808073 ], [ 185567.777100000530481, 426856.164100006222725 ], [ 185640.387100007385015, 426899.107099998742342 ], [ 185711.914099998772144, 426941.237100005149841 ], [ 185754.450100000947714, 426966.570099998265505 ], [ 185815.275100003927946, 427002.197100002318621 ], [ 185843.994100004434586, 427019.402100004255772 ], [ 185866.887100011110306, 427032.950100012123585 ], [ 185887.749099995940924, 426998.811100006103516 ] ] ] ] } },
{ "type": "Feature", "properties": { "fid": 3087, "buurtcode": "BU02680513", "buurtnaam": "St. Anna", "wijkcode": "WK026805", "gemeentecode": "GM0268", "gemeentenaam": "Nijmegen", "indelingswijziging_wijken_en_buurten": 1, "water": "NEE", "meest_voorkomende_postcode": "6533", "dekkingspercentage": 5, "omgevingsadressendichtheid": 2236, "stedelijkheid_adressen_per_km2": 2, "bevolkingsdichtheid_inwoners_per_km2": 6161, "aantal_inwoners": 3555, "mannen": 1715, "vrouwen": 1845, "percentage_personen_0_tot_15_jaar": 14, "percentage_personen_15_tot_25_jaar": 14, "percentage_personen_25_tot_45_jaar": 29, "percentage_personen_45_tot_65_jaar": 24, "percentage_personen_65_jaar_en_ouder": 20, "percentage_ongehuwd": 62, "percentage_gehuwd": 27, "percentage_gescheid": 8, "percentage_verweduwd": 4, "aantal_huishoudens": 1945, "percentage_eenpersoonshuishoudens": 54, "percentage_huishoudens_zonder_kinderen": 24, "percentage_huishoudens_met_kinderen": 23, "gemiddelde_huishoudsgrootte": 1.8, "percentage_met_herkomstland_nederland": 80, "percentage_met_herkomstland_uit_europa_excl_nl": 10, "percentage_met_herkomstland_buiten_europa": 10, "percentage_geb_in_nl_met_herkomstland_nederland": 80, "perc_geb_in_nl_met_herkomstland_in_europa_ex_nl": 5, "perc_geb_in_nl_met_herkomstland_buiten_europa": 5, "perc_geb_buiten_nl_met_herkomstlnd_in_europa_ex_nl": 5, "perc_geb_buiten_nl_met_herkomstlnd_buiten_europa": 5, "oppervlakte_totaal_in_ha": 58, "oppervlakte_land_in_ha": 58, "oppervlakte_water_in_ha": 0, "jrstatcode": "2025BU02680513", "jaar": 2025 }, "geometry": { "type": "MultiPolygon", "coordinates": [ [ [ [ 187384.415100008249283, 426797.119099996984005 ], [ 187390.49210000783205, 426798.11710000783205 ], [ 187391.960100010037422, 426789.559099998325109 ], [ 187395.542099997401237, 426789.180100008845329 ], [ 187394.954100012779236, 426783.754099998623133 ], [ 187422.652099996805191, 426780.506099998950958 ], [ 187436.283100001513958, 426778.972100004553795 ], [ 187433.933100007474422, 426761.888100001960993 ], [ 187428.491099998354912, 426710.906100004911423 ], [ 187423.349100008606911, 426659.738100007176399 ], [ 187407.263100001960993, 426545.186099998652935 ], [ 187401.315100006759167, 426485.670099999755621 ], [ 187400.336099997162819, 426464.860200006514788 ], [ 187400.336099997162819, 426443.316199995577335 ], [ 187399.846100009977818, 426421.527200002223253 ], [ 187399.357100002467632, 426402.67620000988245 ], [ 187393.128100004047155, 426361.940200004726648 ], [ 187381.730099998414516, 426297.403200004249811 ], [ 187360.63909999653697, 426157.860100008547306 ], [ 187356.513100005686283, 426120.642100006341934 ], [ 187344.762100003659725, 426031.772100005298853 ], [ 187340.467099998146296, 426004.319099999964237 ], [ 187333.500100009143353, 425947.063100006431341 ], [ 187313.549100004136562, 425822.6261 ], [ 187300.352100010961294, 425730.695100005716085 ], [ 187297.669199995696545, 425715.733100011944771 ], [ 187277.883100003004074, 425718.455099999904633 ], [ 187271.530099999159575, 425719.000100012868643 ], [ 187233.95610000193119, 425724.082100007683039 ], [ 187208.906100004911423, 425727.531100001186132 ], [ 187190.391100008040667, 425730.61710000783205 ], [ 187151.002100002020597, 425739.875100001692772 ], [ 187123.593100011348724, 425745.502099998295307 ], [ 187114.8800999969244, 425747.135099999606609 ], [ 187090.012100011110306, 425750.584100008010864 ], [ 187074.038100004196167, 425752.399100005626678 ], [ 187049.714100003242493, 425754.396100006997585 ], [ 187007.239100009202957, 425757.482099998742342 ], [ 186990.539100006222725, 425759.660100013017654 ], [ 186967.305100005120039, 425763.835100002586842 ], [ 186940.07710000872612, 425770.551100011914968 ], [ 186912.668099999427795, 425776.904100000858307 ], [ 186874.549100004136562, 425786.162099998444319 ], [ 186859.301100008189678, 425790.155100006610155 ], [ 186828.080100003629923, 425797.960100002586842 ], [ 186813.196100007742643, 425802.13510000705719 ], [ 186777.255100000649691, 425811.574100002646446 ], [ 186752.569100007414818, 425818.472100004553795 ], [ 186723.526100002229214, 425827.185100004076958 ], [ 186709.912100002169609, 425832.812099996954203 ], [ 186693.575100004673004, 425840.799100000411272 ], [ 186678.32710000872612, 425850.056099999696016 ], [ 186655.819099999964237, 425863.126099996268749 ], [ 186637.123100008815527, 425846.063100006431341 ], [ 186621.694099999964237, 425832.267099998891354 ], [ 186612.073099996894598, 425822.46510000154376 ], [ 186602.271099999547005, 425811.937100004404783 ], [ 186583.030100006610155, 425789.429099999368191 ], [ 186552.172100003808737, 425753.851100008934736 ], [ 186536.017100002616644, 425735.518100004643202 ], [ 186517.13910000026226, 425713.917100004851818 ], [ 186498.987100008875132, 425692.861100003123283 ], [ 186468.673100009560585, 425658.373100008815527 ], [ 186438.178100012242794, 425623.521099999547005 ], [ 186405.323100008070469, 425585.221099995076656 ], [ 186374.284100007265806, 425550.006099995225668 ], [ 186342.518100004643202, 425513.70210001245141 ], [ 186311.8412000015378, 425478.306099999696016 ], [ 186288.392200004309416, 425451.985099997371435 ], [ 186287.444200001657009, 425452.933100000023842 ], [ 186239.895200002938509, 425494.928100004792213 ], [ 186180.696200001984835, 425546.811099998652935 ], [ 186150.893200002610683, 425573.363100007176399 ], [ 186215.240100000053644, 425636.897099997848272 ], [ 186243.688099998980761, 425664.803100001066923 ], [ 187282.66610000655055, 426693.860100004822016 ], [ 187329.460099995136261, 426733.797100000083447 ], [ 187329.393100008368492, 426738.115099996328354 ], [ 187325.575100012123585, 426781.922100007534027 ], [ 187351.888099994510412, 426785.105099998414516 ], [ 187349.82710000872612, 426803.060099996626377 ], [ 187348.172100000083447, 426802.874100003391504 ], [ 187347.480100005865097, 426810.10810000449419 ], [ 187382.894100002944469, 426812.667099997401237 ], [ 187384.415100008249283, 426797.119099996984005 ] ] ] ] } },
{ "type": "Feature", "properties": { "fid": 3088, "buurtcode": "BU02680517", "buurtnaam": "Heijendaal", "wijkcode": "WK026805", "gemeentecode": "GM0268", "gemeentenaam": "Nijmegen", "indelingswijziging_wijken_en_buurten": 1, "water": "NEE", "meest_voorkomende_postcode": "6525", "dekkingspercentage": 1, "omgevingsadressendichtheid": 2017, "stedelijkheid_adressen_per_km2": 2, "bevolkingsdichtheid_inwoners_per_km2": 1652, "aantal_inwoners": 2415, "mannen": 1125, "vrouwen": 1285, "percentage_personen_0_tot_15_jaar": 4, "percentage_personen_15_tot_25_jaar": 36, "percentage_personen_25_tot_45_jaar": 33, "percentage_personen_45_tot_65_jaar": 11, "percentage_personen_65_jaar_en_ouder": 16, "percentage_ongehuwd": 76, "percentage_gehuwd": 18, "percentage_gescheid": 3, "percentage_verweduwd": 3, "aantal_huishoudens": 1785, "percentage_eenpersoonshuishoudens": 75, "percentage_huishoudens_zonder_kinderen": 20, "percentage_huishoudens_met_kinderen": 6, "gemiddelde_huishoudsgrootte": 1.3, "percentage_met_herkomstland_nederland": 65, "percentage_met_herkomstland_uit_europa_excl_nl": 20, "percentage_met_herkomstland_buiten_europa": 15, "percentage_geb_in_nl_met_herkomstland_nederland": 65, "perc_geb_in_nl_met_herkomstland_in_europa_ex_nl": 5, "perc_geb_in_nl_met_herkomstland_buiten_europa": 5, "perc_geb_buiten_nl_met_herkomstlnd_in_europa_ex_nl": 15, "perc_geb_buiten_nl_met_herkomstlnd_buiten_europa": 10, "oppervlakte_totaal_in_ha": 146, "oppervlakte_land_in_ha": 146, "oppervlakte_water_in_ha": 0, "jrstatcode": "2025BU02680517", "jaar": 2025 }, "geometry": { "type": "MultiPolygon", "coordinates": [ [ [ [ 187548.942999999970198, 427166.274100005626678 ], [ 187611.61710000410676, 427102.865100007504225 ], [ 187705.873100008815527, 427008.119100000709295 ], [ 187746.758100003004074, 426965.520099997520447 ], [ 187790.826100002974272, 426920.718099996447563 ], [ 187837.587100006639957, 426873.95719999819994 ], [ 187899.527100007981062, 426812.507199998944998 ], [ 187943.105100005865097, 426769.418200008571148 ], [ 187972.94310000166297, 426738.23420000821352 ], [ 188004.769100002944469, 426706.652200005948544 ], [ 188052.265100002288818, 426659.769200004637241 ], [ 188084.091100003570318, 426629.901200007647276 ], [ 188103.80010000616312, 426610.193200003355742 ], [ 188167.820099994540215, 426546.539200007915497 ], [ 188184.709100000560284, 426530.119199998676777 ], [ 188207.359100002795458, 426507.980200007557869 ], [ 188219.478100009262562, 426496.595200002193451 ], [ 188251.304100006818771, 426464.52420000731945 ], [ 188279.826100002974272, 426436.981199994683266 ], [ 188299.412099994719028, 426417.396200001239777 ], [ 188322.058099996298552, 426395.117200005799532 ], [ 188350.212099999189377, 426367.819200001657009 ], [ 188381.182200003415346, 426336.850200012326241 ], [ 188395.871199999004602, 426322.405199997127056 ], [ 188415.090199999511242, 426302.942200001329184 ], [ 188435.165199998766184, 426282.866200003772974 ], [ 188457.199200000613928, 426260.588100004941225 ], [ 188513.630200002342463, 426203.789099995046854 ], [ 188538.602199997752905, 426178.940099995583296 ], [ 188566.267200011759996, 426151.275100000202656 ], [ 188584.873199999332428, 426131.07710000500083 ], [ 188612.905200000852346, 426095.4560999982059 ], [ 188632.614200003445148, 426068.036100007593632 ], [ 188641.550200004130602, 426055.917100004851818 ], [ 188654.892200004309416, 426035.352100003510714 ], [ 188677.293200008571148, 425996.670100003480911 ], [ 188686.229200009256601, 425979.77810001000762 ], [ 188699.450200006365776, 425950.399100005626678 ], [ 188723.980200000107288, 425890.075099997222424 ], [ 188644.831200007349253, 425863.180100008845329 ], [ 188592.976200003176928, 425825.365200009196997 ], [ 188625.488200001418591, 425772.804100003093481 ], [ 188600.563200008124113, 425756.277199998497963 ], [ 188440.712200000882149, 425651.425200000405312 ], [ 188414.973200000822544, 425634.086200002580881 ], [ 188356.181200005114079, 425595.884200010448694 ], [ 188345.614199999719858, 425588.027199994772673 ], [ 188343.989200003445148, 425585.318199999630451 ], [ 188337.486200008541346, 425570.687200002372265 ], [ 188321.772199995815754, 425536.008200000971556 ], [ 188330.171200003474951, 425471.526199996471405 ], [ 188307.684200007468462, 425463.127200003713369 ], [ 188301.452200002968311, 425461.501200009137392 ], [ 188283.300200011581182, 425459.063200004398823 ], [ 188276.526200000196695, 425458.250200007110834 ], [ 188219.901200011372566, 425456.624199997633696 ], [ 188170.320200007408857, 425455.270200006663799 ], [ 188137.267099998891354, 425454.186200004070997 ], [ 188115.321100011467934, 425451.477200005203485 ], [ 188091.479100007563829, 425451.206200003623962 ], [ 188086.331100005656481, 425463.940200001001358 ], [ 188080.641100011765957, 425482.092200007289648 ], [ 188079.558100007474422, 425488.053200006484985 ], [ 188079.287100002169609, 425493.742200005799532 ], [ 188078.203100003302097, 425506.476200003176928 ], [ 188076.036100000143051, 425546.574199996888638 ], [ 188074.13910000026226, 425584.234199997037649 ], [ 188072.784099996089935, 425626.500200007110834 ], [ 188071.475099999457598, 425655.043200012296438 ], [ 188062.244100008159876, 425654.550200004130602 ], [ 188059.700100000947714, 425654.405200000852346 ], [ 188051.880100004374981, 425654.197199996560812 ], [ 187910.056099999696016, 425650.446200005710125 ], [ 187898.962099995464087, 425650.410200010985136 ], [ 187853.967100005596876, 425650.288199998438358 ], [ 187821.52810000628233, 425649.876200009137392 ], [ 187762.090100008994341, 425649.324200000613928 ], [ 187757.568099997937679, 425645.233200006186962 ], [ 187740.364100005477667, 425644.243200000375509 ], [ 187740.311200007796288, 425587.48420000448823 ], [ 187740.620200000703335, 425419.913199994713068 ], [ 187674.648200001567602, 425420.184099994599819 ], [ 187612.333200003951788, 425420.048099994659424 ], [ 187508.430200003087521, 425420.455099999904633 ], [ 187454.51520000398159, 425420.59010000154376 ], [ 187397.077200002968311, 425420.59010000154376 ], [ 187360.636200007051229, 425421.674100004136562 ], [ 187322.84120000526309, 425421.80910000577569 ], [ 187249.418200001120567, 425424.112100012600422 ], [ 187262.817200001329184, 425495.913100007921457 ], [ 187272.256200008094311, 425550.369100000709295 ], [ 187276.976199999451637, 425580.138100001960993 ], [ 187282.42119999974966, 425613.719100002199411 ], [ 187288.230200000107288, 425656.920100007206202 ], [ 187297.669199995696545, 425715.733100011944771 ], [ 187300.352100010961294, 425730.695100005716085 ], [ 187313.549100004136562, 425822.6261 ], [ 187333.500100009143353, 425947.063100006431341 ], [ 187340.467099998146296, 426004.319099999964237 ], [ 187344.762100003659725, 426031.772100005298853 ], [ 187356.513100005686283, 426120.642100006341934 ], [ 187360.63909999653697, 426157.860100008547306 ], [ 187381.730099998414516, 426297.403200004249811 ], [ 187393.128100004047155, 426361.940200004726648 ], [ 187399.357100002467632, 426402.67620000988245 ], [ 187399.846100009977818, 426421.527200002223253 ], [ 187400.336099997162819, 426443.316199995577335 ], [ 187400.336099997162819, 426464.860200006514788 ], [ 187401.315100006759167, 426485.670099999755621 ], [ 187407.263100001960993, 426545.186099998652935 ], [ 187423.349100008606911, 426659.738100007176399 ], [ 187428.491099998354912, 426710.906100004911423 ], [ 187433.933100007474422, 426761.888100001960993 ], [ 187436.283100001513958, 426778.972100004553795 ], [ 187453.462000008672476, 426903.825100004673004 ], [ 187465.214000005275011, 426977.272100009024143 ], [ 187439.348000008612871, 426980.325100012123585 ], [ 187441.943999994546175, 427001.663100000470877 ], [ 187433.108000002801418, 427002.803100004792213 ], [ 187433.72800000756979, 427008.950100000947714 ], [ 187430.038000006228685, 427009.60809999704361 ], [ 187430.716999996453524, 427015.453100007027388 ], [ 187431.230000004172325, 427021.948100008070469 ], [ 187408.601000010967255, 427024.868100002408028 ], [ 187409.678000003099442, 427037.9290999956429 ], [ 187411.601000007241964, 427037.784100007265806 ], [ 187415.151000007987022, 427065.486099995672703 ], [ 187412.605999998748302, 427065.812100008130074 ], [ 187416.032000005245209, 427089.165100004523993 ], [ 187417.458000000566244, 427100.328100007027388 ], [ 187417.947000004351139, 427104.747100006788969 ], [ 187427.07600000873208, 427103.516100008040667 ], [ 187432.407999999821186, 427138.854100003838539 ], [ 187486.466000005602837, 427130.815099995583296 ], [ 187498.50900000333786, 427217.686100002378225 ], [ 187548.942999999970198, 427166.274100005626678 ] ] ] ] } },
{ "type": "Feature", "properties": { "fid": 3089, "buurtcode": "BU02680614", "buurtnaam": "Hatertse Hei", "wijkcode": "WK026806", "gemeentecode": "GM0268", "gemeentenaam": "Nijmegen", "indelingswijziging_wijken_en_buurten": 1, "water": "NEE", "meest_voorkomende_postcode": "6533", "dekkingspercentage": 1, "omgevingsadressendichtheid": 2294, "stedelijkheid_adressen_per_km2": 2, "bevolkingsdichtheid_inwoners_per_km2": 6969, "aantal_inwoners": 4145, "mannen": 1985, "vrouwen": 2155, "percentage_personen_0_tot_15_jaar": 14, "percentage_personen_15_tot_25_jaar": 17, "percentage_personen_25_tot_45_jaar": 26, "percentage_personen_45_tot_65_jaar": 27, "percentage_personen_65_jaar_en_ouder": 15, "percentage_ongehuwd": 64, "percentage_gehuwd": 27, "percentage_gescheid": 7, "percentage_verweduwd": 3, "aantal_huishoudens": 2245, "percentage_eenpersoonshuishoudens": 53, "percentage_huishoudens_zonder_kinderen": 23, "percentage_huishoudens_met_kinderen": 24, "gemiddelde_huishoudsgrootte": 1.8, "percentage_met_herkomstland_nederland": 75, "percentage_met_herkomstland_uit_europa_excl_nl": 10, "percentage_met_herkomstland_buiten_europa": 15, "percentage_geb_in_nl_met_herkomstland_nederland": 75, "perc_geb_in_nl_met_herkomstland_in_europa_ex_nl": 5, "perc_geb_in_nl_met_herkomstland_buiten_europa": 10, "perc_geb_buiten_nl_met_herkomstlnd_in_europa_ex_nl": 5, "perc_geb_buiten_nl_met_herkomstlnd_buiten_europa": 10, "oppervlakte_totaal_in_ha": 59, "oppervlakte_land_in_ha": 59, "oppervlakte_water_in_ha": 0, "jrstatcode": "2025BU02680614", "jaar": 2025 }, "geometry": { "type": "MultiPolygon", "coordinates": [ [ [ [ 186678.32710000872612, 425850.056099999696016 ], [ 186693.575100004673004, 425840.799100000411272 ], [ 186709.912100002169609, 425832.812099996954203 ], [ 186723.526100002229214, 425827.185100004076958 ], [ 186752.569100007414818, 425818.472100004553795 ], [ 186777.255100000649691, 425811.574100002646446 ], [ 186813.196100007742643, 425802.13510000705719 ], [ 186828.080100003629923, 425797.960100002586842 ], [ 186859.301100008189678, 425790.155100006610155 ], [ 186874.549100004136562, 425786.162099998444319 ], [ 186912.668099999427795, 425776.904100000858307 ], [ 186940.07710000872612, 425770.551100011914968 ], [ 186967.305100005120039, 425763.835100002586842 ], [ 186990.539100006222725, 425759.660100013017654 ], [ 187007.239100009202957, 425757.482099998742342 ], [ 187049.714100003242493, 425754.396100006997585 ], [ 187074.038100004196167, 425752.399100005626678 ], [ 187090.012100011110306, 425750.584100008010864 ], [ 187114.8800999969244, 425747.135099999606609 ], [ 187123.593100011348724, 425745.502099998295307 ], [ 187151.002100002020597, 425739.875100001692772 ], [ 187190.391100008040667, 425730.61710000783205 ], [ 187208.906100004911423, 425727.531100001186132 ], [ 187233.95610000193119, 425724.082100007683039 ], [ 187271.530099999159575, 425719.000100012868643 ], [ 187277.883100003004074, 425718.455099999904633 ], [ 187297.669199995696545, 425715.733100011944771 ], [ 187288.230200000107288, 425656.920100007206202 ], [ 187282.42119999974966, 425613.719100002199411 ], [ 187276.976199999451637, 425580.138100001960993 ], [ 187272.256200008094311, 425550.369100000709295 ], [ 187262.817200001329184, 425495.913100007921457 ], [ 187249.418200001120567, 425424.112100012600422 ], [ 187245.35419999808073, 425398.645099997520447 ], [ 187240.206199996173382, 425358.817099995911121 ], [ 187226.389199994504452, 425258.843100007623434 ], [ 187217.44819999486208, 425192.735100008547306 ], [ 187213.635099995881319, 425171.904100004583597 ], [ 187209.023100003600121, 425131.057100009173155 ], [ 187192.353100001811981, 425133.196099996566772 ], [ 187164.734099995344877, 425136.581100009381771 ], [ 187154.417100012302399, 425138.7331000007689 ], [ 187155.236100003123283, 425161.904100000858307 ], [ 187060.412099998444319, 425166.228100009262562 ], [ 187042.79110000282526, 425166.544100008904934 ], [ 187028.383100010454655, 425167.088099997490644 ], [ 187028.110100012272596, 425157.231100004166365 ], [ 187027.5101000033319, 425157.249100007116795 ], [ 187027.241100005805492, 425147.527100004255772 ], [ 187027.311100002378225, 425147.525100007653236 ], [ 187026.544099997729063, 425129.328100007027388 ], [ 187001.965100005269051, 425136.830100003629923 ], [ 186998.293100006878376, 425119.450100000947714 ], [ 186981.921100001782179, 425122.225100003182888 ], [ 186981.408100008964539, 425122.438100006431341 ], [ 186980.984099995344877, 425119.4070999994874 ], [ 186980.007100008428097, 425115.095099996775389 ], [ 186977.58610000833869, 425103.739100009202957 ], [ 186973.380100011825562, 425084.740100003778934 ], [ 186972.106100011616945, 425078.635099999606609 ], [ 186960.714099999517202, 425079.19310000166297 ], [ 186952.0011, 425079.80910000577569 ], [ 186961.167100008577108, 425131.471100009977818 ], [ 186957.470100000500679, 425131.589100003242493 ], [ 186952.957100003957748, 425131.970100000500679 ], [ 186915.99210000410676, 425132.701100006699562 ], [ 186915.913100007921457, 425128.093100003898144 ], [ 186917.813099998980761, 425128.061099998652935 ], [ 186917.755100011825562, 425124.661100003868341 ], [ 186915.854099996387959, 425124.69310000911355 ], [ 186915.11710000410676, 425081.857100002467632 ], [ 186898.259100008755922, 425082.869100000709295 ], [ 186898.049100000411272, 425079.924099996685982 ], [ 186879.013100001960993, 425083.525100003927946 ], [ 186852.981100007891655, 425088.631099998950958 ], [ 186861.369100004434586, 425125.287100005894899 ], [ 186803.958099994808435, 425130.922100007534027 ], [ 186801.214099999517202, 425131.305100008845329 ], [ 186801.529100004583597, 425132.409100010991096 ], [ 186791.8800999969244, 425134.704100009053946 ], [ 186792.674100007861853, 425151.863100003451109 ], [ 186793.616099998354912, 425176.377100002020597 ], [ 186778.76910000666976, 425176.879099998623133 ], [ 186779.180100001394749, 425176.920100007206202 ], [ 186755.106100007891655, 425178.047099996358156 ], [ 186752.172100000083447, 425164.522100009024143 ], [ 186746.955100003629923, 425164.643100008368492 ], [ 186740.115100000053644, 425164.953099999576807 ], [ 186736.022100012749434, 425143.828099999576807 ], [ 186723.365100003778934, 425145.67510000243783 ], [ 186719.66609999909997, 425134.94709999486804 ], [ 186716.84010000154376, 425126.057100001722574 ], [ 186713.063100002706051, 425114.515100002288818 ], [ 186711.045100003480911, 425108.7550999969244 ], [ 186680.44310000538826, 425116.520100008696318 ], [ 186623.527100000530481, 425131.450099997222424 ], [ 186615.02309999987483, 425133.58610000833869 ], [ 186596.825100000947714, 425138.404100008308887 ], [ 186599.928099997341633, 425148.850099999457598 ], [ 186594.846100002527237, 425150.380100004374981 ], [ 186589.976100012660027, 425151.6351000033319 ], [ 186591.111100003123283, 425155.997099999338388 ], [ 186568.546100009232759, 425161.934099998325109 ], [ 186565.159100003540516, 425149.606100007891655 ], [ 186561.075100000947714, 425150.472100004553795 ], [ 186554.512099999934435, 425152.076100006699562 ], [ 186533.699099998921156, 425157.360100008547306 ], [ 186530.494100000709295, 425158.186099998652935 ], [ 186526.036100000143051, 425137.762100007385015 ], [ 186525.63510000705719, 425136.192100007086992 ], [ 186470.44709999486804, 425139.284100007265806 ], [ 186472.696100000292063, 425147.816100008785725 ], [ 186470.962099995464087, 425148.26010000705719 ], [ 186459.366099998354912, 425151.620100006461143 ], [ 186451.243100009858608, 425121.359100006520748 ], [ 186371.189100004732609, 425142.362100008875132 ], [ 186373.339099999517202, 425150.409100007265806 ], [ 186335.762099999934435, 425160.191100005060434 ], [ 186337.433100003749132, 425166.577100001275539 ], [ 186329.377100002020597, 425168.753100004047155 ], [ 186330.199100002646446, 425171.765099998563528 ], [ 186296.258100003004074, 425181.034100007265806 ], [ 186291.381100002676249, 425189.975100006908178 ], [ 186285.094100005924702, 425202.149100005626678 ], [ 186278.105099998414516, 425204.335099998861551 ], [ 186274.447100002318621, 425205.554100003093481 ], [ 186255.347100012004375, 425210.973100006580353 ], [ 186224.731100000441074, 425219.913100011646748 ], [ 186200.754100006073713, 425226.82209999486804 ], [ 186146.838100001215935, 425241.994100000709295 ], [ 186108.63620001077652, 425253.780099999159575 ], [ 186130.446199998259544, 425277.758100003004074 ], [ 186140.200200006365776, 425288.324099998921156 ], [ 186150.63120000064373, 425299.974100008606911 ], [ 186163.500200003385544, 425314.605100005865097 ], [ 186171.222199998795986, 425323.274100005626678 ], [ 186185.039200000464916, 425337.905099999159575 ], [ 186205.623200003057718, 425360.840100008994341 ], [ 186216.186200007796288, 425372.468100000172853 ], [ 186288.392200004309416, 425451.985099997371435 ], [ 186311.8412000015378, 425478.306099999696016 ], [ 186342.518100004643202, 425513.70210001245141 ], [ 186374.284100007265806, 425550.006099995225668 ], [ 186405.323100008070469, 425585.221099995076656 ], [ 186438.178100012242794, 425623.521099999547005 ], [ 186468.673100009560585, 425658.373100008815527 ], [ 186498.987100008875132, 425692.861100003123283 ], [ 186517.13910000026226, 425713.917100004851818 ], [ 186536.017100002616644, 425735.518100004643202 ], [ 186552.172100003808737, 425753.851100008934736 ], [ 186583.030100006610155, 425789.429099999368191 ], [ 186602.271099999547005, 425811.937100004404783 ], [ 186612.073099996894598, 425822.46510000154376 ], [ 186621.694099999964237, 425832.267099998891354 ], [ 186637.123100008815527, 425846.063100006431341 ], [ 186655.819099999964237, 425863.126099996268749 ], [ 186678.32710000872612, 425850.056099999696016 ] ] ] ] } },
{ "type": "Feature", "properties": { "fid": 3090, "buurtcode": "BU02680615", "buurtnaam": "Grootstal", "wijkcode": "WK026806", "gemeentecode": "GM0268", "gemeentenaam": "Nijmegen", "indelingswijziging_wijken_en_buurten": 1, "water": "NEE", "meest_voorkomende_postcode": "6533", "dekkingspercentage": 1, "omgevingsadressendichtheid": 2235, "stedelijkheid_adressen_per_km2": 2, "bevolkingsdichtheid_inwoners_per_km2": 5333, "aantal_inwoners": 5510, "mannen": 2610, "vrouwen": 2900, "percentage_personen_0_tot_15_jaar": 12, "percentage_personen_15_tot_25_jaar": 12, "percentage_personen_25_tot_45_jaar": 26, "percentage_personen_45_tot_65_jaar": 27, "percentage_personen_65_jaar_en_ouder": 22, "percentage_ongehuwd": 55, "percentage_gehuwd": 29, "percentage_gescheid": 11, "percentage_verweduwd": 5, "aantal_huishoudens": 2980, "percentage_eenpersoonshuishoudens": 50, "percentage_huishoudens_zonder_kinderen": 25, "percentage_huishoudens_met_kinderen": 25, "gemiddelde_huishoudsgrootte": 1.8, "percentage_met_herkomstland_nederland": 70, "percentage_met_herkomstland_uit_europa_excl_nl": 10, "percentage_met_herkomstland_buiten_europa": 25, "percentage_geb_in_nl_met_herkomstland_nederland": 70, "perc_geb_in_nl_met_herkomstland_in_europa_ex_nl": 5, "perc_geb_in_nl_met_herkomstland_buiten_europa": 10, "perc_geb_buiten_nl_met_herkomstlnd_in_europa_ex_nl": 5, "perc_geb_buiten_nl_met_herkomstlnd_buiten_europa": 15, "oppervlakte_totaal_in_ha": 103, "oppervlakte_land_in_ha": 103, "oppervlakte_water_in_ha": 0, "jrstatcode": "2025BU02680615", "jaar": 2025 }, "geometry": { "type": "MultiPolygon", "coordinates": [ [ [ [ 186216.186200007796288, 425372.468100000172853 ], [ 186205.623200003057718, 425360.840100008994341 ], [ 186185.039200000464916, 425337.905099999159575 ], [ 186171.222199998795986, 425323.274100005626678 ], [ 186163.500200003385544, 425314.605100005865097 ], [ 186150.63120000064373, 425299.974100008606911 ], [ 186140.200200006365776, 425288.324099998921156 ], [ 186130.446199998259544, 425277.758100003004074 ], [ 186108.63620001077652, 425253.780099999159575 ], [ 186146.838100001215935, 425241.994100000709295 ], [ 186200.754100006073713, 425226.82209999486804 ], [ 186224.731100000441074, 425219.913100011646748 ], [ 186255.347100012004375, 425210.973100006580353 ], [ 186274.447100002318621, 425205.554100003093481 ], [ 186278.105099998414516, 425204.335099998861551 ], [ 186285.094100005924702, 425202.149100005626678 ], [ 186291.381100002676249, 425189.975100006908178 ], [ 186296.258100003004074, 425181.034100007265806 ], [ 186330.199100002646446, 425171.765099998563528 ], [ 186329.377100002020597, 425168.753100004047155 ], [ 186337.433100003749132, 425166.577100001275539 ], [ 186335.762099999934435, 425160.191100005060434 ], [ 186373.339099999517202, 425150.409100007265806 ], [ 186371.189100004732609, 425142.362100008875132 ], [ 186451.243100009858608, 425121.359100006520748 ], [ 186459.366099998354912, 425151.620100006461143 ], [ 186470.962099995464087, 425148.26010000705719 ], [ 186472.696100000292063, 425147.816100008785725 ], [ 186470.44709999486804, 425139.284100007265806 ], [ 186525.63510000705719, 425136.192100007086992 ], [ 186526.036100000143051, 425137.762100007385015 ], [ 186530.494100000709295, 425158.186099998652935 ], [ 186533.699099998921156, 425157.360100008547306 ], [ 186554.512099999934435, 425152.076100006699562 ], [ 186561.075100000947714, 425150.472100004553795 ], [ 186565.159100003540516, 425149.606100007891655 ], [ 186568.546100009232759, 425161.934099998325109 ], [ 186591.111100003123283, 425155.997099999338388 ], [ 186589.976100012660027, 425151.6351000033319 ], [ 186594.846100002527237, 425150.380100004374981 ], [ 186599.928099997341633, 425148.850099999457598 ], [ 186596.825100000947714, 425138.404100008308887 ], [ 186615.02309999987483, 425133.58610000833869 ], [ 186623.527100000530481, 425131.450099997222424 ], [ 186680.44310000538826, 425116.520100008696318 ], [ 186711.045100003480911, 425108.7550999969244 ], [ 186713.063100002706051, 425114.515100002288818 ], [ 186716.84010000154376, 425126.057100001722574 ], [ 186719.66609999909997, 425134.94709999486804 ], [ 186723.365100003778934, 425145.67510000243783 ], [ 186736.022100012749434, 425143.828099999576807 ], [ 186740.115100000053644, 425164.953099999576807 ], [ 186746.955100003629923, 425164.643100008368492 ], [ 186752.172100000083447, 425164.522100009024143 ], [ 186755.106100007891655, 425178.047099996358156 ], [ 186779.180100001394749, 425176.920100007206202 ], [ 186778.76910000666976, 425176.879099998623133 ], [ 186793.616099998354912, 425176.377100002020597 ], [ 186792.674100007861853, 425151.863100003451109 ], [ 186791.8800999969244, 425134.704100009053946 ], [ 186801.529100004583597, 425132.409100010991096 ], [ 186801.214099999517202, 425131.305100008845329 ], [ 186803.958099994808435, 425130.922100007534027 ], [ 186861.369100004434586, 425125.287100005894899 ], [ 186852.981100007891655, 425088.631099998950958 ], [ 186879.013100001960993, 425083.525100003927946 ], [ 186898.049100000411272, 425079.924099996685982 ], [ 186898.259100008755922, 425082.869100000709295 ], [ 186915.11710000410676, 425081.857100002467632 ], [ 186915.854099996387959, 425124.69310000911355 ], [ 186917.755100011825562, 425124.661100003868341 ], [ 186917.813099998980761, 425128.061099998652935 ], [ 186915.913100007921457, 425128.093100003898144 ], [ 186915.99210000410676, 425132.701100006699562 ], [ 186952.957100003957748, 425131.970100000500679 ], [ 186957.470100000500679, 425131.589100003242493 ], [ 186961.167100008577108, 425131.471100009977818 ], [ 186952.0011, 425079.80910000577569 ], [ 186960.714099999517202, 425079.19310000166297 ], [ 186972.106100011616945, 425078.635099999606609 ], [ 186973.380100011825562, 425084.740100003778934 ], [ 186977.58610000833869, 425103.739100009202957 ], [ 186980.007100008428097, 425115.095099996775389 ], [ 186980.984099995344877, 425119.4070999994874 ], [ 186981.408100008964539, 425122.438100006431341 ], [ 186981.921100001782179, 425122.225100003182888 ], [ 186998.293100006878376, 425119.450100000947714 ], [ 187001.965100005269051, 425136.830100003629923 ], [ 187026.544099997729063, 425129.328100007027388 ], [ 187027.311100002378225, 425147.525100007653236 ], [ 187027.241100005805492, 425147.527100004255772 ], [ 187027.5101000033319, 425157.249100007116795 ], [ 187028.110100012272596, 425157.231100004166365 ], [ 187028.383100010454655, 425167.088099997490644 ], [ 187042.79110000282526, 425166.544100008904934 ], [ 187060.412099998444319, 425166.228100009262562 ], [ 187155.236100003123283, 425161.904100000858307 ], [ 187154.417100012302399, 425138.7331000007689 ], [ 187164.734099995344877, 425136.581100009381771 ], [ 187192.353100001811981, 425133.196099996566772 ], [ 187209.023100003600121, 425131.057100009173155 ], [ 187208.746100004762411, 425128.604100003838539 ], [ 187205.84910000115633, 425108.221099995076656 ], [ 187201.649100001901388, 425079.705099999904633 ], [ 187199.143100008368492, 425061.959100000560284 ], [ 187188.306100007146597, 424986.369100004434586 ], [ 187180.313100006431341, 424925.951100002974272 ], [ 187175.301100004464388, 424891.271100003272295 ], [ 187170.830099999904633, 424856.592100001871586 ], [ 187165.683100007474422, 424820.558100007474422 ], [ 187162.025100000202656, 424792.922099996358156 ], [ 187153.491100002080202, 424732.640099994838238 ], [ 187147.124099995940924, 424684.955000005662441 ], [ 187139.402100000530481, 424629.685000006109476 ], [ 187127.61710000038147, 424570.351000003516674 ], [ 187118.811100002378225, 424521.175999995321035 ], [ 187110.141100008040667, 424478.910999998450279 ], [ 187102.962100002914667, 424441.250999998301268 ], [ 187098.559200000017881, 424422.074400000274181 ], [ 187091.449999995529652, 424421.277000002563 ], [ 187086.376000005751848, 424420.708000000566244 ], [ 187085.199000004678965, 424420.959000006318092 ], [ 187068.426000006496906, 424424.542000006884336 ], [ 187019.560000002384186, 424434.978999998420477 ], [ 187019.176000002771616, 424435.061000000685453 ], [ 187027.031000006943941, 424471.778999995440245 ], [ 186954.081000000238419, 424467.760000005364418 ], [ 186951.882000003010035, 424467.639000006020069 ], [ 186850.744000006467104, 424465.649000007659197 ], [ 186831.235000003129244, 424494.953999999910593 ], [ 186831.157999999821186, 424505.324000004678965 ], [ 186794.270000003278255, 424506.928000003099442 ], [ 186792.714000001549721, 424506.579999998211861 ], [ 186711.026999995112419, 424488.336000002920628 ], [ 186707.702300000935793, 424487.594400007277727 ], [ 186704.217000003904104, 424486.817000009119511 ], [ 186702.200000002980232, 424486.367000002413988 ], [ 186700.434000007808208, 424485.96000000089407 ], [ 186699.347999997437, 424485.688000001013279 ], [ 186698.465000007301569, 424485.484999995678663 ], [ 186690.162000004202127, 424484.432000003755093 ], [ 186604.010000001639128, 424473.502000004053116 ], [ 186603.92000000923872, 424473.489000000059605 ], [ 186603.193999998271465, 424473.382000003010035 ], [ 186586.804999995976686, 424470.975000001490116 ], [ 186586.215999998152256, 424470.890000008046627 ], [ 186531.539000000804663, 424462.968000002205372 ], [ 186477.33899999782443, 424451.100999999791384 ], [ 186436.25900000333786, 424438.56699999794364 ], [ 186435.440000012516975, 424438.31700000539422 ], [ 186363.855000007897615, 424416.477000005543232 ], [ 186301.076999995857477, 424386.999000005424023 ], [ 186293.1570999994874, 424383.192900002002716 ], [ 186284.19310000911355, 424378.322100006043911 ], [ 186270.326099999248981, 424371.038100007921457 ], [ 186257.922100000083447, 424364.622100003063679 ], [ 186194.243099994957447, 424331.089100003242493 ], [ 186191.814100004732609, 424338.222100000828505 ], [ 186063.858100008219481, 424375.520100008696318 ], [ 186052.677100002765656, 424379.006100010126829 ], [ 186053.298100005835295, 424380.765099998563528 ], [ 186067.522100012749434, 424433.868100006133318 ], [ 186070.773100003600121, 424446.737100008875132 ], [ 186084.185100007802248, 424498.757100000977516 ], [ 186094.615100003778934, 424538.042099997401237 ], [ 186092.719100005924702, 424538.448100004345179 ], [ 186070.231100007891655, 424541.699099995195866 ], [ 186041.513100005686283, 424548.202100001275539 ], [ 185973.644099999219179, 424567.709100000560284 ], [ 185905.504099998623133, 424586.945100005716085 ], [ 185845.221099998801947, 424604.556100003421307 ], [ 185813.25110000744462, 424613.497100003063679 ], [ 185795.641100008040667, 424619.593100003898144 ], [ 185781.010099999606609, 424626.502100005745888 ], [ 185775.185100000351667, 424629.482100006192923 ], [ 185760.96110001206398, 424638.016100000590086 ], [ 185753.917100008577108, 424642.758099995553493 ], [ 185742.8091000020504, 424651.021100003272295 ], [ 185733.326099995523691, 424659.285100005567074 ], [ 185728.855100005865097, 424663.619100000709295 ], [ 185722.624099999666214, 424670.122100006788969 ], [ 185704.201100002974272, 424691.390100002288818 ], [ 185676.972100008279085, 424724.444100007414818 ], [ 185658.783100012689829, 424748.025100003927946 ], [ 185637.426100008189678, 424773.054100003093481 ], [ 185628.573100008070469, 424786.567099999636412 ], [ 185617.728100001811981, 424801.868099998682737 ], [ 185607.84910000115633, 424815.244100008159876 ], [ 185566.962099995464087, 424867.606199998408556 ], [ 185586.40710000321269, 424883.771099999547005 ], [ 185700.226100012660027, 424979.698100008070469 ], [ 185760.727099999785423, 425037.255100000649691 ], [ 185793.727100003510714, 425068.565100003033876 ], [ 185798.801100011914968, 425073.458099998533726 ], [ 185818.485100001096725, 425092.346099998801947 ], [ 185800.631100006401539, 425109.558100011199713 ], [ 185796.337100006639957, 425114.100100006908178 ], [ 185796.755100008100271, 425117.752100005745888 ], [ 185808.731100004166365, 425129.069100007414818 ], [ 185814.244100004434586, 425133.58610000833869 ], [ 185822.003100007772446, 425139.552100006490946 ], [ 185836.642100006341934, 425152.731099996715784 ], [ 185945.286200009286404, 425255.462099999189377 ], [ 185958.284099999815226, 425236.984100006520748 ], [ 186149.886200003325939, 425433.159099999815226 ], [ 186216.186200007796288, 425372.468100000172853 ] ] ] ] } },
{ "type": "Feature", "properties": { "fid": 3091, "buurtcode": "BU02680616", "buurtnaam": "Hatert", "wijkcode": "WK026806", "gemeentecode": "GM0268", "gemeentenaam": "Nijmegen", "indelingswijziging_wijken_en_buurten": 1, "water": "NEE", "meest_voorkomende_postcode": "6535", "dekkingspercentage": 3, "omgevingsadressendichtheid": 2120, "stedelijkheid_adressen_per_km2": 2, "bevolkingsdichtheid_inwoners_per_km2": 6716, "aantal_inwoners": 10160, "mannen": 4865, "vrouwen": 5290, "percentage_personen_0_tot_15_jaar": 11, "percentage_personen_15_tot_25_jaar": 18, "percentage_personen_25_tot_45_jaar": 27, "percentage_personen_45_tot_65_jaar": 23, "percentage_personen_65_jaar_en_ouder": 21, "percentage_ongehuwd": 59, "percentage_gehuwd": 25, "percentage_gescheid": 11, "percentage_verweduwd": 6, "aantal_huishoudens": 6080, "percentage_eenpersoonshuishoudens": 60, "percentage_huishoudens_zonder_kinderen": 20, "percentage_huishoudens_met_kinderen": 20, "gemiddelde_huishoudsgrootte": 1.7, "percentage_met_herkomstland_nederland": 60, "percentage_met_herkomstland_uit_europa_excl_nl": 10, "percentage_met_herkomstland_buiten_europa": 30, "percentage_geb_in_nl_met_herkomstland_nederland": 60, "perc_geb_in_nl_met_herkomstland_in_europa_ex_nl": 5, "perc_geb_in_nl_met_herkomstland_buiten_europa": 10, "perc_geb_buiten_nl_met_herkomstlnd_in_europa_ex_nl": 10, "perc_geb_buiten_nl_met_herkomstlnd_buiten_europa": 15, "oppervlakte_totaal_in_ha": 159, "oppervlakte_land_in_ha": 151, "oppervlakte_water_in_ha": 7, "jrstatcode": "2025BU02680616", "jaar": 2025 }, "geometry": { "type": "MultiPolygon", "coordinates": [ [ [ [ 185420.042100004851818, 425067.591100007295609 ], [ 185432.371100008487701, 425050.227099999785423 ], [ 185442.403100002557039, 425037.592099998146296 ], [ 185452.647100001573563, 425046.238100007176399 ], [ 185508.096100006252527, 425090.319099996238947 ], [ 185558.939099997282028, 425026.671100001782179 ], [ 185575.377099998295307, 425038.330099999904633 ], [ 185576.650100000202656, 425037.186100002378225 ], [ 185600.306100007146597, 425007.015099998563528 ], [ 185640.363100007176399, 425042.090100008994341 ], [ 185700.226100012660027, 424979.698100008070469 ], [ 185586.40710000321269, 424883.771099999547005 ], [ 185566.962099995464087, 424867.606199998408556 ], [ 185607.84910000115633, 424815.244100008159876 ], [ 185617.728100001811981, 424801.868099998682737 ], [ 185628.573100008070469, 424786.567099999636412 ], [ 185637.426100008189678, 424773.054100003093481 ], [ 185658.783100012689829, 424748.025100003927946 ], [ 185676.972100008279085, 424724.444100007414818 ], [ 185704.201100002974272, 424691.390100002288818 ], [ 185722.624099999666214, 424670.122100006788969 ], [ 185728.855100005865097, 424663.619100000709295 ], [ 185733.326099995523691, 424659.285100005567074 ], [ 185742.8091000020504, 424651.021100003272295 ], [ 185753.917100008577108, 424642.758099995553493 ], [ 185760.96110001206398, 424638.016100000590086 ], [ 185775.185100000351667, 424629.482100006192923 ], [ 185781.010099999606609, 424626.502100005745888 ], [ 185795.641100008040667, 424619.593100003898144 ], [ 185813.25110000744462, 424613.497100003063679 ], [ 185845.221099998801947, 424604.556100003421307 ], [ 185905.504099998623133, 424586.945100005716085 ], [ 185973.644099999219179, 424567.709100000560284 ], [ 186041.513100005686283, 424548.202100001275539 ], [ 186070.231100007891655, 424541.699099995195866 ], [ 186092.719100005924702, 424538.448100004345179 ], [ 186094.615100003778934, 424538.042099997401237 ], [ 186084.185100007802248, 424498.757100000977516 ], [ 186070.773100003600121, 424446.737100008875132 ], [ 186067.522100012749434, 424433.868100006133318 ], [ 186053.298100005835295, 424380.765099998563528 ], [ 186052.677100002765656, 424379.006100010126829 ], [ 186063.858100008219481, 424375.520100008696318 ], [ 186191.814100004732609, 424338.222100000828505 ], [ 186194.243099994957447, 424331.089100003242493 ], [ 186257.922100000083447, 424364.622100003063679 ], [ 186270.326099999248981, 424371.038100007921457 ], [ 186284.19310000911355, 424378.322100006043911 ], [ 186293.1570999994874, 424383.192900002002716 ], [ 186293.669000007212162, 424381.695000004023314 ], [ 186294.897999994456768, 424376.892000004649162 ], [ 186296.282000001519918, 424370.844999998807907 ], [ 186305.10699999704957, 424329.375000007450581 ], [ 186316.108000002801418, 424279.190000008791685 ], [ 186321.05800000205636, 424256.396999999880791 ], [ 186320.973000008612871, 424249.760999996215105 ], [ 186320.839000001549721, 424239.236000008881092 ], [ 186319.724000006914139, 424238.484999999403954 ], [ 186318.225000008940697, 424237.476000007241964 ], [ 186298.399000007659197, 424221.581999994814396 ], [ 186294.105000011622906, 424218.140000008046627 ], [ 186291.005000006407499, 424215.653999999165535 ], [ 186247.969999998807907, 424173.890000000596046 ], [ 186213.746999997645617, 424134.357999999076128 ], [ 186178.439999997615814, 424090.629000004380941 ], [ 186176.08500000461936, 424086.429000001400709 ], [ 186169.147000003606081, 424092.898000009357929 ], [ 186165.987000003457069, 424096.936999998986721 ], [ 186147.274000003933907, 424119.300999999046326 ], [ 186126.038999997079372, 424144.500999998301268 ], [ 186049.774999998509884, 424232.775000005960464 ], [ 186029.334000002592802, 424256.458000004291534 ], [ 185994.407999999821186, 424238.252999994903803 ], [ 185994.778000012040138, 424232.670000001788139 ], [ 185981.341000005602837, 424221.324000008404255 ], [ 185955.641000006347895, 424201.320999998599291 ], [ 185927.483000002801418, 424179.596000004559755 ], [ 185916.311999995261431, 424171.521000005304813 ], [ 185870.633000001311302, 424140.187000002712011 ], [ 185869.787000000476837, 424139.46000000834465 ], [ 185816.397000007331371, 424093.608000006526709 ], [ 185811.789000004529953, 424089.651000004261732 ], [ 185811.672000002115965, 424089.550000000745058 ], [ 185764.588000006973743, 424049.114000000059605 ], [ 185738.043000005185604, 424026.162000000476837 ], [ 185733.958000008016825, 424022.630000006407499 ], [ 185665.418000001460314, 423963.369000002741814 ], [ 185614.327000007033348, 423917.491000007838011 ], [ 185564.681000009179115, 423876.507000003010035 ], [ 185561.677000008523464, 423874.239000007510185 ], [ 185560.611000012606382, 423873.454999998211861 ], [ 185402.496000003069639, 423737.530999999493361 ], [ 185346.40200001001358, 423688.708999995142221 ], [ 185301.21399999782443, 423650.230000000447035 ], [ 185235.314000006765127, 423592.725000012665987 ], [ 185233.18299999460578, 423589.909000001847744 ], [ 185264.236000008881092, 423567.864000003784895 ], [ 185321.419000003486872, 423528.155000008642673 ], [ 185326.97749999910593, 423524.894699994474649 ], [ 185335.868000004440546, 423519.679999995976686 ], [ 185343.374000005424023, 423516.035000007599592 ], [ 185344.131000008434057, 423515.302000004798174 ], [ 185345.655000004917383, 423513.827000010758638 ], [ 185347.649000000208616, 423512.352999996393919 ], [ 185334.27700000628829, 423500.183999996632338 ], [ 185332.55800000205636, 423498.620000004768372 ], [ 185332.521000009030104, 423498.587000004947186 ], [ 185313.8530000038445, 423481.88399999588728 ], [ 185294.528999999165535, 423465.041000001132488 ], [ 185275.848999999463558, 423447.205000009387732 ], [ 185244.42000000551343, 423418.133000001311302 ], [ 185230.040000002831221, 423405.656000006943941 ], [ 185228.5489999987185, 423404.36200000718236 ], [ 185207.710999995470047, 423387.386000003665686 ], [ 185203.188000001013279, 423383.701999999582767 ], [ 185177.925400000065565, 423363.183800011873245 ], [ 185071.051100004464388, 423485.949099998921156 ], [ 184953.065099999308586, 423631.46509999781847 ], [ 184877.653099995106459, 423722.78099999576807 ], [ 184836.860100001096725, 423772.519000008702278 ], [ 184753.504099998623133, 423894.302000001072884 ], [ 184702.478099998086691, 423979.262000005692244 ], [ 184668.545100003480911, 424049.168999996036291 ], [ 184649.665100008249283, 424095.6030000038445 ], [ 184631.550200011581182, 424142.548000007867813 ], [ 184619.049199998378754, 424174.184000007808208 ], [ 184581.488200008869171, 424276.381000008434057 ], [ 184527.210200008004904, 424485.950100004673004 ], [ 184503.475100003182888, 424582.208099998533726 ], [ 184446.746100004762411, 424808.024099994450808 ], [ 184525.574099998921156, 424826.50620000436902 ], [ 184513.195099998265505, 424875.918200004845858 ], [ 184538.287099998444319, 424883.480200000107288 ], [ 184591.898100003600121, 424826.673200000077486 ], [ 184597.604100007563829, 424826.429200004786253 ], [ 184667.293099999427795, 424922.079199995845556 ], [ 184693.294099997729063, 424896.495200000703335 ], [ 184762.339100010693073, 424828.486200001090765 ], [ 184781.311100006103516, 424810.137099999934435 ], [ 184842.379099998623133, 424749.669100001454353 ], [ 184844.226100001484156, 424747.850100003182888 ], [ 185037.701099999248981, 424898.522199999541044 ], [ 185118.866099994629622, 424941.061200007796288 ], [ 185145.277100007981062, 424954.925200000405312 ], [ 185265.592099998146296, 425013.687100008130074 ], [ 185344.018100000917912, 425061.687099996954203 ], [ 185349.272100005298853, 425065.260099999606609 ], [ 185397.378100000321865, 425098.140100002288818 ], [ 185420.042100004851818, 425067.591100007295609 ] ] ] ] } },
{ "type": "Feature", "properties": { "fid": 3092, "buurtcode": "BU02680618", "buurtnaam": "Brakkenstein", "wijkcode": "WK026806", "gemeentecode": "GM0268", "gemeentenaam": "Nijmegen", "indelingswijziging_wijken_en_buurten": 1, "water": "NEE", "meest_voorkomende_postcode": "6525", "dekkingspercentage": 1, "omgevingsadressendichtheid": 1193, "stedelijkheid_adressen_per_km2": 3, "bevolkingsdichtheid_inwoners_per_km2": 2756, "aantal_inwoners": 4025, "mannen": 1820, "vrouwen": 2205, "percentage_personen_0_tot_15_jaar": 13, "percentage_personen_15_tot_25_jaar": 15, "percentage_personen_25_tot_45_jaar": 24, "percentage_personen_45_tot_65_jaar": 22, "percentage_personen_65_jaar_en_ouder": 26, "percentage_ongehuwd": 56, "percentage_gehuwd": 30, "percentage_gescheid": 7, "percentage_verweduwd": 6, "aantal_huishoudens": 2075, "percentage_eenpersoonshuishoudens": 49, "percentage_huishoudens_zonder_kinderen": 28, "percentage_huishoudens_met_kinderen": 24, "gemiddelde_huishoudsgrootte": 1.9, "percentage_met_herkomstland_nederland": 80, "percentage_met_herkomstland_uit_europa_excl_nl": 10, "percentage_met_herkomstland_buiten_europa": 10, "percentage_geb_in_nl_met_herkomstland_nederland": 80, "perc_geb_in_nl_met_herkomstland_in_europa_ex_nl": 5, "perc_geb_in_nl_met_herkomstland_buiten_europa": 5, "perc_geb_buiten_nl_met_herkomstlnd_in_europa_ex_nl": 5, "perc_geb_buiten_nl_met_herkomstlnd_buiten_europa": 5, "oppervlakte_totaal_in_ha": 146, "oppervlakte_land_in_ha": 146, "oppervlakte_water_in_ha": 0, "jrstatcode": "2025BU02680618", "jaar": 2025 }, "geometry": { "type": "MultiPolygon", "coordinates": [ [ [ [ 188724.863200005143881, 425887.904100004583597 ], [ 188726.072199996560812, 425884.360100004822016 ], [ 188736.165199998766184, 425853.406100001186132 ], [ 188740.025199998170137, 425840.266100008040667 ], [ 188744.428200002759695, 425824.41609999537468 ], [ 188750.253200002014637, 425799.829100012779236 ], [ 188753.911200013011694, 425783.438100002706051 ], [ 188756.349200006574392, 425771.313099998980761 ], [ 188760.413200005888939, 425747.404100008308887 ], [ 188764.071200001984835, 425722.61310001090169 ], [ 188766.374200005084276, 425704.190099999308586 ], [ 188767.79619999974966, 425689.49210000038147 ], [ 188770.099200002849102, 425654.338100008666515 ], [ 188770.844200000166893, 425633.408100005239248 ], [ 188770.980200000107288, 425616.881099998950958 ], [ 188771.115200005471706, 425580.509099997580051 ], [ 188770.776200000196695, 425555.583099994808435 ], [ 188770.57319999858737, 425547.116100002080202 ], [ 188770.031200002878904, 425517.313100002706051 ], [ 188769.625199995934963, 425497.942100003361702 ], [ 188768.94819999858737, 425443.213100001215935 ], [ 188768.541200008243322, 425423.841100007295609 ], [ 188768.406200006604195, 425406.434099998325109 ], [ 188768.270200006663799, 425397.561099998652935 ], [ 188767.999200001358986, 425371.145100001245737 ], [ 188767.661200009286404, 425354.008099999278784 ], [ 188767.728199999779463, 425346.151099998503923 ], [ 188767.254200007766485, 425320.887100003659725 ], [ 188766.712199997156858, 425285.056099999696016 ], [ 188766.171200003474951, 425239.74210000410676 ], [ 188765.83219999819994, 425220.235100008547306 ], [ 188765.019200000911951, 425163.06810000911355 ], [ 188764.613200008869171, 425140.919100005179644 ], [ 188763.935200002044439, 425091.813100006431341 ], [ 188763.123200003057718, 425040.200100004673004 ], [ 188762.445100005716085, 424991.703100003302097 ], [ 188761.497100006788969, 424944.019000012427568 ], [ 188760.955099996179342, 424908.797000005841255 ], [ 188760.007099997252226, 424853.391000002622604 ], [ 188759.329100005328655, 424819.118000008165836 ], [ 188758.246100001037121, 424747.592000003904104 ], [ 188757.433100003749132, 424709.390000008046627 ], [ 188757.396300002932549, 424695.130400005728006 ], [ 188755.127000004053116, 424695.617000006139278 ], [ 188743.750000007450581, 424698.054999999701977 ], [ 188731.621000003069639, 424700.655000004917383 ], [ 188730.2010000012815, 424700.958999995142221 ], [ 188588.107000004500151, 424699.674999997019768 ], [ 188581.485000003129244, 424699.615000002086163 ], [ 188446.885000001639128, 424698.399000003933907 ], [ 188421.450000006705523, 424697.592000003904104 ], [ 188418.651999998837709, 424697.519999999552965 ], [ 188406.691000003367662, 424697.451999999582767 ], [ 188396.689000006765127, 424697.587999999523163 ], [ 188372.997000005096197, 424700.250000007450581 ], [ 188335.828000005334616, 424706.667000010609627 ], [ 188278.856000006198883, 424715.980000004172325 ], [ 188250.867000002413988, 424718.032000001519918 ], [ 188224.242000006139278, 424717.513999994844198 ], [ 188202.414000000804663, 424715.188000001013279 ], [ 188144.109000004827976, 424706.378000002354383 ], [ 188135.377000004053116, 424705.425999999046326 ], [ 187933.484000001102686, 424683.411999996751547 ], [ 187928.369999997317791, 424682.611000008881092 ], [ 187906.736000008881092, 424677.60300000756979 ], [ 187900.399999998509884, 424675.663000009953976 ], [ 187674.986000005155802, 424600.68299999460578 ], [ 187670.847000006586313, 424599.306000012904406 ], [ 187607.559000011533499, 424578.253999996930361 ], [ 187579.781000003218651, 424569.015000000596046 ], [ 187464.72800000756979, 424530.745000008493662 ], [ 187434.888999994844198, 424522.716999996453524 ], [ 187418.892000000923872, 424520.999000001698732 ], [ 187411.868000011891127, 424520.245000004768372 ], [ 187411.784000001847744, 424519.614999998360872 ], [ 187409.852000005543232, 424519.33500000461936 ], [ 187280.09400000423193, 424500.541999995708466 ], [ 187258.424000006169081, 424497.403000004589558 ], [ 187217.355000007897615, 424491.454999998211861 ], [ 187215.699000000953674, 424491.215000003576279 ], [ 187209.730000011622906, 424490.350000001490116 ], [ 187190.981000002473593, 424487.635000005364418 ], [ 187185.124000009149313, 424486.787000000476837 ], [ 187183.592999994754791, 424486.565000008791685 ], [ 187133.191000007092953, 424482.738000009208918 ], [ 187125.936799999326468, 424461.06529999896884 ], [ 187124.395000007003546, 424456.458999998867512 ], [ 187118.846999995410442, 424444.935999996960163 ], [ 187113.541999999433756, 424429.361000005155802 ], [ 187113.234999999403954, 424428.150000005960464 ], [ 187111.676000010222197, 424422.006000000983477 ], [ 187107.570999998599291, 424423.08500000461936 ], [ 187107.079999998211861, 424423.030000008642673 ], [ 187098.91100000217557, 424422.114000000059605 ], [ 187098.559200000017881, 424422.074400000274181 ], [ 187102.962100002914667, 424441.250999998301268 ], [ 187110.141100008040667, 424478.910999998450279 ], [ 187118.811100002378225, 424521.175999995321035 ], [ 187127.61710000038147, 424570.351000003516674 ], [ 187139.402100000530481, 424629.685000006109476 ], [ 187147.124099995940924, 424684.955000005662441 ], [ 187153.491100002080202, 424732.640099994838238 ], [ 187162.025100000202656, 424792.922099996358156 ], [ 187165.683100007474422, 424820.558100007474422 ], [ 187170.830099999904633, 424856.592100001871586 ], [ 187175.301100004464388, 424891.271100003272295 ], [ 187180.313100006431341, 424925.951100002974272 ], [ 187188.306100007146597, 424986.369100004434586 ], [ 187199.143100008368492, 425061.959100000560284 ], [ 187201.649100001901388, 425079.705099999904633 ], [ 187205.84910000115633, 425108.221099995076656 ], [ 187208.746100004762411, 425128.604100003838539 ], [ 187209.023100003600121, 425131.057100009173155 ], [ 187213.635099995881319, 425171.904100004583597 ], [ 187217.44819999486208, 425192.735100008547306 ], [ 187226.389199994504452, 425258.843100007623434 ], [ 187240.206199996173382, 425358.817099995911121 ], [ 187245.35419999808073, 425398.645099997520447 ], [ 187249.418200001120567, 425424.112100012600422 ], [ 187322.84120000526309, 425421.80910000577569 ], [ 187360.636200007051229, 425421.674100004136562 ], [ 187397.077200002968311, 425420.59010000154376 ], [ 187454.51520000398159, 425420.59010000154376 ], [ 187508.430200003087521, 425420.455099999904633 ], [ 187612.333200003951788, 425420.048099994659424 ], [ 187674.648200001567602, 425420.184099994599819 ], [ 187740.620200000703335, 425419.913199994713068 ], [ 187740.311200007796288, 425587.48420000448823 ], [ 187740.364100005477667, 425644.243200000375509 ], [ 187757.568099997937679, 425645.233200006186962 ], [ 187762.090100008994341, 425649.324200000613928 ], [ 187821.52810000628233, 425649.876200009137392 ], [ 187853.967100005596876, 425650.288199998438358 ], [ 187898.962099995464087, 425650.410200010985136 ], [ 187910.056099999696016, 425650.446200005710125 ], [ 188051.880100004374981, 425654.197199996560812 ], [ 188059.700100000947714, 425654.405200000852346 ], [ 188062.244100008159876, 425654.550200004130602 ], [ 188071.475099999457598, 425655.043200012296438 ], [ 188072.784099996089935, 425626.500200007110834 ], [ 188074.13910000026226, 425584.234199997037649 ], [ 188076.036100000143051, 425546.574199996888638 ], [ 188078.203100003302097, 425506.476200003176928 ], [ 188079.287100002169609, 425493.742200005799532 ], [ 188079.558100007474422, 425488.053200006484985 ], [ 188080.641100011765957, 425482.092200007289648 ], [ 188086.331100005656481, 425463.940200001001358 ], [ 188091.479100007563829, 425451.206200003623962 ], [ 188115.321100011467934, 425451.477200005203485 ], [ 188137.267099998891354, 425454.186200004070997 ], [ 188170.320200007408857, 425455.270200006663799 ], [ 188219.901200011372566, 425456.624199997633696 ], [ 188276.526200000196695, 425458.250200007110834 ], [ 188283.300200011581182, 425459.063200004398823 ], [ 188301.452200002968311, 425461.501200009137392 ], [ 188307.684200007468462, 425463.127200003713369 ], [ 188330.171200003474951, 425471.526199996471405 ], [ 188321.772199995815754, 425536.008200000971556 ], [ 188337.486200008541346, 425570.687200002372265 ], [ 188343.989200003445148, 425585.318199999630451 ], [ 188345.614199999719858, 425588.027199994772673 ], [ 188356.181200005114079, 425595.884200010448694 ], [ 188414.973200000822544, 425634.086200002580881 ], [ 188440.712200000882149, 425651.425200000405312 ], [ 188600.563200008124113, 425756.277199998497963 ], [ 188625.488200001418591, 425772.804100003093481 ], [ 188592.976200003176928, 425825.365200009196997 ], [ 188644.831200007349253, 425863.180100008845329 ], [ 188723.980200000107288, 425890.075099997222424 ], [ 188724.863200005143881, 425887.904100004583597 ] ] ] ] } },
{ "type": "Feature", "properties": { "fid": 3093, "buurtcode": "BU02680731", "buurtnaam": "Tolhuis", "wijkcode": "WK026807", "gemeentecode": "GM0268", "gemeentenaam": "Nijmegen", "indelingswijziging_wijken_en_buurten": 1, "water": "NEE", "meest_voorkomende_postcode": "6537", "dekkingspercentage": 1, "omgevingsadressendichtheid": 1941, "stedelijkheid_adressen_per_km2": 2, "bevolkingsdichtheid_inwoners_per_km2": 4447, "aantal_inwoners": 3625, "mannen": 1795, "vrouwen": 1830, "percentage_personen_0_tot_15_jaar": 15, "percentage_personen_15_tot_25_jaar": 12, "percentage_personen_25_tot_45_jaar": 29, "percentage_personen_45_tot_65_jaar": 25, "percentage_personen_65_jaar_en_ouder": 19, "percentage_ongehuwd": 55, "percentage_gehuwd": 31, "percentage_gescheid": 10, "percentage_verweduwd": 4, "aantal_huishoudens": 1845, "percentage_eenpersoonshuishoudens": 47, "percentage_huishoudens_zonder_kinderen": 24, "percentage_huishoudens_met_kinderen": 29, "gemiddelde_huishoudsgrootte": 2.0, "percentage_met_herkomstland_nederland": 60, "percentage_met_herkomstland_uit_europa_excl_nl": 10, "percentage_met_herkomstland_buiten_europa": 35, "percentage_geb_in_nl_met_herkomstland_nederland": 60, "perc_geb_in_nl_met_herkomstland_in_europa_ex_nl": 5, "perc_geb_in_nl_met_herkomstland_buiten_europa": 15, "perc_geb_buiten_nl_met_herkomstlnd_in_europa_ex_nl": 5, "perc_geb_buiten_nl_met_herkomstlnd_buiten_europa": 15, "oppervlakte_totaal_in_ha": 83, "oppervlakte_land_in_ha": 81, "oppervlakte_water_in_ha": 2, "jrstatcode": "2025BU02680731", "jaar": 2025 }, "geometry": { "type": "MultiPolygon", "coordinates": [ [ [ [ 182921.522100005298853, 426182.286200009286404 ], [ 182941.210099998861551, 426074.658199995756149 ], [ 182956.523100007325411, 426006.843200001865625 ], [ 182972.312100000679493, 425968.233200006186962 ], [ 182989.3361000046134, 425935.528100002557039 ], [ 183005.087099995464087, 425911.465100005269051 ], [ 183016.900100000202656, 425896.59009999781847 ], [ 183039.650100011378527, 425871.214100003242493 ], [ 183060.214100003242493, 425849.776099994778633 ], [ 183088.516100000590086, 425825.848100002855062 ], [ 183353.466100007295609, 425633.465100008994341 ], [ 183522.630100011825562, 425514.656100008636713 ], [ 183558.137100007385015, 425494.26409999653697 ], [ 183592.134100001305342, 425473.437100008130074 ], [ 183646.957100000232458, 425430.865099996328354 ], [ 183648.3361000046134, 425396.854100003838539 ], [ 183650.326099999248981, 425356.745000012218952 ], [ 183656.351100012660027, 425288.767099995166063 ], [ 183534.918100003153086, 425265.590000007301569 ], [ 183290.006100002676249, 425226.440999999642372 ], [ 183235.075100004673004, 425217.33610001206398 ], [ 183217.777100004255772, 425214.605100005865097 ], [ 183205.030100002884865, 425212.177099999040365 ], [ 183193.194100007414818, 425285.924000006169081 ], [ 183176.140100002288818, 425282.968000005930662 ], [ 182932.113099999725819, 425245.315099999308586 ], [ 182718.360100001096725, 425153.501000002026558 ], [ 182718.481100004166365, 425146.915100000798702 ], [ 182635.500100012868643, 425111.359000001102686 ], [ 182619.086099997162819, 425103.83500000834465 ], [ 182539.794100012630224, 425264.435000002384186 ], [ 182432.855200003832579, 425481.623000010848045 ], [ 182423.773200005292892, 425499.994000002741814 ], [ 182412.441200003027916, 425522.974000006914139 ], [ 182385.4391999989748, 425608.529100008308887 ], [ 182340.688100002706051, 425752.249100003391504 ], [ 182314.290100011974573, 425833.289099995046854 ], [ 182301.44310000166297, 425874.17510000243783 ], [ 182263.664100009948015, 425862.766099996864796 ], [ 182224.925200007855892, 425850.674100000411272 ], [ 182154.513199999928474, 425922.340100008994341 ], [ 182147.842200003564358, 425928.605099998414516 ], [ 182126.930200006812811, 425947.575100004673004 ], [ 182117.463200006633997, 425955.480100005865097 ], [ 182112.936200011521578, 425959.164100006222725 ], [ 182632.881100006401539, 426114.049199998378754 ], [ 182691.049100007861853, 426131.447200004011393 ], [ 182761.0050999969244, 426151.648200005292892 ], [ 182813.753100007772446, 426167.360199995338917 ], [ 182869.86710000038147, 426183.820200003683567 ], [ 182918.701099995523691, 426196.561200007796288 ], [ 182921.522100005298853, 426182.286200009286404 ] ] ] ] } },
{ "type": "Feature", "properties": { "fid": 3094, "buurtcode": "BU02680732", "buurtnaam": "Zwanenveld", "wijkcode": "WK026807", "gemeentecode": "GM0268", "gemeentenaam": "Nijmegen", "indelingswijziging_wijken_en_buurten": 1, "water": "NEE", "meest_voorkomende_postcode": "6538", "dekkingspercentage": 1, "omgevingsadressendichtheid": 2248, "stedelijkheid_adressen_per_km2": 2, "bevolkingsdichtheid_inwoners_per_km2": 5653, "aantal_inwoners": 4720, "mannen": 2340, "vrouwen": 2375, "percentage_personen_0_tot_15_jaar": 13, "percentage_personen_15_tot_25_jaar": 11, "percentage_personen_25_tot_45_jaar": 30, "percentage_personen_45_tot_65_jaar": 25, "percentage_personen_65_jaar_en_ouder": 21, "percentage_ongehuwd": 54, "percentage_gehuwd": 29, "percentage_gescheid": 12, "percentage_verweduwd": 5, "aantal_huishoudens": 2530, "percentage_eenpersoonshuishoudens": 51, "percentage_huishoudens_zonder_kinderen": 24, "percentage_huishoudens_met_kinderen": 25, "gemiddelde_huishoudsgrootte": 1.8, "percentage_met_herkomstland_nederland": 60, "percentage_met_herkomstland_uit_europa_excl_nl": 10, "percentage_met_herkomstland_buiten_europa": 30, "percentage_geb_in_nl_met_herkomstland_nederland": 60, "perc_geb_in_nl_met_herkomstland_in_europa_ex_nl": 5, "perc_geb_in_nl_met_herkomstland_buiten_europa": 15, "perc_geb_buiten_nl_met_herkomstlnd_in_europa_ex_nl": 5, "perc_geb_buiten_nl_met_herkomstlnd_buiten_europa": 20, "oppervlakte_totaal_in_ha": 88, "oppervlakte_land_in_ha": 83, "oppervlakte_water_in_ha": 5, "jrstatcode": "2025BU02680732", "jaar": 2025 }, "geometry": { "type": "MultiPolygon", "coordinates": [ [ [ [ 184265.409099999815226, 425528.343100007623434 ], [ 184257.897100001573563, 425525.611100003123283 ], [ 184099.473099999129772, 425484.981100004166365 ], [ 184080.694100003689528, 425482.591099996119738 ], [ 184058.842099998146296, 425481.225099995732307 ], [ 184042.784099996089935, 425480.282100010663271 ], [ 184017.529100004583597, 425478.835100002586842 ], [ 183955.730100002139807, 425475.079100012779236 ], [ 183884.712100002914667, 425472.348100006580353 ], [ 183777.738099996000528, 425465.168100003153086 ], [ 183646.957100000232458, 425430.865099996328354 ], [ 183592.134100001305342, 425473.437100008130074 ], [ 183558.137100007385015, 425494.26409999653697 ], [ 183522.630100011825562, 425514.656100008636713 ], [ 183353.466100007295609, 425633.465100008994341 ], [ 183088.516100000590086, 425825.848100002855062 ], [ 183060.214100003242493, 425849.776099994778633 ], [ 183039.650100011378527, 425871.214100003242493 ], [ 183016.900100000202656, 425896.59009999781847 ], [ 183005.087099995464087, 425911.465100005269051 ], [ 182989.3361000046134, 425935.528100002557039 ], [ 182972.312100000679493, 425968.233200006186962 ], [ 182956.523100007325411, 426006.843200001865625 ], [ 182941.210099998861551, 426074.658199995756149 ], [ 182921.522100005298853, 426182.286200009286404 ], [ 182918.701099995523691, 426196.561200007796288 ], [ 182959.044099997729063, 426205.626200001686811 ], [ 183023.057100009173155, 426218.454200007021427 ], [ 183096.391100000590086, 426232.824200000613928 ], [ 183181.214100010693073, 426249.270100001245737 ], [ 183257.765100006014109, 426264.768100008368492 ], [ 183296.915100000798702, 426271.953100010752678 ], [ 183358.222000002861023, 426284.360100012272596 ], [ 183421.232999999076128, 426296.524099998176098 ], [ 183482.297000005841255, 426308.202100001275539 ], [ 183506.626000005751848, 426313.311100002378225 ], [ 183632.709100008010864, 426337.701100006699562 ], [ 183739.078100007027388, 426358.619200002402067 ], [ 183835.615100007504225, 426377.526200007647276 ], [ 183900.290100000798702, 426390.282200012356043 ], [ 183956.175100009888411, 426402.034200008958578 ], [ 184038.118100006133318, 426419.021200008690357 ], [ 184265.409099999815226, 425528.343100007623434 ] ] ] ] } },
{ "type": "Feature", "properties": { "fid": 3095, "buurtcode": "BU02680733", "buurtnaam": "Meijhorst", "wijkcode": "WK026807", "gemeentecode": "GM0268", "gemeentenaam": "Nijmegen", "indelingswijziging_wijken_en_buurten": 1, "water": "NEE", "meest_voorkomende_postcode": "6537", "dekkingspercentage": 1, "omgevingsadressendichtheid": 2208, "stedelijkheid_adressen_per_km2": 2, "bevolkingsdichtheid_inwoners_per_km2": 5934, "aantal_inwoners": 3410, "mannen": 1645, "vrouwen": 1760, "percentage_personen_0_tot_15_jaar": 16, "percentage_personen_15_tot_25_jaar": 13, "percentage_personen_25_tot_45_jaar": 24, "percentage_personen_45_tot_65_jaar": 26, "percentage_personen_65_jaar_en_ouder": 22, "percentage_ongehuwd": 52, "percentage_gehuwd": 28, "percentage_gescheid": 14, "percentage_verweduwd": 5, "aantal_huishoudens": 1680, "percentage_eenpersoonshuishoudens": 49, "percentage_huishoudens_zonder_kinderen": 19, "percentage_huishoudens_met_kinderen": 32, "gemiddelde_huishoudsgrootte": 2.0, "percentage_met_herkomstland_nederland": 45, "percentage_met_herkomstland_uit_europa_excl_nl": 10, "percentage_met_herkomstland_buiten_europa": 45, "percentage_geb_in_nl_met_herkomstland_nederland": 45, "perc_geb_in_nl_met_herkomstland_in_europa_ex_nl": 5, "perc_geb_in_nl_met_herkomstland_buiten_europa": 20, "perc_geb_buiten_nl_met_herkomstlnd_in_europa_ex_nl": 5, "perc_geb_buiten_nl_met_herkomstlnd_buiten_europa": 25, "oppervlakte_totaal_in_ha": 58, "oppervlakte_land_in_ha": 57, "oppervlakte_water_in_ha": 1, "jrstatcode": "2025BU02680733", "jaar": 2025 }, "geometry": { "type": "MultiPolygon", "coordinates": [ [ [ [ 183660.122100003063679, 425230.37610001116991 ], [ 183665.981100000441074, 425136.641100004315376 ], [ 183677.697999998927116, 424902.303100001066923 ], [ 183677.775000002235174, 424899.921100001782179 ], [ 183678.412999998778105, 424880.255100000649691 ], [ 183684.22010000795126, 424699.341100011020899 ], [ 183632.47409999743104, 424672.265099994838238 ], [ 183364.886100009083748, 424562.26799999922514 ], [ 183343.941100008785725, 424549.830000001937151 ], [ 183341.191100005060434, 424543.986000001430511 ], [ 183339.472100000828505, 424536.766000002622604 ], [ 183340.497100003063679, 424527.522000007331371 ], [ 183344.972100008279085, 424515.107999999076128 ], [ 183352.535100001841784, 424491.730999998748302 ], [ 183353.043100006878376, 424486.660000000149012 ], [ 183345.316099997609854, 424478.668000012636185 ], [ 183295.125100005418062, 424458.041000004857779 ], [ 183284.811099994927645, 424460.792000006884336 ], [ 183249.402100007981062, 424504.795000001788139 ], [ 183242.716099996119738, 424512.047000005841255 ], [ 183055.412099998444319, 424435.051999997347593 ], [ 183037.314100004732609, 424472.26800000295043 ], [ 183022.553100004792213, 424502.100999999791384 ], [ 183009.289100006222725, 424527.721000008285046 ], [ 182996.206100005656481, 424553.340000003576279 ], [ 182982.397100009024143, 424578.41499999538064 ], [ 182948.056099999696016, 424640.193000003695488 ], [ 182925.161100000143051, 424680.531000006943941 ], [ 182899.144999995827675, 424727.997100010514259 ], [ 182893.498000003397465, 424740.2331000007689 ], [ 182858.483000002801418, 424823.253100004047155 ], [ 182840.335999995470047, 424865.182100005447865 ], [ 182810.690000005066395, 424932.276100005954504 ], [ 182804.449000000953674, 424945.539100006222725 ], [ 182789.754099994897842, 424980.607100006192923 ], [ 182718.481100004166365, 425146.915100000798702 ], [ 182718.360100001096725, 425153.501000002026558 ], [ 182932.113099999725819, 425245.315099999308586 ], [ 183176.140100002288818, 425282.968000005930662 ], [ 183193.194100007414818, 425285.924000006169081 ], [ 183205.030100002884865, 425212.177099999040365 ], [ 183217.777100004255772, 425214.605100005865097 ], [ 183235.075100004673004, 425217.33610001206398 ], [ 183290.006100002676249, 425226.440999999642372 ], [ 183534.918100003153086, 425265.590000007301569 ], [ 183656.351100012660027, 425288.767099995166063 ], [ 183660.122100003063679, 425230.37610001116991 ] ] ] ] } },
{ "type": "Feature", "properties": { "fid": 3096, "buurtcode": "BU02680734", "buurtnaam": "Lankforst", "wijkcode": "WK026807", "gemeentecode": "GM0268", "gemeentenaam": "Nijmegen", "indelingswijziging_wijken_en_buurten": 1, "water": "NEE", "meest_voorkomende_postcode": "6538", "dekkingspercentage": 1, "omgevingsadressendichtheid": 2240, "stedelijkheid_adressen_per_km2": 2, "bevolkingsdichtheid_inwoners_per_km2": 4610, "aantal_inwoners": 2045, "mannen": 1005, "vrouwen": 1035, "percentage_personen_0_tot_15_jaar": 14, "percentage_personen_15_tot_25_jaar": 11, "percentage_personen_25_tot_45_jaar": 26, "percentage_personen_45_tot_65_jaar": 27, "percentage_personen_65_jaar_en_ouder": 22, "percentage_ongehuwd": 51, "percentage_gehuwd": 33, "percentage_gescheid": 11, "percentage_verweduwd": 5, "aantal_huishoudens": 1070, "percentage_eenpersoonshuishoudens": 47, "percentage_huishoudens_zonder_kinderen": 24, "percentage_huishoudens_met_kinderen": 29, "gemiddelde_huishoudsgrootte": 1.9, "percentage_met_herkomstland_nederland": 65, "percentage_met_herkomstland_uit_europa_excl_nl": 10, "percentage_met_herkomstland_buiten_europa": 25, "percentage_geb_in_nl_met_herkomstland_nederland": 65, "perc_geb_in_nl_met_herkomstland_in_europa_ex_nl": 5, "perc_geb_in_nl_met_herkomstland_buiten_europa": 10, "perc_geb_buiten_nl_met_herkomstlnd_in_europa_ex_nl": 5, "perc_geb_buiten_nl_met_herkomstlnd_buiten_europa": 15, "oppervlakte_totaal_in_ha": 48, "oppervlakte_land_in_ha": 44, "oppervlakte_water_in_ha": 3, "jrstatcode": "2025BU02680734", "jaar": 2025 }, "geometry": { "type": "MultiPolygon", "coordinates": [ [ [ [ 184341.2060999982059, 425216.274100001901388 ], [ 184400.014100003987551, 424987.971099998801947 ], [ 184435.850100006908178, 424850.31020000576973 ], [ 184446.746100004762411, 424808.024099994450808 ], [ 184199.872100010514259, 424749.82710000872612 ], [ 184171.71510000154376, 424730.003100000321865 ], [ 184169.352099999785423, 424749.819100003689528 ], [ 184156.182099997997284, 424748.905100002884865 ], [ 184157.143100004643202, 424719.743100006133318 ], [ 184066.271099999547005, 424655.764100007712841 ], [ 183960.29109999909997, 424676.10810000449419 ], [ 183993.184000004082918, 424856.401200007647276 ], [ 183973.320000000298023, 424859.757200002670288 ], [ 183909.887000001966953, 424871.466099996119738 ], [ 183862.756000000983477, 424880.062100011855364 ], [ 183815.774000003933907, 424889.399100005626678 ], [ 183766.866000011563301, 424898.143099997192621 ], [ 183754.416000008583069, 424899.922100000083447 ], [ 183740.780999999493361, 424901.1081000007689 ], [ 183733.074000000953674, 424901.404100000858307 ], [ 183725.367000006139278, 424901.256100006401539 ], [ 183700.765000008046627, 424900.070100005716085 ], [ 183677.775000002235174, 424899.921100001782179 ], [ 183677.697999998927116, 424902.303100001066923 ], [ 183665.981100000441074, 425136.641100004315376 ], [ 183660.122100003063679, 425230.37610001116991 ], [ 183656.351100012660027, 425288.767099995166063 ], [ 183650.326099999248981, 425356.745000012218952 ], [ 183648.3361000046134, 425396.854100003838539 ], [ 183646.957100000232458, 425430.865099996328354 ], [ 183777.738099996000528, 425465.168100003153086 ], [ 183884.712100002914667, 425472.348100006580353 ], [ 183955.730100002139807, 425475.079100012779236 ], [ 184017.529100004583597, 425478.835100002586842 ], [ 184042.784099996089935, 425480.282100010663271 ], [ 184058.842099998146296, 425481.225099995732307 ], [ 184080.694100003689528, 425482.591099996119738 ], [ 184099.473099999129772, 425484.981100004166365 ], [ 184257.897100001573563, 425525.611100003123283 ], [ 184265.409099999815226, 425528.343100007623434 ], [ 184341.2060999982059, 425216.274100001901388 ] ] ] ] } },
{ "type": "Feature", "properties": { "fid": 3097, "buurtcode": "BU02680735", "buurtnaam": "Aldenhof", "wijkcode": "WK026807", "gemeentecode": "GM0268", "gemeentenaam": "Nijmegen", "indelingswijziging_wijken_en_buurten": 1, "water": "NEE", "meest_voorkomende_postcode": "6537", "dekkingspercentage": 1, "omgevingsadressendichtheid": 1858, "stedelijkheid_adressen_per_km2": 2, "bevolkingsdichtheid_inwoners_per_km2": 5386, "aantal_inwoners": 2495, "mannen": 1240, "vrouwen": 1255, "percentage_personen_0_tot_15_jaar": 18, "percentage_personen_15_tot_25_jaar": 12, "percentage_personen_25_tot_45_jaar": 28, "percentage_personen_45_tot_65_jaar": 25, "percentage_personen_65_jaar_en_ouder": 16, "percentage_ongehuwd": 57, "percentage_gehuwd": 30, "percentage_gescheid": 10, "percentage_verweduwd": 3, "aantal_huishoudens": 1190, "percentage_eenpersoonshuishoudens": 41, "percentage_huishoudens_zonder_kinderen": 23, "percentage_huishoudens_met_kinderen": 36, "gemiddelde_huishoudsgrootte": 2.1, "percentage_met_herkomstland_nederland": 55, "percentage_met_herkomstland_uit_europa_excl_nl": 10, "percentage_met_herkomstland_buiten_europa": 35, "percentage_geb_in_nl_met_herkomstland_nederland": 55, "perc_geb_in_nl_met_herkomstland_in_europa_ex_nl": 5, "perc_geb_in_nl_met_herkomstland_buiten_europa": 15, "perc_geb_buiten_nl_met_herkomstlnd_in_europa_ex_nl": 5, "perc_geb_buiten_nl_met_herkomstlnd_buiten_europa": 20, "oppervlakte_totaal_in_ha": 46, "oppervlakte_land_in_ha": 46, "oppervlakte_water_in_ha": 0, "jrstatcode": "2025BU02680735", "jaar": 2025 }, "geometry": { "type": "MultiPolygon", "coordinates": [ [ [ [ 183685.311100002378225, 424665.339100003242493 ], [ 183689.093100003898144, 424623.054100006818771 ], [ 183692.051100000739098, 424537.199100002646446 ], [ 183694.042100008577108, 424500.700000002980232 ], [ 183699.683100003749132, 424470.837000008672476 ], [ 183708.642100006341934, 424435.997000005096197 ], [ 183717.269100002944469, 424408.124000005424023 ], [ 183729.878100007772446, 424374.943000003695488 ], [ 183746.468100007623434, 424341.098000004887581 ], [ 183797.236100006848574, 424234.585999999195337 ], [ 183849.330100007355213, 424122.102099999785423 ], [ 183873.950100012123585, 424073.905100002884865 ], [ 183902.774100001901388, 424014.016100004315376 ], [ 183908.549100004136562, 424004.819099999964237 ], [ 183873.020100001245737, 423978.008100006729364 ], [ 183480.582100003957748, 423683.539000000804663 ], [ 183475.429100003093481, 423692.147000007331371 ], [ 183473.160100009292364, 423696.116999998688698 ], [ 183463.660100009292364, 423708.311999995261431 ], [ 183454.726100005209446, 423715.686000000685453 ], [ 183444.375100005418062, 423726.746000003069639 ], [ 183424.031100008636713, 423749.780000008642673 ], [ 183395.092099998146296, 423782.396000001579523 ], [ 183373.20210000500083, 423806.636000003665686 ], [ 183364.828100010752678, 423816.039000004529953 ], [ 183355.16609999909997, 423828.302999999374151 ], [ 183345.881099995225668, 423841.39300000667572 ], [ 183335.074100006371737, 423857.983000002801418 ], [ 183327.007100012153387, 423872.291000004857779 ], [ 183316.961100000888109, 423892.687000002712011 ], [ 183303.111099995672703, 423920.998000003397465 ], [ 183291.313100006431341, 423945.859000008553267 ], [ 183284.375100005418062, 423960.68299999460578 ], [ 183261.712099995464087, 424006.697000008076429 ], [ 183228.872100003063679, 424076.297999996691942 ], [ 183210.247100003063679, 424114.039000004529953 ], [ 183193.909100007265806, 424148.185999996960163 ], [ 183172.133100006729364, 424193.91100000217557 ], [ 183148.096100006252527, 424242.154000006616116 ], [ 183135.570099998265505, 424268.222000010311604 ], [ 183108.825100008398294, 424325.098000004887581 ], [ 183085.634100008755922, 424372.833000000566244 ], [ 183065.901100005954504, 424413.69200000166893 ], [ 183059.061100002378225, 424427.547000005841255 ], [ 183055.412099998444319, 424435.051999997347593 ], [ 183242.716099996119738, 424512.047000005841255 ], [ 183249.402100007981062, 424504.795000001788139 ], [ 183284.811099994927645, 424460.792000006884336 ], [ 183295.125100005418062, 424458.041000004857779 ], [ 183345.316099997609854, 424478.668000012636185 ], [ 183353.043100006878376, 424486.660000000149012 ], [ 183352.535100001841784, 424491.730999998748302 ], [ 183344.972100008279085, 424515.107999999076128 ], [ 183340.497100003063679, 424527.522000007331371 ], [ 183339.472100000828505, 424536.766000002622604 ], [ 183341.191100005060434, 424543.986000001430511 ], [ 183343.941100008785725, 424549.830000001937151 ], [ 183364.886100009083748, 424562.26799999922514 ], [ 183632.47409999743104, 424672.265099994838238 ], [ 183684.22010000795126, 424699.341100011020899 ], [ 183684.280100006610155, 424699.373100001364946 ], [ 183685.311100002378225, 424665.339100003242493 ] ] ] ] } },
{ "type": "Feature", "properties": { "fid": 3098, "buurtcode": "BU02680736", "buurtnaam": "Malvert", "wijkcode": "WK026807", "gemeentecode": "GM0268", "gemeentenaam": "Nijmegen", "indelingswijziging_wijken_en_buurten": 1, "water": "NEE", "meest_voorkomende_postcode": "6538", "dekkingspercentage": 1, "omgevingsadressendichtheid": 2461, "stedelijkheid_adressen_per_km2": 2, "bevolkingsdichtheid_inwoners_per_km2": 4860, "aantal_inwoners": 2430, "mannen": 1160, "vrouwen": 1275, "percentage_personen_0_tot_15_jaar": 14, "percentage_personen_15_tot_25_jaar": 11, "percentage_personen_25_tot_45_jaar": 30, "percentage_personen_45_tot_65_jaar": 20, "percentage_personen_65_jaar_en_ouder": 25, "percentage_ongehuwd": 50, "percentage_gehuwd": 32, "percentage_gescheid": 10, "percentage_verweduwd": 8, "aantal_huishoudens": 1190, "percentage_eenpersoonshuishoudens": 45, "percentage_huishoudens_zonder_kinderen": 27, "percentage_huishoudens_met_kinderen": 28, "gemiddelde_huishoudsgrootte": 2.0, "percentage_met_herkomstland_nederland": 60, "percentage_met_herkomstland_uit_europa_excl_nl": 10, "percentage_met_herkomstland_buiten_europa": 30, "percentage_geb_in_nl_met_herkomstland_nederland": 60, "perc_geb_in_nl_met_herkomstland_in_europa_ex_nl": 5, "perc_geb_in_nl_met_herkomstland_buiten_europa": 15, "perc_geb_buiten_nl_met_herkomstlnd_in_europa_ex_nl": 5, "perc_geb_buiten_nl_met_herkomstlnd_buiten_europa": 15, "oppervlakte_totaal_in_ha": 53, "oppervlakte_land_in_ha": 50, "oppervlakte_water_in_ha": 3, "jrstatcode": "2025BU02680736", "jaar": 2025 }, "geometry": { "type": "MultiPolygon", "coordinates": [ [ [ [ 183740.780999999493361, 424901.1081000007689 ], [ 183754.416000008583069, 424899.922100000083447 ], [ 183766.866000011563301, 424898.143099997192621 ], [ 183815.774000003933907, 424889.399100005626678 ], [ 183862.756000000983477, 424880.062100011855364 ], [ 183909.887000001966953, 424871.466099996119738 ], [ 183973.320000000298023, 424859.757200002670288 ], [ 183993.184000004082918, 424856.401200007647276 ], [ 183960.29109999909997, 424676.10810000449419 ], [ 184066.271099999547005, 424655.764100007712841 ], [ 184157.143100004643202, 424719.743100006133318 ], [ 184156.182099997997284, 424748.905100002884865 ], [ 184169.352099999785423, 424749.819100003689528 ], [ 184171.71510000154376, 424730.003100000321865 ], [ 184199.872100010514259, 424749.82710000872612 ], [ 184446.746100004762411, 424808.024099994450808 ], [ 184503.475100003182888, 424582.208099998533726 ], [ 184527.210200008004904, 424485.950100004673004 ], [ 184581.488200008869171, 424276.381000008434057 ], [ 184322.8361000046134, 424175.352000005543232 ], [ 184102.469099994748831, 424089.512100003659725 ], [ 184011.168100006878376, 424053.890099998563528 ], [ 183933.629099998623133, 424023.746100001037121 ], [ 183908.549100004136562, 424004.819099999964237 ], [ 183902.774100001901388, 424014.016100004315376 ], [ 183873.950100012123585, 424073.905100002884865 ], [ 183849.330100007355213, 424122.102099999785423 ], [ 183797.236100006848574, 424234.585999999195337 ], [ 183746.468100007623434, 424341.098000004887581 ], [ 183729.878100007772446, 424374.943000003695488 ], [ 183717.269100002944469, 424408.124000005424023 ], [ 183708.642100006341934, 424435.997000005096197 ], [ 183699.683100003749132, 424470.837000008672476 ], [ 183694.042100008577108, 424500.700000002980232 ], [ 183692.051100000739098, 424537.199100002646446 ], [ 183689.093100003898144, 424623.054100006818771 ], [ 183685.311100002378225, 424665.339100003242493 ], [ 183684.280100006610155, 424699.373100001364946 ], [ 183684.22010000795126, 424699.341100011020899 ], [ 183678.412999998778105, 424880.255100000649691 ], [ 183677.775000002235174, 424899.921100001782179 ], [ 183700.765000008046627, 424900.070100005716085 ], [ 183725.367000006139278, 424901.256100006401539 ], [ 183733.074000000953674, 424901.404100000858307 ], [ 183740.780999999493361, 424901.1081000007689 ] ] ] ] } },
{ "type": "Feature", "properties": { "fid": 3099, "buurtcode": "BU02680737", "buurtnaam": "Weezenhof", "wijkcode": "WK026807", "gemeentecode": "GM0268", "gemeentenaam": "Nijmegen", "indelingswijziging_wijken_en_buurten": 1, "water": "NEE", "meest_voorkomende_postcode": "6536", "dekkingspercentage": 1, "omgevingsadressendichtheid": 1543, "stedelijkheid_adressen_per_km2": 2, "bevolkingsdichtheid_inwoners_per_km2": 4254, "aantal_inwoners": 3545, "mannen": 1680, "vrouwen": 1860, "percentage_personen_0_tot_15_jaar": 16, "percentage_personen_15_tot_25_jaar": 9, "percentage_personen_25_tot_45_jaar": 23, "percentage_personen_45_tot_65_jaar": 23, "percentage_personen_65_jaar_en_ouder": 30, "percentage_ongehuwd": 46, "percentage_gehuwd": 38, "percentage_gescheid": 10, "percentage_verweduwd": 7, "aantal_huishoudens": 1730, "percentage_eenpersoonshuishoudens": 41, "percentage_huishoudens_zonder_kinderen": 29, "percentage_huishoudens_met_kinderen": 30, "gemiddelde_huishoudsgrootte": 2.0, "percentage_met_herkomstland_nederland": 75, "percentage_met_herkomstland_uit_europa_excl_nl": 10, "percentage_met_herkomstland_buiten_europa": 15, "percentage_geb_in_nl_met_herkomstland_nederland": 75, "perc_geb_in_nl_met_herkomstland_in_europa_ex_nl": 5, "perc_geb_in_nl_met_herkomstland_buiten_europa": 10, "perc_geb_buiten_nl_met_herkomstlnd_in_europa_ex_nl": 5, "perc_geb_buiten_nl_met_herkomstlnd_buiten_europa": 5, "oppervlakte_totaal_in_ha": 86, "oppervlakte_land_in_ha": 83, "oppervlakte_water_in_ha": 3, "jrstatcode": "2025BU02680737", "jaar": 2025 }, "geometry": { "type": "MultiPolygon", "coordinates": [ [ [ [ 184619.049199998378754, 424174.184000007808208 ], [ 184631.550200011581182, 424142.548000007867813 ], [ 184649.665100008249283, 424095.6030000038445 ], [ 184668.545100003480911, 424049.168999996036291 ], [ 184702.478099998086691, 423979.262000005692244 ], [ 184753.504099998623133, 423894.302000001072884 ], [ 184836.860100001096725, 423772.519000008702278 ], [ 184761.643099997192621, 423724.481000002473593 ], [ 184755.575099997222424, 423722.897999994456768 ], [ 184723.781100004911423, 423721.578999999910593 ], [ 184713.491099998354912, 423720.260000001639128 ], [ 184704.388100001960993, 423718.545000001788139 ], [ 184685.221100006252527, 423714.733999997377396 ], [ 184669.823100008070469, 423709.706000000238419 ], [ 184657.950100008398294, 423704.032999996095896 ], [ 184632.621100004762411, 423687.410000000149012 ], [ 184625.365100011229515, 423682.265000000596046 ], [ 184617.977100003510714, 423676.856000009924173 ], [ 184613.491099998354912, 423674.218000002205372 ], [ 184609.342100005596876, 423672.21000000461936 ], [ 184603.729099996387959, 423669.073000006377697 ], [ 184597.792100001126528, 423666.697999998927116 ], [ 184591.064100012183189, 423664.719000000506639 ], [ 184582.753100004047155, 423660.89299999922514 ], [ 184574.046100001782179, 423656.276000007987022 ], [ 184566.790100008249283, 423651.659000001847744 ], [ 184559.534099999815226, 423646.646000005304813 ], [ 184551.75110001116991, 423640.973000001162291 ], [ 184544.099100008606911, 423634.772000007331371 ], [ 184540.273100007325411, 423631.342000000178814 ], [ 184482.719100005924702, 423556.162999998778105 ], [ 184465.999100003391504, 423535.829000003635883 ], [ 184438.700100004673004, 423500.070000004023314 ], [ 184415.0760000012815, 423467.754999998956919 ], [ 184408.216000001877546, 423460.104000005871058 ], [ 184284.66610000282526, 423298.284099999815226 ], [ 184277.74210000410676, 423290.580100007355213 ], [ 184254.895100004971027, 423260.520100004971027 ], [ 184230.381100006401539, 423229.89410000666976 ], [ 184191.727099999785423, 423177.124100007116795 ], [ 184050.192099999636412, 422991.186100006103516 ], [ 184045.464100006967783, 422993.838099997490644 ], [ 184044.53210000321269, 422994.77810000628233 ], [ 184043.114099998027086, 422997.183100000023842 ], [ 184039.129100006073713, 423004.19310000166297 ], [ 184033.846100002527237, 423009.638100001960993 ], [ 184020.792100001126528, 423019.409100007265806 ], [ 183967.503100007772446, 423064.177100006490946 ], [ 183896.100099999457598, 423129.80010000243783 ], [ 183876.671100001782179, 423146.183100003749132 ], [ 183846.668100003153086, 423174.252100002020597 ], [ 183826.956000003963709, 423192.337100006639957 ], [ 183815.037999995052814, 423202.162100005894899 ], [ 183806.677000004798174, 423204.362100001424551 ], [ 183794.787999995052814, 423207.618100006133318 ], [ 183794.291999995708466, 423207.9070999994874 ], [ 183793.831000007688999, 423208.250100005418062 ], [ 183793.410000003874302, 423208.640100002288818 ], [ 183793.034000005573034, 423209.075100008398294 ], [ 183790.205000005662441, 423213.662100002169609 ], [ 183788.646000001579523, 423216.512099999934435 ], [ 183778.236000001430511, 423236.614100005477667 ], [ 183773.195000000298023, 423246.71110000833869 ], [ 183769.985000003129244, 423252.946100004017353 ], [ 183768.124000001698732, 423256.837099999189377 ], [ 183763.889000002294779, 423266.223100006580353 ], [ 183760.914000000804663, 423273.173099998384714 ], [ 183759.560000006109476, 423276.620099999010563 ], [ 183757.510000001639128, 423283.009100012481213 ], [ 183755.247000008821487, 423290.469100005924702 ], [ 183753.464999999850988, 423296.829100005328655 ], [ 183753.004000000655651, 423299.382100000977516 ], [ 183752.620999995619059, 423301.948100004345179 ], [ 183752.315000008791685, 423304.524100009351969 ], [ 183752.087000008672476, 423307.1081000007689 ], [ 183751.937000006437302, 423309.698100004345179 ], [ 183751.865000002086163, 423312.292099997401237 ], [ 183751.872000008821487, 423314.886100005358458 ], [ 183751.797000002115965, 423316.487100001424551 ], [ 183751.657999996095896, 423318.084100008010864 ], [ 183751.455000005662441, 423319.674100007861853 ], [ 183751.189000003039837, 423321.255100004374981 ], [ 183750.859999999403954, 423322.823099996894598 ], [ 183750.468000005930662, 423324.378100000321865 ], [ 183750.013999998569489, 423325.915099997073412 ], [ 183748.243000000715256, 423331.002100005745888 ], [ 183747.765000008046627, 423332.07710000500083 ], [ 183747.222000002861023, 423333.121100008487701 ], [ 183746.617000009864569, 423334.130100000649691 ], [ 183745.95100000873208, 423335.100100010633469 ], [ 183745.227000005543232, 423336.028099998831749 ], [ 183744.447999995201826, 423336.910100005567074 ], [ 183743.616999994963408, 423337.743100002408028 ], [ 183742.735999997705221, 423338.523100007325411 ], [ 183741.810000006109476, 423339.249100003391504 ], [ 183740.840999994426966, 423339.917099997401237 ], [ 183739.833000000566244, 423340.524100001901388 ], [ 183738.790000006556511, 423341.069099999964237 ], [ 183737.716000005602837, 423341.549100004136562 ], [ 183730.347999997437, 423345.744100004434586 ], [ 183721.452000007033348, 423349.634100005030632 ], [ 183718.137000005692244, 423351.435099996626377 ], [ 183695.597000006586313, 423356.406100004911423 ], [ 183655.108000002801418, 423399.479100000113249 ], [ 183623.403000004589558, 423432.235100012272596 ], [ 183606.956000003963709, 423450.468100007623434 ], [ 183581.965000007301569, 423481.196100007742643 ], [ 183570.076000012457371, 423496.937099996954203 ], [ 183555.54500000923872, 423517.413100004196167 ], [ 183541.674000006169081, 423539.606100007891655 ], [ 183532.956000011414289, 423555.458100002259016 ], [ 183524.633000008761883, 423573.29110000282526 ], [ 183520.671000007539988, 423582.406100004911423 ], [ 183501.515099994838238, 423635.068000007420778 ], [ 183491.310100007802248, 423664.780000004917383 ], [ 183487.907100006937981, 423671.302999995648861 ], [ 183480.582100003957748, 423683.539000000804663 ], [ 183873.020100001245737, 423978.008100006729364 ], [ 183908.549100004136562, 424004.819099999964237 ], [ 183933.629099998623133, 424023.746100001037121 ], [ 184011.168100006878376, 424053.890099998563528 ], [ 184102.469099994748831, 424089.512100003659725 ], [ 184322.8361000046134, 424175.352000005543232 ], [ 184581.488200008869171, 424276.381000008434057 ], [ 184619.049199998378754, 424174.184000007808208 ] ] ] ] } },
{ "type": "Feature", "properties": { "fid": 3100, "buurtcode": "BU02680738", "buurtnaam": "Vogelzang", "wijkcode": "WK026807", "gemeentecode": "GM0268", "gemeentenaam": "Nijmegen", "indelingswijziging_wijken_en_buurten": 1, "water": "NEE", "meest_voorkomende_postcode": "6536", "dekkingspercentage": 1, "omgevingsadressendichtheid": 1666, "stedelijkheid_adressen_per_km2": 2, "bevolkingsdichtheid_inwoners_per_km2": -99997, "aantal_inwoners": 0, "mannen": 0, "vrouwen": 0, "percentage_personen_0_tot_15_jaar": -99997, "percentage_personen_15_tot_25_jaar": -99997, "percentage_personen_25_tot_45_jaar": -99997, "percentage_personen_45_tot_65_jaar": -99997, "percentage_personen_65_jaar_en_ouder": -99997, "percentage_ongehuwd": -99997, "percentage_gehuwd": -99997, "percentage_gescheid": -99997, "percentage_verweduwd": -99997, "aantal_huishoudens": 0, "percentage_eenpersoonshuishoudens": -99997, "percentage_huishoudens_zonder_kinderen": -99997, "percentage_huishoudens_met_kinderen": -99997, "gemiddelde_huishoudsgrootte": -99997.0, "percentage_met_herkomstland_nederland": -99997, "percentage_met_herkomstland_uit_europa_excl_nl": -99997, "percentage_met_herkomstland_buiten_europa": -99997, "percentage_geb_in_nl_met_herkomstland_nederland": -99997, "perc_geb_in_nl_met_herkomstland_in_europa_ex_nl": -99997, "perc_geb_in_nl_met_herkomstland_buiten_europa": -99997, "perc_geb_buiten_nl_met_herkomstlnd_in_europa_ex_nl": -99997, "perc_geb_buiten_nl_met_herkomstlnd_buiten_europa": -99997, "oppervlakte_totaal_in_ha": 56, "oppervlakte_land_in_ha": 53, "oppervlakte_water_in_ha": 3, "jrstatcode": "2025BU02680738", "jaar": 2025 }, "geometry": { "type": "MultiPolygon", "coordinates": [ [ [ [ 184877.653099995106459, 423722.78099999576807 ], [ 184953.065099999308586, 423631.46509999781847 ], [ 185071.051100004464388, 423485.949099998921156 ], [ 185177.925400000065565, 423363.183800011873245 ], [ 185165.506300002336502, 423353.097100000828505 ], [ 185134.468000005930662, 423327.887999996542931 ], [ 185128.337000008672476, 423323.078000001609325 ], [ 185128.147000007331371, 423322.92900001257658 ], [ 185117.408000007271767, 423314.505000006407499 ], [ 185112.04899999499321, 423311.240000002086163 ], [ 185100.228000000119209, 423301.609999995678663 ], [ 185094.110000006854534, 423296.627000007778406 ], [ 185043.190000008791685, 423255.148000001907349 ], [ 184998.458999998867512, 423218.83500000089407 ], [ 184956.645000007003546, 423184.889000002294779 ], [ 184874.217000003904104, 423117.852000005543232 ], [ 184839.599000006914139, 423089.084000006318092 ], [ 184781.18800000846386, 423041.565999999642372 ], [ 184690.229000002145767, 422967.611000001430511 ], [ 184665.613000001758337, 422947.913000009953976 ], [ 184601.281000003218651, 422895.521000009030104 ], [ 184529.534000001847744, 422837.405000001192093 ], [ 184456.162000004202127, 422778.125999994575977 ], [ 184452.19199999794364, 422774.00900000706315 ], [ 184449.66499999538064, 422772.138100005686283 ], [ 184444.300000004470348, 422768.166000004857779 ], [ 184443.275000002235174, 422767.407000005245209 ], [ 184437.888000000268221, 422769.307000007480383 ], [ 184431.303000006824732, 422771.021899994462729 ], [ 184428.507100008428097, 422772.859000001102686 ], [ 184397.480100005865097, 422790.729000005871058 ], [ 184374.05010000616312, 422803.979000002145767 ], [ 184337.610100008547306, 422825.168999996036291 ], [ 184311.600100003182888, 422840.098999999463558 ], [ 184293.420100007206202, 422850.749000005424023 ], [ 184226.990100000053644, 422888.249100007116795 ], [ 184199.500100001692772, 422903.939100004732609 ], [ 184172.780099999159575, 422919.049100007861853 ], [ 184142.900100011378527, 422936.30910000577569 ], [ 184118.270100008696318, 422950.149099998176098 ], [ 184097.770100001245737, 422961.859100006520748 ], [ 184073.470100004225969, 422975.479100000113249 ], [ 184057.350099995732307, 422984.59910000115633 ], [ 184049.090100008994341, 422989.738100003451109 ], [ 184050.192099999636412, 422991.186100006103516 ], [ 184191.727099999785423, 423177.124100007116795 ], [ 184230.381100006401539, 423229.89410000666976 ], [ 184254.895100004971027, 423260.520100004971027 ], [ 184277.74210000410676, 423290.580100007355213 ], [ 184284.66610000282526, 423298.284099999815226 ], [ 184408.216000001877546, 423460.104000005871058 ], [ 184415.0760000012815, 423467.754999998956919 ], [ 184438.700100004673004, 423500.070000004023314 ], [ 184465.999100003391504, 423535.829000003635883 ], [ 184482.719100005924702, 423556.162999998778105 ], [ 184540.273100007325411, 423631.342000000178814 ], [ 184544.099100008606911, 423634.772000007331371 ], [ 184551.75110001116991, 423640.973000001162291 ], [ 184559.534099999815226, 423646.646000005304813 ], [ 184566.790100008249283, 423651.659000001847744 ], [ 184574.046100001782179, 423656.276000007987022 ], [ 184582.753100004047155, 423660.89299999922514 ], [ 184591.064100012183189, 423664.719000000506639 ], [ 184597.792100001126528, 423666.697999998927116 ], [ 184603.729099996387959, 423669.073000006377697 ], [ 184609.342100005596876, 423672.21000000461936 ], [ 184613.491099998354912, 423674.218000002205372 ], [ 184617.977100003510714, 423676.856000009924173 ], [ 184625.365100011229515, 423682.265000000596046 ], [ 184632.621100004762411, 423687.410000000149012 ], [ 184657.950100008398294, 423704.032999996095896 ], [ 184669.823100008070469, 423709.706000000238419 ], [ 184685.221100006252527, 423714.733999997377396 ], [ 184704.388100001960993, 423718.545000001788139 ], [ 184713.491099998354912, 423720.260000001639128 ], [ 184723.781100004911423, 423721.578999999910593 ], [ 184755.575099997222424, 423722.897999994456768 ], [ 184761.643099997192621, 423724.481000002473593 ], [ 184836.860100001096725, 423772.519000008702278 ], [ 184877.653099995106459, 423722.78099999576807 ] ] ] ] } },
{ "type": "Feature", "properties": { "fid": 3101, "buurtcode": "BU02680739", "buurtnaam": "Staddijk", "wijkcode": "WK026807", "gemeentecode": "GM0268", "gemeentenaam": "Nijmegen", "indelingswijziging_wijken_en_buurten": 1, "water": "NEE", "meest_voorkomende_postcode": "6537", "dekkingspercentage": 1, "omgevingsadressendichtheid": 736, "stedelijkheid_adressen_per_km2": 4, "bevolkingsdichtheid_inwoners_per_km2": 119, "aantal_inwoners": 230, "mannen": 125, "vrouwen": 110, "percentage_personen_0_tot_15_jaar": 12, "percentage_personen_15_tot_25_jaar": 11, "percentage_personen_25_tot_45_jaar": 27, "percentage_personen_45_tot_65_jaar": 24, "percentage_personen_65_jaar_en_ouder": 26, "percentage_ongehuwd": 53, "percentage_gehuwd": 32, "percentage_gescheid": 11, "percentage_verweduwd": 4, "aantal_huishoudens": 110, "percentage_eenpersoonshuishoudens": 32, "percentage_huishoudens_zonder_kinderen": 31, "percentage_huishoudens_met_kinderen": 37, "gemiddelde_huishoudsgrootte": 2.2, "percentage_met_herkomstland_nederland": 95, "percentage_met_herkomstland_uit_europa_excl_nl": 0, "percentage_met_herkomstland_buiten_europa": 0, "percentage_geb_in_nl_met_herkomstland_nederland": 95, "perc_geb_in_nl_met_herkomstland_in_europa_ex_nl": 0, "perc_geb_in_nl_met_herkomstland_buiten_europa": 0, "perc_geb_buiten_nl_met_herkomstlnd_in_europa_ex_nl": 0, "perc_geb_buiten_nl_met_herkomstlnd_buiten_europa": 0, "oppervlakte_totaal_in_ha": 202, "oppervlakte_land_in_ha": 197, "oppervlakte_water_in_ha": 6, "jrstatcode": "2025BU02680739", "jaar": 2025 }, "geometry": { "type": "MultiPolygon", "coordinates": [ [ [ [ 182112.936200011521578, 425959.164100006222725 ], [ 182117.463200006633997, 425955.480100005865097 ], [ 182126.930200006812811, 425947.575100004673004 ], [ 182147.842200003564358, 425928.605099998414516 ], [ 182154.513199999928474, 425922.340100008994341 ], [ 182224.925200007855892, 425850.674100000411272 ], [ 182263.664100009948015, 425862.766099996864796 ], [ 182301.44310000166297, 425874.17510000243783 ], [ 182314.290100011974573, 425833.289099995046854 ], [ 182340.688100002706051, 425752.249100003391504 ], [ 182385.4391999989748, 425608.529100008308887 ], [ 182412.441200003027916, 425522.974000006914139 ], [ 182423.773200005292892, 425499.994000002741814 ], [ 182432.855200003832579, 425481.623000010848045 ], [ 182539.794100012630224, 425264.435000002384186 ], [ 182619.086099997162819, 425103.83500000834465 ], [ 182635.500100012868643, 425111.359000001102686 ], [ 182718.481100004166365, 425146.915100000798702 ], [ 182789.754099994897842, 424980.607100006192923 ], [ 182804.449000000953674, 424945.539100006222725 ], [ 182810.690000005066395, 424932.276100005954504 ], [ 182840.335999995470047, 424865.182100005447865 ], [ 182858.483000002801418, 424823.253100004047155 ], [ 182893.498000003397465, 424740.2331000007689 ], [ 182899.144999995827675, 424727.997100010514259 ], [ 182925.161100000143051, 424680.531000006943941 ], [ 182948.056099999696016, 424640.193000003695488 ], [ 182982.397100009024143, 424578.41499999538064 ], [ 182996.206100005656481, 424553.340000003576279 ], [ 183009.289100006222725, 424527.721000008285046 ], [ 183022.553100004792213, 424502.100999999791384 ], [ 183037.314100004732609, 424472.26800000295043 ], [ 183055.412099998444319, 424435.051999997347593 ], [ 183059.061100002378225, 424427.547000005841255 ], [ 183065.901100005954504, 424413.69200000166893 ], [ 183085.634100008755922, 424372.833000000566244 ], [ 183108.825100008398294, 424325.098000004887581 ], [ 183135.570099998265505, 424268.222000010311604 ], [ 183148.096100006252527, 424242.154000006616116 ], [ 183172.133100006729364, 424193.91100000217557 ], [ 183193.909100007265806, 424148.185999996960163 ], [ 183210.247100003063679, 424114.039000004529953 ], [ 183228.872100003063679, 424076.297999996691942 ], [ 183261.712099995464087, 424006.697000008076429 ], [ 183284.375100005418062, 423960.68299999460578 ], [ 183291.313100006431341, 423945.859000008553267 ], [ 183303.111099995672703, 423920.998000003397465 ], [ 183316.961100000888109, 423892.687000002712011 ], [ 183327.007100012153387, 423872.291000004857779 ], [ 183335.074100006371737, 423857.983000002801418 ], [ 183345.881099995225668, 423841.39300000667572 ], [ 183355.16609999909997, 423828.302999999374151 ], [ 183364.828100010752678, 423816.039000004529953 ], [ 183373.20210000500083, 423806.636000003665686 ], [ 183395.092099998146296, 423782.396000001579523 ], [ 183424.031100008636713, 423749.780000008642673 ], [ 183444.375100005418062, 423726.746000003069639 ], [ 183454.726100005209446, 423715.686000000685453 ], [ 183463.660100009292364, 423708.311999995261431 ], [ 183473.160100009292364, 423696.116999998688698 ], [ 183475.429100003093481, 423692.147000007331371 ], [ 183480.582100003957748, 423683.539000000804663 ], [ 183487.907100006937981, 423671.302999995648861 ], [ 183491.310100007802248, 423664.780000004917383 ], [ 183501.515099994838238, 423635.068000007420778 ], [ 183520.671000007539988, 423582.406100004911423 ], [ 183524.633000008761883, 423573.29110000282526 ], [ 183532.956000011414289, 423555.458100002259016 ], [ 183541.674000006169081, 423539.606100007891655 ], [ 183555.54500000923872, 423517.413100004196167 ], [ 183570.076000012457371, 423496.937099996954203 ], [ 183581.965000007301569, 423481.196100007742643 ], [ 183606.956000003963709, 423450.468100007623434 ], [ 183623.403000004589558, 423432.235100012272596 ], [ 183655.108000002801418, 423399.479100000113249 ], [ 183695.597000006586313, 423356.406100004911423 ], [ 183718.137000005692244, 423351.435099996626377 ], [ 183721.452000007033348, 423349.634100005030632 ], [ 183730.347999997437, 423345.744100004434586 ], [ 183737.716000005602837, 423341.549100004136562 ], [ 183738.790000006556511, 423341.069099999964237 ], [ 183739.833000000566244, 423340.524100001901388 ], [ 183740.840999994426966, 423339.917099997401237 ], [ 183741.810000006109476, 423339.249100003391504 ], [ 183742.735999997705221, 423338.523100007325411 ], [ 183743.616999994963408, 423337.743100002408028 ], [ 183744.447999995201826, 423336.910100005567074 ], [ 183745.227000005543232, 423336.028099998831749 ], [ 183745.95100000873208, 423335.100100010633469 ], [ 183746.617000009864569, 423334.130100000649691 ], [ 183747.222000002861023, 423333.121100008487701 ], [ 183747.765000008046627, 423332.07710000500083 ], [ 183748.243000000715256, 423331.002100005745888 ], [ 183750.013999998569489, 423325.915099997073412 ], [ 183750.468000005930662, 423324.378100000321865 ], [ 183750.859999999403954, 423322.823099996894598 ], [ 183751.189000003039837, 423321.255100004374981 ], [ 183751.455000005662441, 423319.674100007861853 ], [ 183751.657999996095896, 423318.084100008010864 ], [ 183751.797000002115965, 423316.487100001424551 ], [ 183751.872000008821487, 423314.886100005358458 ], [ 183751.865000002086163, 423312.292099997401237 ], [ 183751.937000006437302, 423309.698100004345179 ], [ 183752.087000008672476, 423307.1081000007689 ], [ 183752.315000008791685, 423304.524100009351969 ], [ 183752.620999995619059, 423301.948100004345179 ], [ 183753.004000000655651, 423299.382100000977516 ], [ 183753.464999999850988, 423296.829100005328655 ], [ 183755.247000008821487, 423290.469100005924702 ], [ 183757.510000001639128, 423283.009100012481213 ], [ 183759.560000006109476, 423276.620099999010563 ], [ 183760.914000000804663, 423273.173099998384714 ], [ 183763.889000002294779, 423266.223100006580353 ], [ 183768.124000001698732, 423256.837099999189377 ], [ 183769.985000003129244, 423252.946100004017353 ], [ 183773.195000000298023, 423246.71110000833869 ], [ 183778.236000001430511, 423236.614100005477667 ], [ 183788.646000001579523, 423216.512099999934435 ], [ 183790.205000005662441, 423213.662100002169609 ], [ 183793.034000005573034, 423209.075100008398294 ], [ 183793.410000003874302, 423208.640100002288818 ], [ 183793.831000007688999, 423208.250100005418062 ], [ 183794.291999995708466, 423207.9070999994874 ], [ 183794.787999995052814, 423207.618100006133318 ], [ 183806.677000004798174, 423204.362100001424551 ], [ 183815.037999995052814, 423202.162100005894899 ], [ 183826.956000003963709, 423192.337100006639957 ], [ 183846.668100003153086, 423174.252100002020597 ], [ 183876.671100001782179, 423146.183100003749132 ], [ 183896.100099999457598, 423129.80010000243783 ], [ 183967.503100007772446, 423064.177100006490946 ], [ 184020.792100001126528, 423019.409100007265806 ], [ 184033.846100002527237, 423009.638100001960993 ], [ 184039.129100006073713, 423004.19310000166297 ], [ 184043.114099998027086, 422997.183100000023842 ], [ 184044.53210000321269, 422994.77810000628233 ], [ 184045.464100006967783, 422993.838099997490644 ], [ 184050.192099999636412, 422991.186100006103516 ], [ 184049.090100008994341, 422989.738100003451109 ], [ 184057.350099995732307, 422984.59910000115633 ], [ 184073.470100004225969, 422975.479100000113249 ], [ 184097.770100001245737, 422961.859100006520748 ], [ 184118.270100008696318, 422950.149099998176098 ], [ 184142.900100011378527, 422936.30910000577569 ], [ 184172.780099999159575, 422919.049100007861853 ], [ 184199.500100001692772, 422903.939100004732609 ], [ 184226.990100000053644, 422888.249100007116795 ], [ 184293.420100007206202, 422850.749000005424023 ], [ 184311.600100003182888, 422840.098999999463558 ], [ 184337.610100008547306, 422825.168999996036291 ], [ 184374.05010000616312, 422803.979000002145767 ], [ 184397.480100005865097, 422790.729000005871058 ], [ 184428.507100008428097, 422772.859000001102686 ], [ 184431.303000006824732, 422771.021899994462729 ], [ 184430.622000008821487, 422770.864000003784895 ], [ 184428.983000010251999, 422770.537000007927418 ], [ 184427.909000005573034, 422770.323000006377697 ], [ 184423.579000003635883, 422769.459000002592802 ], [ 184417.857999999076128, 422763.977000012993813 ], [ 184416.063999999314547, 422762.094000000506639 ], [ 184412.065000005066395, 422757.897000003606081 ], [ 184395.269999995827675, 422740.269999999552965 ], [ 184375.270000007003546, 422719.050000008195639 ], [ 184354.740000002086163, 422697.129999998956919 ], [ 184339.780000001192093, 422681.180000007152557 ], [ 184334.140000000596046, 422675.390000008046627 ], [ 184316.870000001043081, 422656.46000000089407 ], [ 184296.600000005215406, 422634.5 ], [ 184275.520000003278255, 422611.269999999552965 ], [ 184249.41100000217557, 422582.712000008672476 ], [ 184249.030000008642673, 422582.346000000834465 ], [ 184248.605000000447035, 422582.032000008970499 ], [ 184248.14299999922514, 422581.775000005960464 ], [ 184247.651000004261732, 422581.581000003963709 ], [ 184247.139000006020069, 422581.451999999582767 ], [ 184246.614000007510185, 422581.390000008046627 ], [ 184246.08500000461936, 422581.396000005304813 ], [ 184245.561999998986721, 422581.471000000834465 ], [ 184245.053000006824732, 422581.611999999731779 ], [ 184244.565999995917082, 422581.819000005722046 ], [ 184244.110000006854534, 422582.086000006645918 ], [ 184243.354999996721745, 422582.678000010550022 ], [ 184243.063999995589256, 422582.375999998301268 ], [ 184237.763000000268221, 422576.802999999374151 ], [ 184237.600000008940697, 422576.632000003010035 ], [ 184192.997000008821487, 422529.584999997168779 ], [ 184185.046999994665384, 422522.403000000864267 ], [ 184184.999000009149313, 422522.438900008797646 ], [ 184044.365000005811453, 422627.521000005304813 ], [ 183965.155000004917383, 422688.055000007152557 ], [ 183892.830000005662441, 422744.03600000590086 ], [ 183837.205000005662441, 422787.567000012844801 ], [ 183784.672000005841255, 422829.537000004202127 ], [ 183737.340000011026859, 422867.213000003248453 ], [ 183733.856000002473593, 422869.986000008881092 ], [ 183730.171000003814697, 422873.168999999761581 ], [ 183726.739000003784895, 422876.178000003099442 ], [ 183696.123000003397465, 422900.723000008612871 ], [ 183693.423000007867813, 422902.822999998927116 ], [ 183670.546000000089407, 422919.673000000417233 ], [ 183634.280000004917383, 422946.890999998897314 ], [ 183629.097000002861023, 422951.095000002533197 ], [ 183628.763999998569489, 422951.364999994635582 ], [ 183542.429999999701977, 423026.296000011265278 ], [ 183530.887000001966953, 423037.94200000539422 ], [ 183530.746000003069639, 423038.084000002592802 ], [ 183520.337000001221895, 423048.586000002920628 ], [ 183518.901000007987022, 423050.035000000149012 ], [ 183518.260000005364418, 423050.681000001728535 ], [ 183511.351000007241964, 423057.651000007987022 ], [ 183511.002999998629093, 423058.002000004053116 ], [ 183501.892999995499849, 423067.193999998271465 ], [ 183502.14300000667572, 423067.888999998569489 ], [ 183497.592000003904104, 423071.318000007420778 ], [ 183470.570000004023314, 423095.814000003039837 ], [ 183469.645000007003546, 423096.651999998837709 ], [ 183436.342000003904104, 423126.843000002205372 ], [ 183386.664000004529953, 423168.953000012785196 ], [ 183349.359000001102686, 423202.909000009298325 ], [ 183321.449000012129545, 423229.917000010609627 ], [ 183313.261999994516373, 423237.839000005275011 ], [ 183263.01799999922514, 423288.86600000038743 ], [ 183260.357000004500151, 423295.030000001192093 ], [ 183258.09400000795722, 423301.949000000953674 ], [ 183204.403000000864267, 423356.396999999880791 ], [ 183167.300000004470348, 423341.734999995678663 ], [ 183105.257000006735325, 423281.621999997645617 ], [ 183087.535000007599592, 423264.452000007033348 ], [ 183049.69200000166893, 423304.06700000539422 ], [ 183034.197000000625849, 423320.287000004202127 ], [ 183016.082999996840954, 423339.452000003308058 ], [ 183009.922000002115965, 423345.971000008285046 ], [ 183005.532000001519918, 423350.624000005424023 ], [ 182999.99999999627471, 423356.489000003784895 ], [ 182967.952000007033348, 423399.167999997735023 ], [ 182939.79500001296401, 423443.336000006645918 ], [ 182929.233000002801418, 423468.349000010639429 ], [ 182924.270999997854233, 423498.364999998360872 ], [ 182925.928999997675419, 423566.528999999165535 ], [ 182922.350999996066093, 423564.952000003308058 ], [ 182922.126000002026558, 423575.973000004887581 ], [ 182921.575000006705523, 423597.093000005930662 ], [ 182916.466000001877546, 423625.949000004678965 ], [ 182907.742000006139278, 423651.601999998092651 ], [ 182895.921000000089407, 423674.800000008195639 ], [ 182867.527999997138977, 423716.697999998927116 ], [ 182818.028999999165535, 423780.046000003814697 ], [ 182812.908999998122454, 423786.752000000327826 ], [ 182814.638000003993511, 423799.722000006586313 ], [ 182802.178000003099442, 423816.30400001257658 ], [ 182792.73200000077486, 423812.637999996542931 ], [ 182790.130000002682209, 423815.642000000923872 ], [ 182774.67400000244379, 423835.42400000244379 ], [ 182743.726000007241964, 423875.154000006616116 ], [ 182713.23700000718236, 423915.228999998420477 ], [ 182683.003000002354383, 423955.547000002115965 ], [ 182652.996999997645617, 423995.823999997228384 ], [ 182623.484999999403954, 424036.641000006347895 ], [ 182594.341000005602837, 424077.564000006765127 ], [ 182590.202000007033348, 424082.447000000625849 ], [ 182580.750000011175871, 424090.874000012874603 ], [ 182568.739999998360872, 424101.386000011116266 ], [ 182554.798000007867813, 424113.331999994814396 ], [ 182553.502999998629093, 424114.44200000539422 ], [ 182551.38399999588728, 424116.258000012487173 ], [ 182538.069000005722046, 424149.555000003427267 ], [ 182507.974000006914139, 424197.122000008821487 ], [ 182496.176999997347593, 424216.790000002831221 ], [ 182470.111000001430511, 424250.343999996781349 ], [ 182456.255999997258186, 424267.965000007301569 ], [ 182446.517999995499849, 424281.928000006824732 ], [ 182435.179999995976686, 424299.214999999850988 ], [ 182411.151999998837709, 424336.753000002354383 ], [ 182406.100999996066093, 424344.644000001251698 ], [ 182390.98700000718236, 424367.578000001609325 ], [ 182390.147000003606081, 424368.254000000655651 ], [ 182374.901000000536442, 424380.521000012755394 ], [ 182349.180000003427267, 424401.012000001966953 ], [ 182300.039000011980534, 424429.129999998956919 ], [ 182259.872000005096197, 424461.845999997109175 ], [ 182227.657000005245209, 424503.311999998986721 ], [ 182202.962000008672476, 424546.324000004678965 ], [ 182185.905000001192093, 424595.320000011473894 ], [ 182181.762000001966953, 424626.181000001728535 ], [ 182178.28600000217557, 424651.535000003874302 ], [ 182183.36600000411272, 424710.289000008255243 ], [ 182178.964000009000301, 424724.390000004321337 ], [ 182169.945000007748604, 424753.280000004917383 ], [ 182167.253000006079674, 424761.903000008314848 ], [ 182160.389000002294779, 424776.709000006318092 ], [ 182159.179000001400709, 424779.320000004023314 ], [ 182153.358000002801418, 424791.875 ], [ 182144.767000004649162, 424810.407999999821186 ], [ 182129.879000008106232, 424842.481000002473593 ], [ 182120.921999998390675, 424861.778999999165535 ], [ 182120.248000007122755, 424861.44200000539422 ], [ 182100.819000009447336, 424851.725999996066093 ], [ 182087.354000002145767, 424878.071000002324581 ], [ 182106.568000003695488, 424888.111999999731779 ], [ 182115.445000004023314, 424892.769999995827675 ], [ 182109.722000006586313, 424903.638000007718801 ], [ 182107.355000004172325, 424908.072000004351139 ], [ 182107.23700000718236, 424908.293000001460314 ], [ 182106.519000004976988, 424909.619000002741814 ], [ 182106.409000013023615, 424909.843000002205372 ], [ 182088.609000001102686, 424943.186999998986721 ], [ 182062.497000008821487, 424992.916000008583069 ], [ 182036.648000005632639, 425050.700000006705523 ], [ 182012.160999998450279, 425105.32200001180172 ], [ 181986.397999998182058, 425163.160000007599592 ], [ 181964.355000011622906, 425212.297999996691942 ], [ 181943.534000001847744, 425257.828000001609325 ], [ 181922.245000001043081, 425304.982000004500151 ], [ 181895.925000008195639, 425363.910000000149012 ], [ 181889.234000008553267, 425381.831999998539686 ], [ 181871.910000000149012, 425426.536999996751547 ], [ 181860.746000003069639, 425454.973000001162291 ], [ 181860.396999999880791, 425456.264000006020069 ], [ 181859.280000008642673, 425460.394000001251698 ], [ 181858.807000000029802, 425462.658000007271767 ], [ 181857.951999999582767, 425465.71000000834465 ], [ 181856.967000007629395, 425469.228999998420477 ], [ 181856.692999996244907, 425470.064999997615814 ], [ 181855.752000004053116, 425472.319000005722046 ], [ 181824.053000003099442, 425548.217000007629395 ], [ 181802.195000000298023, 425605.590999998152256 ], [ 181786.519000004976988, 425646.443000003695488 ], [ 181784.80800000205636, 425651.172000009566545 ], [ 181782.337000004947186, 425658.001999996602535 ], [ 181779.509999997913837, 425665.816000007092953 ], [ 181779.202000003308058, 425666.669000003486872 ], [ 181777.428000003099442, 425671.572000008076429 ], [ 181769.752999994903803, 425692.787000004202127 ], [ 181769.493999999016523, 425693.504000008106232 ], [ 181769.123000003397465, 425694.528999999165535 ], [ 181766.864999994635582, 425700.771000001579523 ], [ 181765.243000004440546, 425705.254000000655651 ], [ 181751.799000006169081, 425744.392000000923872 ], [ 181722.0760000012815, 425830.918999999761581 ], [ 181718.192900005728006, 425840.158000010997057 ], [ 181747.029199998825788, 425849.856100004166365 ], [ 181773.367199998348951, 425857.821100000292063 ], [ 181815.092200011014938, 425870.440100006759167 ], [ 181900.403199996799231, 425895.390099994838238 ], [ 182015.493200000375509, 425929.997100010514259 ], [ 182112.884200006723404, 425959.2060999982059 ], [ 182112.936200011521578, 425959.164100006222725 ] ] ] ] } },
{ "type": "Feature", "properties": { "fid": 3102, "buurtcode": "BU02680840", "buurtnaam": "'t Acker", "wijkcode": "WK026808", "gemeentecode": "GM0268", "gemeentenaam": "Nijmegen", "indelingswijziging_wijken_en_buurten": 1, "water": "NEE", "meest_voorkomende_postcode": "6546", "dekkingspercentage": 1, "omgevingsadressendichtheid": 1349, "stedelijkheid_adressen_per_km2": 3, "bevolkingsdichtheid_inwoners_per_km2": 3950, "aantal_inwoners": 5400, "mannen": 2765, "vrouwen": 2640, "percentage_personen_0_tot_15_jaar": 16, "percentage_personen_15_tot_25_jaar": 12, "percentage_personen_25_tot_45_jaar": 29, "percentage_personen_45_tot_65_jaar": 28, "percentage_personen_65_jaar_en_ouder": 15, "percentage_ongehuwd": 53, "percentage_gehuwd": 36, "percentage_gescheid": 8, "percentage_verweduwd": 3, "aantal_huishoudens": 2410, "percentage_eenpersoonshuishoudens": 35, "percentage_huishoudens_zonder_kinderen": 26, "percentage_huishoudens_met_kinderen": 38, "gemiddelde_huishoudsgrootte": 2.2, "percentage_met_herkomstland_nederland": 65, "percentage_met_herkomstland_uit_europa_excl_nl": 10, "percentage_met_herkomstland_buiten_europa": 25, "percentage_geb_in_nl_met_herkomstland_nederland": 65, "perc_geb_in_nl_met_herkomstland_in_europa_ex_nl": 5, "perc_geb_in_nl_met_herkomstland_buiten_europa": 10, "perc_geb_buiten_nl_met_herkomstlnd_in_europa_ex_nl": 5, "perc_geb_buiten_nl_met_herkomstlnd_buiten_europa": 15, "oppervlakte_totaal_in_ha": 142, "oppervlakte_land_in_ha": 137, "oppervlakte_water_in_ha": 5, "jrstatcode": "2025BU02680840", "jaar": 2025 }, "geometry": { "type": "MultiPolygon", "coordinates": [ [ [ [ 182124.02420000359416, 428211.447200000286102 ], [ 182242.147300008684397, 428159.95830000936985 ], [ 182370.113200001418591, 428109.226300004869699 ], [ 182477.946199998259544, 428070.732200007885695 ], [ 182553.222200002521276, 428043.691200006753206 ], [ 182633.615200009196997, 428020.304200008511543 ], [ 182758.589199997484684, 427983.761199999600649 ], [ 182897.450100008398294, 427950.873200003057718 ], [ 183143.013099998235703, 427895.329200010746717 ], [ 183288.451000012457371, 427872.673200007528067 ], [ 183367.382000003010035, 427861.711300007998943 ], [ 183529.636000007390976, 427840.476300001144409 ], [ 183585.107999999076128, 427832.738300010561943 ], [ 183551.555000003427267, 427591.299300003796816 ], [ 183497.472000002861023, 427539.409200008958578 ], [ 183452.995999999344349, 427498.746200006455183 ], [ 183440.865000002086163, 427488.1672000028193 ], [ 183206.884100012481213, 427296.294199999421835 ], [ 183192.380100000649691, 427283.690200004726648 ], [ 183192.420099996030331, 426861.519099999219179 ], [ 183093.2601000033319, 426777.80910000577569 ], [ 183061.998100001364946, 426753.927100010216236 ], [ 182992.868099998682737, 426696.789200000464916 ], [ 182954.071100011467934, 426660.813200008124113 ], [ 182932.970099996775389, 426637.849199999123812 ], [ 182918.468100007623434, 426701.53320000320673 ], [ 182915.40710000321269, 426721.124200008809566 ], [ 182922.753100004047155, 426756.021200001239777 ], [ 182927.651099998503923, 426807.447200011461973 ], [ 182926.427100006490946, 426864.383200000971556 ], [ 182920.304099999368191, 426929.278100002557039 ], [ 182912.346200000494719, 426977.643100004643202 ], [ 182903.162200000137091, 427014.988100003451109 ], [ 182890.918200004845858, 427051.721099998801947 ], [ 182883.402200002223253, 427072.901100009679794 ], [ 182876.837200008332729, 427086.005100004374981 ], [ 182867.0422000028193, 427096.413100007921457 ], [ 182846.226200006902218, 427108.045100003480911 ], [ 182819.901200003921986, 427116.004100002348423 ], [ 182807.657200008630753, 427118.45210000872612 ], [ 182794.800200000405312, 427121.513100001960993 ], [ 182780.719200003892183, 427123.962100002914667 ], [ 182755.00619999691844, 427134.982099995017052 ], [ 182748.272199999541044, 427141.717100005596876 ], [ 182707.253199998289347, 427201.102099999785423 ], [ 182689.499200005084276, 427183.960099998861551 ], [ 182670.579199999570847, 427157.924100000411272 ], [ 182655.215199999511242, 427141.104100007563829 ], [ 182645.419199999421835, 427134.982099995017052 ], [ 182631.951200000941753, 427132.533100005239248 ], [ 182619.094200007617474, 427135.594099998474121 ], [ 182597.66720000654459, 427146.002100002020597 ], [ 182573.178200006484985, 427153.34910000115633 ], [ 182543.989200003445148, 427162.754100006073713 ], [ 182524.201200000941753, 427166.205100011080503 ], [ 182494.814200006425381, 427172.32710000872612 ], [ 182465.428199995309114, 427187.633100006729364 ], [ 182434.817200012505054, 427204.775100007653236 ], [ 182401.758200004696846, 427220.692099995911121 ], [ 182374.820199999958277, 427232.937200006097555 ], [ 182350.331199999898672, 427240.896200004965067 ], [ 182335.026200000196695, 427246.406199999153614 ], [ 182324.006200008094311, 427253.752199999988079 ], [ 182316.660200007259846, 427264.160200003534555 ], [ 182312.374200001358986, 427292.934200000017881 ], [ 182315.790200006216764, 427311.809200000017881 ], [ 182148.790200002491474, 427347.6891999989748 ], [ 182112.47520000860095, 427281.313200004398823 ], [ 182093.32319999858737, 427291.821200001984835 ], [ 182085.685199998319149, 427295.664200007915497 ], [ 181652.838200002908707, 427508.99430001154542 ], [ 181653.921200007200241, 427512.693299997597933 ], [ 181692.456200007349253, 427611.782300002872944 ], [ 181713.375199999660254, 427663.52929999679327 ], [ 181721.637200009077787, 427680.804300010204315 ], [ 181743.95719999819994, 427730.409299999475479 ], [ 181761.668200001120567, 427769.138300001621246 ], [ 181786.040200002491474, 427815.465300004929304 ], [ 181826.292199999094009, 427884.911200005561113 ], [ 181848.796200007200241, 427912.352200005203485 ], [ 181877.440199997276068, 427944.635200005024672 ], [ 181907.14920000359416, 427970.705200001597404 ], [ 181977.612200003117323, 428027.956199996173382 ], [ 181998.420200008898973, 428051.985200006514788 ], [ 182012.938200004398823, 428073.902200005948544 ], [ 182025.83220000565052, 428098.386200007051229 ], [ 182033.879200004041195, 428116.820199999958277 ], [ 182043.136200003325939, 428137.74320000782609 ], [ 182052.873200006783009, 428174.683200009167194 ], [ 182054.62219999730587, 428193.945199999958277 ], [ 182056.948200006037951, 428211.931200008839369 ], [ 182054.743200000375509, 428244.861200004816055 ], [ 182124.02420000359416, 428211.447200000286102 ] ] ] ] } },
{ "type": "Feature", "properties": { "fid": 3103, "buurtcode": "BU02680841", "buurtnaam": "De Kamp", "wijkcode": "WK026808", "gemeentecode": "GM0268", "gemeentenaam": "Nijmegen", "indelingswijziging_wijken_en_buurten": 1, "water": "NEE", "meest_voorkomende_postcode": "6545", "dekkingspercentage": 1, "omgevingsadressendichtheid": 2191, "stedelijkheid_adressen_per_km2": 2, "bevolkingsdichtheid_inwoners_per_km2": 4729, "aantal_inwoners": 5335, "mannen": 2715, "vrouwen": 2620, "percentage_personen_0_tot_15_jaar": 13, "percentage_personen_15_tot_25_jaar": 12, "percentage_personen_25_tot_45_jaar": 27, "percentage_personen_45_tot_65_jaar": 26, "percentage_personen_65_jaar_en_ouder": 22, "percentage_ongehuwd": 51, "percentage_gehuwd": 37, "percentage_gescheid": 8, "percentage_verweduwd": 4, "aantal_huishoudens": 2535, "percentage_eenpersoonshuishoudens": 38, "percentage_huishoudens_zonder_kinderen": 31, "percentage_huishoudens_met_kinderen": 31, "gemiddelde_huishoudsgrootte": 2.1, "percentage_met_herkomstland_nederland": 65, "percentage_met_herkomstland_uit_europa_excl_nl": 10, "percentage_met_herkomstland_buiten_europa": 30, "percentage_geb_in_nl_met_herkomstland_nederland": 65, "perc_geb_in_nl_met_herkomstland_in_europa_ex_nl": 5, "perc_geb_in_nl_met_herkomstland_buiten_europa": 10, "perc_geb_buiten_nl_met_herkomstlnd_in_europa_ex_nl": 5, "perc_geb_buiten_nl_met_herkomstlnd_buiten_europa": 15, "oppervlakte_totaal_in_ha": 119, "oppervlakte_land_in_ha": 113, "oppervlakte_water_in_ha": 6, "jrstatcode": "2025BU02680841", "jaar": 2025 }, "geometry": { "type": "MultiPolygon", "coordinates": [ [ [ [ 183697.348000004887581, 427817.080300003290176 ], [ 183831.49210000783205, 427798.280299998819828 ], [ 183957.745099995285273, 427770.481299996376038 ], [ 184023.274100009351969, 427757.156300004571676 ], [ 184092.106100000441074, 427743.840300004929304 ], [ 184063.149100001901388, 427666.235300004482269 ], [ 184036.509100005030632, 427588.630300000309944 ], [ 184008.710100002586842, 427499.442300006747246 ], [ 183977.436100009828806, 427355.81529999896884 ], [ 183963.537100005894899, 427249.25220000743866 ], [ 183954.270100004971027, 427153.115200005471706 ], [ 183946.162100002169609, 427037.286200001835823 ], [ 183947.321100011467934, 426967.789200004190207 ], [ 183950.796099998056889, 426877.443199999630451 ], [ 183960.062100000679493, 426769.722200002521276 ], [ 183975.120099999010563, 426673.585200008004904 ], [ 183989.019100002944469, 426602.929200004786253 ], [ 184012.185100004076958, 426514.89920000731945 ], [ 184038.118100006133318, 426419.021200008690357 ], [ 183956.175100009888411, 426402.034200008958578 ], [ 183900.290100000798702, 426390.282200012356043 ], [ 183835.615100007504225, 426377.526200007647276 ], [ 183739.078100007027388, 426358.619200002402067 ], [ 183632.709100008010864, 426337.701100006699562 ], [ 183506.626000005751848, 426313.311100002378225 ], [ 183482.297000005841255, 426308.202100001275539 ], [ 183421.232999999076128, 426296.524099998176098 ], [ 183358.222000002861023, 426284.360100012272596 ], [ 183296.915100000798702, 426271.953100010752678 ], [ 183257.765100006014109, 426264.768100008368492 ], [ 183181.214100010693073, 426249.270100001245737 ], [ 183096.391100000590086, 426232.824200000613928 ], [ 183023.057100009173155, 426218.454200007021427 ], [ 182959.044099997729063, 426205.626200001686811 ], [ 182918.701099995523691, 426196.561200007796288 ], [ 182902.225100006908178, 426279.019200008362532 ], [ 182869.757100008428097, 426414.294199999421835 ], [ 182867.95210001245141, 426449.201200004667044 ], [ 182869.134100008755922, 426481.110200002789497 ], [ 182875.043100003153086, 426516.565200008451939 ], [ 182884.498100008815527, 426549.656200006604195 ], [ 182904.589100003242493, 426587.474200002849102 ], [ 182932.970099996775389, 426637.849199999123812 ], [ 182954.071100011467934, 426660.813200008124113 ], [ 182992.868099998682737, 426696.789200000464916 ], [ 183061.998100001364946, 426753.927100010216236 ], [ 183093.2601000033319, 426777.80910000577569 ], [ 183192.420099996030331, 426861.519099999219179 ], [ 183192.380100000649691, 427283.690200004726648 ], [ 183206.884100012481213, 427296.294199999421835 ], [ 183440.865000002086163, 427488.1672000028193 ], [ 183452.995999999344349, 427498.746200006455183 ], [ 183497.472000002861023, 427539.409200008958578 ], [ 183551.555000003427267, 427591.299300003796816 ], [ 183585.107999999076128, 427832.738300010561943 ], [ 183697.348000004887581, 427817.080300003290176 ] ] ] ] } },
{ "type": "Feature", "properties": { "fid": 3104, "buurtcode": "BU02680842", "buurtnaam": "'t Broek", "wijkcode": "WK026808", "gemeentecode": "GM0268", "gemeentenaam": "Nijmegen", "indelingswijziging_wijken_en_buurten": 1, "water": "NEE", "meest_voorkomende_postcode": "6546", "dekkingspercentage": 1, "omgevingsadressendichtheid": 1360, "stedelijkheid_adressen_per_km2": 3, "bevolkingsdichtheid_inwoners_per_km2": 4249, "aantal_inwoners": 3590, "mannen": 1770, "vrouwen": 1820, "percentage_personen_0_tot_15_jaar": 14, "percentage_personen_15_tot_25_jaar": 12, "percentage_personen_25_tot_45_jaar": 23, "percentage_personen_45_tot_65_jaar": 31, "percentage_personen_65_jaar_en_ouder": 19, "percentage_ongehuwd": 47, "percentage_gehuwd": 40, "percentage_gescheid": 9, "percentage_verweduwd": 3, "aantal_huishoudens": 1600, "percentage_eenpersoonshuishoudens": 31, "percentage_huishoudens_zonder_kinderen": 30, "percentage_huishoudens_met_kinderen": 39, "gemiddelde_huishoudsgrootte": 2.2, "percentage_met_herkomstland_nederland": 70, "percentage_met_herkomstland_uit_europa_excl_nl": 10, "percentage_met_herkomstland_buiten_europa": 20, "percentage_geb_in_nl_met_herkomstland_nederland": 70, "perc_geb_in_nl_met_herkomstland_in_europa_ex_nl": 5, "perc_geb_in_nl_met_herkomstland_buiten_europa": 10, "perc_geb_buiten_nl_met_herkomstlnd_in_europa_ex_nl": 5, "perc_geb_buiten_nl_met_herkomstlnd_buiten_europa": 10, "oppervlakte_totaal_in_ha": 93, "oppervlakte_land_in_ha": 85, "oppervlakte_water_in_ha": 9, "jrstatcode": "2025BU02680842", "jaar": 2025 }, "geometry": { "type": "MultiPolygon", "coordinates": [ [ [ [ 182085.685199998319149, 427295.664200007915497 ], [ 182093.32319999858737, 427291.821200001984835 ], [ 182112.47520000860095, 427281.313200004398823 ], [ 182148.790200002491474, 427347.6891999989748 ], [ 182315.790200006216764, 427311.809200000017881 ], [ 182312.374200001358986, 427292.934200000017881 ], [ 182316.660200007259846, 427264.160200003534555 ], [ 182324.006200008094311, 427253.752199999988079 ], [ 182335.026200000196695, 427246.406199999153614 ], [ 182350.331199999898672, 427240.896200004965067 ], [ 182374.820199999958277, 427232.937200006097555 ], [ 182401.758200004696846, 427220.692099995911121 ], [ 182434.817200012505054, 427204.775100007653236 ], [ 182465.428199995309114, 427187.633100006729364 ], [ 182494.814200006425381, 427172.32710000872612 ], [ 182524.201200000941753, 427166.205100011080503 ], [ 182543.989200003445148, 427162.754100006073713 ], [ 182573.178200006484985, 427153.34910000115633 ], [ 182597.66720000654459, 427146.002100002020597 ], [ 182619.094200007617474, 427135.594099998474121 ], [ 182631.951200000941753, 427132.533100005239248 ], [ 182645.419199999421835, 427134.982099995017052 ], [ 182655.215199999511242, 427141.104100007563829 ], [ 182670.579199999570847, 427157.924100000411272 ], [ 182689.499200005084276, 427183.960099998861551 ], [ 182707.253199998289347, 427201.102099999785423 ], [ 182748.272199999541044, 427141.717100005596876 ], [ 182755.00619999691844, 427134.982099995017052 ], [ 182780.719200003892183, 427123.962100002914667 ], [ 182794.800200000405312, 427121.513100001960993 ], [ 182807.657200008630753, 427118.45210000872612 ], [ 182819.901200003921986, 427116.004100002348423 ], [ 182846.226200006902218, 427108.045100003480911 ], [ 182867.0422000028193, 427096.413100007921457 ], [ 182876.837200008332729, 427086.005100004374981 ], [ 182883.402200002223253, 427072.901100009679794 ], [ 182890.918200004845858, 427051.721099998801947 ], [ 182903.162200000137091, 427014.988100003451109 ], [ 182912.346200000494719, 426977.643100004643202 ], [ 182920.304099999368191, 426929.278100002557039 ], [ 182926.427100006490946, 426864.383200000971556 ], [ 182927.651099998503923, 426807.447200011461973 ], [ 182922.753100004047155, 426756.021200001239777 ], [ 182915.40710000321269, 426721.124200008809566 ], [ 182918.468100007623434, 426701.53320000320673 ], [ 182932.970099996775389, 426637.849199999123812 ], [ 182683.650200005620718, 426774.199200004339218 ], [ 182508.940200001001358, 426755.769200000911951 ], [ 182430.690100006759167, 426612.779200002551079 ], [ 182299.410200007259846, 426598.999200008809566 ], [ 182293.166200011968613, 426598.667199999094009 ], [ 182285.690200004726648, 426597.559199996292591 ], [ 182241.720200002193451, 426592.9391999989748 ], [ 182005.17119999974966, 426722.348200000822544 ], [ 181689.187199998646975, 426121.170099999755621 ], [ 181672.160200003534555, 426177.792099997401237 ], [ 181658.6402000002563, 426229.927100010216236 ], [ 181647.261200007051229, 426267.587099995464087 ], [ 181625.849200006574392, 426342.633200004696846 ], [ 181607.976200006902218, 426413.349200006574392 ], [ 181587.656199999153614, 426503.028200000524521 ], [ 181575.818199999630451, 426579.704200003296137 ], [ 181569.77419999986887, 426613.840199999511242 ], [ 181563.825200010091066, 426666.571200005710125 ], [ 181555.841200012713671, 426756.68520000576973 ], [ 181552.419200006872416, 426853.643200002610683 ], [ 181552.965200003236532, 426931.36820000782609 ], [ 181558.122299998998642, 427022.465200006961823 ], [ 181567.247299998998642, 427119.424199998378754 ], [ 181578.715199999511242, 427206.913200002163649 ], [ 181593.483200006186962, 427280.260199997574091 ], [ 181609.45320001244545, 427355.54619999974966 ], [ 181627.497200008481741, 427422.412300001829863 ], [ 181652.838200002908707, 427508.99430001154542 ], [ 182085.685199998319149, 427295.664200007915497 ] ] ] ] } },
{ "type": "Feature", "properties": { "fid": 3105, "buurtcode": "BU02680843", "buurtnaam": "Kerkenbos", "wijkcode": "WK026808", "gemeentecode": "GM0268", "gemeentenaam": "Nijmegen", "indelingswijziging_wijken_en_buurten": 1, "water": "NEE", "meest_voorkomende_postcode": "6546", "dekkingspercentage": 1, "omgevingsadressendichtheid": 1166, "stedelijkheid_adressen_per_km2": 3, "bevolkingsdichtheid_inwoners_per_km2": 30, "aantal_inwoners": 20, "mannen": 15, "vrouwen": 5, "percentage_personen_0_tot_15_jaar": -99997, "percentage_personen_15_tot_25_jaar": 0, "percentage_personen_25_tot_45_jaar": 40, "percentage_personen_45_tot_65_jaar": 35, "percentage_personen_65_jaar_en_ouder": -99997, "percentage_ongehuwd": 70, "percentage_gehuwd": 30, "percentage_gescheid": 0, "percentage_verweduwd": 0, "aantal_huishoudens": 15, "percentage_eenpersoonshuishoudens": 80, "percentage_huishoudens_zonder_kinderen": -99997, "percentage_huishoudens_met_kinderen": -99997, "gemiddelde_huishoudsgrootte": 1.3, "percentage_met_herkomstland_nederland": -99997, "percentage_met_herkomstland_uit_europa_excl_nl": -99997, "percentage_met_herkomstland_buiten_europa": -99997, "percentage_geb_in_nl_met_herkomstland_nederland": -99997, "perc_geb_in_nl_met_herkomstland_in_europa_ex_nl": -99997, "perc_geb_in_nl_met_herkomstland_buiten_europa": 0, "perc_geb_buiten_nl_met_herkomstlnd_in_europa_ex_nl": -99997, "perc_geb_buiten_nl_met_herkomstlnd_buiten_europa": -99997, "oppervlakte_totaal_in_ha": 71, "oppervlakte_land_in_ha": 67, "oppervlakte_water_in_ha": 4, "jrstatcode": "2025BU02680843", "jaar": 2025 }, "geometry": { "type": "MultiPolygon", "coordinates": [ [ [ [ 182932.970099996775389, 426637.849199999123812 ], [ 182904.589100003242493, 426587.474200002849102 ], [ 182884.498100008815527, 426549.656200006604195 ], [ 182875.043100003153086, 426516.565200008451939 ], [ 182869.134100008755922, 426481.110200002789497 ], [ 182867.95210001245141, 426449.201200004667044 ], [ 182869.757100008428097, 426414.294199999421835 ], [ 182902.225100006908178, 426279.019200008362532 ], [ 182918.701099995523691, 426196.561200007796288 ], [ 182869.86710000038147, 426183.820200003683567 ], [ 182813.753100007772446, 426167.360199995338917 ], [ 182761.0050999969244, 426151.648200005292892 ], [ 182691.049100007861853, 426131.447200004011393 ], [ 182632.881100006401539, 426114.049199998378754 ], [ 182112.936200011521578, 425959.164100006222725 ], [ 182112.884200006723404, 425959.2060999982059 ], [ 182015.493200000375509, 425929.997100010514259 ], [ 181900.403199996799231, 425895.390099994838238 ], [ 181815.092200011014938, 425870.440100006759167 ], [ 181773.367199998348951, 425857.821100000292063 ], [ 181761.164200007915497, 425892.044099997729063 ], [ 181733.788200005888939, 425982.158100001513958 ], [ 181708.693199999630451, 426056.303099997341633 ], [ 181689.187199998646975, 426121.170099999755621 ], [ 182005.17119999974966, 426722.348200000822544 ], [ 182241.720200002193451, 426592.9391999989748 ], [ 182285.690200004726648, 426597.559199996292591 ], [ 182293.166200011968613, 426598.667199999094009 ], [ 182299.410200007259846, 426598.999200008809566 ], [ 182430.690100006759167, 426612.779200002551079 ], [ 182508.940200001001358, 426755.769200000911951 ], [ 182683.650200005620718, 426774.199200004339218 ], [ 182932.970099996775389, 426637.849199999123812 ] ] ] ] } },
{ "type": "Feature", "properties": { "fid": 3106, "buurtcode": "BU02680847", "buurtnaam": "Westkanaaldijk", "wijkcode": "WK026808", "gemeentecode": "GM0268", "gemeentenaam": "Nijmegen", "indelingswijziging_wijken_en_buurten": 1, "water": "NEE", "meest_voorkomende_postcode": "6545", "dekkingspercentage": 2, "omgevingsadressendichtheid": 411, "stedelijkheid_adressen_per_km2": 5, "bevolkingsdichtheid_inwoners_per_km2": -99997, "aantal_inwoners": 5, "mannen": 5, "vrouwen": 0, "percentage_personen_0_tot_15_jaar": -99997, "percentage_personen_15_tot_25_jaar": -99997, "percentage_personen_25_tot_45_jaar": -99997, "percentage_personen_45_tot_65_jaar": -99997, "percentage_personen_65_jaar_en_ouder": -99997, "percentage_ongehuwd": -99997, "percentage_gehuwd": -99997, "percentage_gescheid": -99997, "percentage_verweduwd": -99997, "aantal_huishoudens": 0, "percentage_eenpersoonshuishoudens": -99997, "percentage_huishoudens_zonder_kinderen": -99997, "percentage_huishoudens_met_kinderen": -99997, "gemiddelde_huishoudsgrootte": 2.5, "percentage_met_herkomstland_nederland": -99997, "percentage_met_herkomstland_uit_europa_excl_nl": -99997, "percentage_met_herkomstland_buiten_europa": -99997, "percentage_geb_in_nl_met_herkomstland_nederland": -99997, "perc_geb_in_nl_met_herkomstland_in_europa_ex_nl": -99997, "perc_geb_in_nl_met_herkomstland_buiten_europa": -99997, "perc_geb_buiten_nl_met_herkomstlnd_in_europa_ex_nl": -99997, "perc_geb_buiten_nl_met_herkomstlnd_buiten_europa": -99997, "oppervlakte_totaal_in_ha": 122, "oppervlakte_land_in_ha": 115, "oppervlakte_water_in_ha": 7, "jrstatcode": "2025BU02680847", "jaar": 2025 }, "geometry": { "type": "MultiPolygon", "coordinates": [ [ [ [ 183983.239000000059605, 429340.855000007897615 ], [ 183986.099000006914139, 429339.586000006645918 ], [ 183988.057000000029802, 429338.263000007718801 ], [ 183988.747000001370907, 429337.886000003665686 ], [ 183993.025000002235174, 429335.315999995917082 ], [ 184106.518000010401011, 429272.611999999731779 ], [ 184121.879999998956919, 429263.983000010251999 ], [ 184242.844999995082617, 429198.005999997258186 ], [ 184244.118000000715256, 429197.312000010162592 ], [ 184293.598000012338161, 429170.230999995023012 ], [ 184294.231000009924173, 429169.884999997913837 ], [ 184296.54500000923872, 429168.620000001043081 ], [ 184293.20499999448657, 429143.984000004827976 ], [ 184292.973000004887581, 429142.146999999880791 ], [ 184292.974000003188848, 429140.323000002652407 ], [ 184292.856000006198883, 429138.004999998956919 ], [ 184292.730000004172325, 429115.367000002413988 ], [ 184292.629999998956919, 429111.749000005424023 ], [ 184292.390000004321337, 429107.378000006079674 ], [ 184291.646999999880791, 429103.179000001400709 ], [ 184291.258000001311302, 429098.931000009179115 ], [ 184291.05800000205636, 429097.878000006079674 ], [ 184291.720000002533197, 429092.877999998629093 ], [ 184298.83500000834465, 429090.241999998688698 ], [ 184309.199999995529652, 429087.064000006765127 ], [ 184349.812000010162592, 429082.02700001001358 ], [ 184372.344999998807907, 429082.316000003367662 ], [ 184395.052000008523464, 429082.289000011980534 ], [ 184423.792000003159046, 429083.453999999910593 ], [ 184444.337000008672476, 429086.085999995470047 ], [ 184456.734000012278557, 429086.709000010043383 ], [ 184488.406000006943941, 429087.318000003695488 ], [ 184500.711000006645918, 429085.986000005155802 ], [ 184519.162000007927418, 429086.871000003069639 ], [ 184548.873000007122755, 429089.288000002503395 ], [ 184551.024000000208616, 429089.592000007629395 ], [ 184555.032000008970499, 429090.09400000423193 ], [ 184562.16100000590086, 429088.147999994456768 ], [ 184600.935000006109476, 429085.175000000745058 ], [ 184611.368000004440546, 429083.590000003576279 ], [ 184627.18800000846386, 429081.092000000178814 ], [ 184639.794099997729063, 429078.689000003039837 ], [ 184650.021100006997585, 429077.136400002986193 ], [ 184556.177100006490946, 428871.69539999589324 ], [ 184633.947100006043911, 428836.451400011777878 ], [ 184498.342099998146296, 428566.440400000661612 ], [ 184427.539099998772144, 428424.834399994462729 ], [ 184344.735100001096725, 428264.027399994432926 ], [ 184338.085099998861551, 428250.154400002211332 ], [ 184275.132100000977516, 428118.821399997919798 ], [ 184235.531100004911423, 428039.618300005793571 ], [ 184180.421100005507469, 427928.227300003170967 ], [ 184130.628099996596575, 427825.06529999896884 ], [ 184092.106100000441074, 427743.840300004929304 ], [ 184023.274100009351969, 427757.156300004571676 ], [ 183957.745099995285273, 427770.481299996376038 ], [ 183831.49210000783205, 427798.280299998819828 ], [ 183697.348000004887581, 427817.080300003290176 ], [ 183585.107999999076128, 427832.738300010561943 ], [ 183529.636000007390976, 427840.476300001144409 ], [ 183527.270000003278255, 427889.519299998879433 ], [ 183532.336000002920628, 427916.098300002515316 ], [ 183536.203000012785196, 427926.462300006300211 ], [ 183548.054000005125999, 427949.277300011366606 ], [ 183558.508100003004074, 427964.828300002962351 ], [ 183570.661100007593632, 427978.73930000141263 ], [ 183592.51410000026226, 427999.999300003051758 ], [ 183630.143100004643202, 428028.987299997359514 ], [ 183587.960100006312132, 428082.299300007522106 ], [ 183681.400100011378527, 428157.514300003647804 ], [ 183680.307100005447865, 428157.863300006836653 ], [ 183679.196100000292063, 428158.149300009012222 ], [ 183678.070099994540215, 428158.371300000697374 ], [ 183676.933100007474422, 428158.528299994766712 ], [ 183675.789099998772144, 428158.619300000369549 ], [ 183713.671100001782179, 428189.115300007164478 ], [ 183651.700100004673004, 428266.559300009161234 ], [ 183631.272100001573563, 428292.320300001651049 ], [ 183573.844099998474121, 428364.551300007849932 ], [ 183547.013099994510412, 428397.483300000429153 ], [ 183518.080100007355213, 428434.689300008118153 ], [ 183517.530099995434284, 428434.23930000141263 ], [ 183498.830099999904633, 428457.679299999028444 ], [ 183483.195099998265505, 428477.099300008267164 ], [ 183479.087099995464087, 428482.312300004065037 ], [ 183311.909100003540516, 428691.722300007939339 ], [ 183307.80910000577569, 428695.816300008445978 ], [ 183302.068900007754564, 428703.633400000631809 ], [ 183325.622000005096197, 428723.238000012934208 ], [ 183365.061000008136034, 428756.065999995917082 ], [ 183368.90200000628829, 428759.263000003993511 ], [ 183372.573000006377697, 428762.317999996244907 ], [ 183393.30799999460578, 428779.576999999582767 ], [ 183405.162000007927418, 428788.848000001162291 ], [ 183429.153000000864267, 428807.879000011831522 ], [ 183433.54500000923872, 428811.577000003308058 ], [ 183442.248000007122755, 428818.499000005424023 ], [ 183492.027999997138977, 428858.735000010579824 ], [ 183496.855999998748302, 428862.559999998658895 ], [ 183516.023000005632639, 428879.484000001102686 ], [ 183518.901000007987022, 428882.015000004321337 ], [ 183524.403999995440245, 428886.888999998569489 ], [ 183533.891000006347895, 428892.346000008285046 ], [ 183577.08500000089407, 428926.824999995529652 ], [ 183582.76800000295043, 428931.517000008374453 ], [ 183586.571000002324581, 428934.493000008165836 ], [ 183590.037000004202127, 428938.53600000217557 ], [ 183593.129999998956919, 428942.401000000536442 ], [ 183597.659000005573034, 428947.996000003069639 ], [ 183654.091000005602837, 429017.872999999672174 ], [ 183670.959999997168779, 429039.160000007599592 ], [ 183673.131000004708767, 429041.232000004500151 ], [ 183673.190000001341105, 429041.285000007599592 ], [ 183676.217000007629395, 429043.622000012546778 ], [ 183679.769000001251698, 429045.624000001698732 ], [ 183683.775000002235174, 429047.219000000506639 ], [ 183688.389999996870756, 429047.407000005245209 ], [ 183718.196000002324581, 429046.734000008553267 ], [ 183723.151000000536442, 429046.946000002324581 ], [ 183725.763000000268221, 429047.342000007629395 ], [ 183728.844999998807907, 429048.972000006586313 ], [ 183732.080000009387732, 429051.576000012457371 ], [ 183734.995999999344349, 429055.248000007122755 ], [ 183737.518999997526407, 429058.872000001370907 ], [ 183742.873000010848045, 429062.695999994874001 ], [ 183749.396000001579523, 429067.355000004172325 ], [ 183753.872000005096197, 429070.531000003218651 ], [ 183763.344999998807907, 429074.333000000566244 ], [ 183768.265999998897314, 429076.517000000923872 ], [ 183771.783000007271767, 429079.183000009506941 ], [ 183773.957000002264977, 429082.438999999314547 ], [ 183775.397999998182058, 429086.177000001072884 ], [ 183776.373000003397465, 429094.897000007331371 ], [ 183777.040000002831221, 429100.931000005453825 ], [ 183778.881000008434057, 429106.915000010281801 ], [ 183780.42400000244379, 429109.579000011086464 ], [ 183782.553000003099442, 429111.870000008493662 ], [ 183785.615000005811453, 429115.099000003188848 ], [ 183791.339999999850988, 429120.879000008106232 ], [ 183798.582000005990267, 429127.965999998152256 ], [ 183805.872000001370907, 429135.350999999791384 ], [ 183812.435999996960163, 429141.028000004589558 ], [ 183817.730000000447035, 429145.127999998629093 ], [ 183824.407000008970499, 429150.574000012129545 ], [ 183830.250999994575977, 429155.006000004708767 ], [ 183843.526000004261732, 429162.530000008642673 ], [ 183849.531000003218651, 429166.338000006973743 ], [ 183853.093000005930662, 429169.220000009983778 ], [ 183855.329000007361174, 429171.732999995350838 ], [ 183858.724000003188848, 429176.10700000077486 ], [ 183862.442000009119511, 429181.956000000238419 ], [ 183873.338000006973743, 429201.142999995499849 ], [ 183902.004000004380941, 429243.224000006914139 ], [ 183904.725000008940697, 429247.21900000795722 ], [ 183906.274000000208616, 429249.668000001460314 ], [ 183908.198000006377697, 429252.881999999284744 ], [ 183914.503000009804964, 429266.483000006526709 ], [ 183925.912000000476837, 429293.00900000706315 ], [ 183932.541000008583069, 429304.072000000625849 ], [ 183935.762999996542931, 429309.691000007092953 ], [ 183937.823999997228384, 429313.519999999552965 ], [ 183941.245999999344349, 429320.578999999910593 ], [ 183943.156000003218651, 429326.878000006079674 ], [ 183943.921999994665384, 429330.346000000834465 ], [ 183944.760000005364418, 429333.743000004440546 ], [ 183945.901799999177456, 429335.643800001591444 ], [ 183946.812000002712011, 429335.916000004857779 ], [ 183951.888000003993511, 429337.398000009357929 ], [ 183977.995000004768372, 429341.117000009864569 ], [ 183980.68800000846386, 429341.28999999910593 ], [ 183983.239000000059605, 429340.855000007897615 ] ] ] ] } },
{ "type": "Feature", "properties": { "fid": 3107, "buurtcode": "BU02680848", "buurtnaam": "Neerbosch-West", "wijkcode": "WK026808", "gemeentecode": "GM0268", "gemeentenaam": "Nijmegen", "indelingswijziging_wijken_en_buurten": 1, "water": "NEE", "meest_voorkomende_postcode": "6545", "dekkingspercentage": 1, "omgevingsadressendichtheid": 518, "stedelijkheid_adressen_per_km2": 4, "bevolkingsdichtheid_inwoners_per_km2": 259, "aantal_inwoners": 160, "mannen": 95, "vrouwen": 65, "percentage_personen_0_tot_15_jaar": 6, "percentage_personen_15_tot_25_jaar": 20, "percentage_personen_25_tot_45_jaar": 22, "percentage_personen_45_tot_65_jaar": 22, "percentage_personen_65_jaar_en_ouder": 29, "percentage_ongehuwd": 57, "percentage_gehuwd": 26, "percentage_gescheid": 7, "percentage_verweduwd": 11, "aantal_huishoudens": 95, "percentage_eenpersoonshuishoudens": 66, "percentage_huishoudens_zonder_kinderen": 23, "percentage_huishoudens_met_kinderen": 12, "gemiddelde_huishoudsgrootte": 1.5, "percentage_met_herkomstland_nederland": 80, "percentage_met_herkomstland_uit_europa_excl_nl": 10, "percentage_met_herkomstland_buiten_europa": 10, "percentage_geb_in_nl_met_herkomstland_nederland": 80, "perc_geb_in_nl_met_herkomstland_in_europa_ex_nl": -99997, "perc_geb_in_nl_met_herkomstland_buiten_europa": -99997, "perc_geb_buiten_nl_met_herkomstlnd_in_europa_ex_nl": -99997, "perc_geb_buiten_nl_met_herkomstlnd_buiten_europa": -99997, "oppervlakte_totaal_in_ha": 62, "oppervlakte_land_in_ha": 62, "oppervlakte_water_in_ha": 0, "jrstatcode": "2025BU02680848", "jaar": 2025 }, "geometry": { "type": "MultiPolygon", "coordinates": [ [ [ [ 183307.80910000577569, 428695.816300008445978 ], [ 183311.909100003540516, 428691.722300007939339 ], [ 183479.087099995464087, 428482.312300004065037 ], [ 183483.195099998265505, 428477.099300008267164 ], [ 183498.830099999904633, 428457.679299999028444 ], [ 183517.530099995434284, 428434.23930000141263 ], [ 183518.080100007355213, 428434.689300008118153 ], [ 183547.013099994510412, 428397.483300000429153 ], [ 183573.844099998474121, 428364.551300007849932 ], [ 183631.272100001573563, 428292.320300001651049 ], [ 183651.700100004673004, 428266.559300009161234 ], [ 183713.671100001782179, 428189.115300007164478 ], [ 183675.789099998772144, 428158.619300000369549 ], [ 183676.933100007474422, 428158.528299994766712 ], [ 183678.070099994540215, 428158.371300000697374 ], [ 183679.196100000292063, 428158.149300009012222 ], [ 183680.307100005447865, 428157.863300006836653 ], [ 183681.400100011378527, 428157.514300003647804 ], [ 183587.960100006312132, 428082.299300007522106 ], [ 183630.143100004643202, 428028.987299997359514 ], [ 183592.51410000026226, 427999.999300003051758 ], [ 183570.661100007593632, 427978.73930000141263 ], [ 183558.508100003004074, 427964.828300002962351 ], [ 183548.054000005125999, 427949.277300011366606 ], [ 183536.203000012785196, 427926.462300006300211 ], [ 183532.336000002920628, 427916.098300002515316 ], [ 183527.270000003278255, 427889.519299998879433 ], [ 183529.636000007390976, 427840.476300001144409 ], [ 183367.382000003010035, 427861.711300007998943 ], [ 183288.451000012457371, 427872.673200007528067 ], [ 183143.013099998235703, 427895.329200010746717 ], [ 182897.450100008398294, 427950.873200003057718 ], [ 182758.589199997484684, 427983.761199999600649 ], [ 182633.615200009196997, 428020.304200008511543 ], [ 182553.222200002521276, 428043.691200006753206 ], [ 182477.946199998259544, 428070.732200007885695 ], [ 182370.113200001418591, 428109.226300004869699 ], [ 182242.147300008684397, 428159.95830000936985 ], [ 182124.02420000359416, 428211.447200000286102 ], [ 182054.743200000375509, 428244.861200004816055 ], [ 182051.157200008630753, 428286.699200000613928 ], [ 182045.626200001686811, 428308.423200000077486 ], [ 182037.365200005471706, 428336.282199997454882 ], [ 182013.846200007945299, 428381.33219999819994 ], [ 181994.34519999474287, 428408.950200006365776 ], [ 181980.827200002968311, 428425.227300010621548 ], [ 181942.161199998110533, 428460.290300000458956 ], [ 181871.228399999439716, 428503.956800006330013 ], [ 181924.047000005841255, 428515.914000008255243 ], [ 181928.71000000461936, 428516.990000002086163 ], [ 181936.689999997615814, 428518.340000007301569 ], [ 181944.760000001639128, 428519.240000005811453 ], [ 181954.420000001788139, 428519.630000002682209 ], [ 182037.699999999254942, 428518.489999994635582 ], [ 182039.679999995976686, 428518.129999995231628 ], [ 182041.059999998658895, 428517.589999996125698 ], [ 182043.610000006854534, 428515.969999998807907 ], [ 182060.904000006616116, 428499.99999999627471 ], [ 182098.412000007927418, 428463.306000001728535 ], [ 182136.936000000685453, 428425.556000005453825 ], [ 182140.343000002205372, 428421.855000011622906 ], [ 182140.538000002503395, 428421.048000007867813 ], [ 182140.654000002890825, 428417.837000001221895 ], [ 182140.892000004649162, 428411.220000002533197 ], [ 182142.933000005781651, 428353.328000005334616 ], [ 182143.109000004827976, 428349.761999998241663 ], [ 182143.918999996036291, 428347.553000003099442 ], [ 182145.305000010877848, 428345.653000000864267 ], [ 182151.611000008881092, 428339.56300000846386 ], [ 182218.962000012397766, 428274.51800000295043 ], [ 182230.087000008672476, 428263.773000001907349 ], [ 182237.095000002533197, 428257.157000001519918 ], [ 182286.944000001996756, 428241.54900000244379 ], [ 182302.447000008076429, 428237.355999995023012 ], [ 182311.662999998778105, 428233.600999999791384 ], [ 182316.508200012147427, 428231.47579999640584 ], [ 182357.666999995708466, 428213.423000004142523 ], [ 182368.655000008642673, 428209.307000000029802 ], [ 182379.644000008702278, 428205.19200000539422 ], [ 182380.880000002682209, 428205.327000007033348 ], [ 182393.029000006616116, 428200.456000003963709 ], [ 182414.474000006914139, 428191.789000000804663 ], [ 182434.729000005871058, 428182.001000002026558 ], [ 182441.134999997913837, 428178.334000006318092 ], [ 182452.778999999165535, 428171.495000001043081 ], [ 182458.017000008374453, 428168.323000006377697 ], [ 182467.034999996423721, 428162.634000010788441 ], [ 182480.41100000962615, 428152.607999999076128 ], [ 182487.761999994516373, 428146.147000011056662 ], [ 182499.85700000077486, 428133.673000004142523 ], [ 182517.839000005275011, 428112.807000003755093 ], [ 182520.559999994933605, 428109.607000004500151 ], [ 182522.54500000551343, 428108.092999994754791 ], [ 182524.41499999910593, 428108.119000006467104 ], [ 182526.893999997526407, 428108.212000004947186 ], [ 182561.08500000461936, 428113.035000003874302 ], [ 182567.186000008136034, 428113.896000001579523 ], [ 182608.026000007987022, 428145.73200000077486 ], [ 182644.444000001996756, 428174.714000001549721 ], [ 182692.322000008076429, 428213.74100000038743 ], [ 182782.817999999970198, 428287.785000007599592 ], [ 182789.051000002771616, 428293.035000007599592 ], [ 182801.541000001132488, 428303.554999995976686 ], [ 182825.598999999463558, 428323.817999999970198 ], [ 182856.443999994546175, 428348.593000005930662 ], [ 182937.247999995946884, 428413.870999999344349 ], [ 182989.647000003606081, 428455.935000002384186 ], [ 183033.181000001728535, 428490.605999998748302 ], [ 183091.228000000119209, 428534.760999999940395 ], [ 183226.291000001132488, 428638.857000004500151 ], [ 183235.788000009953976, 428645.81699999794364 ], [ 183244.504999995231628, 428652.154000006616116 ], [ 183273.721000008285046, 428679.304000005125999 ], [ 183281.142000000923872, 428686.214999996125698 ], [ 183302.068900007754564, 428703.633400000631809 ], [ 183307.80910000577569, 428695.816300008445978 ] ] ] ] } },
{ "type": "Feature", "properties": { "fid": 3108, "buurtcode": "BU02680849", "buurtnaam": "Bijsterhuizen", "wijkcode": "WK026808", "gemeentecode": "GM0268", "gemeentenaam": "Nijmegen", "indelingswijziging_wijken_en_buurten": 1, "water": "NEE", "meest_voorkomende_postcode": "6546", "dekkingspercentage": 1, "omgevingsadressendichtheid": 342, "stedelijkheid_adressen_per_km2": 5, "bevolkingsdichtheid_inwoners_per_km2": 14, "aantal_inwoners": 15, "mannen": 10, "vrouwen": 10, "percentage_personen_0_tot_15_jaar": -99997, "percentage_personen_15_tot_25_jaar": -99997, "percentage_personen_25_tot_45_jaar": 37, "percentage_personen_45_tot_65_jaar": -99997, "percentage_personen_65_jaar_en_ouder": -99997, "percentage_ongehuwd": 63, "percentage_gehuwd": 32, "percentage_gescheid": -99997, "percentage_verweduwd": 0, "aantal_huishoudens": 10, "percentage_eenpersoonshuishoudens": -99997, "percentage_huishoudens_zonder_kinderen": -99997, "percentage_huishoudens_met_kinderen": -99997, "gemiddelde_huishoudsgrootte": 2.1, "percentage_met_herkomstland_nederland": 60, "percentage_met_herkomstland_uit_europa_excl_nl": -99997, "percentage_met_herkomstland_buiten_europa": 0, "percentage_geb_in_nl_met_herkomstland_nederland": 60, "perc_geb_in_nl_met_herkomstland_in_europa_ex_nl": -99997, "perc_geb_in_nl_met_herkomstland_buiten_europa": 0, "perc_geb_buiten_nl_met_herkomstlnd_in_europa_ex_nl": -99997, "perc_geb_buiten_nl_met_herkomstlnd_buiten_europa": 0, "oppervlakte_totaal_in_ha": 144, "oppervlakte_land_in_ha": 141, "oppervlakte_water_in_ha": 4, "jrstatcode": "2025BU02680849", "jaar": 2025 }, "geometry": { "type": "MultiPolygon", "coordinates": [ [ [ [ 181942.161199998110533, 428460.290300000458956 ], [ 181980.827200002968311, 428425.227300010621548 ], [ 181994.34519999474287, 428408.950200006365776 ], [ 182013.846200007945299, 428381.33219999819994 ], [ 182037.365200005471706, 428336.282199997454882 ], [ 182045.626200001686811, 428308.423200000077486 ], [ 182051.157200008630753, 428286.699200000613928 ], [ 182054.743200000375509, 428244.861200004816055 ], [ 182056.948200006037951, 428211.931200008839369 ], [ 182054.62219999730587, 428193.945199999958277 ], [ 182052.873200006783009, 428174.683200009167194 ], [ 182043.136200003325939, 428137.74320000782609 ], [ 182033.879200004041195, 428116.820199999958277 ], [ 182025.83220000565052, 428098.386200007051229 ], [ 182012.938200004398823, 428073.902200005948544 ], [ 181998.420200008898973, 428051.985200006514788 ], [ 181977.612200003117323, 428027.956199996173382 ], [ 181907.14920000359416, 427970.705200001597404 ], [ 181877.440199997276068, 427944.635200005024672 ], [ 181848.796200007200241, 427912.352200005203485 ], [ 181826.292199999094009, 427884.911200005561113 ], [ 181786.040200002491474, 427815.465300004929304 ], [ 181761.668200001120567, 427769.138300001621246 ], [ 181743.95719999819994, 427730.409299999475479 ], [ 181721.637200009077787, 427680.804300010204315 ], [ 181713.375199999660254, 427663.52929999679327 ], [ 181692.456200007349253, 427611.782300002872944 ], [ 181653.921200007200241, 427512.693299997597933 ], [ 181652.838200002908707, 427508.99430001154542 ], [ 181627.497200008481741, 427422.412300001829863 ], [ 181609.45320001244545, 427355.54619999974966 ], [ 181593.483200006186962, 427280.260199997574091 ], [ 181578.715199999511242, 427206.913200002163649 ], [ 181567.247299998998642, 427119.424199998378754 ], [ 181558.122299998998642, 427022.465200006961823 ], [ 181552.965200003236532, 426931.36820000782609 ], [ 181552.419200006872416, 426853.643200002610683 ], [ 181555.841200012713671, 426756.68520000576973 ], [ 181563.825200010091066, 426666.571200005710125 ], [ 181569.77419999986887, 426613.840199999511242 ], [ 181575.818199999630451, 426579.704200003296137 ], [ 181587.656199999153614, 426503.028200000524521 ], [ 181607.976200006902218, 426413.349200006574392 ], [ 181625.849200006574392, 426342.633200004696846 ], [ 181647.261200007051229, 426267.587099995464087 ], [ 181658.6402000002563, 426229.927100010216236 ], [ 181672.160200003534555, 426177.792099997401237 ], [ 181689.187199998646975, 426121.170099999755621 ], [ 181708.693199999630451, 426056.303099997341633 ], [ 181733.788200005888939, 425982.158100001513958 ], [ 181761.164200007915497, 425892.044099997729063 ], [ 181773.367199998348951, 425857.821100000292063 ], [ 181747.029199998825788, 425849.856100004166365 ], [ 181718.192900005728006, 425840.158000010997057 ], [ 181717.611700009554625, 425841.540899999439716 ], [ 181714.636000003665686, 425848.620999999344349 ], [ 181714.618000000715256, 425848.664000000804663 ], [ 181714.083999998867512, 425849.934000000357628 ], [ 181708.447999998927116, 425865.569000001996756 ], [ 181703.649000000208616, 425879.598000008612871 ], [ 181701.600000008940697, 425885.293000005185604 ], [ 181694.040000006556511, 425904.858999997377396 ], [ 181690.756999995559454, 425911.86200000718236 ], [ 181686.122000001370907, 425920.405000004917383 ], [ 181679.440000005066395, 425930.854000002145767 ], [ 181667.09400001168251, 425947.806000005453825 ], [ 181662.435999996960163, 425953.098000001162291 ], [ 181657.979000005871058, 425957.429999999701977 ], [ 181654.670000001788139, 425960.278000004589558 ], [ 181648.131000000983477, 425964.830999996513128 ], [ 181642.258000001311302, 425968.597000002861023 ], [ 181633.525000002235174, 425973.935000002384186 ], [ 181617.774000000208616, 425983.356000006198883 ], [ 181606.791999995708466, 425989.737999998033047 ], [ 181605.368000008165836, 425990.508000008761883 ], [ 181580.769999999552965, 426005.334000002592802 ], [ 181564.952000007033348, 426014.700000010430813 ], [ 181549.074999999254942, 426024.030000008642673 ], [ 181530.485000010579824, 426036.155000012367964 ], [ 181525.63400000706315, 426040.223999999463558 ], [ 181512.898000001907349, 426054.482000004500151 ], [ 181509.916000004857779, 426058.761999998241663 ], [ 181505.213000010699034, 426066.506999999284744 ], [ 181494.777000002563, 426089.211999997496605 ], [ 181490.60300000756979, 426115.401000004261732 ], [ 181483.070000000298023, 426120.337999999523163 ], [ 181387.933999996632338, 426116.917000006884336 ], [ 181386.284000001847744, 426116.936000008136034 ], [ 181362.837000008672476, 426117.171000003814697 ], [ 181329.308999996632338, 426117.337999999523163 ], [ 181301.81700000539422, 426117.235999997705221 ], [ 181273.703999996185303, 426117.024000007659197 ], [ 181267.962000012397766, 426117.105999995023012 ], [ 181255.683000005781651, 426117.111000008881092 ], [ 181234.204000003635883, 426117.561000000685453 ], [ 181218.532000008970499, 426117.969000000506639 ], [ 181184.586000010371208, 426119.379000000655651 ], [ 181159.064999997615814, 426120.749000005424023 ], [ 181151.951999999582767, 426121.244000006467104 ], [ 181124.416000008583069, 426123.157999999821186 ], [ 181103.608000006526709, 426124.977000009268522 ], [ 181088.727000001817942, 426126.151000004261732 ], [ 181065.705000005662441, 426128.140999998897314 ], [ 181044.944000005722046, 426130.095999997109175 ], [ 181022.409000005573034, 426131.916000008583069 ], [ 180999.355999998748302, 426134.169999998062849 ], [ 180960.879000000655651, 426138.601000007241964 ], [ 180933.015000000596046, 426141.837999995797873 ], [ 180890.296000007539988, 426147.374000001698732 ], [ 180862.967000011354685, 426151.890000004321337 ], [ 180854.90200000628829, 426153.114000007510185 ], [ 180824.79900000244379, 426157.63399999588728 ], [ 180801.278999995440245, 426161.66100000590086 ], [ 180750.777000002563, 426170.526000000536442 ], [ 180692.220000002533197, 426182.248000003397465 ], [ 180644.210999995470047, 426192.2989999987185 ], [ 180641.638000000268221, 426192.879000008106232 ], [ 180624.375000007450581, 426196.771000001579523 ], [ 180586.644999999552965, 426205.963000006973743 ], [ 180580.178000003099442, 426207.539000004529953 ], [ 180577.480000000447035, 426208.196000002324581 ], [ 180577.348999999463558, 426208.229000005871058 ], [ 180569.01800000667572, 426210.354000002145767 ], [ 180541.638000000268221, 426217.337999995797873 ], [ 180537.097000002861023, 426218.570000004023314 ], [ 180539.489999998360872, 426222.787999998778105 ], [ 180539.771999999880791, 426223.284000013023615 ], [ 180541.097000006586313, 426222.970000006258488 ], [ 180565.680999998003244, 426268.666000008583069 ], [ 180568.486999996006489, 426274.077000010758638 ], [ 180577.320000000298023, 426290.56300001218915 ], [ 180602.035000007599592, 426337.644000001251698 ], [ 180637.967999998480082, 426406.094999998807907 ], [ 180639.537000000476837, 426409.084000002592802 ], [ 180659.723000004887581, 426447.537000000476837 ], [ 180697.26799999922514, 426518.900000002235174 ], [ 180712.378999996930361, 426546.310000006109476 ], [ 180726.569000001996756, 426572.069000001996756 ], [ 180728.008000005036592, 426574.836999997496605 ], [ 180768.273000005632639, 426652.567999999970198 ], [ 180775.581000003963709, 426666.521000001579523 ], [ 180775.679999999701977, 426666.71000000461936 ], [ 180786.28600000962615, 426687.262000001966953 ], [ 180791.850000001490116, 426697.310000006109476 ], [ 180795.540000002831221, 426706.67000000551343 ], [ 180806.52700000628829, 426727.130999997258186 ], [ 180865.273000005632639, 426839.675000008195639 ], [ 180882.311999998986721, 426872.741000007838011 ], [ 180891.474000003188848, 426889.837999999523163 ], [ 180902.725000001490116, 426910.618999999016523 ], [ 180937.456000011414289, 426975.879000000655651 ], [ 180966.372000001370907, 427031.269000004976988 ], [ 180989.866999994963408, 427077.008000008761883 ], [ 181009.919000007212162, 427116.044000010937452 ], [ 181011.981000002473593, 427119.982000011950731 ], [ 181017.854000005871058, 427131.197999998927116 ], [ 181015.584000002592802, 427130.75900000333786 ], [ 181022.537000000476837, 427144.650999996811152 ], [ 181026.499000001698732, 427142.50900000333786 ], [ 181038.62500000372529, 427161.894000004976988 ], [ 181039.713000003248453, 427163.472000010311604 ], [ 181042.320999998599291, 427167.257000003010035 ], [ 181044.700000006705523, 427172.196000002324581 ], [ 181049.427000004798174, 427182.623000010848045 ], [ 181048.717000003904104, 427183.552000008523464 ], [ 181075.315000008791685, 427233.524000003933907 ], [ 181093.584000002592802, 427267.848000004887581 ], [ 181105.223999999463558, 427290.111000005155802 ], [ 181118.177000012248755, 427314.885000012814999 ], [ 181115.144000008702278, 427316.543000012636185 ], [ 181129.789000004529953, 427343.818999994546175 ], [ 181135.044000007212162, 427353.606000009924173 ], [ 181138.4780000038445, 427360.001000005751848 ], [ 181140.878000009804964, 427358.677000008523464 ], [ 181141.780999999493361, 427360.376000002026558 ], [ 181151.17000000923872, 427378.042000006884336 ], [ 181155.458000011742115, 427385.73200000077486 ], [ 181156.293999996036291, 427387.299000009894371 ], [ 181172.937000010162592, 427418.505999997258186 ], [ 181181.015000000596046, 427432.700000006705523 ], [ 181197.030000001192093, 427462.10700000077486 ], [ 181202.160000000149012, 427471.725000008940697 ], [ 181209.268999997526407, 427485.050999999046326 ], [ 181210.444000001996756, 427487.271999999880791 ], [ 181215.199000000953674, 427496.25900000706315 ], [ 181224.738000001758337, 427515.687000006437302 ], [ 181235.309000000357628, 427534.903999999165535 ], [ 181237.692000009119511, 427539.313999999314547 ], [ 181242.445000004023314, 427548.111000008881092 ], [ 181253.82600000500679, 427569.175999999046326 ], [ 181270.321000009775162, 427601.138999994844198 ], [ 181270.364000011235476, 427601.223000004887581 ], [ 181304.637000005692244, 427667.640000008046627 ], [ 181318.113000009208918, 427693.96900000423193 ], [ 181328.68800000846386, 427710.08500000834465 ], [ 181374.203000001609325, 427795.594000000506639 ], [ 181391.160000003874302, 427827.105000011622906 ], [ 181408.08500000089407, 427859.92000000551343 ], [ 181429.40200000628829, 427901.504000004380941 ], [ 181499.839999996125698, 428035.883000001311302 ], [ 181508.083000004291534, 428051.574000008404255 ], [ 181513.067999999970198, 428068.369000002741814 ], [ 181514.953000005334616, 428073.63400000333786 ], [ 181518.790999997407198, 428078.555000003427267 ], [ 181607.447999998927116, 428248.351000003516674 ], [ 181612.454999998211861, 428258.613000009208918 ], [ 181620.82600000500679, 428275.76800000295043 ], [ 181638.566000007092953, 428309.497000008821487 ], [ 181650.350000008940697, 428326.937000006437302 ], [ 181656.875000007450581, 428340.660000000149012 ], [ 181669.820000000298023, 428366.359999999403954 ], [ 181677.066000010818243, 428380.105999995023012 ], [ 181724.608000002801418, 428470.302999999374151 ], [ 181728.941900007426739, 428478.524900007992983 ], [ 181749.205000001937151, 428478.580000005662441 ], [ 181765.944000001996756, 428479.550999995321035 ], [ 181772.127000007778406, 428480.307000003755093 ], [ 181782.491000011563301, 428482.263000000268221 ], [ 181817.736000008881092, 428491.043999996036291 ], [ 181852.981000002473593, 428499.82600000873208 ], [ 181871.228399999439716, 428503.956800006330013 ], [ 181942.161199998110533, 428460.290300000458956 ] ] ] ] } },
{ "type": "Feature", "properties": { "fid": 3109, "buurtcode": "BU02680950", "buurtnaam": "Oosterhout", "wijkcode": "WK026809", "gemeentecode": "GM0268", "gemeentenaam": "Nijmegen", "indelingswijziging_wijken_en_buurten": 1, "water": "NEE", "meest_voorkomende_postcode": "6515", "dekkingspercentage": 1, "omgevingsadressendichtheid": 1087, "stedelijkheid_adressen_per_km2": 3, "bevolkingsdichtheid_inwoners_per_km2": 2541, "aantal_inwoners": 6310, "mannen": 3155, "vrouwen": 3155, "percentage_personen_0_tot_15_jaar": 24, "percentage_personen_15_tot_25_jaar": 15, "percentage_personen_25_tot_45_jaar": 25, "percentage_personen_45_tot_65_jaar": 30, "percentage_personen_65_jaar_en_ouder": 6, "percentage_ongehuwd": 58, "percentage_gehuwd": 35, "percentage_gescheid": 6, "percentage_verweduwd": 1, "aantal_huishoudens": 2235, "percentage_eenpersoonshuishoudens": 19, "percentage_huishoudens_zonder_kinderen": 22, "percentage_huishoudens_met_kinderen": 59, "gemiddelde_huishoudsgrootte": 2.8, "percentage_met_herkomstland_nederland": 80, "percentage_met_herkomstland_uit_europa_excl_nl": 5, "percentage_met_herkomstland_buiten_europa": 15, "percentage_geb_in_nl_met_herkomstland_nederland": 80, "perc_geb_in_nl_met_herkomstland_in_europa_ex_nl": 5, "perc_geb_in_nl_met_herkomstland_buiten_europa": 10, "perc_geb_buiten_nl_met_herkomstlnd_in_europa_ex_nl": 5, "perc_geb_buiten_nl_met_herkomstlnd_buiten_europa": 5, "oppervlakte_totaal_in_ha": 307, "oppervlakte_land_in_ha": 248, "oppervlakte_water_in_ha": 59, "jrstatcode": "2025BU02680950", "jaar": 2025 }, "geometry": { "type": "MultiPolygon", "coordinates": [ [ [ [ 185497.555000003427267, 434019.470000006258488 ], [ 185599.325000002980232, 434013.666000004857779 ], [ 185775.736000008881092, 434002.636999998241663 ], [ 185782.394999999552965, 434002.663000006228685 ], [ 185939.609000001102686, 434009.860999997705221 ], [ 185942.378000006079674, 434009.997999995946884 ], [ 185942.429000001400709, 434010.000500004738569 ], [ 185951.081100009381771, 434010.427300002425909 ], [ 185952.479100000113249, 433991.276700012385845 ], [ 185954.055099997669458, 433961.701699998229742 ], [ 185956.002100005745888, 433943.529700007289648 ], [ 185957.393100004643202, 433936.483700010925531 ], [ 185960.360100001096725, 433918.497700002044439 ], [ 185961.936099998652935, 433908.205699998885393 ], [ 185966.294100008904934, 433888.457699995487928 ], [ 185969.539100002497435, 433877.517699997872114 ], [ 185973.432100005447865, 433862.776699997484684 ], [ 185976.770099997520447, 433849.332699999213219 ], [ 185980.386100001633167, 433835.982699997723103 ], [ 185983.816100008785725, 433823.744699999690056 ], [ 185987.247099999338388, 433812.896700002253056 ], [ 185996.240100003778934, 433785.268699996173382 ], [ 186000.690099999308586, 433772.566700004041195 ], [ 186013.855100002139807, 433738.911700006574392 ], [ 186021.551100004464388, 433721.017700001597404 ], [ 186028.133100006729364, 433706.46169999986887 ], [ 186036.3851000033319, 433689.217700008302927 ], [ 186042.689100008457899, 433675.866700012236834 ], [ 186050.941100005060434, 433659.827700007706881 ], [ 186070.596100009977818, 433620.794599998742342 ], [ 186077.457100003957748, 433607.351599998772144 ], [ 186098.039100002497435, 433566.464600007981062 ], [ 186104.900100000202656, 433552.557599999010563 ], [ 186117.138099998235703, 433528.545600011944771 ], [ 186126.780100006610155, 433510.836600001901388 ], [ 186133.085099995136261, 433499.896600004285574 ], [ 186140.038100007921457, 433488.400599997490644 ], [ 186150.329100001603365, 433470.321600005030632 ], [ 186164.329100005328655, 433446.67960000038147 ], [ 186179.163100004196167, 433423.037500008940697 ], [ 186189.176099997013807, 433407.368500005453825 ], [ 186192.143100008368492, 433404.309500008821487 ], [ 186195.852099996060133, 433400.693500004708767 ], [ 186203.454100001603365, 433394.203500002622604 ], [ 186210.686099994927645, 433385.395499996840954 ], [ 186235.904099997133017, 433353.409499999135733 ], [ 186241.930100005120039, 433347.012500006705523 ], [ 186245.546100009232759, 433342.09850000217557 ], [ 186247.9560999982059, 433338.94650000706315 ], [ 186250.089100003242493, 433335.79449999704957 ], [ 186253.241099998354912, 433331.344500001519918 ], [ 186254.910100009292364, 433328.284500006586313 ], [ 186257.877100005745888, 433320.867499999701977 ], [ 186260.195100009441376, 433313.635500006377697 ], [ 186261.214099999517202, 433310.20549999922514 ], [ 186269.929100006818771, 433281.927500005811453 ], [ 186278.274000000208616, 433261.345500007271767 ], [ 186286.618000008165836, 433241.226500011980534 ], [ 186290.69700001180172, 433230.657500009983778 ], [ 186295.426000002771616, 433218.882500007748604 ], [ 186299.690000001341105, 433208.035500008612871 ], [ 186305.624000005424023, 433194.035500001162291 ], [ 186320.273000005632639, 433161.029499996453524 ], [ 186328.431000009179115, 433143.043500002473593 ], [ 186340.391000010073185, 433117.361500006169081 ], [ 186346.881000008434057, 433104.19650000333786 ], [ 186357.45100000873208, 433083.521499995142221 ], [ 186371.265000004321337, 433056.912500008940697 ], [ 186377.662000007927418, 433044.952500008046627 ], [ 186402.231000002473593, 432999.523500006645918 ], [ 186408.258000008761883, 432988.861500006169081 ], [ 186415.767000000923872, 432975.974500000476837 ], [ 186420.959000002592802, 432968.186500001698732 ], [ 186426.614999998360872, 432960.12050000205636 ], [ 186431.436000004410744, 432953.630499999970198 ], [ 186437.369999997317791, 432946.027500011026859 ], [ 186443.396000005304813, 432938.610500004142523 ], [ 186447.383000005036592, 432933.604499999433756 ], [ 186474.917999997735023, 432901.340500000864267 ], [ 186488.175999999046326, 432887.43350000679493 ], [ 186497.726000010967255, 432878.347500003874302 ], [ 186517.196000002324581, 432858.691500000655651 ], [ 186530.73200000077486, 432845.89750000834465 ], [ 186546.864000000059605, 432830.043600007891655 ], [ 186560.214999999850988, 432815.673600003123283 ], [ 186578.572000004351139, 432797.13060000166297 ], [ 186581.3530000038445, 432794.070600006729364 ], [ 186585.154000006616116, 432789.620600000023842 ], [ 186596.187000002712011, 432777.197599999606609 ], [ 186602.306000009179115, 432768.574600007385015 ], [ 186606.849000003188848, 432762.919599998742342 ], [ 186610.743000004440546, 432758.468600004911423 ], [ 186616.306000001728535, 432751.608600001782179 ], [ 186626.319000005722046, 432740.38960001245141 ], [ 186628.822000008076429, 432737.052600003778934 ], [ 186635.961000006645918, 432727.873600002378225 ], [ 186643.100100003182888, 432716.562600009143353 ], [ 186656.173100005835295, 432697.37049999833107 ], [ 186665.537100005894899, 432683.093500003218651 ], [ 186684.728100001811981, 432652.775500003248453 ], [ 186702.437100008130074, 432624.498500004410744 ], [ 186713.284100007265806, 432606.975500006228685 ], [ 186726.542100008577108, 432586.485499996691942 ], [ 186741.469100005924702, 432561.731500003486872 ], [ 186752.595100000500679, 432542.447500009089708 ], [ 186759.641099996864796, 432530.023499999195337 ], [ 186769.0050999969244, 432512.222500003874302 ], [ 186774.753100007772446, 432500.911499995738268 ], [ 186781.243099994957447, 432487.838500007987022 ], [ 186789.031099997460842, 432470.316500008106232 ], [ 186795.799099996685982, 432455.48250000923872 ], [ 186799.415100000798702, 432448.992500007152557 ], [ 186804.978099998086691, 432440.091500002890825 ], [ 186809.984100002795458, 432430.542500004172325 ], [ 186814.156100001186132, 432421.641500003635883 ], [ 186817.957100003957748, 432412.74150000885129 ], [ 186821.388099994510412, 432403.748500004410744 ], [ 186824.81810000166297, 432393.642499998211861 ], [ 186828.619100004434586, 432381.775499995797873 ], [ 186832.421100005507469, 432368.887500010430813 ], [ 186840.811099994927645, 432332.034500010311604 ], [ 186842.156100001186132, 432325.498500000685453 ], [ 186844.566100005060434, 432316.134500000625849 ], [ 186847.718100000172853, 432302.227500006556511 ], [ 186853.042100001126528, 432279.372500002384186 ], [ 186856.619100004434586, 432264.585499994456768 ], [ 186860.32710000872612, 432247.248500008136034 ], [ 186865.797100007534027, 432222.030500005930662 ], [ 186871.638100001960993, 432197.090500000864267 ], [ 186876.089100010693073, 432177.527499996125698 ], [ 186879.797100000083447, 432158.057500004768372 ], [ 186886.658100012689829, 432120.509500004351139 ], [ 186888.698100004345179, 432108.456500004976988 ], [ 186890.088100004941225, 432095.476500004529953 ], [ 186890.645100012421608, 432088.615500006824732 ], [ 186891.572100002318621, 432074.523499999195337 ], [ 186892.128100011497736, 432061.636500004678965 ], [ 186892.31309999525547, 432037.901500005275011 ], [ 186893.982100006192923, 431987.929500009864569 ], [ 186894.539099998772144, 431969.201500009745359 ], [ 186895.558100003749132, 431926.367499995976686 ], [ 186895.558100003749132, 431907.175500001758337 ], [ 186895.280100006610155, 431892.527499999850988 ], [ 186894.909099996089935, 431864.62049999833107 ], [ 186895.09510000795126, 431848.395500000566244 ], [ 186894.964100006967783, 431804.378500007092953 ], [ 186880.977100003510714, 431771.673500005155802 ], [ 186866.264100007712841, 431739.168500002473593 ], [ 186853.371100004762411, 431714.933499995619059 ], [ 186847.824100002646446, 431704.268500003963709 ], [ 186794.558100000023842, 431600.878499995917082 ], [ 186790.980100002139807, 431593.373500004410744 ], [ 186776.982100002467632, 431552.827500000596046 ], [ 186756.921100005507469, 431494.091600000858307 ], [ 186741.194099999964237, 431434.345600008964539 ], [ 186730.01910000666976, 431387.792599998414516 ], [ 186712.009199999272823, 431297.675600003451109 ], [ 186709.82820000872016, 431291.892600007355213 ], [ 186706.15820000693202, 431286.943600006401539 ], [ 186692.476200006902218, 431280.134600002318621 ], [ 186637.036200009286404, 431253.783599998801947 ], [ 186625.151200000196695, 431247.595600008964539 ], [ 186618.929199997335672, 431243.506600011140108 ], [ 186614.918199997395277, 431240.452599998563528 ], [ 186609.772200003266335, 431235.164600007236004 ], [ 186604.729200009256601, 431229.617600005120039 ], [ 186601.425200000405312, 431224.519600000232458 ], [ 186594.395199999213219, 431208.941600002348423 ], [ 186593.718200005590916, 431204.598600003868341 ], [ 186594.339200008660555, 431199.292599994689226 ], [ 186595.059200007468462, 431196.177600007504225 ], [ 186595.599200006574392, 431193.23760000243783 ], [ 186574.85920000448823, 431153.093600001186132 ], [ 186561.233199998736382, 431090.485600005835295 ], [ 186541.202199999243021, 431043.118700001388788 ], [ 186497.619200002402067, 430945.344700004905462 ], [ 186479.838200002908707, 430906.297700006514788 ], [ 186478.910200003534555, 430906.679699998348951 ], [ 186475.900200005620718, 430907.689700003713369 ], [ 186474.870200000703335, 430907.919700000435114 ], [ 186473.540199995040894, 430908.079700000584126 ], [ 186472.400200001895428, 430908.279699999839067 ], [ 186471.270200006663799, 430908.339700005948544 ], [ 186470.310200002044439, 430908.329700008034706 ], [ 186465.560200002044439, 430907.969700008630753 ], [ 186462.97019999474287, 430907.339700002223253 ], [ 186459.560200002044439, 430905.989699997007847 ], [ 186458.620200008153915, 430905.469700012356043 ], [ 186456.840200006961823, 430904.209699999541044 ], [ 186455.690200001001358, 430903.4797000028193 ], [ 186454.10020000115037, 430902.18970000743866 ], [ 186453.140200007706881, 430901.259700011461973 ], [ 186451.840199999511242, 430899.889700006693602 ], [ 186448.510199997574091, 430896.669699996709824 ], [ 186445.64020000398159, 430894.299700003117323 ], [ 186442.910200010985136, 430892.359700005501509 ], [ 186440.190200001001358, 430890.559700008481741 ], [ 186437.790199998766184, 430889.049700003117323 ], [ 186431.690200004726648, 430884.409700006246567 ], [ 186427.130200006067753, 430881.859699998050928 ], [ 186424.010200001299381, 430880.479699999094009 ], [ 186421.230200000107288, 430879.409699998795986 ], [ 186419.650199998170137, 430879.259700011461973 ], [ 186419.10020000115037, 430879.43970001116395 ], [ 186418.870200004428625, 430879.569699998944998 ], [ 186418.340200003236532, 430879.709700003266335 ], [ 186417.660200003534555, 430879.809700008481741 ], [ 186416.990199998021126, 430879.759700000286102 ], [ 186416.570200003683567, 430879.509700004011393 ], [ 186416.310199998319149, 430879.129700005054474 ], [ 186415.920200001448393, 430878.909699995070696 ], [ 186415.420199997723103, 430878.759700007736683 ], [ 186414.950200006365776, 430878.719700012356043 ], [ 186413.96619999781251, 430878.789700005203485 ], [ 186332.529199998825788, 430951.902600005269051 ], [ 186288.22520000860095, 430991.973600003868341 ], [ 186267.021200012415648, 431011.433599997311831 ], [ 186264.740199998021126, 430999.409600000828505 ], [ 186264.840200006961823, 430997.369600005447865 ], [ 186264.750199999660254, 430994.909600008279085 ], [ 186264.520200002938509, 430993.339600004255772 ], [ 186263.920200008898973, 430990.459600009024143 ], [ 186263.000199999660254, 430986.63960000500083 ], [ 186262.500200010836124, 430982.859600000083447 ], [ 186261.370200000703335, 430975.539600007236004 ], [ 186259.60020000115037, 430969.479600001126528 ], [ 186258.460200008004904, 430967.309600003063679 ], [ 186257.120200004428625, 430965.21960000321269 ], [ 186255.700200002640486, 430963.239600006490946 ], [ 186254.210199996829033, 430961.539599999785423 ], [ 186249.340200006961823, 430956.589600004255772 ], [ 186248.050199996680021, 430955.489600006490946 ], [ 186246.860200006514788, 430954.609600007534027 ], [ 186244.56020000949502, 430953.149599995464087 ], [ 186241.930200006812811, 430951.969600006937981 ], [ 186237.290199998766184, 430950.229600004851818 ], [ 186235.240200009196997, 430949.409600000828505 ], [ 186234.040200006216764, 430948.829600002616644 ], [ 186232.920200008898973, 430948.149600002914667 ], [ 186232.10020000487566, 430947.546600002795458 ], [ 186221.388200007379055, 430936.715599998831749 ], [ 186219.599200010299683, 430936.115600004792213 ], [ 186215.125199999660254, 430934.912599995732307 ], [ 186213.037200003862381, 430934.46059999614954 ], [ 186208.106200005859137, 430936.530600000172853 ], [ 186196.955200001597404, 430922.806600011885166 ], [ 186163.659200005233288, 430880.1435999982059 ], [ 186111.925200004130602, 430815.399600006639957 ], [ 186083.041200000792742, 430840.627600006759167 ], [ 186039.941199999302626, 430877.724600002169609 ], [ 185990.859200000762939, 430918.675600007176399 ], [ 185934.293200008571148, 430966.156600005924702 ], [ 185905.346200007945299, 430990.012600008398294 ], [ 185814.956200003623962, 430882.25560000538826 ], [ 185599.417100004851818, 430623.529500003904104 ], [ 185503.307200007140636, 430703.847600005567074 ], [ 185329.440200012177229, 430841.060600005090237 ], [ 185201.848099999129772, 430942.215000007301569 ], [ 185193.138000003993511, 430949.03999999910593 ], [ 185174.773000005632639, 430963.482000004500151 ], [ 185147.480000004172325, 430985.348999995738268 ], [ 185118.056000001728535, 431008.590000007301569 ], [ 185084.82599999755621, 431034.881999995559454 ], [ 185062.454000007361174, 431052.782000001519918 ], [ 185042.732999995350838, 431068.120000004768372 ], [ 185022.984000008553267, 431083.855000000447035 ], [ 184996.096000000834465, 431105.061000004410744 ], [ 184971.743999999016523, 431124.031000006943941 ], [ 184940.950000006705523, 431148.390000004321337 ], [ 184913.200000002980232, 431170.511000003665686 ], [ 184890.8260000012815, 431188.006000000983477 ], [ 184877.889000002294779, 431198.025000002235174 ], [ 184872.713000006973743, 431201.686999998986721 ], [ 184851.401000000536442, 431216.540999997407198 ], [ 184823.187000002712011, 431236.074000004678965 ], [ 184790.202000007033348, 431258.763000007718801 ], [ 184776.197999998927116, 431268.935000006109476 ], [ 184759.452000003308058, 431280.634999997913837 ], [ 184731.796000007539988, 431299.559000007808208 ], [ 184700.767000008374453, 431321.591999996453524 ], [ 184687.349000006914139, 431331.409000009298325 ], [ 184647.942000012844801, 431359.074000004678965 ], [ 184621.30400001257658, 431378.197000004351139 ], [ 184605.467000003904104, 431389.46000000834465 ], [ 184711.869000002741814, 431443.947000008076429 ], [ 184738.434000004082918, 431458.138999994844198 ], [ 184742.839000005275011, 431460.427999999374151 ], [ 184796.88400000333786, 431488.159000001847744 ], [ 184812.949999995529652, 431496.40200001001358 ], [ 184813.206999998539686, 431496.534000005573034 ], [ 184818.997000001370907, 431499.505000006407499 ], [ 184853.293999996036291, 431517.671999998390675 ], [ 184886.484999999403954, 431534.478000000119209 ], [ 184888.070000000298023, 431535.280000001192093 ], [ 184944.325000006705523, 431572.27700000628829 ], [ 185004.992000006139278, 431613.185000006109476 ], [ 185028.649000007659197, 431629.285000000149012 ], [ 185046.642000008374453, 431641.530000008642673 ], [ 185053.140000000596046, 431645.96000000461936 ], [ 185066.690000001341105, 431655.590000007301569 ], [ 185067.560000002384186, 431656.440000012516975 ], [ 185085.633000001311302, 431667.975999999791384 ], [ 185086.035000003874302, 431693.282000001519918 ], [ 185111.230999998748302, 431688.185000006109476 ], [ 185149.700000006705523, 431680.601000003516674 ], [ 185178.376000005751848, 431675.767000008374453 ], [ 185218.010000005364418, 431668.610000010579824 ], [ 185243.885000005364418, 431663.936999998986721 ], [ 185244.580000005662441, 431665.559999998658895 ], [ 185245.949999995529652, 431667.760000005364418 ], [ 185247.390000008046627, 431669.320000007748604 ], [ 185248.42000000923872, 431670.480000000447035 ], [ 185248.92000001296401, 431671.490000005811453 ], [ 185249.100000012665987, 431672.949999999254942 ], [ 185249.259999997913837, 431674.480000004172325 ], [ 185250.140000000596046, 431676.400000005960464 ], [ 185251.530000001192093, 431678.239999998360872 ], [ 185254.570000011473894, 431681.680000007152557 ], [ 185255.13399999588728, 431682.307000007480383 ], [ 185256.289000004529953, 431683.631999999284744 ], [ 185258.230000000447035, 431686.019999995827675 ], [ 185260.719999998807907, 431688.260000001639128 ], [ 185265.500000007450581, 431691.860000006854534 ], [ 185269.570000007748604, 431695.159999996423721 ], [ 185271.540000006556511, 431696.890000000596046 ], [ 185272.92000000551343, 431698.339999996125698 ], [ 185273.890000000596046, 431699.800000008195639 ], [ 185275.469999998807907, 431702.650000002235174 ], [ 185276.92000000923872, 431705.430000007152557 ], [ 185278.520000010728836, 431708.280000004917383 ], [ 185279.600000008940697, 431710.479999996721745 ], [ 185281.040000006556511, 431712.910000000149012 ], [ 185285.080000005662441, 431718.450000006705523 ], [ 185288.830000001937151, 431723.469999998807907 ], [ 185291.260000005364418, 431726.309999998658895 ], [ 185291.699999999254942, 431726.870000008493662 ], [ 185291.890000011771917, 431727.53999999910593 ], [ 185291.899999994784594, 431728.399999998509884 ], [ 185292.310000006109476, 431729.020000007003546 ], [ 185294.270000003278255, 431731.00000000372529 ], [ 185296.75, 431732.99999999627471 ], [ 185301.250000007450581, 431736.490000002086163 ], [ 185304.410000007599592, 431738.720000006258488 ], [ 185305.721999995410442, 431739.828000005334616 ], [ 185309.04500000551343, 431739.555000007152557 ], [ 185310.198000002652407, 431739.315000001341105 ], [ 185311.364000003784895, 431739.15200000628829 ], [ 185312.539000008255243, 431739.066000003367662 ], [ 185313.716000005602837, 431739.05799999833107 ], [ 185314.892000008374453, 431739.129000004380941 ], [ 185316.060000006109476, 431739.276999998837709 ], [ 185323.368000004440546, 431741.083000004291534 ], [ 185325.362999998033047, 431741.774000003933907 ], [ 185327.380999997258186, 431742.395000007003546 ], [ 185329.419000010937452, 431742.945000004023314 ], [ 185331.475000012665987, 431743.423000000417233 ], [ 185333.546999994665384, 431743.829000007361174 ], [ 185335.631999999284744, 431744.162000000476837 ], [ 185337.726999998092651, 431744.422000009566545 ], [ 185339.830000005662441, 431744.608000002801418 ], [ 185341.93800001218915, 431744.720000002533197 ], [ 185344.049000009894371, 431744.75900000333786 ], [ 185346.159000009298325, 431744.723000008612871 ], [ 185348.26799999922514, 431744.614000000059605 ], [ 185350.371000003069639, 431744.431000009179115 ], [ 185358.432000003755093, 431743.857000011950731 ], [ 185359.42400000244379, 431743.875 ], [ 185360.415000006556511, 431743.816000003367662 ], [ 185361.399000000208616, 431743.680000003427267 ], [ 185362.368000008165836, 431743.467000000178814 ], [ 185363.318000003695488, 431743.179000001400709 ], [ 185364.243000000715256, 431742.817000009119511 ], [ 185365.136000003665686, 431742.385000009089708 ], [ 185365.993000000715256, 431741.88400000706315 ], [ 185366.808000005781651, 431741.31700000166893 ], [ 185367.577000003308058, 431740.689000006765127 ], [ 185368.293000001460314, 431740.002000007778406 ], [ 185368.953999999910593, 431739.261999998241663 ], [ 185369.556000005453825, 431738.472000006586313 ], [ 185370.092999998480082, 431737.637000001966953 ], [ 185416.75000000372529, 431647.949999999254942 ], [ 185417.410000007599592, 431645.820000004023314 ], [ 185418.160000003874302, 431644.149999994784594 ], [ 185420.080000005662441, 431640.830000005662441 ], [ 185424.370000001043081, 431632.610000003129244 ], [ 185425.128000002354383, 431631.329000011086464 ], [ 185434.050000000745058, 431631.46000000834465 ], [ 185437.910000000149012, 431630.110000006854534 ], [ 185494.901000000536442, 431631.096000008285046 ], [ 185555.193999998271465, 431632.003999996930361 ], [ 185595.055000003427267, 431628.24099999666214 ], [ 185592.980000000447035, 431623.471999995410442 ], [ 185605.247999995946884, 431614.276000004261732 ], [ 185620.23199999704957, 431642.747999999672174 ], [ 185633.725000008940697, 431670.471999995410442 ], [ 185659.972000002861023, 431724.280000004917383 ], [ 185661.54500000923872, 431727.507000010460615 ], [ 185663.78999999910593, 431732.11200000718236 ], [ 185671.354600001126528, 431749.027199998497963 ], [ 185678.918999999761581, 431765.94200000539422 ], [ 185667.324999995529652, 431777.280999999493361 ], [ 185669.532000012695789, 431781.110000006854534 ], [ 185688.977000005543232, 431814.850000012665987 ], [ 185707.901999998837709, 431854.339000009000301 ], [ 185731.727000005543232, 431904.053000006824732 ], [ 185729.588000006973743, 431904.937000010162592 ], [ 185732.103999998420477, 431910.467999998480082 ], [ 185749.849000003188848, 431946.440000001341105 ], [ 185760.506000000983477, 431968.039000008255243 ], [ 185760.590999994426966, 431968.212000001221895 ], [ 185769.56700000539422, 431987.566000003367662 ], [ 185772.699000004678965, 431996.410000003874302 ], [ 185775.840000003576279, 432007.450000006705523 ], [ 185776.608000002801418, 432010.33500000461936 ], [ 185785.995000008493662, 432045.620000008493662 ], [ 185789.160000007599592, 432057.513000007718801 ], [ 185789.59400000423193, 432059.144999999552965 ], [ 185786.593000005930662, 432059.674999997019768 ], [ 185788.320000004023314, 432064.073000002652407 ], [ 185792.530000004917383, 432074.78999999910593 ], [ 185795.429999999701977, 432082.629000008106232 ], [ 185803.461999997496605, 432104.343000005930662 ], [ 185810.370000001043081, 432123.019999999552965 ], [ 185811.129000000655651, 432126.238000001758337 ], [ 185811.28999999910593, 432126.92000001296401 ], [ 185813.350000001490116, 432135.140000000596046 ], [ 185814.36600000038743, 432138.450000002980232 ], [ 185818.829999998211861, 432152.997999999672174 ], [ 185821.356000006198883, 432161.230999995023012 ], [ 185824.632000006735325, 432168.818000003695488 ], [ 185824.697999998927116, 432168.962000008672476 ], [ 185837.640999998897314, 432197.081999998539686 ], [ 185842.205000001937151, 432207.615000005811453 ], [ 185843.322000004351139, 432210.193999998271465 ], [ 185845.400000002235174, 432214.989000011235476 ], [ 185845.519000008702278, 432215.102000005543232 ], [ 185693.88399999961257, 432299.005000002682209 ], [ 185683.805999998003244, 432304.902000002563 ], [ 185726.821000006049871, 432374.985000006854534 ], [ 185782.905000001192093, 432463.227000009268522 ], [ 185795.321000006049871, 432482.345000006258488 ], [ 185801.399999998509884, 432491.705000005662441 ], [ 185803.687000010162592, 432496.83500000461936 ], [ 185803.753000002354383, 432496.982999995350838 ], [ 185812.599000006914139, 432510.137000001966953 ], [ 185831.166000008583069, 432537.111999999731779 ], [ 185844.651000000536442, 432557.715000003576279 ], [ 185853.392000004649162, 432570.031999997794628 ], [ 185860.95499999448657, 432580.966000001877546 ], [ 185874.736999999731779, 432601.002999998629093 ], [ 185898.708000008016825, 432637.322000008076429 ], [ 185899.291000008583069, 432638.164000008255243 ], [ 185906.716000005602837, 432651.959999997168779 ], [ 185962.449000004678965, 432755.521000005304813 ], [ 185963.949000008404255, 432758.30800000205636 ], [ 186016.381000004708767, 432850.965000003576279 ], [ 186022.917999997735023, 432863.167000006884336 ], [ 186013.590000007301569, 432870.150000002235174 ], [ 186008.110000006854534, 432873.50000000372529 ], [ 186000.910000007599592, 432876.830000005662441 ], [ 185956.149999998509884, 432887.429999999701977 ], [ 185947.670000001788139, 432890.099999997764826 ], [ 185946.020000007003546, 432891.550000008195639 ], [ 185944.550000008195639, 432895.860000003129244 ], [ 185929.646999999880791, 432969.251999996602535 ], [ 185927.730000004172325, 432973.690000001341105 ], [ 185927.570000004023314, 432977.079999998211861 ], [ 185916.473000008612871, 433029.967000000178814 ], [ 185914.399999998509884, 433039.850000001490116 ], [ 185911.71000000461936, 433058.810000006109476 ], [ 185908.025000002235174, 433075.12100000679493 ], [ 185902.880000006407499, 433095.879999998956919 ], [ 185900.760000005364418, 433103.480000007897615 ], [ 185898.673000011593103, 433110.075000002980232 ], [ 185895.243999999016523, 433120.547000002115965 ], [ 185893.350000008940697, 433126.329999998211861 ], [ 185892.939999997615814, 433128.069000001996756 ], [ 185891.590000007301569, 433133.889999996870756 ], [ 185890.810000002384186, 433138.700000006705523 ], [ 185889.580000001937151, 433147.520000007003546 ], [ 185889.300000008195639, 433151.560000006109476 ], [ 185888.996000003069639, 433158.5489999987185 ], [ 185888.92000000923872, 433160.28999999910593 ], [ 185889.300000008195639, 433165.600000008940697 ], [ 185892.341000001877546, 433181.928000003099442 ], [ 185897.730000011622906, 433210.850000008940697 ], [ 185901.610000010579824, 433228.600000012665987 ], [ 185904.630000006407499, 433244.830000009387732 ], [ 185907.120000004768372, 433262.640000004321337 ], [ 185908.600000001490116, 433288.220000002533197 ], [ 185908.469999995082617, 433309.239999994635582 ], [ 185907.310000002384186, 433325.530000001192093 ], [ 185903.320000000298023, 433348.050000000745058 ], [ 185898.589999996125698, 433366.110000006854534 ], [ 185892.429999999701977, 433386.780999999493361 ], [ 185880.540000006556511, 433426.340000003576279 ], [ 185874.532000001519918, 433444.397000003606081 ], [ 185871.220000006258488, 433454.350000001490116 ], [ 185861.269999999552965, 433479.190000001341105 ], [ 185793.660000000149012, 433618.480000011622906 ], [ 185784.149999998509884, 433630.25 ], [ 185764.560000006109476, 433649.190000005066395 ], [ 185754.700000002980232, 433656.220000006258488 ], [ 185605.490000002086163, 433732.220000006258488 ], [ 185598.313999999314547, 433735.86200000718236 ], [ 185566.740000002086163, 433751.890000011771917 ], [ 185547.580000001937151, 433760.320000000298023 ], [ 185510.469999998807907, 433774.67000000551343 ], [ 185507.013999994844198, 433775.760000001639128 ], [ 185506.570000000298023, 433775.900000005960464 ], [ 185500.949999999254942, 433777.810000006109476 ], [ 185500.774000003933907, 433777.912000007927418 ], [ 185500.660000007599592, 433777.978000000119209 ], [ 185500.184000007808208, 433778.254999998956919 ], [ 185497.320000007748604, 433779.92000000551343 ], [ 185495.446999996900558, 433781.736000001430511 ], [ 185494.730000004172325, 433782.430000003427267 ], [ 185494.21000000461936, 433784.010000005364418 ], [ 185494.17000000551343, 433784.478000000119209 ], [ 185493.870000004768372, 433788.020000007003546 ], [ 185493.995000008493662, 433796.289000008255243 ], [ 185494.092000007629395, 433802.758000001311302 ], [ 185494.12100000679493, 433804.677000004798174 ], [ 185494.240000002086163, 433812.599999997764826 ], [ 185494.24100000038743, 433812.655000008642673 ], [ 185494.67000000923872, 433841.173000000417233 ], [ 185495.43800000846386, 433892.176000006496906 ], [ 185495.44199999794364, 433892.448000010102987 ], [ 185495.4510000012815, 433893.015000000596046 ], [ 185495.470000002533197, 433894.269999999552965 ], [ 185495.708999998867512, 433933.55800000205636 ], [ 185495.759000010788441, 433941.711000002920628 ], [ 185495.760000005364418, 433941.916999995708466 ], [ 185495.855999995023012, 433957.549000006169081 ], [ 185495.912000004202127, 433966.79500001296401 ], [ 185495.915000006556511, 433967.220000006258488 ], [ 185496.114199999719858, 433999.999100007116795 ], [ 185496.233000002801418, 434019.556000012904406 ], [ 185497.555000003427267, 434019.470000006258488 ] ] ] ] } },
{ "type": "Feature", "properties": { "fid": 3110, "buurtcode": "BU02680960", "buurtnaam": "Ressen", "wijkcode": "WK026809", "gemeentecode": "GM0268", "gemeentenaam": "Nijmegen", "indelingswijziging_wijken_en_buurten": 1, "water": "NEE", "meest_voorkomende_postcode": "6515", "dekkingspercentage": 1, "omgevingsadressendichtheid": 917, "stedelijkheid_adressen_per_km2": 4, "bevolkingsdichtheid_inwoners_per_km2": 1361, "aantal_inwoners": 4095, "mannen": 2040, "vrouwen": 2060, "percentage_personen_0_tot_15_jaar": 32, "percentage_personen_15_tot_25_jaar": 7, "percentage_personen_25_tot_45_jaar": 43, "percentage_personen_45_tot_65_jaar": 15, "percentage_personen_65_jaar_en_ouder": 2, "percentage_ongehuwd": 63, "percentage_gehuwd": 31, "percentage_gescheid": 5, "percentage_verweduwd": 1, "aantal_huishoudens": 1450, "percentage_eenpersoonshuishoudens": 18, "percentage_huishoudens_zonder_kinderen": 21, "percentage_huishoudens_met_kinderen": 61, "gemiddelde_huishoudsgrootte": 2.8, "percentage_met_herkomstland_nederland": 75, "percentage_met_herkomstland_uit_europa_excl_nl": 10, "percentage_met_herkomstland_buiten_europa": 20, "percentage_geb_in_nl_met_herkomstland_nederland": 75, "perc_geb_in_nl_met_herkomstland_in_europa_ex_nl": 5, "perc_geb_in_nl_met_herkomstland_buiten_europa": 10, "perc_geb_buiten_nl_met_herkomstlnd_in_europa_ex_nl": 5, "perc_geb_buiten_nl_met_herkomstlnd_buiten_europa": 5, "oppervlakte_totaal_in_ha": 320, "oppervlakte_land_in_ha": 301, "oppervlakte_water_in_ha": 19, "jrstatcode": "2025BU02680960", "jaar": 2025 }, "geometry": { "type": "MultiPolygon", "coordinates": [ [ [ [ 187346.372000001370907, 434109.964000009000301 ], [ 187348.897000011056662, 434054.744000006467104 ], [ 187353.614000007510185, 433963.875000007450581 ], [ 187355.38400000706315, 433940.693000007420778 ], [ 187356.273000009357929, 433922.983000002801418 ], [ 187357.641000002622604, 433905.557000003755093 ], [ 187362.270000003278255, 433819.09400000423193 ], [ 187363.819000005722046, 433788.385000005364418 ], [ 187369.981000002473593, 433687.089999999850988 ], [ 187373.67000000551343, 433628.489999998360872 ], [ 187376.243000000715256, 433582.958000000566244 ], [ 187385.278000012040138, 433423.068000003695488 ], [ 187394.630000002682209, 433423.977000005543232 ], [ 187393.453000005334616, 433416.261000007390976 ], [ 187397.506000008434057, 433417.307000003755093 ], [ 187399.663999997079372, 433418.100000001490116 ], [ 187450.390000008046627, 433433.778000008314848 ], [ 187475.42000000551343, 433435.025999996811152 ], [ 187489.254999995231628, 433435.475000005215406 ], [ 187506.260000001639128, 433436.497999999672174 ], [ 187506.044000007212162, 433437.333000004291534 ], [ 187498.68800000846386, 433444.258000001311302 ], [ 187500.837000004947186, 433444.510999999940395 ], [ 187565.75, 433432.594000000506639 ], [ 187604.54500000923872, 433425.251000005751848 ], [ 187622.524000011384487, 433421.9510000012815 ], [ 187637.36600000038743, 433455.284000001847744 ], [ 187647.210999999195337, 433459.542000003159046 ], [ 187647.529000010341406, 433459.679999999701977 ], [ 187668.940000012516975, 433467.521999999880791 ], [ 187677.140000004321337, 433467.180000003427267 ], [ 187677.46000000461936, 433467.13000001013279 ], [ 187677.879999998956919, 433467.109999995678663 ], [ 187691.870000008493662, 433466.579999998211861 ], [ 187697.040000002831221, 433466.810000006109476 ], [ 187715.450000006705523, 433465.080000001937151 ], [ 187740.910000000149012, 433463.219999998807907 ], [ 187754.877999998629093, 433462.017000004649162 ], [ 187765.387000005692244, 433461.11200000718236 ], [ 187774.699999999254942, 433460.310000006109476 ], [ 187820.000000007450581, 433455.754000004380941 ], [ 187844.300000008195639, 433453.310000002384186 ], [ 187850.059999998658895, 433452.740000005811453 ], [ 187853.250000011175871, 433452.740000005811453 ], [ 187855.220000006258488, 433452.800000000745058 ], [ 187855.543999999761581, 433452.847000006586313 ], [ 187856.790000006556511, 433453.030000008642673 ], [ 187858.030000008642673, 433453.5 ], [ 187858.92000000551343, 433453.930000007152557 ], [ 187866.030000001192093, 433458.200000002980232 ], [ 187868.230000007897615, 433459.5 ], [ 187921.483000006526709, 433488.771000005304813 ], [ 187923.903000008314848, 433488.364000003784895 ], [ 187925.368000004440546, 433488.116999998688698 ], [ 187929.253000002354383, 433487.462000008672476 ], [ 187926.257000006735325, 433475.367000006139278 ], [ 187929.997000005096197, 433474.241999998688698 ], [ 187936.715000007301569, 433472.221000008285046 ], [ 187927.703999999910593, 433432.476000003516674 ], [ 188010.345000002533197, 433421.412000000476837 ], [ 188043.765000004321337, 433416.938000001013279 ], [ 188053.047000002115965, 433415.694999996572733 ], [ 188075.168000005185604, 433412.732999999076128 ], [ 188075.416999999433756, 433412.699999999254942 ], [ 188101.850000005215406, 433411.901000004261732 ], [ 188104.08500000834465, 433411.833000004291534 ], [ 188134.399000007659197, 433410.917000006884336 ], [ 188134.267000008374453, 433414.29500000923872 ], [ 188142.266000006347895, 433413.563000004738569 ], [ 188149.074999999254942, 433412.719999995082617 ], [ 188155.078999999910593, 433412.582000002264977 ], [ 188163.842000011354685, 433413.03999999910593 ], [ 188171.920000001788139, 433413.695000004023314 ], [ 188180.001999996602535, 433414.794000003486872 ], [ 188186.514000006020069, 433415.406000003218651 ], [ 188192.471999999135733, 433416.719999998807907 ], [ 188195.047000005841255, 433417.635000012814999 ], [ 188197.188999999314547, 433419.059000000357628 ], [ 188199.511000003665686, 433420.725000005215406 ], [ 188291.912000000476837, 433445.894000004976988 ], [ 188338.772999994456768, 433458.658999998122454 ], [ 188358.357000008225441, 433382.664000008255243 ], [ 188378.264999996870756, 433305.412000000476837 ], [ 188391.555000003427267, 433308.739000011235476 ], [ 188433.309000004082918, 433319.190999999642372 ], [ 188435.371000003069639, 433313.526000000536442 ], [ 188447.71900000795722, 433279.949999999254942 ], [ 188452.748999997973442, 433266.186000000685453 ], [ 188457.589000005275011, 433247.628999996930361 ], [ 188459.270000010728836, 433240.326999995857477 ], [ 188461.751000005751848, 433229.55400000885129 ], [ 188474.330000001937151, 433176.70499999448657 ], [ 188497.023000009357929, 433086.818000011146069 ], [ 188499.738000001758337, 433076.17000000923872 ], [ 188501.427000008523464, 433069.547000002115965 ], [ 188505.416999999433756, 433053.637000005692244 ], [ 188507.687000002712011, 433044.585999999195337 ], [ 188508.050000008195639, 433043.140000008046627 ], [ 188510.089999999850988, 433036.310000002384186 ], [ 188511.600000005215406, 433030.870000001043081 ], [ 188513.240000002086163, 433024.470000006258488 ], [ 188514.96000000461936, 433017.160000000149012 ], [ 188516.769999999552965, 433009.890000004321337 ], [ 188524.810000002384186, 432980.390000000596046 ], [ 188526.180000007152557, 432975.440000001341105 ], [ 188531.300000004470348, 432956.160000007599592 ], [ 188532.309999994933605, 432952.589999999850988 ], [ 188534.450000006705523, 432942.970000006258488 ], [ 188535.429999999701977, 432939.42000000923872 ], [ 188537.260000009089708, 432932.236000005155802 ], [ 188537.820000004023314, 432930.03999999910593 ], [ 188541.320000007748604, 432916.120000001043081 ], [ 188543.204999998211861, 432908.355999998748302 ], [ 188544.850000005215406, 432901.57999999448657 ], [ 188549.300000000745058, 432883.17000000551343 ], [ 188551.070000000298023, 432875.879999995231628 ], [ 188552.372999999672174, 432871.860000006854534 ], [ 188553.850000005215406, 432867.320000004023314 ], [ 188555.179999995976686, 432862.449999999254942 ], [ 188557.230000000447035, 432854.100000005215406 ], [ 188560.230000000447035, 432843.180000007152557 ], [ 188563.769999999552965, 432829.209999997168779 ], [ 188567.000000007450581, 432816.850000001490116 ], [ 188570.400000002235174, 432804.409999996423721 ], [ 188572.100000008940697, 432797.869999997317791 ], [ 188573.020000007003546, 432794.330000001937151 ], [ 188574.630000002682209, 432788.750000011175871 ], [ 188574.820000004023314, 432788.03999999538064 ], [ 188574.940000005066395, 432787.620000001043081 ], [ 188578.269000012427568, 432774.250999998301268 ], [ 188587.71000000089407, 432738.71000000089407 ], [ 188590.570000007748604, 432729.860000003129244 ], [ 188593.770000007003546, 432720.429999999701977 ], [ 188598.819999996572733, 432704.46000000834465 ], [ 188602.5, 432694.440000008791685 ], [ 188606.96000000834465, 432681.510000001639128 ], [ 188610.490000005811453, 432672.470000006258488 ], [ 188611.96000000089407, 432668.220000006258488 ], [ 188613.171999998390675, 432664.249000005424023 ], [ 188613.758000005036592, 432660.342000000178814 ], [ 188614.743000011891127, 432653.782000001519918 ], [ 188615.166000008583069, 432650.139000006020069 ], [ 188618.289000004529953, 432640.403000000864267 ], [ 188625.333000008016825, 432642.770000003278255 ], [ 188632.809999994933605, 432620.180000007152557 ], [ 188636.67000000923872, 432608.380000006407499 ], [ 188637.463000010699034, 432605.910000007599592 ], [ 188637.467999994754791, 432605.896000005304813 ], [ 188639.690000008791685, 432598.980000000447035 ], [ 188640.398999996483326, 432596.160000000149012 ], [ 188640.843000005930662, 432591.375999998301268 ], [ 188641.366999994963408, 432583.578000012785196 ], [ 188642.283000003546476, 432569.377000007778406 ], [ 188642.489000000059605, 432567.361000005155802 ], [ 188643.310000002384186, 432559.610000006854534 ], [ 188643.550000008195639, 432548.119999997317791 ], [ 188643.750000007450581, 432534.620000008493662 ], [ 188644.180000003427267, 432520.930000003427267 ], [ 188644.171000000089407, 432520.829999998211861 ], [ 188643.539000000804663, 432513.638999998569489 ], [ 188643.357000004500151, 432511.567999999970198 ], [ 188640.119000006467104, 432510.141000006347895 ], [ 188640.930000007152557, 432505.752999998629093 ], [ 188641.666000001132488, 432500.480000007897615 ], [ 188642.410999998450279, 432496.153000008314848 ], [ 188642.840000011026859, 432493.077000003308058 ], [ 188642.804999999701977, 432489.609000004827976 ], [ 188643.086000002920628, 432478.204000003635883 ], [ 188643.130000002682209, 432477.651999998837709 ], [ 188643.901000007987022, 432467.890000008046627 ], [ 188644.613999996334314, 432455.271000001579523 ], [ 188645.548000011593103, 432442.154999997466803 ], [ 188646.2719999961555, 432429.251999996602535 ], [ 188647.433999996632338, 432414.09400000795722 ], [ 188648.252000007778406, 432397.473999999463558 ], [ 188649.655000001192093, 432373.684999998658895 ], [ 188650.578000001609325, 432360.8530000038445 ], [ 188651.484000012278557, 432346.379000004380941 ], [ 188652.333999998867512, 432332.975999999791384 ], [ 188653.454000007361174, 432315.982000004500151 ], [ 188655.362999998033047, 432287.738000009208918 ], [ 188655.891000006347895, 432276.454000007361174 ], [ 188656.281999997794628, 432268.096000008285046 ], [ 188657.082000005990267, 432253.793000005185604 ], [ 188657.927000008523464, 432236.324000008404255 ], [ 188658.109999999403954, 432232.529999997466803 ], [ 188659.061000004410744, 432212.264000002294779 ], [ 188659.130000002682209, 432210.790000006556511 ], [ 188660.876999996602535, 432181.309999998658895 ], [ 188656.96000000834465, 432180.945999994874001 ], [ 188658.396999999880791, 432169.611999999731779 ], [ 188663.300000008195639, 432130.954999998211861 ], [ 188663.339000005275011, 432130.822000004351139 ], [ 188663.750999994575977, 432129.413000002503395 ], [ 188664.484999995678663, 432126.96900001168251 ], [ 188666.022000007331371, 432123.681999996304512 ], [ 188668.240000005811453, 432119.677000008523464 ], [ 188648.371100004762411, 432120.12160000577569 ], [ 188634.71510000154376, 432120.371599998325109 ], [ 188617.364100012928247, 432121.572599999606609 ], [ 188602.743100002408028, 432123.041599996387959 ], [ 188583.863100003451109, 432125.467599995434284 ], [ 188565.293099999427795, 432129.193600006401539 ], [ 188548.431099999696016, 432133.261599995195866 ], [ 188527.199100002646446, 432140.664599999785423 ], [ 188517.246100004762411, 432145.381599996238947 ], [ 188493.076100006699562, 432155.157600000500679 ], [ 188473.845100000500679, 432161.321600005030632 ], [ 188457.615100003778934, 432167.13060000538826 ], [ 188445.445100005716085, 432173.283599998801947 ], [ 188440.609099999070168, 432177.006600003689528 ], [ 188436.718100003898144, 432181.003600001335144 ], [ 188432.865099996328354, 432186.886599998921156 ], [ 188419.284100003540516, 432213.358600001782179 ], [ 188410.72010000795126, 432228.649600002914667 ], [ 188402.310100007802248, 432243.259600002318621 ], [ 188375.851100008934736, 432290.949600003659725 ], [ 188357.498100005090237, 432325.88459999486804 ], [ 188310.887100007385015, 432314.584599997848272 ], [ 188308.254099998623133, 432314.010600000619888 ], [ 188243.490099996328354, 432303.058600008487701 ], [ 188199.547100000083447, 432297.061599999666214 ], [ 188154.27309999987483, 432294.0185999982059 ], [ 188144.74210000410676, 432292.784600012004375 ], [ 188109.299100004136562, 432415.258600004017353 ], [ 188103.387100003659725, 432417.269600007683039 ], [ 188079.927100010216236, 432405.92960000038147 ], [ 188059.820100001990795, 432395.818600010126829 ], [ 188053.597100004553795, 432394.254600003361702 ], [ 188050.485100004822016, 432396.935599997639656 ], [ 188049.228100012987852, 432399.979600012302399 ], [ 188047.778100002557039, 432403.544600006192923 ], [ 188046.797099996358156, 432405.790600009262562 ], [ 188044.985100008547306, 432409.890600003302097 ], [ 188042.39410000666976, 432415.705600004643202 ], [ 188041.173100009560585, 432416.582599997520447 ], [ 188035.107100002467632, 432420.916600007563829 ], [ 188033.430100001394749, 432422.066599998623133 ], [ 187999.055100005120039, 432444.622600007802248 ], [ 187970.907000012695789, 432461.967599999159575 ], [ 187900.585000012069941, 432492.118600007146597 ], [ 187875.866999998688698, 432503.404600001871586 ], [ 187853.718000005930662, 432514.841600012034178 ], [ 187821.243999995291233, 432535.801600009202957 ], [ 187807.436000011861324, 432528.810600008815527 ], [ 187767.722000002861023, 432506.214600004255772 ], [ 187716.159000009298325, 432478.022599998861551 ], [ 187672.99210000783205, 432454.668600004166365 ], [ 187621.2280000038445, 432422.887600000947714 ], [ 187532.308000005781651, 432367.837500009685755 ], [ 187525.896999999880791, 432363.564500007778406 ], [ 187488.767100002616644, 432339.372500006109476 ], [ 187483.460099998861551, 432335.963500007987022 ], [ 187453.66609999909997, 432316.898499999195337 ], [ 187429.704100005328655, 432301.419500008225441 ], [ 187413.398100003600121, 432289.98650000244379 ], [ 187396.710100010037422, 432277.833500009030104 ], [ 187374.262099996209145, 432261.112500000745058 ], [ 187359.935100007802248, 432248.696500010788441 ], [ 187317.595100000500679, 432211.439500011503696 ], [ 187298.037099998444319, 432193.717499997466803 ], [ 187288.628100000321865, 432185.174499999731779 ], [ 187250.33110000193119, 432148.457499999552965 ], [ 187226.880100008100271, 432125.442499995231628 ], [ 187220.109100002795458, 432118.895500004291534 ], [ 187209.731100011616945, 432108.761500008404255 ], [ 187181.381099998950958, 432080.858499996364117 ], [ 187160.267100006341934, 432060.588500000536442 ], [ 187133.616100002080202, 432035.973499998450279 ], [ 187132.340100008994341, 432034.799500003457069 ], [ 187125.524100009351969, 432028.561500005424023 ], [ 187115.268100000917912, 432019.039500012993813 ], [ 187054.021100006997585, 431962.290500000119209 ], [ 187023.906100004911423, 431934.514499999582767 ], [ 187000.217099998146296, 431911.474500000476837 ], [ 186981.828100003302097, 431893.700500011444092 ], [ 186975.822100006043911, 431887.434500008821487 ], [ 186965.960099998861551, 431877.97749999538064 ], [ 186940.990099996328354, 431852.518500000238419 ], [ 186929.157100006937981, 431840.333500005304813 ], [ 186894.964100006967783, 431804.378500007092953 ], [ 186895.09510000795126, 431848.395500000566244 ], [ 186894.909099996089935, 431864.62049999833107 ], [ 186895.280100006610155, 431892.527499999850988 ], [ 186895.558100003749132, 431907.175500001758337 ], [ 186895.558100003749132, 431926.367499995976686 ], [ 186894.539099998772144, 431969.201500009745359 ], [ 186893.982100006192923, 431987.929500009864569 ], [ 186892.31309999525547, 432037.901500005275011 ], [ 186892.128100011497736, 432061.636500004678965 ], [ 186891.572100002318621, 432074.523499999195337 ], [ 186890.645100012421608, 432088.615500006824732 ], [ 186890.088100004941225, 432095.476500004529953 ], [ 186888.698100004345179, 432108.456500004976988 ], [ 186886.658100012689829, 432120.509500004351139 ], [ 186879.797100000083447, 432158.057500004768372 ], [ 186876.089100010693073, 432177.527499996125698 ], [ 186871.638100001960993, 432197.090500000864267 ], [ 186865.797100007534027, 432222.030500005930662 ], [ 186860.32710000872612, 432247.248500008136034 ], [ 186856.619100004434586, 432264.585499994456768 ], [ 186853.042100001126528, 432279.372500002384186 ], [ 186847.718100000172853, 432302.227500006556511 ], [ 186844.566100005060434, 432316.134500000625849 ], [ 186842.156100001186132, 432325.498500000685453 ], [ 186840.811099994927645, 432332.034500010311604 ], [ 186832.421100005507469, 432368.887500010430813 ], [ 186828.619100004434586, 432381.775499995797873 ], [ 186824.81810000166297, 432393.642499998211861 ], [ 186821.388099994510412, 432403.748500004410744 ], [ 186817.957100003957748, 432412.74150000885129 ], [ 186814.156100001186132, 432421.641500003635883 ], [ 186809.984100002795458, 432430.542500004172325 ], [ 186804.978099998086691, 432440.091500002890825 ], [ 186799.415100000798702, 432448.992500007152557 ], [ 186795.799099996685982, 432455.48250000923872 ], [ 186789.031099997460842, 432470.316500008106232 ], [ 186781.243099994957447, 432487.838500007987022 ], [ 186774.753100007772446, 432500.911499995738268 ], [ 186769.0050999969244, 432512.222500003874302 ], [ 186759.641099996864796, 432530.023499999195337 ], [ 186752.595100000500679, 432542.447500009089708 ], [ 186741.469100005924702, 432561.731500003486872 ], [ 186726.542100008577108, 432586.485499996691942 ], [ 186713.284100007265806, 432606.975500006228685 ], [ 186702.437100008130074, 432624.498500004410744 ], [ 186684.728100001811981, 432652.775500003248453 ], [ 186665.537100005894899, 432683.093500003218651 ], [ 186656.173100005835295, 432697.37049999833107 ], [ 186643.100100003182888, 432716.562600009143353 ], [ 186635.961000006645918, 432727.873600002378225 ], [ 186628.822000008076429, 432737.052600003778934 ], [ 186626.319000005722046, 432740.38960001245141 ], [ 186616.306000001728535, 432751.608600001782179 ], [ 186610.743000004440546, 432758.468600004911423 ], [ 186606.849000003188848, 432762.919599998742342 ], [ 186602.306000009179115, 432768.574600007385015 ], [ 186596.187000002712011, 432777.197599999606609 ], [ 186585.154000006616116, 432789.620600000023842 ], [ 186581.3530000038445, 432794.070600006729364 ], [ 186578.572000004351139, 432797.13060000166297 ], [ 186560.214999999850988, 432815.673600003123283 ], [ 186546.864000000059605, 432830.043600007891655 ], [ 186530.73200000077486, 432845.89750000834465 ], [ 186517.196000002324581, 432858.691500000655651 ], [ 186497.726000010967255, 432878.347500003874302 ], [ 186488.175999999046326, 432887.43350000679493 ], [ 186474.917999997735023, 432901.340500000864267 ], [ 186447.383000005036592, 432933.604499999433756 ], [ 186443.396000005304813, 432938.610500004142523 ], [ 186437.369999997317791, 432946.027500011026859 ], [ 186431.436000004410744, 432953.630499999970198 ], [ 186426.614999998360872, 432960.12050000205636 ], [ 186420.959000002592802, 432968.186500001698732 ], [ 186415.767000000923872, 432975.974500000476837 ], [ 186408.258000008761883, 432988.861500006169081 ], [ 186402.231000002473593, 432999.523500006645918 ], [ 186377.662000007927418, 433044.952500008046627 ], [ 186371.265000004321337, 433056.912500008940697 ], [ 186357.45100000873208, 433083.521499995142221 ], [ 186346.881000008434057, 433104.19650000333786 ], [ 186340.391000010073185, 433117.361500006169081 ], [ 186328.431000009179115, 433143.043500002473593 ], [ 186320.273000005632639, 433161.029499996453524 ], [ 186305.624000005424023, 433194.035500001162291 ], [ 186299.690000001341105, 433208.035500008612871 ], [ 186295.426000002771616, 433218.882500007748604 ], [ 186290.69700001180172, 433230.657500009983778 ], [ 186286.618000008165836, 433241.226500011980534 ], [ 186278.274000000208616, 433261.345500007271767 ], [ 186269.929100006818771, 433281.927500005811453 ], [ 186261.214099999517202, 433310.20549999922514 ], [ 186260.195100009441376, 433313.635500006377697 ], [ 186257.877100005745888, 433320.867499999701977 ], [ 186254.910100009292364, 433328.284500006586313 ], [ 186253.241099998354912, 433331.344500001519918 ], [ 186250.089100003242493, 433335.79449999704957 ], [ 186247.9560999982059, 433338.94650000706315 ], [ 186245.546100009232759, 433342.09850000217557 ], [ 186241.930100005120039, 433347.012500006705523 ], [ 186235.904099997133017, 433353.409499999135733 ], [ 186210.686099994927645, 433385.395499996840954 ], [ 186203.454100001603365, 433394.203500002622604 ], [ 186195.852099996060133, 433400.693500004708767 ], [ 186192.143100008368492, 433404.309500008821487 ], [ 186189.176099997013807, 433407.368500005453825 ], [ 186179.163100004196167, 433423.037500008940697 ], [ 186164.329100005328655, 433446.67960000038147 ], [ 186150.329100001603365, 433470.321600005030632 ], [ 186140.038100007921457, 433488.400599997490644 ], [ 186133.085099995136261, 433499.896600004285574 ], [ 186126.780100006610155, 433510.836600001901388 ], [ 186117.138099998235703, 433528.545600011944771 ], [ 186104.900100000202656, 433552.557599999010563 ], [ 186098.039100002497435, 433566.464600007981062 ], [ 186077.457100003957748, 433607.351599998772144 ], [ 186070.596100009977818, 433620.794599998742342 ], [ 186050.941100005060434, 433659.827700007706881 ], [ 186042.689100008457899, 433675.866700012236834 ], [ 186036.3851000033319, 433689.217700008302927 ], [ 186028.133100006729364, 433706.46169999986887 ], [ 186021.551100004464388, 433721.017700001597404 ], [ 186013.855100002139807, 433738.911700006574392 ], [ 186000.690099999308586, 433772.566700004041195 ], [ 185996.240100003778934, 433785.268699996173382 ], [ 185987.247099999338388, 433812.896700002253056 ], [ 185983.816100008785725, 433823.744699999690056 ], [ 185980.386100001633167, 433835.982699997723103 ], [ 185976.770099997520447, 433849.332699999213219 ], [ 185973.432100005447865, 433862.776699997484684 ], [ 185969.539100002497435, 433877.517699997872114 ], [ 185966.294100008904934, 433888.457699995487928 ], [ 185961.936099998652935, 433908.205699998885393 ], [ 185960.360100001096725, 433918.497700002044439 ], [ 185957.393100004643202, 433936.483700010925531 ], [ 185956.002100005745888, 433943.529700007289648 ], [ 185954.055099997669458, 433961.701699998229742 ], [ 185952.479100000113249, 433991.276700012385845 ], [ 185951.081100009381771, 434010.427300002425909 ], [ 185959.044000007212162, 434010.820000011473894 ], [ 186034.729000009596348, 434014.559000007808208 ], [ 186050.973000008612871, 434016.087000004947186 ], [ 186051.226000007241964, 434011.808000005781651 ], [ 186051.635000005364418, 434004.874000009149313 ], [ 186105.480000004172325, 434009.670000001788139 ], [ 186144.809999998658895, 434012.820000004023314 ], [ 186213.129999998956919, 434021.120000001043081 ], [ 186226.309999998658895, 434022.540000002831221 ], [ 186249.99100000411272, 434025.372000008821487 ], [ 186315.399999998509884, 434031.140000004321337 ], [ 186428.320000004023314, 434040.300000004470348 ], [ 186520.870000004768372, 434048.160000007599592 ], [ 186596.600000001490116, 434053.230000011622906 ], [ 186644.859999999403954, 434056.100000005215406 ], [ 186675.110000003129244, 434057.120000008493662 ], [ 186759.469999998807907, 434059.399999994784594 ], [ 186837.225999999791384, 434065.447000000625849 ], [ 186839.875, 434063.745000001043081 ], [ 186839.833000008016825, 434064.921999998390675 ], [ 186843.452000003308058, 434065.167000006884336 ], [ 186846.004000004380941, 434065.339000001549721 ], [ 186945.271000001579523, 434072.035000000149012 ], [ 186998.047999996691942, 434071.436000000685453 ], [ 187047.394999999552965, 434075.170000001788139 ], [ 187094.646000005304813, 434081.207000005990267 ], [ 187212.447999995201826, 434096.803000006824732 ], [ 187298.781000006943941, 434108.23199999704957 ], [ 187307.564999997615814, 434109.709999997168779 ], [ 187314.747000008821487, 434110.918000005185604 ], [ 187346.087000008672476, 434116.192000009119511 ], [ 187346.372000001370907, 434109.964000009000301 ] ] ] ] } },
{ "type": "Feature", "properties": { "fid": 3111, "buurtcode": "BU02680970", "buurtnaam": "Lent", "wijkcode": "WK026809", "gemeentecode": "GM0268", "gemeentenaam": "Nijmegen", "indelingswijziging_wijken_en_buurten": 1, "water": "NEE", "meest_voorkomende_postcode": "6663", "dekkingspercentage": 1, "omgevingsadressendichtheid": 1315, "stedelijkheid_adressen_per_km2": 3, "bevolkingsdichtheid_inwoners_per_km2": 2947, "aantal_inwoners": 15975, "mannen": 7920, "vrouwen": 8050, "percentage_personen_0_tot_15_jaar": 23, "percentage_personen_15_tot_25_jaar": 9, "percentage_personen_25_tot_45_jaar": 35, "percentage_personen_45_tot_65_jaar": 21, "percentage_personen_65_jaar_en_ouder": 12, "percentage_ongehuwd": 60, "percentage_gehuwd": 32, "percentage_gescheid": 6, "percentage_verweduwd": 3, "aantal_huishoudens": 6515, "percentage_eenpersoonshuishoudens": 30, "percentage_huishoudens_zonder_kinderen": 27, "percentage_huishoudens_met_kinderen": 43, "gemiddelde_huishoudsgrootte": 2.4, "percentage_met_herkomstland_nederland": 80, "percentage_met_herkomstland_uit_europa_excl_nl": 5, "percentage_met_herkomstland_buiten_europa": 15, "percentage_geb_in_nl_met_herkomstland_nederland": 80, "perc_geb_in_nl_met_herkomstland_in_europa_ex_nl": 5, "perc_geb_in_nl_met_herkomstland_buiten_europa": 10, "perc_geb_buiten_nl_met_herkomstlnd_in_europa_ex_nl": 5, "perc_geb_buiten_nl_met_herkomstlnd_buiten_europa": 5, "oppervlakte_totaal_in_ha": 719, "oppervlakte_land_in_ha": 542, "oppervlakte_water_in_ha": 177, "jrstatcode": "2025BU02680970", "jaar": 2025 }, "geometry": { "type": "MultiPolygon", "coordinates": [ [ [ [ 187853.718000005930662, 432514.841600012034178 ], [ 187875.866999998688698, 432503.404600001871586 ], [ 187900.585000012069941, 432492.118600007146597 ], [ 187970.907000012695789, 432461.967599999159575 ], [ 187999.055100005120039, 432444.622600007802248 ], [ 188033.430100001394749, 432422.066599998623133 ], [ 188035.107100002467632, 432420.916600007563829 ], [ 188041.173100009560585, 432416.582599997520447 ], [ 188042.39410000666976, 432415.705600004643202 ], [ 188044.985100008547306, 432409.890600003302097 ], [ 188046.797099996358156, 432405.790600009262562 ], [ 188047.778100002557039, 432403.544600006192923 ], [ 188049.228100012987852, 432399.979600012302399 ], [ 188050.485100004822016, 432396.935599997639656 ], [ 188053.597100004553795, 432394.254600003361702 ], [ 188059.820100001990795, 432395.818600010126829 ], [ 188079.927100010216236, 432405.92960000038147 ], [ 188103.387100003659725, 432417.269600007683039 ], [ 188109.299100004136562, 432415.258600004017353 ], [ 188144.74210000410676, 432292.784600012004375 ], [ 188154.27309999987483, 432294.0185999982059 ], [ 188199.547100000083447, 432297.061599999666214 ], [ 188243.490099996328354, 432303.058600008487701 ], [ 188308.254099998623133, 432314.010600000619888 ], [ 188310.887100007385015, 432314.584599997848272 ], [ 188357.498100005090237, 432325.88459999486804 ], [ 188375.851100008934736, 432290.949600003659725 ], [ 188402.310100007802248, 432243.259600002318621 ], [ 188410.72010000795126, 432228.649600002914667 ], [ 188419.284100003540516, 432213.358600001782179 ], [ 188432.865099996328354, 432186.886599998921156 ], [ 188436.718100003898144, 432181.003600001335144 ], [ 188440.609099999070168, 432177.006600003689528 ], [ 188445.445100005716085, 432173.283599998801947 ], [ 188457.615100003778934, 432167.13060000538826 ], [ 188473.845100000500679, 432161.321600005030632 ], [ 188493.076100006699562, 432155.157600000500679 ], [ 188517.246100004762411, 432145.381599996238947 ], [ 188527.199100002646446, 432140.664599999785423 ], [ 188548.431099999696016, 432133.261599995195866 ], [ 188565.293099999427795, 432129.193600006401539 ], [ 188583.863100003451109, 432125.467599995434284 ], [ 188602.743100002408028, 432123.041599996387959 ], [ 188617.364100012928247, 432121.572599999606609 ], [ 188634.71510000154376, 432120.371599998325109 ], [ 188648.371100004762411, 432120.12160000577569 ], [ 188668.240000005811453, 432119.677000008523464 ], [ 188673.128999996930361, 432119.804000005125999 ], [ 188674.510000009089708, 432119.839999999850988 ], [ 188678.063000001013279, 432119.188999999314547 ], [ 188684.426000002771616, 432118.021999999880791 ], [ 188705.144000001251698, 432112.076999995857477 ], [ 188707.107000004500151, 432111.570000000298023 ], [ 188712.864999998360872, 432110.083999995142221 ], [ 188715.25900000706315, 432109.465999998152256 ], [ 188716.105000007897615, 432109.248000007122755 ], [ 188724.863000001758337, 432106.988000005483627 ], [ 188733.499000012874603, 432069.412000004202127 ], [ 188745.915999997407198, 432015.73200000077486 ], [ 188757.054999995976686, 431966.894999999552965 ], [ 188766.305000003427267, 431928.149000003933907 ], [ 188773.511000003665686, 431901.989000000059605 ], [ 188782.350999999791384, 431878.249000012874603 ], [ 188796.199000008404255, 431845.997000005096197 ], [ 188814.392000008374453, 431803.912000007927418 ], [ 188823.640000008046627, 431780.319000001996756 ], [ 188834.372999999672174, 431743.996000003069639 ], [ 188846.074999999254942, 431700.552000012248755 ], [ 188862.682000003755093, 431636.673000007867813 ], [ 188873.465000007301569, 431596.203000005334616 ], [ 188882.203000001609325, 431559.989000000059605 ], [ 188895.07999999448657, 431507.135999999940395 ], [ 188898.831999998539686, 431489.927000004798174 ], [ 188907.11600000038743, 431450.460999999195337 ], [ 188907.383000001311302, 431434.638000003993511 ], [ 188910.068999994546175, 431402.951000012457371 ], [ 188912.6739999987185, 431373.999000009149313 ], [ 188916.092000000178814, 431354.485000003129244 ], [ 188925.025000005960464, 431323.190999999642372 ], [ 188934.327000003308058, 431302.269000001251698 ], [ 188935.339999999850988, 431299.311000008136034 ], [ 188938.925000008195639, 431288.846000000834465 ], [ 188940.070999998599291, 431289.682000000029802 ], [ 188942.942999999970198, 431295.400000002235174 ], [ 188943.205000001937151, 431295.033000007271767 ], [ 188945.858000006526709, 431291.317000012844801 ], [ 188988.950000002980232, 431230.956000000238419 ], [ 189034.308999996632338, 431162.243000000715256 ], [ 189037.488999996334314, 431162.406000006943941 ], [ 189041.059000007808208, 431162.267000000923872 ], [ 189045.264000009745359, 431161.185000006109476 ], [ 189048.463000006973743, 431159.475000005215406 ], [ 189053.374000005424023, 431154.949999999254942 ], [ 189065.58500000089407, 431141.88400000706315 ], [ 189071.676000002771616, 431130.811999995261431 ], [ 189066.423000007867813, 431116.812000002712011 ], [ 189062.296000007539988, 431104.200000002980232 ], [ 189060.274000003933907, 431095.844000000506639 ], [ 189059.791000008583069, 431091.019000004976988 ], [ 189061.136999998241663, 431085.865000005811453 ], [ 189065.385999999940395, 431081.900999996811152 ], [ 189071.802000004798174, 431077.839999999850988 ], [ 189074.111000005155802, 431076.197000000625849 ], [ 189076.971999999135733, 431071.633000008761883 ], [ 189087.400999996811152, 431058.70100000873208 ], [ 189097.644999995827675, 431047.574000004678965 ], [ 189103.845000006258488, 431042.749000009149313 ], [ 189111.012000005692244, 431037.171999994665384 ], [ 189119.726000003516674, 431033.066000003367662 ], [ 189132.108000006526709, 431029.263000007718801 ], [ 189145.119000002741814, 431024.451999999582767 ], [ 189147.783000003546476, 431018.943999998271465 ], [ 189147.072000008076429, 431010.171000003814697 ], [ 189145.800999999046326, 431002.461999997496605 ], [ 189144.54500000551343, 431000.002000000327826 ], [ 189143.409999996423721, 430997.779000002890825 ], [ 189141.497000005096197, 430995.276999995112419 ], [ 189138.738000009208918, 430991.668000001460314 ], [ 189133.243000000715256, 430987.894000004976988 ], [ 189125.804999995976686, 430982.785000000149012 ], [ 189116.145000010728836, 430975.412000007927418 ], [ 189118.96399999782443, 430972.399000003933907 ], [ 189123.225000005215406, 430967.843000005930662 ], [ 189128.550000004470348, 430962.150000005960464 ], [ 189130.81300001218915, 430959.730000000447035 ], [ 189146.106000002473593, 430972.540000002831221 ], [ 189159.497000001370907, 430982.794000003486872 ], [ 189169.453000001609325, 430991.927000012248755 ], [ 189178.495000004768372, 431001.061000000685453 ], [ 189190.855999998748302, 431016.203000009059906 ], [ 189199.898000001907349, 431027.25900000706315 ], [ 189208.139000002294779, 431035.590999998152256 ], [ 189217.982000008225441, 431044.324000008404255 ], [ 189224.734999995678663, 431048.489999998360872 ], [ 189239.075000002980232, 431057.21900000423193 ], [ 189242.630000002682209, 431052.980000004172325 ], [ 189242.910000007599592, 431052.6469999961555 ], [ 189248.454000003635883, 431046.037000004202127 ], [ 189250.772000007331371, 431043.272999998182058 ], [ 189257.024000007659197, 431035.818999998271465 ], [ 189290.598000001162291, 430995.783000007271767 ], [ 189297.103999998420477, 430988.60300000756979 ], [ 189336.56700000166893, 430945.067999996244907 ], [ 189364.571999996900558, 430911.841999996453524 ], [ 189408.926000002771616, 430856.945000000298023 ], [ 189344.170000001788139, 430748.160999998450279 ], [ 189290.855999998748302, 430660.004999998956919 ], [ 189232.117000006139278, 430562.936999998986721 ], [ 189200.672999996691942, 430506.709000002592802 ], [ 189193.530000001192093, 430492.13399999961257 ], [ 189154.656000010669231, 430406.4239999987185 ], [ 189107.083000008016825, 430298.872999999672174 ], [ 189056.656100008636713, 430175.56300000846386 ], [ 189037.656199995428324, 430129.102700002491474 ], [ 188997.028200004249811, 430031.90880000218749 ], [ 188977.563199996948242, 429987.680800002068281 ], [ 188938.973200000822544, 429901.625799998641014 ], [ 188893.179200001060963, 429800.367799997329712 ], [ 188855.577199999243021, 429734.236799996346235 ], [ 188826.957199994474649, 429686.320800002664328 ], [ 188799.940200008451939, 429647.254800006747246 ], [ 188792.048199996352196, 429638.045800007879734 ], [ 188783.987199995666742, 429629.276800002902746 ], [ 188777.317200008779764, 429622.811799999326468 ], [ 188697.514199994504452, 429551.037800006568432 ], [ 188605.232200004160404, 429469.747800003737211 ], [ 188499.587200008332729, 429395.970799997448921 ], [ 188463.243199996650219, 429371.025800008326769 ], [ 188444.937200002372265, 429361.104699999094009 ], [ 188403.872200004756451, 429345.963700003921986 ], [ 188357.498200006783009, 429333.462700005620718 ], [ 188284.132200010120869, 429311.956700012087822 ], [ 187867.507100004702806, 429301.217600006610155 ], [ 187657.255100004374981, 429320.080600008368492 ], [ 187509.348100002855062, 429344.399600010365248 ], [ 187431.768099997192621, 429366.120600000023842 ], [ 187361.835099998861551, 429384.924600005149841 ], [ 187349.707100003957748, 429388.290600001811981 ], [ 187219.156100001186132, 429435.6486000046134 ], [ 187083.47410000488162, 429493.40760000795126 ], [ 186985.201200008392334, 429552.137500010430813 ], [ 186915.728199999779463, 429594.427500005811453 ], [ 186821.436200000345707, 429661.837500005960464 ], [ 186734.687200009822845, 429724.389500007033348 ], [ 186590.499200005084276, 429827.567499998956919 ], [ 186491.718100007623434, 429895.497499998658895 ], [ 186480.173100002110004, 429904.983499996364117 ], [ 186352.079100009053946, 430001.807600002735853 ], [ 186318.490100007504225, 430026.463599998503923 ], [ 186297.642100006341934, 430042.454599995166063 ], [ 186258.222100004553795, 430073.975600007921457 ], [ 186209.967100009322166, 430111.297499999403954 ], [ 186156.132100004702806, 430151.787500012665987 ], [ 186075.098100006580353, 430214.137500006705523 ], [ 186001.859100006520748, 430273.076499998569489 ], [ 185924.186100006103516, 430341.502500001341105 ], [ 185814.565100006759167, 430439.74550000205636 ], [ 185785.014100007712841, 430465.663500003516674 ], [ 185757.921100001782179, 430488.846500001847744 ], [ 185599.417100004851818, 430623.529500003904104 ], [ 185814.956200003623962, 430882.25560000538826 ], [ 185905.346200007945299, 430990.012600008398294 ], [ 185934.293200008571148, 430966.156600005924702 ], [ 185990.859200000762939, 430918.675600007176399 ], [ 186039.941199999302626, 430877.724600002169609 ], [ 186083.041200000792742, 430840.627600006759167 ], [ 186111.925200004130602, 430815.399600006639957 ], [ 186163.659200005233288, 430880.1435999982059 ], [ 186196.955200001597404, 430922.806600011885166 ], [ 186208.106200005859137, 430936.530600000172853 ], [ 186213.037200003862381, 430934.46059999614954 ], [ 186215.125199999660254, 430934.912599995732307 ], [ 186219.599200010299683, 430936.115600004792213 ], [ 186221.388200007379055, 430936.715599998831749 ], [ 186232.10020000487566, 430947.546600002795458 ], [ 186232.920200008898973, 430948.149600002914667 ], [ 186234.040200006216764, 430948.829600002616644 ], [ 186235.240200009196997, 430949.409600000828505 ], [ 186237.290199998766184, 430950.229600004851818 ], [ 186241.930200006812811, 430951.969600006937981 ], [ 186244.56020000949502, 430953.149599995464087 ], [ 186246.860200006514788, 430954.609600007534027 ], [ 186248.050199996680021, 430955.489600006490946 ], [ 186249.340200006961823, 430956.589600004255772 ], [ 186254.210199996829033, 430961.539599999785423 ], [ 186255.700200002640486, 430963.239600006490946 ], [ 186257.120200004428625, 430965.21960000321269 ], [ 186258.460200008004904, 430967.309600003063679 ], [ 186259.60020000115037, 430969.479600001126528 ], [ 186261.370200000703335, 430975.539600007236004 ], [ 186262.500200010836124, 430982.859600000083447 ], [ 186263.000199999660254, 430986.63960000500083 ], [ 186263.920200008898973, 430990.459600009024143 ], [ 186264.520200002938509, 430993.339600004255772 ], [ 186264.750199999660254, 430994.909600008279085 ], [ 186264.840200006961823, 430997.369600005447865 ], [ 186264.740199998021126, 430999.409600000828505 ], [ 186267.021200012415648, 431011.433599997311831 ], [ 186288.22520000860095, 430991.973600003868341 ], [ 186332.529199998825788, 430951.902600005269051 ], [ 186413.96619999781251, 430878.789700005203485 ], [ 186414.950200006365776, 430878.719700012356043 ], [ 186415.420199997723103, 430878.759700007736683 ], [ 186415.920200001448393, 430878.909699995070696 ], [ 186416.310199998319149, 430879.129700005054474 ], [ 186416.570200003683567, 430879.509700004011393 ], [ 186416.990199998021126, 430879.759700000286102 ], [ 186417.660200003534555, 430879.809700008481741 ], [ 186418.340200003236532, 430879.709700003266335 ], [ 186418.870200004428625, 430879.569699998944998 ], [ 186419.10020000115037, 430879.43970001116395 ], [ 186419.650199998170137, 430879.259700011461973 ], [ 186421.230200000107288, 430879.409699998795986 ], [ 186424.010200001299381, 430880.479699999094009 ], [ 186427.130200006067753, 430881.859699998050928 ], [ 186431.690200004726648, 430884.409700006246567 ], [ 186437.790199998766184, 430889.049700003117323 ], [ 186440.190200001001358, 430890.559700008481741 ], [ 186442.910200010985136, 430892.359700005501509 ], [ 186445.64020000398159, 430894.299700003117323 ], [ 186448.510199997574091, 430896.669699996709824 ], [ 186451.840199999511242, 430899.889700006693602 ], [ 186453.140200007706881, 430901.259700011461973 ], [ 186454.10020000115037, 430902.18970000743866 ], [ 186455.690200001001358, 430903.4797000028193 ], [ 186456.840200006961823, 430904.209699999541044 ], [ 186458.620200008153915, 430905.469700012356043 ], [ 186459.560200002044439, 430905.989699997007847 ], [ 186462.97019999474287, 430907.339700002223253 ], [ 186465.560200002044439, 430907.969700008630753 ], [ 186470.310200002044439, 430908.329700008034706 ], [ 186471.270200006663799, 430908.339700005948544 ], [ 186472.400200001895428, 430908.279699999839067 ], [ 186473.540199995040894, 430908.079700000584126 ], [ 186474.870200000703335, 430907.919700000435114 ], [ 186475.900200005620718, 430907.689700003713369 ], [ 186478.910200003534555, 430906.679699998348951 ], [ 186479.838200002908707, 430906.297700006514788 ], [ 186497.619200002402067, 430945.344700004905462 ], [ 186541.202199999243021, 431043.118700001388788 ], [ 186561.233199998736382, 431090.485600005835295 ], [ 186574.85920000448823, 431153.093600001186132 ], [ 186595.599200006574392, 431193.23760000243783 ], [ 186595.059200007468462, 431196.177600007504225 ], [ 186594.339200008660555, 431199.292599994689226 ], [ 186593.718200005590916, 431204.598600003868341 ], [ 186594.395199999213219, 431208.941600002348423 ], [ 186601.425200000405312, 431224.519600000232458 ], [ 186604.729200009256601, 431229.617600005120039 ], [ 186609.772200003266335, 431235.164600007236004 ], [ 186614.918199997395277, 431240.452599998563528 ], [ 186618.929199997335672, 431243.506600011140108 ], [ 186625.151200000196695, 431247.595600008964539 ], [ 186637.036200009286404, 431253.783599998801947 ], [ 186692.476200006902218, 431280.134600002318621 ], [ 186706.15820000693202, 431286.943600006401539 ], [ 186709.82820000872016, 431291.892600007355213 ], [ 186712.009199999272823, 431297.675600003451109 ], [ 186730.01910000666976, 431387.792599998414516 ], [ 186741.194099999964237, 431434.345600008964539 ], [ 186756.921100005507469, 431494.091600000858307 ], [ 186776.982100002467632, 431552.827500000596046 ], [ 186790.980100002139807, 431593.373500004410744 ], [ 186794.558100000023842, 431600.878499995917082 ], [ 186847.824100002646446, 431704.268500003963709 ], [ 186853.371100004762411, 431714.933499995619059 ], [ 186866.264100007712841, 431739.168500002473593 ], [ 186880.977100003510714, 431771.673500005155802 ], [ 186894.964100006967783, 431804.378500007092953 ], [ 186929.157100006937981, 431840.333500005304813 ], [ 186940.990099996328354, 431852.518500000238419 ], [ 186965.960099998861551, 431877.97749999538064 ], [ 186975.822100006043911, 431887.434500008821487 ], [ 186981.828100003302097, 431893.700500011444092 ], [ 187000.217099998146296, 431911.474500000476837 ], [ 187023.906100004911423, 431934.514499999582767 ], [ 187054.021100006997585, 431962.290500000119209 ], [ 187115.268100000917912, 432019.039500012993813 ], [ 187125.524100009351969, 432028.561500005424023 ], [ 187132.340100008994341, 432034.799500003457069 ], [ 187133.616100002080202, 432035.973499998450279 ], [ 187160.267100006341934, 432060.588500000536442 ], [ 187181.381099998950958, 432080.858499996364117 ], [ 187209.731100011616945, 432108.761500008404255 ], [ 187220.109100002795458, 432118.895500004291534 ], [ 187226.880100008100271, 432125.442499995231628 ], [ 187250.33110000193119, 432148.457499999552965 ], [ 187288.628100000321865, 432185.174499999731779 ], [ 187298.037099998444319, 432193.717499997466803 ], [ 187317.595100000500679, 432211.439500011503696 ], [ 187359.935100007802248, 432248.696500010788441 ], [ 187374.262099996209145, 432261.112500000745058 ], [ 187396.710100010037422, 432277.833500009030104 ], [ 187413.398100003600121, 432289.98650000244379 ], [ 187429.704100005328655, 432301.419500008225441 ], [ 187453.66609999909997, 432316.898499999195337 ], [ 187483.460099998861551, 432335.963500007987022 ], [ 187488.767100002616644, 432339.372500006109476 ], [ 187525.896999999880791, 432363.564500007778406 ], [ 187532.308000005781651, 432367.837500009685755 ], [ 187621.2280000038445, 432422.887600000947714 ], [ 187672.99210000783205, 432454.668600004166365 ], [ 187716.159000009298325, 432478.022599998861551 ], [ 187767.722000002861023, 432506.214600004255772 ], [ 187807.436000011861324, 432528.810600008815527 ], [ 187821.243999995291233, 432535.801600009202957 ], [ 187853.718000005930662, 432514.841600012034178 ] ] ] ] } }
]
}
